paper_id,manually_reviewed_MC,batch_id,manifest_json_path,stage07_paper_json_path,stage07_segments_json_path,stage07_target_view_json_path,stage07_validation_json_path,stage07_annotated_xml_path,stage06_json_source,stage06_candidate_json_path,stage06_count_evidence_json_path,stage06_result_json_path,stage06_gold_result_json_path,covidence_id,title,authors,source_category,source_subtype,preferred_text_json_path,preferred_text_source,count_eligible,likely_sps_case_count,count_confidence,count_basis,count_manual_review_required,count_original_cohort_provenance_uncertain,count_reason,count_version,heuristic_likely_sps_case_count,heuristic_count_confidence,heuristic_count_basis,heuristic_candidate_count,llm_likely_sps_case_count,llm_count_confidence,llm_selected_candidate_id,heuristic_fallback_used,count_audit_status,count_verification_status,count_validator_flags,counted_at_utc
22,FALSE,batch000,qa\validation\stage07_single_case_codex_gold\batch000\manifest.json,qa\validation\stage07_single_case_codex_gold\batch000\json\papers\22.json,qa\validation\stage07_single_case_codex_gold\batch000\json\segments\22.segments.json,qa\validation\stage07_single_case_codex_gold\batch000\json\target_views\22\p1.json,qa\validation\stage07_single_case_codex_gold\batch000\json\validation\22.validation.json,qa\validation\stage07_single_case_codex_gold\batch000\xml\22.annotated.xml,stage06_count_gold,,,,qa\validation\source_categorisation\gold_standard\stage06_count_gold\papers\22.json,22,Therapeutic trial of milacemide in patients with myoclonus and other intractable movement disorders.,"Gordon, M F; Diaz-Olivo, R; Hunt, A L; Fahn, S",interventional_study,controlled_or_therapeutic_group_study,data\extraction_json\text\22.json,full_text,true,1,high,manual_gold_review,false,false,"count_basis=manual_gold_review | count_confidence=high | round_id=2026-04-05_round_02 | selection_bucket=count_ambiguity | prediction_correct=false | reviewed_count=1 | reviewed_source_category=interventional_study | predicted_count=10 | predicted_source_category=interventional_study | reviewer_notes=only one patient, case 10",gold_reviewed_stage06_v1,,,,,,,,,manual_gold_review,manual_gold_review,,2026-04-05T15:02:17.883920+00:00
29,FALSE,batch000,qa\validation\stage07_single_case_codex_gold\batch000\manifest.json,qa\validation\stage07_single_case_codex_gold\batch000\json\papers\29.json,qa\validation\stage07_single_case_codex_gold\batch000\json\segments\29.segments.json,qa\validation\stage07_single_case_codex_gold\batch000\json\target_views\29\p1.json,qa\validation\stage07_single_case_codex_gold\batch000\json\validation\29.validation.json,qa\validation\stage07_single_case_codex_gold\batch000\xml\29.annotated.xml,stage06_count_gold,,,,qa\validation\source_categorisation\gold_standard\stage06_count_gold\papers\29.json,29,Significant improvement of stiff-person syndrome after paraspinal injection of botulinum toxin A.,"Davis, D; Jabbari, B",single_case_report,case_report,data\extraction_json\text\29.json,full_text,true,1,high,manual_gold_review,false,false,count_basis=manual_gold_review | count_confidence=high | round_id=2026-04-05_round_01 | selection_bucket=high_confidence_control | prediction_correct=true | reviewed_count=1 | reviewed_source_category=single_case_report | predicted_count=1 | predicted_source_category=single_case_report,gold_reviewed_stage06_v1,,,,,,,,,manual_gold_review,manual_gold_review,,2026-04-05T12:44:02.861061+00:00
62,FALSE,batch000,qa\validation\stage07_single_case_codex_gold\batch000\manifest.json,qa\validation\stage07_single_case_codex_gold\batch000\json\papers\62.json,qa\validation\stage07_single_case_codex_gold\batch000\json\segments\62.segments.json,qa\validation\stage07_single_case_codex_gold\batch000\json\target_views\62\p1.json,qa\validation\stage07_single_case_codex_gold\batch000\json\validation\62.validation.json,qa\validation\stage07_single_case_codex_gold\batch000\xml\62.annotated.xml,stage06_count_gold,,,,qa\validation\source_categorisation\gold_standard\stage06_count_gold\papers\62.json,62,"Autoimmunity in stiff-Man syndrome with breast cancer is targeted to the C-terminal region of human amphiphysin, a protein similar to the yeast proteins, Rvs167 and Rvs161.","David, C; Solimena, M; De Camilli, P",single_case_report,case_report,data\extraction_json\text\62.json,full_text,true,1,high,manual_gold_review,false,false,count_basis=manual_gold_review | count_confidence=high | round_id=2026-04-05_round_02 | selection_bucket=count_ambiguity | prediction_correct=true | reviewed_count=1 | reviewed_source_category=single_case_report | predicted_count=1 | predicted_source_category=single_case_report,gold_reviewed_stage06_v1,,,,,,,,,manual_gold_review,manual_gold_review,,2026-04-05T15:03:22.411325+00:00
69,FALSE,batch000,qa\validation\stage07_single_case_codex_gold\batch000\manifest.json,qa\validation\stage07_single_case_codex_gold\batch000\json\papers\69.json,qa\validation\stage07_single_case_codex_gold\batch000\json\segments\69.segments.json,qa\validation\stage07_single_case_codex_gold\batch000\json\target_views\69\p1.json,qa\validation\stage07_single_case_codex_gold\batch000\json\validation\69.validation.json,qa\validation\stage07_single_case_codex_gold\batch000\xml\69.annotated.xml,stage06_count_gold,,,,qa\validation\source_categorisation\gold_standard\stage06_count_gold\papers\69.json,69,Stiff-man syndrome. Report of a case.,"Tarsy, D; Miyawaki, E K",single_case_report,case_report,data\extraction_json\text\69.json,full_text,true,1,high,manual_gold_review,false,false,count_basis=manual_gold_review | count_confidence=high | round_id=2026-04-05_round_02 | selection_bucket=high_confidence_control | prediction_correct=true | reviewed_count=1 | reviewed_source_category=single_case_report | predicted_count=1 | predicted_source_category=single_case_report,gold_reviewed_stage06_v1,,,,,,,,,manual_gold_review,manual_gold_review,,2026-04-05T15:05:15.152505+00:00
75,TRUE,batch000,qa\validation\stage07_single_case_codex_gold\batch000\manifest.json,qa\validation\stage07_single_case_codex_gold\batch000\json\papers\75.json,qa\validation\stage07_single_case_codex_gold\batch000\json\segments\75.segments.json,qa\validation\stage07_single_case_codex_gold\batch000\json\target_views\75\p1.json,qa\validation\stage07_single_case_codex_gold\batch000\json\validation\75.validation.json,qa\validation\stage07_single_case_codex_gold\batch000\xml\75.annotated.xml,stage06_count_gold,,,,qa\validation\source_categorisation\gold_standard\stage06_count_gold\papers\75.json,75,Stiff-man syndrome: case report.,"Kuhn, W F; Light, P J; Kuhn, S C",single_case_report,case_report,data/extraction_json/text/75.json,full_text,true,1,high,manual_gold_review,false,false,count_basis=manual_gold_review | count_confidence=high | round_id=stage04_llm_category_2026-04-05_round_02 | selection_bucket=high_confidence_control | prediction_correct=true | reviewed_count=1 | reviewed_source_category=single_case_report | predicted_count=1 | predicted_source_category=single_case_report,gold_reviewed_stage06_v1,,,,,,,,,manual_gold_review,manual_gold_review,,2026-04-05T18:47:57.078704+00:00
85,FALSE,batch000,qa\validation\stage07_single_case_codex_gold\batch000\manifest.json,qa\validation\stage07_single_case_codex_gold\batch000\json\papers\85.json,qa\validation\stage07_single_case_codex_gold\batch000\json\segments\85.segments.json,qa\validation\stage07_single_case_codex_gold\batch000\json\target_views\85\p1.json,qa\validation\stage07_single_case_codex_gold\batch000\json\validation\85.validation.json,qa\validation\stage07_single_case_codex_gold\batch000\xml\85.annotated.xml,stage06_count_gold,,,,qa\validation\source_categorisation\gold_standard\stage06_count_gold\papers\85.json,85,Stiff-man syndrome: report of a case.,"Chang, Y J; Wu, C L; Lu, C S",single_case_report,case_report,data\extraction_json\text\85.json,full_text,true,1,high,manual_gold_review,false,false,count_basis=manual_gold_review | count_confidence=high | round_id=2026-04-05_round_02 | selection_bucket=high_confidence_control | prediction_correct=true | reviewed_count=1 | reviewed_source_category=single_case_report | predicted_count=1 | predicted_source_category=single_case_report,gold_reviewed_stage06_v1,,,,,,,,,manual_gold_review,manual_gold_review,,2026-04-05T15:06:17.685092+00:00
92,TRUE,batch000,qa\validation\stage07_single_case_codex_gold\batch000\manifest.json,qa\validation\stage07_single_case_codex_gold\batch000\json\papers\92.json,qa\validation\stage07_single_case_codex_gold\batch000\json\segments\92.segments.json,qa\validation\stage07_single_case_codex_gold\batch000\json\target_views\92\p1.json,qa\validation\stage07_single_case_codex_gold\batch000\json\validation\92.validation.json,qa\validation\stage07_single_case_codex_gold\batch000\xml\92.annotated.xml,stage06_count_runs,results\stage06_count_runs\stage06_backfill_b002_n50_20260418\candidate_packages\92.json,results\stage06_count_runs\stage06_backfill_b002_n50_20260418\count_evidence\92.json,results\stage06_count_runs\stage06_backfill_b002_n50_20260418\results\92.json,,92,Antiamphiphysin antibodies with small-cell lung carcinoma and paraneoplastic encephalomyelitis.,"Dropcho, E J",case_series_or_multi_case,case_series,data/extraction_json/text/92.json,full_text,true,1,high,manual_gold_review,false,false,"count_basis=manual_gold_review | count_confidence=high | round_id=2026-04-18_stage06_b002_manual_review | selection_bucket=stage06_backfill_batch_review | prediction_correct=false | reviewed_count=1 | reviewed_source_category=case_series_or_multi_case | predicted_count=2 | predicted_source_category=case_series_or_multi_case | reviewer_notes=The paper reports 3 paraneoplastic encephalomyelitis patients, but only patient 3 is clearly tied to rigidity and the SPS-spectrum signal. The safest extractable SPS-spectrum count is therefore 1.",gold_reviewed_stage06_v1,2,medium,patient_label_count,2,2,low,,false,manual_gold_review,manual_gold_review,,2026-04-18T12:07:02Z
99,FALSE,batch000,qa\validation\stage07_single_case_codex_gold\batch000\manifest.json,qa\validation\stage07_single_case_codex_gold\batch000\json\papers\99.json,qa\validation\stage07_single_case_codex_gold\batch000\json\segments\99.segments.json,qa\validation\stage07_single_case_codex_gold\batch000\json\target_views\99\p1.json,qa\validation\stage07_single_case_codex_gold\batch000\json\validation\99.validation.json,qa\validation\stage07_single_case_codex_gold\batch000\xml\99.annotated.xml,stage06_count_gold,,,,qa\validation\source_categorisation\gold_standard\stage06_count_gold\papers\99.json,99,Improvement of stiff-man syndrome with vigabatrin.,"Vermeij, F H; van Doorn, P A; Busch, H F",single_case_report,case_report,data\extraction_json\text\99.json,full_text,true,1,high,manual_gold_review,false,false,count_basis=manual_gold_review | count_confidence=high | round_id=2026-04-05_round_03 | selection_bucket=high_confidence_control | prediction_correct=true | reviewed_count=1 | reviewed_source_category=single_case_report | predicted_count=1 | predicted_source_category=single_case_report,gold_reviewed_stage06_v1,,,,,,,,,manual_gold_review,manual_gold_review,,2026-04-05T15:53:13.076438+00:00
101,FALSE,batch000,qa\validation\stage07_single_case_codex_gold\batch000\manifest.json,qa\validation\stage07_single_case_codex_gold\batch000\json\papers\101.json,qa\validation\stage07_single_case_codex_gold\batch000\json\segments\101.segments.json,qa\validation\stage07_single_case_codex_gold\batch000\json\target_views\101\p1.json,qa\validation\stage07_single_case_codex_gold\batch000\json\validation\101.validation.json,qa\validation\stage07_single_case_codex_gold\batch000\xml\101.annotated.xml,stage06_count_gold,,,,qa\validation\source_categorisation\gold_standard\stage06_count_gold\papers\101.json,101,Progressive encephalomyelitis with rigidity responsive to plasmapheresis and immunosuppression.,"Fogan, L",single_case_report,case_report,data\extraction_json\text\101.json,full_text,true,1,high,manual_gold_review,false,false,count_basis=manual_gold_review | count_confidence=high | round_id=2026-04-05_round_03 | selection_bucket=high_confidence_control | prediction_correct=true | reviewed_count=1 | reviewed_source_category=single_case_report | predicted_count=1 | predicted_source_category=single_case_report,gold_reviewed_stage06_v1,,,,,,,,,manual_gold_review,manual_gold_review,,2026-04-05T15:53:23.528649+00:00
103,FALSE,batch000,qa\validation\stage07_single_case_codex_gold\batch000\manifest.json,qa\validation\stage07_single_case_codex_gold\batch000\json\papers\103.json,qa\validation\stage07_single_case_codex_gold\batch000\json\segments\103.segments.json,qa\validation\stage07_single_case_codex_gold\batch000\json\target_views\103\p1.json,qa\validation\stage07_single_case_codex_gold\batch000\json\validation\103.validation.json,qa\validation\stage07_single_case_codex_gold\batch000\xml\103.annotated.xml,stage06_count_gold,,,,qa\validation\source_categorisation\gold_standard\stage06_count_gold\papers\103.json,103,Electrophysiological evaluation of the stiff-man syndrome: further data.,"Martinelli, P; Nassetti, S; Minardi, C; Macri, S; Ippoliti, M",single_case_report,case_report,data\extraction_json\text\103.json,full_text,true,1,high,manual_gold_review,false,false,count_basis=manual_gold_review | count_confidence=high | round_id=2026-04-05_round_03 | selection_bucket=high_confidence_control | prediction_correct=true | reviewed_count=1 | reviewed_source_category=single_case_report | predicted_count=1 | predicted_source_category=single_case_report,gold_reviewed_stage06_v1,,,,,,,,,manual_gold_review,manual_gold_review,,2026-04-05T15:53:33.537635+00:00
106,FALSE,batch001,qa\validation\stage07_single_case_codex_gold\batch001\manifest.json,qa\validation\stage07_single_case_codex_gold\batch001\json\papers\106.json,qa\validation\stage07_single_case_codex_gold\batch001\json\segments\106.segments.json,qa\validation\stage07_single_case_codex_gold\batch001\json\target_views\106\p1.json,qa\validation\stage07_single_case_codex_gold\batch001\json\validation\106.validation.json,qa\validation\stage07_single_case_codex_gold\batch001\xml\106.annotated.xml,stage06_count_gold,,,,qa\validation\source_categorisation\gold_standard\stage06_count_gold\papers\106.json,106,"Subacute encephalomyelitis presenting as stiff-person syndrome: clinical, polygraphic, and pathologic correlations.","Armon, C; Swanson, J W; McLean, J M; Westbrook, P R; Okazaki, H; Kurtin, P J; Kalyan-Raman, U P; Rodriguez, M",single_case_report,case_report,data\extraction_json\text\106.json,full_text,true,1,high,manual_gold_review,false,false,count_basis=manual_gold_review | count_confidence=high | round_id=2026-04-05_round_03 | selection_bucket=high_confidence_control | prediction_correct=true | reviewed_count=1 | reviewed_source_category=single_case_report | predicted_count=1 | predicted_source_category=single_case_report,gold_reviewed_stage06_v1,,,,,,,,,manual_gold_review,manual_gold_review,,2026-04-05T15:53:48.556596+00:00
110,FALSE,batch001,qa\validation\stage07_single_case_codex_gold\batch001\manifest.json,qa\validation\stage07_single_case_codex_gold\batch001\json\papers\110.json,qa\validation\stage07_single_case_codex_gold\batch001\json\segments\110.segments.json,qa\validation\stage07_single_case_codex_gold\batch001\json\target_views\110\p1.json,qa\validation\stage07_single_case_codex_gold\batch001\json\validation\110.validation.json,qa\validation\stage07_single_case_codex_gold\batch001\xml\110.annotated.xml,stage06_count_gold,,,,qa\validation\source_categorisation\gold_standard\stage06_count_gold\papers\110.json,110,Stiff-man syndrome: abnormal late responses upon transcranial magnetic stimulation.,"Schulte-Mattler, W J; Zierz, S",single_case_report,case_report,data/extraction_json/text/110.json,full_text,true,1,high,manual_gold_review,false,false,count_basis=manual_gold_review | count_confidence=high | round_id=stage04_llm_category_2026-04-05_round_01 | selection_bucket=high_confidence_control | prediction_correct=true | reviewed_count=1 | reviewed_source_category=single_case_report | predicted_count=1 | predicted_source_category=single_case_report,gold_reviewed_stage06_v1,,,,,,,,,manual_gold_review,manual_gold_review,,2026-04-05T18:00:39.895306+00:00
112,FALSE,batch001,qa\validation\stage07_single_case_codex_gold\batch001\manifest.json,qa\validation\stage07_single_case_codex_gold\batch001\json\papers\112.json,qa\validation\stage07_single_case_codex_gold\batch001\json\segments\112.segments.json,qa\validation\stage07_single_case_codex_gold\batch001\json\target_views\112\p1.json,qa\validation\stage07_single_case_codex_gold\batch001\json\validation\112.validation.json,qa\validation\stage07_single_case_codex_gold\batch001\xml\112.annotated.xml,stage06_count_gold,,,,qa\validation\source_categorisation\gold_standard\stage06_count_gold\papers\112.json,112,Anti-gabaergic neuron autoantibodies in a patient with stiff-man syndrome and ataxia.,"Giometto, B; Miotto, D; Faresin, F; Argentiero, V; Scaravilli, T; Tavolato, B",single_case_report,case_report,data/extraction_json/text/112.json,full_text,true,1,high,manual_gold_review,false,false,count_basis=manual_gold_review | count_confidence=high | round_id=stage04_llm_category_2026-04-05_round_01 | selection_bucket=high_confidence_control | prediction_correct=true | reviewed_count=1 | reviewed_source_category=single_case_report | predicted_count=1 | predicted_source_category=single_case_report,gold_reviewed_stage06_v1,,,,,,,,,manual_gold_review,manual_gold_review,,2026-04-05T18:01:00.463928+00:00
113,FALSE,batch001,qa\validation\stage07_single_case_codex_gold\batch001\manifest.json,qa\validation\stage07_single_case_codex_gold\batch001\json\papers\113.json,qa\validation\stage07_single_case_codex_gold\batch001\json\segments\113.segments.json,qa\validation\stage07_single_case_codex_gold\batch001\json\target_views\113\p1.json,qa\validation\stage07_single_case_codex_gold\batch001\json\validation\113.validation.json,qa\validation\stage07_single_case_codex_gold\batch001\xml\113.annotated.xml,stage06_count_runs,results\stage06_count_runs\stage06_backfill_b002_n50_20260418\candidate_packages\113.json,results\stage06_count_runs\stage06_backfill_b002_n50_20260418\count_evidence\113.json,results\stage06_count_runs\stage06_backfill_b002_n50_20260418\results\113.json,,113,Gastrointestinal involvement in neurologic disorders: Stiff-man and Charcot-Marie-Tooth syndromes.,"Soykan, I; McCallum, R W",single_case_report,case_report,data\extraction_json\text\113.json,full_text,true,1,high,diagnosis_specific_mixed_diagnosis_subgroup_count,false,false,"challenge_stage=primary | verification_status=llm_candidate_exact | llm_count_confidence=high | llm_selected_candidate_id=cand01 | The paper reports two patients total, but they are mixed diagnoses: one with stiff-man syndrome and one with Charcot-Marie-Tooth syndrome. Only the stiff-man syndrome patient is within the SPS-spectrum, so the diagnosis-specific subgroup count of 1 is the best-supported extractable SPS-spectrum case count.",hybrid_v2_gpt-5.4,1,high,diagnosis_specific_mixed_diagnosis_subgroup_count,5,1,high,cand01,false,hybrid_local_gpt,llm_candidate_exact,,2026-04-18T10:41:39.336825+00:00
115,FALSE,batch001,qa\validation\stage07_single_case_codex_gold\batch001\manifest.json,qa\validation\stage07_single_case_codex_gold\batch001\json\papers\115.json,qa\validation\stage07_single_case_codex_gold\batch001\json\segments\115.segments.json,qa\validation\stage07_single_case_codex_gold\batch001\json\target_views\115\p1.json,qa\validation\stage07_single_case_codex_gold\batch001\json\validation\115.validation.json,qa\validation\stage07_single_case_codex_gold\batch001\xml\115.annotated.xml,stage06_count_gold,,,,qa\validation\source_categorisation\gold_standard\stage06_count_gold\papers\115.json,115,Improvement of stiff-man syndrome with vigabatrin.,"Prevett, M C; Brown, P; Duncan, J S",single_case_report,case_report,data/extraction_json/text/115.json,full_text,true,1,high,manual_gold_review,false,false,count_basis=manual_gold_review | count_confidence=high | round_id=stage04_llm_category_2026-04-05_round_02 | selection_bucket=high_confidence_control | prediction_correct=true | reviewed_count=1 | reviewed_source_category=single_case_report | predicted_count=1 | predicted_source_category=single_case_report,gold_reviewed_stage06_v1,,,,,,,,,manual_gold_review,manual_gold_review,,2026-04-05T18:48:05.640020+00:00
118,FALSE,batch001,qa\validation\stage07_single_case_codex_gold\batch001\manifest.json,qa\validation\stage07_single_case_codex_gold\batch001\json\papers\118.json,qa\validation\stage07_single_case_codex_gold\batch001\json\segments\118.segments.json,qa\validation\stage07_single_case_codex_gold\batch001\json\target_views\118\p1.json,qa\validation\stage07_single_case_codex_gold\batch001\json\validation\118.validation.json,qa\validation\stage07_single_case_codex_gold\batch001\xml\118.annotated.xml,stage06_count_gold,,,,qa\validation\source_categorisation\gold_standard\stage06_count_gold\papers\118.json,118,Stiff-persons' syndrome associated with thymoma and subsequent myasthenia gravis.,"Nicholas, A P; Chatterjee, A; Arnold, M M; Claussen, G C; Zorn, G L Jr; Oh, S J",single_case_report,case_report,data/extraction_json/text/118.json,full_text,true,1,high,manual_gold_review,false,false,count_basis=manual_gold_review | count_confidence=high | round_id=stage04_llm_category_2026-04-05_round_02 | selection_bucket=high_confidence_control | prediction_correct=true | reviewed_count=1 | reviewed_source_category=single_case_report | predicted_count=1 | predicted_source_category=single_case_report,gold_reviewed_stage06_v1,,,,,,,,,manual_gold_review,manual_gold_review,,2026-04-05T18:48:15.907955+00:00
121,FALSE,batch001,qa\validation\stage07_single_case_codex_gold\batch001\manifest.json,qa\validation\stage07_single_case_codex_gold\batch001\json\papers\121.json,qa\validation\stage07_single_case_codex_gold\batch001\json\segments\121.segments.json,qa\validation\stage07_single_case_codex_gold\batch001\json\target_views\121\p1.json,qa\validation\stage07_single_case_codex_gold\batch001\json\validation\121.validation.json,qa\validation\stage07_single_case_codex_gold\batch001\xml\121.annotated.xml,stage06_count_runs,results\stage06_count_runs\stage06_backfill_b002_n50_20260418\candidate_packages\121.json,results\stage06_count_runs\stage06_backfill_b002_n50_20260418\count_evidence\121.json,results\stage06_count_runs\stage06_backfill_b002_n50_20260418\results\121.json,,121,Stiff-man syndrome associated with antecedent myasthenia gravis and organ-specific autoimmunopathy.,"Aso, Y; Sato, A; Narimatsu, M; Takiguchi, Y; Yamaguchi, Y; Inukai, T; Takemura, Y",single_case_report,case_report,data\extraction_json\text\121.json,full_text,true,1,high,case_report_marker_single_case,false,false,"challenge_stage=challenge | verification_status=llm_candidate_exact | llm_count_confidence=high | challenge_reasons=explicit_sps_subgroup_conflict=1 vs 5 | llm_selected_candidate_id=cand02 | This is a single-patient case report. The repeated phrase 'we describe a case' and 'the present case' clearly indicate one original SMS/SPS patient in this paper, whereas the '(5)' count refers to cited literature about prior SMS patients with GAD antibodies, not this paper's cohort.",hybrid_v2_gpt-5.4,5,high,diagnosis_specific_suffix_count,3,1,high,cand02,false,hybrid_local_gpt,llm_candidate_exact,,2026-04-18T10:42:11.327427+00:00
126,FALSE,batch001,qa\validation\stage07_single_case_codex_gold\batch001\manifest.json,qa\validation\stage07_single_case_codex_gold\batch001\json\papers\126.json,qa\validation\stage07_single_case_codex_gold\batch001\json\segments\126.segments.json,qa\validation\stage07_single_case_codex_gold\batch001\json\target_views\126\p1.json,qa\validation\stage07_single_case_codex_gold\batch001\json\validation\126.validation.json,qa\validation\stage07_single_case_codex_gold\batch001\xml\126.annotated.xml,stage06_count_runs,results\stage06_count_runs\stage06_backfill_b002_n50_20260418\candidate_packages\126.json,results\stage06_count_runs\stage06_backfill_b002_n50_20260418\count_evidence\126.json,results\stage06_count_runs\stage06_backfill_b002_n50_20260418\results\126.json,,126,Stiff-man syndrome: possible autoimmune etiology targeted against GABA-ergic cells.,"Warich-Kirches, M; Von Bossanyi, P; Treuheit, T; Kirches, E; Dietzmann, K; Feistner, H; Wittig, H",single_case_report,case_report,data\extraction_json\text\126.json,full_text,true,1,high,single_case_text_signal,true,false,"challenge_stage=challenge | llm_semantic_conflict=COUNT_SPS_STATUS_UNCERTAIN | manual_review_gate=true | llm_count_confidence=high | challenge_reasons=semantic_validator_reject=COUNT_SPS_STATUS_UNCERTAIN | llm_selected_candidate_id=cand01 | validator_flags=COUNT_SPS_STATUS_UNCERTAIN | This is an original single-case report explicitly describing one female patient with stiff-man syndrome (older term for SPS). The additional controls and IDDM patients are comparator material, not SPS-spectrum cases, so the extractable SPS-spectrum count is 1.",hybrid_v2_gpt-5.4,1,medium,single_case_text_signal,3,1,high,cand01,false,hybrid_local_gpt,llm_semantic_conflict_manual_review_required,COUNT_SPS_STATUS_UNCERTAIN,2026-04-18T10:42:45.506429+00:00
127,FALSE,batch001,qa\validation\stage07_single_case_codex_gold\batch001\manifest.json,qa\validation\stage07_single_case_codex_gold\batch001\json\papers\127.json,qa\validation\stage07_single_case_codex_gold\batch001\json\segments\127.segments.json,qa\validation\stage07_single_case_codex_gold\batch001\json\target_views\127\p1.json,qa\validation\stage07_single_case_codex_gold\batch001\json\validation\127.validation.json,qa\validation\stage07_single_case_codex_gold\batch001\xml\127.annotated.xml,stage06_count_runs,results\stage06_count_runs\stage06_backfill_b002_n50_20260418\candidate_packages\127.json,results\stage06_count_runs\stage06_backfill_b002_n50_20260418\count_evidence\127.json,results\stage06_count_runs\stage06_backfill_b002_n50_20260418\results\127.json,,127,Sporadic Stiffman syndrome in a young girl.,"Udani, V P; Dharnidharka, V R; Gajendragadkar, A R; Udani, S V",single_case_report,case_report,data\extraction_json\text\127.json,full_text,true,1,high,source_single_case_default,false,false,"challenge_stage=primary | verification_status=llm_candidate_exact | llm_count_confidence=high | llm_selected_candidate_id=cand01 | This single-case report describes one original pediatric patient with Stiffman syndrome/SPS, supported by clinical features, EMG findings, and treatment response. The literature counts mentioned are background only and do not add additional original cases from this paper.",hybrid_v2_gpt-5.4,1,medium,source_single_case_default,2,1,high,cand01,false,hybrid_local_gpt,llm_candidate_exact,,2026-04-18T10:43:08.918107+00:00
150,FALSE,batch001,qa\validation\stage07_single_case_codex_gold\batch001\manifest.json,qa\validation\stage07_single_case_codex_gold\batch001\json\papers\150.json,qa\validation\stage07_single_case_codex_gold\batch001\json\segments\150.segments.json,qa\validation\stage07_single_case_codex_gold\batch001\json\target_views\150\p1.json,qa\validation\stage07_single_case_codex_gold\batch001\json\validation\150.validation.json,qa\validation\stage07_single_case_codex_gold\batch001\xml\150.annotated.xml,stage06_count_runs,results\stage06_count_runs\stage06_backfill_b002_n50_20260418\candidate_packages\150.json,results\stage06_count_runs\stage06_backfill_b002_n50_20260418\count_evidence\150.json,results\stage06_count_runs\stage06_backfill_b002_n50_20260418\results\150.json,,150,Stiff-man syndrome in a child.,"Garzo, C; Perez-Sotelo, M; Traba, A; Esteban, A; Grandas, F; Munoz-Blanco, J L",single_case_report,case_report,data\extraction_json\text\150.json,full_text,true,1,high,single_case_text_signal,false,false,"challenge_stage=primary | verification_status=llm_candidate_exact | llm_count_confidence=high | llm_selected_candidate_id=cand01 | This is a single-case report and the text explicitly states, ""We report a 6-year-old child"" with clinical and electrophysiological findings consistent with stiff-man syndrome. The subsequent case report section describes one patient only, with no indication of additional original SPS-spectrum cases.",hybrid_v2_gpt-5.4,1,medium,single_case_text_signal,2,1,high,cand01,false,hybrid_local_gpt,llm_candidate_exact,,2026-04-18T10:45:56.209929+00:00
155,TRUE,batch002,qa\validation\stage07_single_case_codex_gold\batch002\manifest.json,qa\validation\stage07_single_case_codex_gold\batch002\json\papers\155.json,qa\validation\stage07_single_case_codex_gold\batch002\json\segments\155.segments.json,qa\validation\stage07_single_case_codex_gold\batch002\json\target_views\155\p1.json,qa\validation\stage07_single_case_codex_gold\batch002\json\validation\155.validation.json,qa\validation\stage07_single_case_codex_gold\batch002\xml\155.annotated.xml,stage06_count_runs,results\stage06_count_runs\stage06_backfill_b002_n50_20260418\candidate_packages\155.json,results\stage06_count_runs\stage06_backfill_b002_n50_20260418\count_evidence\155.json,results\stage06_count_runs\stage06_backfill_b002_n50_20260418\results\155.json,,155,Humoral and cellular immune parameters before and during immunosuppressive therapy of a patient with stiff-man syndrome and insulin dependent diabetes mellitus.,"Hummel, M; Durinovic-Bello, I; Bonifacio, E; Lampasona, V; Endl, J; Fessele, S; Then Bergh, F; Trenkwalder, C; Standl, E; Ziegler, A G",single_case_report,case_report,data\extraction_json\text\155.json,full_text,true,1,medium,source_single_case_override,true,true,"challenge_stage=primary | verification_status=llm_candidate_exact | llm_count_confidence=medium | llm_selected_candidate_id=cand01 | The paper is a single-case report and repeatedly states that the immune findings were studied in 'a patient' with autoimmune stiff-man syndrome and IDDM, supporting 1 unique SPS-spectrum case. The apparent count of 2 arises from two autoantigens (GAD and IA-2), not two patients; however, provenance signals indicate some methods/samples were previously described, so manual review remains appropriate.",hybrid_v2_gpt-5.4,1,medium,source_single_case_override,4,1,medium,cand01,false,hybrid_local_gpt,llm_candidate_exact,,2026-04-18T10:46:55.977203+00:00
162,TRUE,batch002,qa\validation\stage07_single_case_codex_gold\batch002\manifest.json,qa\validation\stage07_single_case_codex_gold\batch002\json\papers\162.json,qa\validation\stage07_single_case_codex_gold\batch002\json\segments\162.segments.json,qa\validation\stage07_single_case_codex_gold\batch002\json\target_views\162\p1.json,qa\validation\stage07_single_case_codex_gold\batch002\json\validation\162.validation.json,qa\validation\stage07_single_case_codex_gold\batch002\xml\162.annotated.xml,stage06_count_runs,results\stage06_count_runs\stage06_backfill_b002_n50_20260418\candidate_packages\162.json,results\stage06_count_runs\stage06_backfill_b002_n50_20260418\count_evidence\162.json,results\stage06_count_runs\stage06_backfill_b002_n50_20260418\results\162.json,,162,Severe insulin resistance in a patient with type 1 diabetes and stiff-man syndrome treated with insulin lispro.,"Hirsch, I B; D'Alessio, D; Eng, L; Davis, C; Lernmark, A; Chait, A",single_case_report,case_report,data\extraction_json\text\162.json,full_text,true,1,high,diagnosis_specific_patient_case_count,false,false,challenge_stage=primary | verification_status=llm_candidate_exact | llm_count_confidence=high | llm_selected_candidate_id=cand03 | This is a single-patient case report with explicit diagnosis-supported stiff-man syndrome/stiff person spectrum disorder in one individual. The paper repeatedly states that it describes one patient and confirms SMS with GAD65 antibodies in serum and CSF.,hybrid_v2_gpt-5.4,1,medium,case_report_marker_single_case,3,1,high,cand03,false,hybrid_local_gpt,llm_candidate_exact,,2026-04-18T10:47:25.542339+00:00
167,FALSE,batch002,qa\validation\stage07_single_case_codex_gold\batch002\manifest.json,qa\validation\stage07_single_case_codex_gold\batch002\json\papers\167.json,qa\validation\stage07_single_case_codex_gold\batch002\json\segments\167.segments.json,qa\validation\stage07_single_case_codex_gold\batch002\json\target_views\167\p1.json,qa\validation\stage07_single_case_codex_gold\batch002\json\validation\167.validation.json,qa\validation\stage07_single_case_codex_gold\batch002\xml\167.annotated.xml,stage06_count_runs,results\stage06_count_runs\stage06_backfill_b002_n50_20260418\candidate_packages\167.json,results\stage06_count_runs\stage06_backfill_b002_n50_20260418\count_evidence\167.json,results\stage06_count_runs\stage06_backfill_b002_n50_20260418\results\167.json,,167,Large motor neuron involvement in Stiff-man syndrome: a qualitative and quantitative study.,"Ishizawa, K; Komori, T; Okayama, K; Qin, X; Kaneko, K; Sasaki, S; Iwata, M",single_case_report,case_report,data\extraction_json\text\167.json,full_text,true,1,high,diagnosis_specific_table_row_count,false,false,"challenge_stage=primary | verification_status=llm_candidate_exact | llm_count_confidence=high | llm_selected_candidate_id=cand01 | This single-case report describes one original patient with a diagnosis of stiff-man syndrome/stiff-person spectrum disorder, studied post mortem and compared against four controls. The diagnosis is explicitly supported by clinical features, EMG, anti-GAD elevation, and diazepam response, so the best-supported extractable SPS-spectrum count is 1.",hybrid_v2_gpt-5.4,1,high,diagnosis_specific_table_row_count,3,1,high,cand01,false,hybrid_local_gpt,llm_candidate_exact,,2026-04-18T10:48:31.758604+00:00
173,FALSE,batch002,qa\validation\stage07_single_case_codex_gold\batch002\manifest.json,qa\validation\stage07_single_case_codex_gold\batch002\json\papers\173.json,qa\validation\stage07_single_case_codex_gold\batch002\json\segments\173.segments.json,qa\validation\stage07_single_case_codex_gold\batch002\json\target_views\173\p1.json,qa\validation\stage07_single_case_codex_gold\batch002\json\validation\173.validation.json,qa\validation\stage07_single_case_codex_gold\batch002\xml\173.annotated.xml,stage06_count_gold,,,,qa\validation\source_categorisation\gold_standard\stage06_count_gold\papers\173.json,173,Immune-mediated retinopathy in a patient with stiff-man syndrome.,"Steffen, H; Menger, N; Richter, W; Nolle, B; Krastel, H; Stayer, C; Kolling, G H; Wassle, H; Meinck, H M",single_case_report,case_report,data/extraction_json/text/173.json,full_text,true,1,high,manual_gold_review,false,false,count_basis=manual_gold_review | count_confidence=high | round_id=stage04_llm_category_2026-04-05_round_02 | selection_bucket=high_confidence_control | prediction_correct=true | reviewed_count=1 | reviewed_source_category=single_case_report | predicted_count=1 | predicted_source_category=single_case_report,gold_reviewed_stage06_v1,,,,,,,,,manual_gold_review,manual_gold_review,,2026-04-05T18:48:26.209606+00:00
182,FALSE,batch002,qa\validation\stage07_single_case_codex_gold\batch002\manifest.json,qa\validation\stage07_single_case_codex_gold\batch002\json\papers\182.json,qa\validation\stage07_single_case_codex_gold\batch002\json\segments\182.segments.json,qa\validation\stage07_single_case_codex_gold\batch002\json\target_views\182\p1.json,qa\validation\stage07_single_case_codex_gold\batch002\json\validation\182.validation.json,qa\validation\stage07_single_case_codex_gold\batch002\xml\182.annotated.xml,stage06_count_runs,results\stage06_count_runs\stage06_backfill_b002_n50_20260418\candidate_packages\182.json,results\stage06_count_runs\stage06_backfill_b002_n50_20260418\count_evidence\182.json,results\stage06_count_runs\stage06_backfill_b002_n50_20260418\results\182.json,,182,Plasmapheresis and immunosuppression in stiff-man syndrome with type 1 diabetes: a 2-year study.,"Hao, W; Davis, C; Hirsch, I B; Eng, L J; Daniels, T; Walsh, D; Lernmark, A",single_case_report,case_report,data\extraction_json\text\182.json,full_text,true,1,high,source_single_case_default,false,false,"challenge_stage=primary | verification_status=llm_candidate_exact | llm_count_confidence=high | llm_selected_candidate_id=cand01 | The paper explicitly states, 'we report a patient with both SMS and type 1 diabetes,' and the case description continues with a single 36-year-old woman. This supports counting 1 unique original SPS-spectrum patient, matching the single-case candidate.",hybrid_v2_gpt-5.4,1,medium,source_single_case_default,2,1,high,cand01,false,hybrid_local_gpt,llm_candidate_exact,,2026-04-18T10:50:15.748176+00:00
185,FALSE,batch002,qa\validation\stage07_single_case_codex_gold\batch002\manifest.json,qa\validation\stage07_single_case_codex_gold\batch002\json\papers\185.json,qa\validation\stage07_single_case_codex_gold\batch002\json\segments\185.segments.json,qa\validation\stage07_single_case_codex_gold\batch002\json\target_views\185\p1.json,qa\validation\stage07_single_case_codex_gold\batch002\json\validation\185.validation.json,qa\validation\stage07_single_case_codex_gold\batch002\xml\185.annotated.xml,stage06_count_runs,results\stage06_count_runs\stage06_backfill_b002_n50_20260418\candidate_packages\185.json,results\stage06_count_runs\stage06_backfill_b002_n50_20260418\count_evidence\185.json,results\stage06_count_runs\stage06_backfill_b002_n50_20260418\results\185.json,,185,Stiff-man syndrome with vacuolar degeneration of anterior horn motor neurons.,"Saiz, A; Minguez, A; Graus, F; Marin, C; Tolosa, E; Cruz-Sanchez, F",single_case_report,case_report,data\extraction_json\text\185.json,full_text,true,1,medium,source_single_case_default,true,true,"challenge_stage=primary | verification_status=llm_candidate_exact | llm_count_confidence=medium | llm_selected_candidate_id=cand01 | The paper explicitly describes a single original stiff-man syndrome patient ('we present a SMS patient' followed by an individual case narrative). This supports a count of 1 unique SPS-spectrum case, but manual review remains appropriate because the evidence pack flags original cohort provenance uncertainty.",hybrid_v2_gpt-5.4,1,medium,source_single_case_default,2,1,medium,cand01,false,hybrid_local_gpt,llm_candidate_exact,,2026-04-18T10:50:36.261961+00:00
187,TRUE,batch002,qa\validation\stage07_single_case_codex_gold\batch002\manifest.json,qa\validation\stage07_single_case_codex_gold\batch002\json\papers\187.json,qa\validation\stage07_single_case_codex_gold\batch002\json\segments\187.segments.json,qa\validation\stage07_single_case_codex_gold\batch002\json\target_views\187\p1.json,qa\validation\stage07_single_case_codex_gold\batch002\json\validation\187.validation.json,qa\validation\stage07_single_case_codex_gold\batch002\xml\187.annotated.xml,stage06_count_gold,,,,qa\validation\source_categorisation\gold_standard\stage06_count_gold\papers\187.json,187,Long-term remission of refractory stiff-man syndrome after treatment with intravenous immunoglobulin.,"Khanlou, H; Eiger, G",single_case_report,case_report,data/extraction_json/text_trimmed/187.json,trimmed,true,1,high,manual_gold_review,false,false,count_basis=manual_gold_review | count_confidence=high | round_id=stage04_llm_category_2026-04-05_round_02 | selection_bucket=conference_edge | prediction_correct=true | reviewed_count=1 | reviewed_source_category=single_case_report | predicted_count=1 | predicted_source_category=single_case_report,gold_reviewed_stage06_v1,,,,,,,,,manual_gold_review,manual_gold_review,,2026-04-05T18:44:38.739991+00:00
189,FALSE,batch002,qa\validation\stage07_single_case_codex_gold\batch002\manifest.json,qa\validation\stage07_single_case_codex_gold\batch002\json\papers\189.json,qa\validation\stage07_single_case_codex_gold\batch002\json\segments\189.segments.json,qa\validation\stage07_single_case_codex_gold\batch002\json\target_views\189\p1.json,qa\validation\stage07_single_case_codex_gold\batch002\json\validation\189.validation.json,qa\validation\stage07_single_case_codex_gold\batch002\xml\189.annotated.xml,stage06_count_runs,results\stage06_count_runs\stage06_backfill_b002_n50_20260418\candidate_packages\189.json,results\stage06_count_runs\stage06_backfill_b002_n50_20260418\count_evidence\189.json,results\stage06_count_runs\stage06_backfill_b002_n50_20260418\results\189.json,,189,Stiff-man syndrome--diagnostic criteria and pitfalls.,"Kuruvilla, T; Bharucha, N E; Thompson, E J; Hawa, M; Chauhan, V; Agarwal, R",single_case_report,case_report,data\extraction_json\text_trimmed\189.json,trimmed,true,1,high,source_single_case_default,false,false,challenge_stage=primary | verification_status=llm_candidate_exact | llm_count_confidence=high | llm_selected_candidate_id=cand01 | The paper is routed as a single case report and the text explicitly describes one original patient with stiff-man syndrome. The repeated singular phrasing ('we describe a man' and 'a 40 years old man') supports counting 1 unique SPS-spectrum case.,hybrid_v2_gpt-5.4,1,medium,source_single_case_default,2,1,high,cand01,false,hybrid_local_gpt,llm_candidate_exact,,2026-04-18T10:50:57.701370+00:00
190,FALSE,batch002,qa\validation\stage07_single_case_codex_gold\batch002\manifest.json,qa\validation\stage07_single_case_codex_gold\batch002\json\papers\190.json,qa\validation\stage07_single_case_codex_gold\batch002\json\segments\190.segments.json,qa\validation\stage07_single_case_codex_gold\batch002\json\target_views\190\p1.json,qa\validation\stage07_single_case_codex_gold\batch002\json\validation\190.validation.json,qa\validation\stage07_single_case_codex_gold\batch002\xml\190.annotated.xml,stage06_count_runs,results\stage06_count_runs\stage06_backfill_b002_n50_20260418\candidate_packages\190.json,results\stage06_count_runs\stage06_backfill_b002_n50_20260418\count_evidence\190.json,results\stage06_count_runs\stage06_backfill_b002_n50_20260418\results\190.json,,190,Double filtration plasma exchange and immunoadsorption therapy in a case of stiff-man syndrome with negative anti-GAD antibody.,"Hayashi, A; Nakamagoe, K; Ohkoshi, N; Hoshino, S; Shoji, S",single_case_report,case_report,data\extraction_json\text\190.json,full_text,true,1,high,case_report_marker_single_case,false,false,challenge_stage=primary | verification_status=llm_candidate_exact | llm_count_confidence=high | llm_selected_candidate_id=cand01 | This paper is a single-case report and the text explicitly states that the authors treated and report on 'a case of stiff-man syndrome' in one male patient. There is no evidence of additional original SPS-spectrum patients in the paper.,hybrid_v2_gpt-5.4,1,medium,case_report_marker_single_case,2,1,high,cand01,false,hybrid_local_gpt,llm_candidate_exact,,2026-04-18T10:51:41.380704+00:00
191,FALSE,batch002,qa\validation\stage07_single_case_codex_gold\batch002\manifest.json,qa\validation\stage07_single_case_codex_gold\batch002\json\papers\191.json,qa\validation\stage07_single_case_codex_gold\batch002\json\segments\191.segments.json,qa\validation\stage07_single_case_codex_gold\batch002\json\target_views\191\p1.json,qa\validation\stage07_single_case_codex_gold\batch002\json\validation\191.validation.json,qa\validation\stage07_single_case_codex_gold\batch002\xml\191.annotated.xml,stage06_count_runs,results\stage06_count_runs\stage06_backfill_b002_n50_20260418\candidate_packages\191.json,results\stage06_count_runs\stage06_backfill_b002_n50_20260418\count_evidence\191.json,results\stage06_count_runs\stage06_backfill_b002_n50_20260418\results\191.json,,191,Motor evoked potentials in a case of stiff-man syndrome: a longitudinal study.,"Logullo, F; Di Bella, P; Provinciali, L",single_case_report,case_report,data/extraction_json/text/191.json,full_text,true,1,high,manual_gold_review,false,false,count_basis=manual_gold_review | count_confidence=high | round_id=2026-04-18_stage06_b002_manual_review | selection_bucket=stage06_backfill_batch_review | prediction_correct=true | reviewed_count=1 | reviewed_source_category=single_case_report | predicted_count=1 | predicted_source_category=single_case_report | reviewer_notes=The competing numbers are 1 and 135. The extractable SPS-spectrum count is 1 because this is a longitudinal single-case report; 135 is a page or table artefact from the PDF text layer.,gold_reviewed_stage06_v1,135,high,diagnosis_specific_table_row_count,3,1,medium,cand02,false,manual_gold_review,manual_gold_review,,2026-04-18T12:07:02Z
193,FALSE,batch003,qa\validation\stage07_single_case_codex_gold\batch003\manifest.json,qa\validation\stage07_single_case_codex_gold\batch003\json\papers\193.json,qa\validation\stage07_single_case_codex_gold\batch003\json\segments\193.segments.json,qa\validation\stage07_single_case_codex_gold\batch003\json\target_views\193\p1.json,qa\validation\stage07_single_case_codex_gold\batch003\json\validation\193.validation.json,qa\validation\stage07_single_case_codex_gold\batch003\xml\193.annotated.xml,stage06_count_runs,results\stage06_count_runs\stage06_backfill_b002_n50_20260418\candidate_packages\193.json,results\stage06_count_runs\stage06_backfill_b002_n50_20260418\count_evidence\193.json,results\stage06_count_runs\stage06_backfill_b002_n50_20260418\results\193.json,,193,Marked improvement in a stiff-limb patient treated with intravenous immunoglobulin.,"Souza-Lima, C F; Ferraz, H B; Braz, C A; Araujo, A M; Manzano, G M",single_case_report,case_report,data\extraction_json\text\193.json,full_text,true,1,medium,source_single_case_default,true,true,"challenge_stage=primary | verification_status=llm_candidate_exact | llm_count_confidence=medium | llm_selected_candidate_id=cand01 | The paper is framed as a single case report and the full-text excerpt explicitly describes one patient with stiff-limb syndrome. Although there are upstream provenance uncertainty signals, the extractable original SPS-spectrum count in this paper is best supported as 1, with manual review retained because provenance overlap is flagged as uncertain.",hybrid_v2_gpt-5.4,1,medium,source_single_case_default,2,1,medium,cand01,false,hybrid_local_gpt,llm_candidate_exact,,2026-04-18T10:52:38.338633+00:00
197,TRUE,batch003,qa\validation\stage07_single_case_codex_gold\batch003\manifest.json,qa\validation\stage07_single_case_codex_gold\batch003\json\papers\197.json,qa\validation\stage07_single_case_codex_gold\batch003\json\segments\197.segments.json,qa\validation\stage07_single_case_codex_gold\batch003\json\target_views\197\p1.json,qa\validation\stage07_single_case_codex_gold\batch003\json\validation\197.validation.json,qa\validation\stage07_single_case_codex_gold\batch003\xml\197.annotated.xml,stage06_count_runs,results\stage06_count_runs\stage06_backfill_b002_n50_20260418\candidate_packages\197.json,results\stage06_count_runs\stage06_backfill_b002_n50_20260418\count_evidence\197.json,results\stage06_count_runs\stage06_backfill_b002_n50_20260418\results\197.json,,197,Autoimmunity to gephyrin in Stiff-Man syndrome.,"Butler, M H; Hayashi, A; Ohkoshi, N; Villmann, C; Becker, C M; Feng, G; De Camilli, P; Solimena, M",single_case_report,case_report,data\extraction_json\text\197.json,full_text,true,1,medium,case_report_marker_single_case,true,true,"challenge_stage=primary | verification_status=llm_candidate_exact | llm_count_confidence=medium | llm_selected_candidate_id=cand01 | The paper is framed as a single case report and explicitly states that the authors report findings in a patient with clinical features of stiff-man syndrome, supporting 1 extractable SPS-spectrum case. Because the evidence pack flags original cohort provenance uncertainty and confidence is not high, this should remain for manual review.",hybrid_v2_gpt-5.4,1,medium,case_report_marker_single_case,2,1,medium,cand01,false,hybrid_local_gpt,llm_candidate_exact,,2026-04-18T10:53:02.251482+00:00
208,FALSE,batch003,qa\validation\stage07_single_case_codex_gold\batch003\manifest.json,qa\validation\stage07_single_case_codex_gold\batch003\json\papers\208.json,qa\validation\stage07_single_case_codex_gold\batch003\json\segments\208.segments.json,qa\validation\stage07_single_case_codex_gold\batch003\json\target_views\208\p1.json,qa\validation\stage07_single_case_codex_gold\batch003\json\validation\208.validation.json,qa\validation\stage07_single_case_codex_gold\batch003\xml\208.annotated.xml,stage06_count_runs,results\stage06_count_runs\stage06_backfill_b002_n50_20260418\candidate_packages\208.json,results\stage06_count_runs\stage06_backfill_b002_n50_20260418\count_evidence\208.json,results\stage06_count_runs\stage06_backfill_b002_n50_20260418\results\208.json,,208,Stiff-person like syndrome in a patient with multiple pituitary hormone deficiencies.,"Chroni, E; Papadimitriou, A; Avramidis, T; Terentiou, A E; Tzioras, C; Divari, R",single_case_report,case_report,data\extraction_json\text\208.json,full_text,true,1,medium,case_report_marker_single_case,true,true,"challenge_stage=primary | verification_status=llm_candidate_exact | llm_count_confidence=medium | llm_selected_candidate_id=cand01 | This is a single-patient case report describing one original patient in the present paper. The mention of a 'previously reported one' refers to prior literature and should not be counted, but it creates provenance uncertainty, so the count should still be manually checked.",hybrid_v2_gpt-5.4,1,medium,case_report_marker_single_case,2,1,medium,cand01,false,hybrid_local_gpt,llm_candidate_exact,,2026-04-18T10:53:58.760953+00:00
211,FALSE,batch003,qa\validation\stage07_single_case_codex_gold\batch003\manifest.json,qa\validation\stage07_single_case_codex_gold\batch003\json\papers\211.json,qa\validation\stage07_single_case_codex_gold\batch003\json\segments\211.segments.json,qa\validation\stage07_single_case_codex_gold\batch003\json\target_views\211\p1.json,qa\validation\stage07_single_case_codex_gold\batch003\json\validation\211.validation.json,qa\validation\stage07_single_case_codex_gold\batch003\xml\211.annotated.xml,stage06_count_runs,results\stage06_count_runs\stage06_backfill_b002_n50_20260418\candidate_packages\211.json,results\stage06_count_runs\stage06_backfill_b002_n50_20260418\count_evidence\211.json,results\stage06_count_runs\stage06_backfill_b002_n50_20260418\results\211.json,,211,A case of stiff limb syndrome responsive to plasma exchange.,"Coles, A; Barker, R",single_case_report,case_report,data\extraction_json\text\211.json,full_text,true,1,medium,case_report_marker_single_case,true,false,"challenge_stage=primary | verification_status=llm_candidate_exact | llm_count_confidence=medium | llm_selected_candidate_id=cand01 | The paper is routed as a single case report, and the title explicitly states 'A case of stiff limb syndrome,' which supports one original SPS-spectrum patient. Because the extracted full-text context is noisy and confidence is not high, this should still receive manual review.",hybrid_v2_gpt-5.4,1,medium,case_report_marker_single_case,2,1,medium,cand01,false,hybrid_local_gpt,llm_candidate_exact,,2026-04-18T10:54:18.647414+00:00
213,FALSE,batch003,qa\validation\stage07_single_case_codex_gold\batch003\manifest.json,qa\validation\stage07_single_case_codex_gold\batch003\json\papers\213.json,qa\validation\stage07_single_case_codex_gold\batch003\json\segments\213.segments.json,qa\validation\stage07_single_case_codex_gold\batch003\json\target_views\213\p1.json,qa\validation\stage07_single_case_codex_gold\batch003\json\validation\213.validation.json,qa\validation\stage07_single_case_codex_gold\batch003\xml\213.annotated.xml,stage06_count_runs,results\stage06_count_runs\stage06_backfill_b002_n50_20260418\candidate_packages\213.json,results\stage06_count_runs\stage06_backfill_b002_n50_20260418\count_evidence\213.json,results\stage06_count_runs\stage06_backfill_b002_n50_20260418\results\213.json,,213,Focal stiff-person syndrome.,"Fiol, M; Cammarota, A; Rivero, A; Pardal, A; Nogues, M; Correale, J",single_case_report,case_report,data\extraction_json\text_trimmed\213.json,trimmed,true,1,high,case_report_marker_single_case,false,false,"challenge_stage=primary | verification_status=llm_candidate_exact | llm_count_confidence=high | llm_selected_candidate_id=cand01 | This single-case report explicitly states that the authors report the case of one patient with a focal form of SPS. The abstract then describes a single 39-year-old woman with clinical, electrophysiological, and immunological findings supporting focal SPS.",hybrid_v2_gpt-5.4,1,medium,case_report_marker_single_case,2,1,high,cand01,false,hybrid_local_gpt,llm_candidate_exact,,2026-04-18T10:54:37.344921+00:00
220,FALSE,batch003,qa\validation\stage07_single_case_codex_gold\batch003\manifest.json,qa\validation\stage07_single_case_codex_gold\batch003\json\papers\220.json,qa\validation\stage07_single_case_codex_gold\batch003\json\segments\220.segments.json,qa\validation\stage07_single_case_codex_gold\batch003\json\target_views\220\p1.json,qa\validation\stage07_single_case_codex_gold\batch003\json\validation\220.validation.json,qa\validation\stage07_single_case_codex_gold\batch003\xml\220.annotated.xml,stage06_count_runs,results\stage06_count_runs\stage06_backfill_b002_n50_20260418\candidate_packages\220.json,results\stage06_count_runs\stage06_backfill_b002_n50_20260418\count_evidence\220.json,results\stage06_count_runs\stage06_backfill_b002_n50_20260418\results\220.json,,220,Stiff-person syndrome associated with oral isotretinoin treatment.,"Chroni, E; Sakkis, Th; Georgiou, S; Monastirli, A; Pasmatzi, E; Paschalis, C; Tsambaos, D",single_case_report,case_report,data\extraction_json\text\220.json,full_text,true,1,high,case_report_marker_single_case,false,false,challenge_stage=primary | verification_status=llm_candidate_exact | llm_count_confidence=high | llm_selected_candidate_id=cand01 | This is a single case report that explicitly describes one patient and provides clinical and electromyographic features consistent with stiff-person syndrome. No evidence suggests additional original SPS-spectrum cases in the paper.,hybrid_v2_gpt-5.4,1,medium,case_report_marker_single_case,2,1,high,cand01,false,hybrid_local_gpt,llm_candidate_exact,,2026-04-18T10:56:12.177500+00:00
223,FALSE,batch003,qa\validation\stage07_single_case_codex_gold\batch003\manifest.json,qa\validation\stage07_single_case_codex_gold\batch003\json\papers\223.json,qa\validation\stage07_single_case_codex_gold\batch003\json\segments\223.segments.json,qa\validation\stage07_single_case_codex_gold\batch003\json\target_views\223\p1.json,qa\validation\stage07_single_case_codex_gold\batch003\json\validation\223.validation.json,qa\validation\stage07_single_case_codex_gold\batch003\xml\223.annotated.xml,stage06_count_runs,results\stage06_count_runs\stage06_backfill_b002_n50_20260418\candidate_packages\223.json,results\stage06_count_runs\stage06_backfill_b002_n50_20260418\count_evidence\223.json,results\stage06_count_runs\stage06_backfill_b002_n50_20260418\results\223.json,,223,The stiff-person syndrome. Case report.,"Piovano, C; Piattelli, M; Spina, T; Iervese, G; Bosco, G",single_case_report,case_report,data\extraction_json\text\223.json,full_text,true,1,medium,case_report_marker_single_case,true,false,"challenge_stage=primary | verification_status=llm_candidate_exact | llm_count_confidence=medium | llm_selected_candidate_id=cand01 | The paper is explicitly labeled a case report/single-case report, and no evidence in the provided text indicates more than one original SPS-spectrum patient. However, the excerpt is dominated by background discussion and OCR noise rather than a clear patient narrative, so the single-case count should be retained with manual review.",hybrid_v2_gpt-5.4,1,medium,case_report_marker_single_case,2,1,medium,cand01,false,hybrid_local_gpt,llm_candidate_exact,,2026-04-18T10:56:37.548453+00:00
227,FALSE,batch003,qa\validation\stage07_single_case_codex_gold\batch003\manifest.json,qa\validation\stage07_single_case_codex_gold\batch003\json\papers\227.json,qa\validation\stage07_single_case_codex_gold\batch003\json\segments\227.segments.json,qa\validation\stage07_single_case_codex_gold\batch003\json\target_views\227\p1.json,qa\validation\stage07_single_case_codex_gold\batch003\json\validation\227.validation.json,qa\validation\stage07_single_case_codex_gold\batch003\xml\227.annotated.xml,stage06_count_gold,,,,qa\validation\source_categorisation\gold_standard\stage06_count_gold\papers\227.json,227,Spectrum of paraneoplastic neurologic disorders in women with breast and gynecologic cancer.,"Rojas-Marcos, Inigo; Rousseau, Audrey; Keime-Guibert, Florence; Rene, Ramon; Cartalat-Carel, Stephanie; Delattre, Jean Yves; Graus, Francesc",observational_group_study,retrospective_or_cohort_group_study,data\extraction_json\text\227.json,full_text,true,1,high,manual_gold_review,false,false,count_basis=manual_gold_review | count_confidence=high | round_id=2026-04-05_round_01 | selection_bucket=review_lab_edge | prediction_correct=false | reviewed_count=1 | reviewed_source_category=observational_group_study | predicted_count=4 | predicted_source_category=review_article | reviewer_notes=stiff-person syndrom (1 with amphiphysin-ab),gold_reviewed_stage06_v1,,,,,,,,,manual_gold_review,manual_gold_review,,2026-04-05T12:45:07.404714+00:00
228,FALSE,batch003,qa\validation\stage07_single_case_codex_gold\batch003\manifest.json,qa\validation\stage07_single_case_codex_gold\batch003\json\papers\228.json,qa\validation\stage07_single_case_codex_gold\batch003\json\segments\228.segments.json,qa\validation\stage07_single_case_codex_gold\batch003\json\target_views\228\p1.json,qa\validation\stage07_single_case_codex_gold\batch003\json\validation\228.validation.json,qa\validation\stage07_single_case_codex_gold\batch003\xml\228.annotated.xml,stage06_count_runs,results\stage06_count_runs\stage06_backfill_b002_n50_20260418\candidate_packages\228.json,results\stage06_count_runs\stage06_backfill_b002_n50_20260418\count_evidence\228.json,results\stage06_count_runs\stage06_backfill_b002_n50_20260418\results\228.json,,228,Intrathecal baclofen for stiff-person syndrome: life-threatening intermittent catheter leakage.,"Bardutzky, J; Tronnier, V; Schwab, S; Meinck, H-M",single_case_report,case_report,data\extraction_json\text\228.json,full_text,true,1,medium,case_report_marker_single_case,true,true,"challenge_stage=primary | verification_status=llm_candidate_exact | llm_count_confidence=medium | llm_selected_candidate_id=cand01 | This is a single-patient SPS case report: both the abstract and case report text describe one man diagnosed with SPS and treated with intrathecal baclofen. Count 1 is best supported, but manual review remains appropriate because the evidence pack flags provenance uncertainty.",hybrid_v2_gpt-5.4,1,medium,case_report_marker_single_case,2,1,medium,cand01,false,hybrid_local_gpt,llm_candidate_exact,,2026-04-18T10:57:49.882299+00:00
229,FALSE,batch003,qa\validation\stage07_single_case_codex_gold\batch003\manifest.json,qa\validation\stage07_single_case_codex_gold\batch003\json\papers\229.json,qa\validation\stage07_single_case_codex_gold\batch003\json\segments\229.segments.json,qa\validation\stage07_single_case_codex_gold\batch003\json\target_views\229\p1.json,qa\validation\stage07_single_case_codex_gold\batch003\json\validation\229.validation.json,qa\validation\stage07_single_case_codex_gold\batch003\xml\229.annotated.xml,stage06_count_runs,results\stage06_count_runs\stage06_backfill_b002_n50_20260418\candidate_packages\229.json,results\stage06_count_runs\stage06_backfill_b002_n50_20260418\count_evidence\229.json,results\stage06_count_runs\stage06_backfill_b002_n50_20260418\results\229.json,,229,Progressive encephalomyelitis with rigidity as refractory asthma.,"Kikuchi, N; Nomura, A; Ishii, Y; Sekizawa, K; Harada, H; Ishii, K; Wada, T",single_case_report,case_report,data\extraction_json\text\229.json,full_text,true,1,high,source_single_case_default,false,false,"challenge_stage=primary | verification_status=llm_candidate_exact | llm_count_confidence=high | llm_selected_candidate_id=cand01 | This single-case report explicitly describes one original patient, a 19-year-old woman, diagnosed with progressive encephalomyelitis with rigidity (PER), which is within the SPS-spectrum. No evidence suggests additional original SPS-spectrum cases in this paper.",hybrid_v2_gpt-5.4,1,medium,source_single_case_default,2,1,high,cand01,false,hybrid_local_gpt,llm_candidate_exact,,2026-04-18T10:58:13.525172+00:00
231,FALSE,batch004,qa\validation\stage07_single_case_codex_gold\batch004\manifest.json,qa\validation\stage07_single_case_codex_gold\batch004\json\papers\231.json,qa\validation\stage07_single_case_codex_gold\batch004\json\segments\231.segments.json,qa\validation\stage07_single_case_codex_gold\batch004\json\target_views\231\p1.json,qa\validation\stage07_single_case_codex_gold\batch004\json\validation\231.validation.json,qa\validation\stage07_single_case_codex_gold\batch004\xml\231.annotated.xml,stage06_count_runs,results\stage06_count_runs\stage06_backfill_b002_n50_20260418\candidate_packages\231.json,results\stage06_count_runs\stage06_backfill_b002_n50_20260418\count_evidence\231.json,results\stage06_count_runs\stage06_backfill_b002_n50_20260418\results\231.json,,231,Stiff person syndrome and anesthesia: case report.,"Bouw, Jans; Leendertse, Karin; Tijssen, Marina A J; Dzoljic, Misa",single_case_report,case_report,data\extraction_json\text\231.json,full_text,true,1,high,case_report_marker_single_case,false,false,challenge_stage=primary | verification_status=llm_candidate_exact | llm_count_confidence=high | llm_selected_candidate_id=cand01 | This is a single-patient case report with explicit language describing one patient with stiff person syndrome and detailed individual clinical/anesthetic course. The evidence supports the heuristic count of 1 unique SPS-spectrum case.,hybrid_v2_gpt-5.4,1,medium,case_report_marker_single_case,2,1,high,cand01,false,hybrid_local_gpt,llm_candidate_exact,,2026-04-18T10:58:37.591274+00:00
232,FALSE,batch004,qa\validation\stage07_single_case_codex_gold\batch004\manifest.json,qa\validation\stage07_single_case_codex_gold\batch004\json\papers\232.json,qa\validation\stage07_single_case_codex_gold\batch004\json\segments\232.segments.json,qa\validation\stage07_single_case_codex_gold\batch004\json\target_views\232\p1.json,qa\validation\stage07_single_case_codex_gold\batch004\json\validation\232.validation.json,qa\validation\stage07_single_case_codex_gold\batch004\xml\232.annotated.xml,stage06_count_runs,results\stage06_count_runs\stage06_backfill_b001_n50_20260418\candidate_packages\232.json,results\stage06_count_runs\stage06_backfill_b001_n50_20260418\count_evidence\232.json,results\stage06_count_runs\stage06_backfill_b001_n50_20260418\results\232.json,,232,Neuropathology and binding studies in anti-amphiphysin-associated stiff-person syndrome.,"Wessig, C; Klein, R; Schneider, M F; Toyka, K V; Naumann, M; Sommer, C",single_case_report,case_report,data\extraction_json\text\232.json,full_text,true,1,high,single_case_text_signal,false,false,challenge_stage=primary | verification_status=llm_candidate_exact | llm_count_confidence=high | llm_selected_candidate_id=cand01 | This single-case report explicitly describes one original SPS-spectrum patient: a 71-year-old woman with amphiphysin-associated paraneoplastic stiff-person syndrome. The full text continues as a single-patient case report with no indication of additional SPS-spectrum cases in the paper.,hybrid_v2_gpt-5.4,1,medium,single_case_text_signal,2,1,high,cand01,false,hybrid_local_gpt,llm_candidate_exact,,2026-04-18T08:42:26.347900+00:00
241,FALSE,batch004,qa\validation\stage07_single_case_codex_gold\batch004\manifest.json,qa\validation\stage07_single_case_codex_gold\batch004\json\papers\241.json,qa\validation\stage07_single_case_codex_gold\batch004\json\segments\241.segments.json,qa\validation\stage07_single_case_codex_gold\batch004\json\target_views\241\p1.json,qa\validation\stage07_single_case_codex_gold\batch004\json\validation\241.validation.json,qa\validation\stage07_single_case_codex_gold\batch004\xml\241.annotated.xml,stage06_count_runs,results\stage06_count_runs\stage06_backfill_b001_n50_20260418\candidate_packages\241.json,results\stage06_count_runs\stage06_backfill_b001_n50_20260418\count_evidence\241.json,results\stage06_count_runs\stage06_backfill_b001_n50_20260418\results\241.json,,241,Anti-GAD antibody positive stiff-limb syndrome in multiple myeloma.,"Schiff, David; Dalmau, Josep; Myers, Delynne J",single_case_report,case_report,data\extraction_json\text\241.json,full_text,true,1,high,case_report_marker_single_case,false,false,challenge_stage=primary | verification_status=llm_candidate_exact | llm_count_confidence=high | llm_selected_candidate_id=cand01 | This is a single-case report describing one original patient with stiff-limb syndrome. The mention of four prior patients refers to previously reported literature cases and should not be counted toward this paper's original SPS-spectrum case total.,hybrid_v2_gpt-5.4,1,medium,case_report_marker_single_case,3,1,high,cand01,false,hybrid_local_gpt,llm_candidate_exact,,2026-04-18T08:44:38.970193+00:00
248,FALSE,batch004,qa\validation\stage07_single_case_codex_gold\batch004\manifest.json,qa\validation\stage07_single_case_codex_gold\batch004\json\papers\248.json,qa\validation\stage07_single_case_codex_gold\batch004\json\segments\248.segments.json,qa\validation\stage07_single_case_codex_gold\batch004\json\target_views\248\p1.json,qa\validation\stage07_single_case_codex_gold\batch004\json\validation\248.validation.json,qa\validation\stage07_single_case_codex_gold\batch004\xml\248.annotated.xml,stage06_count_runs,results\stage06_count_runs\stage06_backfill_b001_n50_20260418\candidate_packages\248.json,results\stage06_count_runs\stage06_backfill_b001_n50_20260418\count_evidence\248.json,results\stage06_count_runs\stage06_backfill_b001_n50_20260418\results\248.json,,248,"Paraneoplastic ""stiff person syndrome"" with metastatic adenocarcinoma and anti-Ri antibodies.","McCabe, D J H; Turner, N C; Chao, D; Leff, A; Gregson, N A; Womersley, H J; Mak, I; Perkin, G D; Schapira, A H V",single_case_report,case_report,data\extraction_json\text\248.json,full_text,true,1,medium,single_case_text_signal,true,true,"challenge_stage=primary | verification_status=llm_candidate_exact | llm_count_confidence=medium | llm_selected_candidate_id=cand01 | The paper is a single-case report and explicitly describes one 43-year-old woman with clinical and electrophysiologic features of stiff person syndrome. This supports a count of 1 unique SPS-spectrum patient, but manual review remains appropriate because the evidence pack flags original cohort provenance uncertainty and the candidate confidence is not high.",hybrid_v2_gpt-5.4,1,medium,single_case_text_signal,3,1,medium,cand01,false,hybrid_local_gpt,llm_candidate_exact,,2026-04-18T08:46:02.492597+00:00
256,FALSE,batch004,qa\validation\stage07_single_case_codex_gold\batch004\manifest.json,qa\validation\stage07_single_case_codex_gold\batch004\json\papers\256.json,qa\validation\stage07_single_case_codex_gold\batch004\json\segments\256.segments.json,qa\validation\stage07_single_case_codex_gold\batch004\json\target_views\256\p1.json,qa\validation\stage07_single_case_codex_gold\batch004\json\validation\256.validation.json,qa\validation\stage07_single_case_codex_gold\batch004\xml\256.annotated.xml,stage06_count_gold,,,,qa\validation\source_categorisation\gold_standard\stage06_count_gold\papers\256.json,256,Stiff person syndrome does not always occur with maternal passive transfer of GAD65 antibodies.,"Nemni, R; Caniatti, L M; Gironi, M; Bazzigaluppi, E; De Grandis, D",case_series_or_multi_case,case_series,data/extraction_json/text/256.json,full_text,true,1,high,manual_gold_review,false,false,count_basis=manual_gold_review | count_confidence=high | round_id=stage04_llm_category_2026-04-05_round_01 | selection_bucket=case_group_boundary | prediction_correct=true | reviewed_count=1 | reviewed_source_category=case_series_or_multi_case | predicted_count=1 | predicted_source_category=case_series_or_multi_case,gold_reviewed_stage06_v1,,,,,,,,,manual_gold_review,manual_gold_review,,2026-04-05T17:56:05.230867+00:00
259,FALSE,batch004,qa\validation\stage07_single_case_codex_gold\batch004\manifest.json,qa\validation\stage07_single_case_codex_gold\batch004\json\papers\259.json,qa\validation\stage07_single_case_codex_gold\batch004\json\segments\259.segments.json,qa\validation\stage07_single_case_codex_gold\batch004\json\target_views\259\p1.json,qa\validation\stage07_single_case_codex_gold\batch004\json\validation\259.validation.json,qa\validation\stage07_single_case_codex_gold\batch004\xml\259.annotated.xml,stage06_count_runs,results\stage06_count_runs\stage06_backfill_b001_n50_20260418\candidate_packages\259.json,results\stage06_count_runs\stage06_backfill_b001_n50_20260418\count_evidence\259.json,results\stage06_count_runs\stage06_backfill_b001_n50_20260418\results\259.json,,259,Stiff-person syndrome following West Nile fever.,"Hassin-Baer, Sharon; Kirson, Eilon D; Shulman, Lester; Buchman, Aron S; Bin, Hanna; Hindiyeh, Musa; Markevich, Lea; Mendelson, Ella",single_case_report,case_report,data\extraction_json\text\259.json,full_text,true,1,high,case_report_marker_single_case,false,false,"challenge_stage=primary | verification_status=llm_candidate_exact | llm_count_confidence=high | llm_selected_candidate_id=cand01 | This is a single case report explicitly describing one 41-year-old man who developed stiff-person syndrome after West Nile fever. The abstract and body both support one unique original SPS-spectrum patient, with no indication of additional extractable cases.",hybrid_v2_gpt-5.4,1,medium,case_report_marker_single_case,2,1,high,cand01,false,hybrid_local_gpt,llm_candidate_exact,,2026-04-18T08:46:47.421533+00:00
261,FALSE,batch004,qa\validation\stage07_single_case_codex_gold\batch004\manifest.json,qa\validation\stage07_single_case_codex_gold\batch004\json\papers\261.json,qa\validation\stage07_single_case_codex_gold\batch004\json\segments\261.segments.json,qa\validation\stage07_single_case_codex_gold\batch004\json\target_views\261\p1.json,qa\validation\stage07_single_case_codex_gold\batch004\json\validation\261.validation.json,qa\validation\stage07_single_case_codex_gold\batch004\xml\261.annotated.xml,stage06_count_runs,results\stage06_count_runs\stage06_backfill_b001_n50_20260418\candidate_packages\261.json,results\stage06_count_runs\stage06_backfill_b001_n50_20260418\count_evidence\261.json,results\stage06_count_runs\stage06_backfill_b001_n50_20260418\results\261.json,,261,Pregnancy in stiff-limb syndrome.,"Weatherby, Stuart J M; Woolner, Philippa; Clarke, Carl E",single_case_report,case_report,data\extraction_json\text\261.json,full_text,true,1,medium,case_report_marker_single_case,true,true,"challenge_stage=primary | verification_status=llm_candidate_exact | llm_count_confidence=medium | llm_selected_candidate_id=cand01 | The abstract explicitly describes a single original patient: 'the case of a woman with SLS.' This supports a count of 1 SPS-spectrum case, but manual review remains warranted because the evidence pack flags possible prior reporting/provenance uncertainty and the preferred full-text excerpt appears contaminated with unrelated article text.",hybrid_v2_gpt-5.4,1,medium,case_report_marker_single_case,2,1,medium,cand01,false,hybrid_local_gpt,llm_candidate_exact,,2026-04-18T08:47:08.670658+00:00
272,FALSE,batch004,qa\validation\stage07_single_case_codex_gold\batch004\manifest.json,qa\validation\stage07_single_case_codex_gold\batch004\json\papers\272.json,qa\validation\stage07_single_case_codex_gold\batch004\json\segments\272.segments.json,qa\validation\stage07_single_case_codex_gold\batch004\json\target_views\272\p1.json,qa\validation\stage07_single_case_codex_gold\batch004\json\validation\272.validation.json,qa\validation\stage07_single_case_codex_gold\batch004\xml\272.annotated.xml,stage06_count_runs,results\stage06_count_runs\stage06_backfill_b001_n50_20260418\candidate_packages\272.json,results\stage06_count_runs\stage06_backfill_b001_n50_20260418\count_evidence\272.json,results\stage06_count_runs\stage06_backfill_b001_n50_20260418\results\272.json,,272,"Stiff person syndrome with eye movement abnormality, myasthenia gravis, and thymoma.","Thomas, S; Critchley, P; Lawden, M; Farooq, S; Thomas, A; Proudlock, F A; Constantinescu, C S; Gottlob, I",single_case_report,case_report,data\extraction_json\text\272.json,full_text,true,1,medium,diagnosis_specific_patient_case_count,true,true,"challenge_stage=primary | verification_status=llm_candidate_exact | llm_count_confidence=medium | llm_selected_candidate_id=cand03 | The paper is a single-patient case report and explicitly describes one original patient with SPS. Although the discussion references previously reported similar patients, those are cited literature rather than additional original cases, so the extractable SPS-spectrum count is 1; manual review remains appropriate because provenance uncertainty signals were flagged upstream.",hybrid_v2_gpt-5.4,1,medium,early_body_count_signal,3,1,medium,cand03,false,hybrid_local_gpt,llm_candidate_exact,,2026-04-18T08:48:55.275376+00:00
274,FALSE,batch004,qa\validation\stage07_single_case_codex_gold\batch004\manifest.json,qa\validation\stage07_single_case_codex_gold\batch004\json\papers\274.json,qa\validation\stage07_single_case_codex_gold\batch004\json\segments\274.segments.json,qa\validation\stage07_single_case_codex_gold\batch004\json\target_views\274\p1.json,qa\validation\stage07_single_case_codex_gold\batch004\json\validation\274.validation.json,qa\validation\stage07_single_case_codex_gold\batch004\xml\274.annotated.xml,stage06_count_runs,results\stage06_count_runs\stage06_backfill_b001_n50_20260418\candidate_packages\274.json,results\stage06_count_runs\stage06_backfill_b001_n50_20260418\count_evidence\274.json,results\stage06_count_runs\stage06_backfill_b001_n50_20260418\results\274.json,,274,Stiff-person syndrome presenting with headache.,"Loder, E; Stein, J",single_case_report,case_report,data\extraction_json\text\274.json,full_text,true,1,high,case_report_marker_single_case,false,false,"challenge_stage=primary | verification_status=llm_candidate_exact | llm_count_confidence=high | llm_selected_candidate_id=cand01 | This is a single case report explicitly describing one 34-year-old male with stiff-person syndrome. The text repeatedly frames the paper as reporting one case, with no indication of additional original SPS-spectrum patients.",hybrid_v2_gpt-5.4,1,medium,case_report_marker_single_case,2,1,high,cand01,false,hybrid_local_gpt,llm_candidate_exact,,2026-04-18T08:49:15.722189+00:00
286,FALSE,batch004,qa\validation\stage07_single_case_codex_gold\batch004\manifest.json,qa\validation\stage07_single_case_codex_gold\batch004\json\papers\286.json,qa\validation\stage07_single_case_codex_gold\batch004\json\segments\286.segments.json,qa\validation\stage07_single_case_codex_gold\batch004\json\target_views\286\p1.json,qa\validation\stage07_single_case_codex_gold\batch004\json\validation\286.validation.json,qa\validation\stage07_single_case_codex_gold\batch004\xml\286.annotated.xml,stage06_count_runs,results\stage06_count_runs\stage06_backfill_b001_n50_20260418\candidate_packages\286.json,results\stage06_count_runs\stage06_backfill_b001_n50_20260418\count_evidence\286.json,results\stage06_count_runs\stage06_backfill_b001_n50_20260418\results\286.json,,286,Multiple neurological syndromes during Hodgkin lymphoma remission.,"Werbrouck, Bart; Meire, Veronique; De Bleecker, Jan L",single_case_report,case_report,data\extraction_json\text\286.json,full_text,true,1,medium,source_single_case_default,true,true,"challenge_stage=primary | verification_status=llm_candidate_exact | llm_count_confidence=medium | llm_selected_candidate_id=cand01 | The paper is framed as a single-patient case report and explicitly states that it reports a young patient who developed stiff man syndrome, with the full text also stating that the diagnosis of stiff man syndrome was made. This supports counting 1 unique SPS-spectrum patient, but manual review remains appropriate because the evidence pack flags provenance uncertainty due to earlier description of another neurological syndrome in the same patient.",hybrid_v2_gpt-5.4,1,medium,source_single_case_default,2,1,medium,cand01,false,hybrid_local_gpt,llm_candidate_exact,,2026-04-18T08:49:42.617287+00:00
290,FALSE,batch005,qa\validation\stage07_single_case_codex_gold\batch005\manifest.json,qa\validation\stage07_single_case_codex_gold\batch005\json\papers\290.json,qa\validation\stage07_single_case_codex_gold\batch005\json\segments\290.segments.json,qa\validation\stage07_single_case_codex_gold\batch005\json\target_views\290\p1.json,qa\validation\stage07_single_case_codex_gold\batch005\json\validation\290.validation.json,qa\validation\stage07_single_case_codex_gold\batch005\xml\290.annotated.xml,stage06_count_runs,results\stage06_count_runs\stage06_backfill_b001_n50_20260418\candidate_packages\290.json,results\stage06_count_runs\stage06_backfill_b001_n50_20260418\count_evidence\290.json,results\stage06_count_runs\stage06_backfill_b001_n50_20260418\results\290.json,,290,Treatment of stiff person syndrome with rituximab.,"Baker, M R; Das, M; Isaacs, J; Fawcett, P R W; Bates, D",single_case_report,case_report,data\extraction_json\text\290.json,full_text,true,1,high,case_report_marker_single_case,false,false,challenge_stage=primary | verification_status=llm_candidate_exact | llm_count_confidence=high | llm_selected_candidate_id=cand01 | The paper is an original single-case report and explicitly describes one 41-year-old woman with a diagnosis of stiff person syndrome treated with rituximab. No evidence suggests additional original SPS-spectrum patients in this report.,hybrid_v2_gpt-5.4,1,medium,case_report_marker_single_case,2,1,high,cand01,false,hybrid_local_gpt,llm_candidate_exact,,2026-04-18T08:51:50.950968+00:00
291,FALSE,batch005,qa\validation\stage07_single_case_codex_gold\batch005\manifest.json,qa\validation\stage07_single_case_codex_gold\batch005\json\papers\291.json,qa\validation\stage07_single_case_codex_gold\batch005\json\segments\291.segments.json,qa\validation\stage07_single_case_codex_gold\batch005\json\target_views\291\p1.json,qa\validation\stage07_single_case_codex_gold\batch005\json\validation\291.validation.json,qa\validation\stage07_single_case_codex_gold\batch005\xml\291.annotated.xml,stage06_count_runs,results\stage06_count_runs\stage06_backfill_b001_n50_20260418\candidate_packages\291.json,results\stage06_count_runs\stage06_backfill_b001_n50_20260418\count_evidence\291.json,results\stage06_count_runs\stage06_backfill_b001_n50_20260418\results\291.json,,291,Minimal change nephrotic syndrome with stiff-person syndrome: is there a link?.,"Ergun, Ihsan; Akbostanci, M Cenk; Canbakan, Basol; Kocer, Bilge; Ensari, Arzu; Nergizoglu, Gokhan; Keven, Kenan",single_case_report,case_report,data\extraction_json\text\291.json,full_text,true,1,high,case_report_marker_single_case,false,false,"challenge_stage=primary | verification_status=llm_candidate_exact | llm_count_confidence=high | llm_selected_candidate_id=cand01 | This is a single case report that explicitly states 'we report a patient' with stiff-person syndrome, and the case description details one 30-year-old man diagnosed on clinical and laboratory/electrophysiologic grounds. The best-supported extractable SPS-spectrum count is 1.",hybrid_v2_gpt-5.4,1,medium,case_report_marker_single_case,2,1,high,cand01,false,hybrid_local_gpt,llm_candidate_exact,,2026-04-18T08:52:14.087989+00:00
294,FALSE,batch005,qa\validation\stage07_single_case_codex_gold\batch005\manifest.json,qa\validation\stage07_single_case_codex_gold\batch005\json\papers\294.json,qa\validation\stage07_single_case_codex_gold\batch005\json\segments\294.segments.json,qa\validation\stage07_single_case_codex_gold\batch005\json\target_views\294\p1.json,qa\validation\stage07_single_case_codex_gold\batch005\json\validation\294.validation.json,qa\validation\stage07_single_case_codex_gold\batch005\xml\294.annotated.xml,stage06_count_runs,results\stage06_count_runs\stage06_backfill_b001_n50_20260418\candidate_packages\294.json,results\stage06_count_runs\stage06_backfill_b001_n50_20260418\count_evidence\294.json,results\stage06_count_runs\stage06_backfill_b001_n50_20260418\results\294.json,,294,Graves' disease and stiff-person (stiff-man) syndrome: case report and literature review.,"Orija, Israel B; Gupta, Manjula; Zimmerman, Robert S",single_case_report,case_report,data\extraction_json\text\294.json,full_text,true,1,medium,case_report_marker_single_case,true,true,"challenge_stage=primary | verification_status=llm_candidate_exact | llm_count_confidence=medium | llm_selected_candidate_id=cand01 | The paper explicitly presents a single original patient: a 52-year-old woman who was ultimately diagnosed with stiff-person syndrome and whose course is described in detail. This supports a count of 1 SPS-spectrum case, but manual review remains appropriate because the evidence pack flags possible prior description/provenance uncertainty.",hybrid_v2_gpt-5.4,1,medium,case_report_marker_single_case,2,1,medium,cand01,false,hybrid_local_gpt,llm_candidate_exact,,2026-04-18T08:52:40.368592+00:00
296,FALSE,batch005,qa\validation\stage07_single_case_codex_gold\batch005\manifest.json,qa\validation\stage07_single_case_codex_gold\batch005\json\papers\296.json,qa\validation\stage07_single_case_codex_gold\batch005\json\segments\296.segments.json,qa\validation\stage07_single_case_codex_gold\batch005\json\target_views\296\p1.json,qa\validation\stage07_single_case_codex_gold\batch005\json\validation\296.validation.json,qa\validation\stage07_single_case_codex_gold\batch005\xml\296.annotated.xml,stage06_count_runs,results\stage06_count_runs\stage06_backfill_b001_n50_20260418\candidate_packages\296.json,results\stage06_count_runs\stage06_backfill_b001_n50_20260418\count_evidence\296.json,results\stage06_count_runs\stage06_backfill_b001_n50_20260418\results\296.json,,296,Downbeating nystagmus and muscle spasms in a patient with glutamic-acid decarboxylase antibodies.,"Ances, Beau M; Dalmau, Josep O; Tsai, Jean; Hasbani, M Josh; Galetta, Steven L",single_case_report,case_report,data\extraction_json\text\296.json,full_text,true,1,high,case_report_marker_single_case,false,false,"challenge_stage=primary | verification_status=llm_candidate_exact | llm_count_confidence=high | llm_selected_candidate_id=cand01 | This is a single case report describing one 55-year-old woman with clinically supported stiff-person syndrome features and GAD antibodies. The paper consistently refers to one patient and provides original individual-level clinical data, so the exact extractable SPS-spectrum count is 1.",hybrid_v2_gpt-5.4,1,medium,case_report_marker_single_case,2,1,high,cand01,false,hybrid_local_gpt,llm_candidate_exact,,2026-04-18T08:53:06.005336+00:00
389,FALSE,batch005,qa\validation\stage07_single_case_codex_gold\batch005\manifest.json,qa\validation\stage07_single_case_codex_gold\batch005\json\papers\389.json,qa\validation\stage07_single_case_codex_gold\batch005\json\segments\389.segments.json,qa\validation\stage07_single_case_codex_gold\batch005\json\target_views\389\p1.json,qa\validation\stage07_single_case_codex_gold\batch005\json\validation\389.validation.json,qa\validation\stage07_single_case_codex_gold\batch005\xml\389.annotated.xml,stage06_count_runs,results\stage06_count_runs\stage06_backfill_b001_n50_20260418\candidate_packages\389.json,results\stage06_count_runs\stage06_backfill_b001_n50_20260418\count_evidence\389.json,results\stage06_count_runs\stage06_backfill_b001_n50_20260418\results\389.json,,389,Borrelia burgdorferi myelitis presenting as a partial stiff man syndrome.,"Martin, R; Meinck, H M; Schulte-Mattler, W; Ricker, K; Mertens, H G",single_case_report,case_report,data\extraction_json\text\389.json,full_text,true,1,medium,diagnosis_specific_patient_case_count,true,false,"challenge_stage=primary | verification_status=llm_candidate_exact | llm_count_confidence=medium | llm_selected_candidate_id=cand03 | This single-case report describes one 33-year-old man with clinically described partial stiff man syndrome/stiff limb phenotype. The paper provides original individual-level data for one diagnosis-specific SPS-spectrum case, but because the wording includes 'resembling stiff man syndrome' and secondary myelitis context, manual review remains appropriate.",hybrid_v2_gpt-5.4,1,medium,single_case_text_signal,3,1,medium,cand03,false,hybrid_local_gpt,llm_candidate_exact,,2026-04-18T08:54:26.327221+00:00
395,TRUE,batch005,qa\validation\stage07_single_case_codex_gold\batch005\manifest.json,qa\validation\stage07_single_case_codex_gold\batch005\json\papers\395.json,qa\validation\stage07_single_case_codex_gold\batch005\json\segments\395.segments.json,qa\validation\stage07_single_case_codex_gold\batch005\json\target_views\395\p1.json,qa\validation\stage07_single_case_codex_gold\batch005\json\validation\395.validation.json,qa\validation\stage07_single_case_codex_gold\batch005\xml\395.annotated.xml,stage06_count_runs,results\stage06_count_runs\stage06_backfill_b001_n50_20260418\candidate_packages\395.json,results\stage06_count_runs\stage06_backfill_b001_n50_20260418\count_evidence\395.json,results\stage06_count_runs\stage06_backfill_b001_n50_20260418\results\395.json,,395,Stiff man syndrome with thymoma.,"Tanaka, Hisaichi; Matsumura, Akihide; Okumura, Meinoshin; Kitaguchi, Masataka; Yamamoto, Satoru; Iuchi, Keiji",single_case_report,case_report,data\extraction_json\text\395.json,full_text,true,1,medium,case_report_marker_single_case,true,true,"challenge_stage=primary | verification_status=llm_candidate_exact | llm_count_confidence=medium | llm_selected_candidate_id=cand01 | The paper is a single original case report of a 57-year-old woman with stiff man syndrome and thymoma. Although it also reviews three previously reported cases, those are cited literature cases and should not be counted as original patients from this paper.",hybrid_v2_gpt-5.4,1,medium,case_report_marker_single_case,2,1,medium,cand01,false,hybrid_local_gpt,llm_candidate_exact,,2026-04-18T08:55:17.203112+00:00
398,FALSE,batch005,qa\validation\stage07_single_case_codex_gold\batch005\manifest.json,qa\validation\stage07_single_case_codex_gold\batch005\json\papers\398.json,qa\validation\stage07_single_case_codex_gold\batch005\json\segments\398.segments.json,qa\validation\stage07_single_case_codex_gold\batch005\json\target_views\398\p1.json,qa\validation\stage07_single_case_codex_gold\batch005\json\validation\398.validation.json,qa\validation\stage07_single_case_codex_gold\batch005\xml\398.annotated.xml,stage06_count_runs,results\stage06_count_runs\stage06_backfill_b001_n50_20260418\candidate_packages\398.json,results\stage06_count_runs\stage06_backfill_b001_n50_20260418\count_evidence\398.json,results\stage06_count_runs\stage06_backfill_b001_n50_20260418\results\398.json,,398,Anesthesia for cardiac surgery on a patient with stiff person syndrome.,"Ferrandis, Raquel; Belda, Javier; Llau, Juan V; Belda, Carmen; Bahamonde, Jose A",single_case_report,case_report,data\extraction_json\text\398.json,full_text,true,1,high,case_report_marker_single_case,false,false,"challenge_stage=primary | verification_status=llm_candidate_exact | llm_count_confidence=high | llm_selected_candidate_id=cand01 | This paper is a single-patient case report. The title states 'a patient with stiff person syndrome,' and the case report section describes one 44-year-old woman with SPS diagnosed on clinical, neurophysiologic, and analytic criteria.",hybrid_v2_gpt-5.4,1,medium,case_report_marker_single_case,2,1,high,cand01,false,hybrid_local_gpt,llm_candidate_exact,,2026-04-18T08:55:42.489919+00:00
401,FALSE,batch005,qa\validation\stage07_single_case_codex_gold\batch005\manifest.json,qa\validation\stage07_single_case_codex_gold\batch005\json\papers\401.json,qa\validation\stage07_single_case_codex_gold\batch005\json\segments\401.segments.json,qa\validation\stage07_single_case_codex_gold\batch005\json\target_views\401\p1.json,qa\validation\stage07_single_case_codex_gold\batch005\json\validation\401.validation.json,qa\validation\stage07_single_case_codex_gold\batch005\xml\401.annotated.xml,stage06_count_runs,results\stage06_count_runs\stage06_backfill_b001_n50_20260418\candidate_packages\401.json,results\stage06_count_runs\stage06_backfill_b001_n50_20260418\count_evidence\401.json,results\stage06_count_runs\stage06_backfill_b001_n50_20260418\results\401.json,,401,Eye movement abnormalities in stiff person syndrome.,"Economides, John R; Horton, Jonathan C",single_case_report,case_report,data\extraction_json\text\401.json,full_text,true,1,high,single_case_text_signal,false,false,"challenge_stage=primary | verification_status=llm_candidate_exact | llm_count_confidence=high | llm_selected_candidate_id=cand01 | This paper is a single-patient case report. The abstract and case report text explicitly describe one 38-year-old woman with confirmed stiff person syndrome, while mentions of other reports are clearly literature references and should not be counted.",hybrid_v2_gpt-5.4,1,medium,single_case_text_signal,2,1,high,cand01,false,hybrid_local_gpt,llm_candidate_exact,,2026-04-18T08:56:07.821382+00:00
411,FALSE,batch005,qa\validation\stage07_single_case_codex_gold\batch005\manifest.json,qa\validation\stage07_single_case_codex_gold\batch005\json\papers\411.json,qa\validation\stage07_single_case_codex_gold\batch005\json\segments\411.segments.json,qa\validation\stage07_single_case_codex_gold\batch005\json\target_views\411\p1.json,qa\validation\stage07_single_case_codex_gold\batch005\json\validation\411.validation.json,qa\validation\stage07_single_case_codex_gold\batch005\xml\411.annotated.xml,stage06_count_runs,results\stage06_count_runs\stage06_backfill_b001_n50_20260418\candidate_packages\411.json,results\stage06_count_runs\stage06_backfill_b001_n50_20260418\count_evidence\411.json,results\stage06_count_runs\stage06_backfill_b001_n50_20260418\results\411.json,,411,Prevention of an acute severe exacerbation of Stiff-person syndrome during surgery.,"Gros, Albert J Jr; Thomas, Leslie C; McKinley, Kevin L; Van Gerpen, Jay A",single_case_report,case_report,data\extraction_json\text\411.json,full_text,true,1,high,manual_review_override,false,false,"manual_review_override_applied=true | source_scope_id=stage06_backfill_b001_n50_20260418 | predicted_count=1 | prediction_correct=true | reviewed_count=1 | reviewer_notes=This is a single-patient perioperative case report following one woman with established SPS across two surgeries. The likelier count is 1; the old manual-review state came from treating 'suspected an exacerbation of SPS' as cohort uncertainty when it was only describing the same confirmed patient. | prior_reason=challenge_stage=challenge | llm_semantic_conflict=COUNT_SUSPECTED_COHORT_WITHOUT_CONFIRMED_SUBGROUP | manual_review_gate=true | llm_count_confidence=high | conservative_fallback_candidate_id=cand01 | conservative_fallback_basis=source_single_case_default | challenge_reasons=semantic_validator_reject=COUNT_SUSPECTED_COHORT_WITHOUT_CONFIRMED_SUBGROUP | llm_selected_candidate_id=cand01 | validator_flags=COUNT_SUSPECTED_COHORT_WITHOUT_CONFIRMED_SUBGROUP | This is a single-patient case report. The paper explicitly states that it presents 'a case of a woman with SPS,' and the same patient is followed across two surgeries; neurology later confirmed that her perioperative event was an acute exacerbation of SPS rather than seizure.",hybrid_v2_gpt-5.4+manual_review_override,1,medium,source_single_case_default,2,1,high,cand01,true,manual_review_override,manual_review_override,COUNT_SUSPECTED_COHORT_WITHOUT_CONFIRMED_SUBGROUP,2026-04-18T10:27:53Z
413,FALSE,batch005,qa\validation\stage07_single_case_codex_gold\batch005\manifest.json,qa\validation\stage07_single_case_codex_gold\batch005\json\papers\413.json,qa\validation\stage07_single_case_codex_gold\batch005\json\segments\413.segments.json,qa\validation\stage07_single_case_codex_gold\batch005\json\target_views\413\p1.json,qa\validation\stage07_single_case_codex_gold\batch005\json\validation\413.validation.json,qa\validation\stage07_single_case_codex_gold\batch005\xml\413.annotated.xml,stage06_count_runs,results\stage06_count_runs\stage06_backfill_b001_n50_20260418\candidate_packages\413.json,results\stage06_count_runs\stage06_backfill_b001_n50_20260418\count_evidence\413.json,results\stage06_count_runs\stage06_backfill_b001_n50_20260418\results\413.json,,413,Physical therapy during in-patient rehabilitation for a patient with Stiff-Person Syndrome.,"Potter, Kirsten",single_case_report,case_report,data\extraction_json\text\413.json,full_text,true,1,high,source_single_case_override,false,false,"challenge_stage=primary | verification_status=llm_candidate_exact | llm_count_confidence=high | llm_selected_candidate_id=cand01 | This paper is explicitly a case report describing one 33-year-old patient with SPS during a 10-day inpatient rehabilitation stay. The competing count of 10 reflects days of rehabilitation, not number of SPS-spectrum patients.",hybrid_v2_gpt-5.4,1,medium,source_single_case_override,4,1,high,cand01,false,hybrid_local_gpt,llm_candidate_exact,,2026-04-18T08:57:48.431345+00:00
415,FALSE,batch006,qa\validation\stage07_single_case_codex_gold\batch006\manifest.json,qa\validation\stage07_single_case_codex_gold\batch006\json\papers\415.json,qa\validation\stage07_single_case_codex_gold\batch006\json\segments\415.segments.json,qa\validation\stage07_single_case_codex_gold\batch006\json\target_views\415\p1.json,qa\validation\stage07_single_case_codex_gold\batch006\json\validation\415.validation.json,qa\validation\stage07_single_case_codex_gold\batch006\xml\415.annotated.xml,stage06_count_runs,results\stage06_count_runs\stage06_backfill_b001_n50_20260418\candidate_packages\415.json,results\stage06_count_runs\stage06_backfill_b001_n50_20260418\count_evidence\415.json,results\stage06_count_runs\stage06_backfill_b001_n50_20260418\results\415.json,,415,Antiamphiphysin-positive stiff-person syndrome associated with small cell lung cancer.,"Nguyen-Huu, B K; Urban, P P; Schreckenberger, M; Dieterich, M; Werhahn, Konrad J",single_case_report,case_report,data\extraction_json\text\415.json,full_text,true,1,high,diagnosis_specific_patient_case_count,true,false,"challenge_stage=primary | verification_status=llm_candidate_exact | llm_count_confidence=high | llm_selected_candidate_id=cand03 | This single-case report explicitly describes one female patient with antiamphiphysin-positive stiff-person syndrome due to small cell lung cancer. The diagnosis-specific SPS evidence supports a count of 1 unique original SPS-spectrum patient, but manual review should remain true because the extracted text is somewhat noisy and the diagnosis-specific candidate already carries review caution.",hybrid_v2_gpt-5.4,1,medium,case_report_marker_single_case,3,1,high,cand03,false,hybrid_local_gpt,llm_candidate_exact,,2026-04-18T08:58:14.647195+00:00
419,FALSE,batch006,qa\validation\stage07_single_case_codex_gold\batch006\manifest.json,qa\validation\stage07_single_case_codex_gold\batch006\json\papers\419.json,qa\validation\stage07_single_case_codex_gold\batch006\json\segments\419.segments.json,qa\validation\stage07_single_case_codex_gold\batch006\json\target_views\419\p1.json,qa\validation\stage07_single_case_codex_gold\batch006\json\validation\419.validation.json,qa\validation\stage07_single_case_codex_gold\batch006\xml\419.annotated.xml,stage06_count_runs,results\stage06_count_runs\stage06_backfill_b001_n50_20260418\candidate_packages\419.json,results\stage06_count_runs\stage06_backfill_b001_n50_20260418\count_evidence\419.json,results\stage06_count_runs\stage06_backfill_b001_n50_20260418\results\419.json,,419,A rare saccade velocity profile in Stiff-Person Syndrome with cerebellar degeneration.,"Zivotofsky, Ari Z; Siman-Tov, Tali; Gadoth, Natan; Gordon, Carlos R",single_case_report,case_report,data\extraction_json\text\419.json,full_text,true,1,medium,case_report_marker_single_case,true,true,"challenge_stage=primary | verification_status=llm_candidate_exact | llm_count_confidence=medium | llm_selected_candidate_id=cand01 | The paper is framed as a single-patient case report and explicitly describes detailed assessment of one woman with SPS. Although prior literature is discussed and provenance uncertainty is flagged upstream, the extractable original SPS-spectrum count supported by the text is 1.",hybrid_v2_gpt-5.4,1,medium,case_report_marker_single_case,2,1,medium,cand01,false,hybrid_local_gpt,llm_candidate_exact,,2026-04-18T08:58:36.672149+00:00
420,FALSE,batch006,qa\validation\stage07_single_case_codex_gold\batch006\manifest.json,qa\validation\stage07_single_case_codex_gold\batch006\json\papers\420.json,qa\validation\stage07_single_case_codex_gold\batch006\json\segments\420.segments.json,qa\validation\stage07_single_case_codex_gold\batch006\json\target_views\420\p1.json,qa\validation\stage07_single_case_codex_gold\batch006\json\validation\420.validation.json,qa\validation\stage07_single_case_codex_gold\batch006\xml\420.annotated.xml,stage06_count_runs,results\stage06_count_runs\stage06_backfill_b001_n50_20260418\candidate_packages\420.json,results\stage06_count_runs\stage06_backfill_b001_n50_20260418\count_evidence\420.json,results\stage06_count_runs\stage06_backfill_b001_n50_20260418\results\420.json,,420,Anesthetic management of a patient with stiff person syndrome.,"Elkassabany, Nabil; Tetzlaff, John E; Argalious, Maged",single_case_report,case_report,data\extraction_json\text_trimmed\420.json,trimmed,true,1,high,case_report_marker_single_case,false,false,"challenge_stage=primary | verification_status=llm_candidate_exact | llm_count_confidence=high | llm_selected_candidate_id=cand01 | This is a single-case report, and the text explicitly states that the paper describes anesthetic management of one patient with stiff-person syndrome. No evidence suggests additional original SPS-spectrum cases.",hybrid_v2_gpt-5.4,1,medium,case_report_marker_single_case,2,1,high,cand01,false,hybrid_local_gpt,llm_candidate_exact,,2026-04-18T08:58:57.017768+00:00
421,FALSE,batch006,qa\validation\stage07_single_case_codex_gold\batch006\manifest.json,qa\validation\stage07_single_case_codex_gold\batch006\json\papers\421.json,qa\validation\stage07_single_case_codex_gold\batch006\json\segments\421.segments.json,qa\validation\stage07_single_case_codex_gold\batch006\json\target_views\421\p1.json,qa\validation\stage07_single_case_codex_gold\batch006\json\validation\421.validation.json,qa\validation\stage07_single_case_codex_gold\batch006\xml\421.annotated.xml,stage06_count_runs,results\stage06_count_runs\stage06_backfill_b001_n50_20260418\candidate_packages\421.json,results\stage06_count_runs\stage06_backfill_b001_n50_20260418\count_evidence\421.json,results\stage06_count_runs\stage06_backfill_b001_n50_20260418\results\421.json,,421,Anesthetic management of a patient with stiff-person syndrome and thymoma: a case report.,"Qin, Xiang; Wang, Dong-xin; Wu, Xin-min",single_case_report,case_report,data\extraction_json\text\421.json,full_text,true,1,high,diagnosis_specific_patient_case_count,false,false,challenge_stage=primary | verification_status=llm_candidate_exact | llm_count_confidence=high | llm_selected_candidate_id=cand03 | This is a single-patient case report with explicit diagnosis-supported SPS in one original patient. The full text states 'Herein we report a case' and then describes one 58-year-old man with SPS undergoing thymectomy; mentions of other SPS cases are literature discussion and should not be counted.,hybrid_v2_gpt-5.4,1,medium,case_report_marker_single_case,3,1,high,cand03,false,hybrid_local_gpt,llm_candidate_exact,,2026-04-18T08:59:21.622961+00:00
427,TRUE,batch006,qa\validation\stage07_single_case_codex_gold\batch006\manifest.json,qa\validation\stage07_single_case_codex_gold\batch006\json\papers\427.json,qa\validation\stage07_single_case_codex_gold\batch006\json\segments\427.segments.json,qa\validation\stage07_single_case_codex_gold\batch006\json\target_views\427\p1.json,qa\validation\stage07_single_case_codex_gold\batch006\json\validation\427.validation.json,qa\validation\stage07_single_case_codex_gold\batch006\xml\427.annotated.xml,stage06_count_gold,,,,qa\validation\source_categorisation\gold_standard\stage06_count_gold\papers\427.json,427,Stiff person syndrome and motor mononeuropathy with conduction block: a singular association.,"La Spada, S; Negro, C; Nozzoli, C; De Marco, V; Passarella, B",single_case_report,case_report,data/extraction_json/text/427.json,full_text,true,1,high,manual_gold_review,false,false,count_basis=manual_gold_review | count_confidence=high | round_id=stage04_llm_category_2026-04-05_round_02 | selection_bucket=high_confidence_control_overflow | prediction_correct=true | reviewed_count=1 | reviewed_source_category=single_case_report | predicted_count=1 | predicted_source_category=single_case_report,gold_reviewed_stage06_v1,,,,,,,,,manual_gold_review,manual_gold_review,,2026-04-05T18:48:32.621046+00:00
429,FALSE,batch006,qa\validation\stage07_single_case_codex_gold\batch006\manifest.json,qa\validation\stage07_single_case_codex_gold\batch006\json\papers\429.json,qa\validation\stage07_single_case_codex_gold\batch006\json\segments\429.segments.json,qa\validation\stage07_single_case_codex_gold\batch006\json\target_views\429\p1.json,qa\validation\stage07_single_case_codex_gold\batch006\json\validation\429.validation.json,qa\validation\stage07_single_case_codex_gold\batch006\xml\429.annotated.xml,stage06_count_runs,results\stage06_count_runs\stage06_backfill_b001_n50_20260418\candidate_packages\429.json,results\stage06_count_runs\stage06_backfill_b001_n50_20260418\count_evidence\429.json,results\stage06_count_runs\stage06_backfill_b001_n50_20260418\results\429.json,,429,Sudden spasms following gradual lordosis--the stiff-person syndrome.,"Wilson, Robin K; Murinson, Beth B",single_case_report,case_report,data\extraction_json\text\429.json,full_text,true,1,high,single_case_text_signal,false,false,challenge_stage=primary | verification_status=llm_candidate_exact | llm_count_confidence=high | llm_selected_candidate_id=cand01 | This paper is a single-patient case report. The abstract and full-text excerpt consistently describe one 28-year-old woman with diagnosis-supported stiff-person syndrome and no evidence of additional original SPS-spectrum cases.,hybrid_v2_gpt-5.4,1,medium,single_case_text_signal,2,1,high,cand01,false,hybrid_local_gpt,llm_candidate_exact,,2026-04-18T09:00:34.365062+00:00
439,TRUE,batch006,qa\validation\stage07_single_case_codex_gold\batch006\manifest.json,qa\validation\stage07_single_case_codex_gold\batch006\json\papers\439.json,qa\validation\stage07_single_case_codex_gold\batch006\json\segments\439.segments.json,qa\validation\stage07_single_case_codex_gold\batch006\json\target_views\439\p1.json,qa\validation\stage07_single_case_codex_gold\batch006\json\validation\439.validation.json,qa\validation\stage07_single_case_codex_gold\batch006\xml\439.annotated.xml,stage06_count_runs,results\stage06_count_runs\stage06_backfill_b001_n50_20260418\candidate_packages\439.json,results\stage06_count_runs\stage06_backfill_b001_n50_20260418\count_evidence\439.json,results\stage06_count_runs\stage06_backfill_b001_n50_20260418\results\439.json,,439,"Paraneoplastic stiff-person syndrome, heterotopic soft tissue ossification and gonarthritis in a HLA B27-positive woman preceding the diagnosis of Hodgkin's lymphoma.","Gutmann, Bernd; Crivellaro, Claudio; Mitterer, Manfred; Zingerle, Hermann; Egarter-Vigl, Eduard; Wiedermann, Christian J",single_case_report,case_report,data\extraction_json\text\439.json,full_text,true,1,high,case_report_marker_single_case,false,false,"challenge_stage=primary | verification_status=llm_candidate_exact | llm_count_confidence=high | llm_selected_candidate_id=cand01 | This paper is a single-patient case report. The abstract and full-text excerpt explicitly state that a case of stiff-person syndrome is reported and then describe one 55-year-old woman throughout, supporting a count of 1 unique SPS-spectrum patient.",hybrid_v2_gpt-5.4,1,medium,case_report_marker_single_case,2,1,high,cand01,false,hybrid_local_gpt,llm_candidate_exact,,2026-04-18T09:02:43.247446+00:00
445,FALSE,batch006,qa\validation\stage07_single_case_codex_gold\batch006\manifest.json,qa\validation\stage07_single_case_codex_gold\batch006\json\papers\445.json,qa\validation\stage07_single_case_codex_gold\batch006\json\segments\445.segments.json,qa\validation\stage07_single_case_codex_gold\batch006\json\target_views\445\p1.json,qa\validation\stage07_single_case_codex_gold\batch006\json\validation\445.validation.json,qa\validation\stage07_single_case_codex_gold\batch006\xml\445.annotated.xml,stage06_count_runs,results\stage06_count_runs\stage06_backfill_b001_n50_20260418\candidate_packages\445.json,results\stage06_count_runs\stage06_backfill_b001_n50_20260418\count_evidence\445.json,results\stage06_count_runs\stage06_backfill_b001_n50_20260418\results\445.json,,445,Scleritis in a person with stiff-person syndrome.,"Taban, Mehryar; Langston, Roger H S; Lowder, Careen Y",single_case_report,case_report,data\extraction_json\text\445.json,full_text,true,1,high,case_report_marker_single_case,false,false,challenge_stage=primary | verification_status=llm_candidate_exact | llm_count_confidence=high | llm_selected_candidate_id=cand01 | This is a single-patient case report describing one 55-year-old woman with established stiff-person syndrome who developed anterior scleritis. The paper presents original clinical data for one SPS-spectrum patient and does not indicate any additional original SPS cases.,hybrid_v2_gpt-5.4,1,medium,case_report_marker_single_case,3,1,high,cand01,false,hybrid_local_gpt,llm_candidate_exact,,2026-04-18T09:03:05.117328+00:00
446,FALSE,batch006,qa\validation\stage07_single_case_codex_gold\batch006\manifest.json,qa\validation\stage07_single_case_codex_gold\batch006\json\papers\446.json,qa\validation\stage07_single_case_codex_gold\batch006\json\segments\446.segments.json,qa\validation\stage07_single_case_codex_gold\batch006\json\target_views\446\p1.json,qa\validation\stage07_single_case_codex_gold\batch006\json\validation\446.validation.json,qa\validation\stage07_single_case_codex_gold\batch006\xml\446.annotated.xml,stage06_count_runs,results\stage06_count_runs\stage06_backfill_b001_n50_20260418\candidate_packages\446.json,results\stage06_count_runs\stage06_backfill_b001_n50_20260418\count_evidence\446.json,results\stage06_count_runs\stage06_backfill_b001_n50_20260418\results\446.json,,446,Stiff person syndrome: avoiding misdiagnosis.,"Andreadou, E; Kattoulas, E; Sfagos, C; Vassilopoulos, D",single_case_report,case_report,data\extraction_json\text\446.json,full_text,true,1,medium,case_report_marker_single_case,true,true,"challenge_stage=primary | verification_status=llm_candidate_exact | llm_count_confidence=medium | llm_selected_candidate_id=cand01 | The paper is a case report and explicitly states ""we report a patient with SPS,"" with the body describing a single 41-year-old female patient. This supports a count of 1 unique original SPS-spectrum case, but manual review remains appropriate because the evidence pack flags original cohort provenance uncertainty.",hybrid_v2_gpt-5.4,1,medium,case_report_marker_single_case,3,1,medium,cand01,false,hybrid_local_gpt,llm_candidate_exact,,2026-04-18T09:03:31.143494+00:00
452,FALSE,batch006,qa\validation\stage07_single_case_codex_gold\batch006\manifest.json,qa\validation\stage07_single_case_codex_gold\batch006\json\papers\452.json,qa\validation\stage07_single_case_codex_gold\batch006\json\segments\452.segments.json,qa\validation\stage07_single_case_codex_gold\batch006\json\target_views\452\p1.json,qa\validation\stage07_single_case_codex_gold\batch006\json\validation\452.validation.json,qa\validation\stage07_single_case_codex_gold\batch006\xml\452.annotated.xml,stage06_count_runs,results\stage06_count_runs\stage06_backfill_b001_n50_20260418\candidate_packages\452.json,results\stage06_count_runs\stage06_backfill_b001_n50_20260418\count_evidence\452.json,results\stage06_count_runs\stage06_backfill_b001_n50_20260418\results\452.json,,452,GAD antibody positive paraneoplastic stiff person syndrome in a patient with renal cell carcinoma.,"McHugh, John C; Murray, Brian; Renganathan, Radhakrishnan; Connolly, Sean; Lynch, Tim",single_case_report,case_report,data\extraction_json\text\452.json,full_text,true,1,high,case_report_marker_single_case,false,false,"challenge_stage=primary | verification_status=llm_candidate_exact | llm_count_confidence=high | llm_selected_candidate_id=cand01 | This is a single-patient case report with explicit language that the authors present the first reported case in a 53-year-old man. The full-text excerpt also describes one individual patient in the case report, supporting a count of 1 unique SPS-spectrum case.",hybrid_v2_gpt-5.4,1,medium,case_report_marker_single_case,2,1,high,cand01,false,hybrid_local_gpt,llm_candidate_exact,,2026-04-18T09:03:53.697802+00:00
454,FALSE,batch007,qa\validation\stage07_single_case_codex_gold\batch007\manifest.json,qa\validation\stage07_single_case_codex_gold\batch007\json\papers\454.json,qa\validation\stage07_single_case_codex_gold\batch007\json\segments\454.segments.json,qa\validation\stage07_single_case_codex_gold\batch007\json\target_views\454\p1.json,qa\validation\stage07_single_case_codex_gold\batch007\json\validation\454.validation.json,qa\validation\stage07_single_case_codex_gold\batch007\xml\454.annotated.xml,stage06_count_runs,results\stage06_count_runs\stage06_backfill_b001_n50_20260418\candidate_packages\454.json,results\stage06_count_runs\stage06_backfill_b001_n50_20260418\count_evidence\454.json,results\stage06_count_runs\stage06_backfill_b001_n50_20260418\results\454.json,,454,A patient with post-traumatic stress disorder developing stiff person syndrome: is there a correlation?.,"Dinnerstein, Eric; Collins, Deborah; Berman, Stephen A",single_case_report,case_report,data\extraction_json\text\454.json,full_text,true,1,high,case_report_marker_single_case,false,false,"challenge_stage=primary | verification_status=llm_candidate_exact | llm_count_confidence=high | llm_selected_candidate_id=cand01 | The paper is explicitly a single-patient case report, and the abstract/full text state that one patient subsequently developed SPS confirmed by serology. No evidence suggests additional original SPS-spectrum patients were reported.",hybrid_v2_gpt-5.4,1,medium,case_report_marker_single_case,2,1,high,cand01,false,hybrid_local_gpt,llm_candidate_exact,,2026-04-18T09:04:16.219278+00:00
460,FALSE,batch007,qa\validation\stage07_single_case_codex_gold\batch007\manifest.json,qa\validation\stage07_single_case_codex_gold\batch007\json\papers\460.json,qa\validation\stage07_single_case_codex_gold\batch007\json\segments\460.segments.json,qa\validation\stage07_single_case_codex_gold\batch007\json\target_views\460\p1.json,qa\validation\stage07_single_case_codex_gold\batch007\json\validation\460.validation.json,qa\validation\stage07_single_case_codex_gold\batch007\xml\460.annotated.xml,stage06_count_runs,results\stage06_count_runs\stage06_backfill_b003_n50_20260418\candidate_packages\460.json,results\stage06_count_runs\stage06_backfill_b003_n50_20260418\count_evidence\460.json,results\stage06_count_runs\stage06_backfill_b003_n50_20260418\results\460.json,,460,"Acute ataxia, Graves' disease, and stiff person syndrome.","Chia, Su-Ynn; Chua, Richard; Lo, Yew-Long; Wong, Meng-Cheong; Chan, Ling-Ling; Tan, Eng-King",single_case_report,case_report,data\extraction_json\text\460.json,full_text,true,1,high,manual_gold_review,false,false,"count_basis=manual_gold_review | count_confidence=high | round_id=2026-04-19_stage06_b003_manual_review | selection_bucket=stage06_backfill_batch_review | prediction_correct=true | reviewed_count=1 | reviewed_source_category=single_case_report | predicted_count=1 | predicted_source_category=single_case_report | reviewer_notes=The extracted count was 1, and it is the likelier count because this is a single-patient case report linking acute ataxia, Graves' disease, and SPS in one woman.",gold_reviewed_stage06_v1,1,medium,case_report_marker_single_case,2,1,medium,cand01,false,manual_gold_review,manual_gold_review,,2026-04-18T22:32:52.3825096Z
461,FALSE,batch007,qa\validation\stage07_single_case_codex_gold\batch007\manifest.json,qa\validation\stage07_single_case_codex_gold\batch007\json\papers\461.json,qa\validation\stage07_single_case_codex_gold\batch007\json\segments\461.segments.json,qa\validation\stage07_single_case_codex_gold\batch007\json\target_views\461\p1.json,qa\validation\stage07_single_case_codex_gold\batch007\json\validation\461.validation.json,qa\validation\stage07_single_case_codex_gold\batch007\xml\461.annotated.xml,stage06_count_runs,results\stage06_count_runs\stage06_backfill_b003_n50_20260418\candidate_packages\461.json,results\stage06_count_runs\stage06_backfill_b003_n50_20260418\count_evidence\461.json,results\stage06_count_runs\stage06_backfill_b003_n50_20260418\results\461.json,,461,Isolated navicular fracture presenting as stiff limb syndrome: a case report.,"Dubow, Jordan S; Zadikoff, Cindy",single_case_report,case_report,data\extraction_json\text\461.json,full_text,true,1,high,manual_gold_review,false,false,"count_basis=manual_gold_review | count_confidence=high | round_id=2026-04-19_stage06_b003_manual_review | selection_bucket=stage06_backfill_batch_review | prediction_correct=true | reviewed_count=1 | reviewed_source_category=single_case_report | predicted_count=1 | predicted_source_category=single_case_report | reviewer_notes=The extracted count was 1, and it is the likelier count because this is a single-case report. Even though the discussion questions SPS as the true cause, only one putative SPS-spectrum patient is described.",gold_reviewed_stage06_v1,1,medium,case_report_marker_single_case,2,1,medium,cand01,false,manual_gold_review,manual_gold_review,,2026-04-18T22:32:52.3825096Z
464,FALSE,batch007,qa\validation\stage07_single_case_codex_gold\batch007\manifest.json,qa\validation\stage07_single_case_codex_gold\batch007\json\papers\464.json,qa\validation\stage07_single_case_codex_gold\batch007\json\segments\464.segments.json,qa\validation\stage07_single_case_codex_gold\batch007\json\target_views\464\p1.json,qa\validation\stage07_single_case_codex_gold\batch007\json\validation\464.validation.json,qa\validation\stage07_single_case_codex_gold\batch007\xml\464.annotated.xml,stage06_count_runs,results\stage06_count_runs\stage06_backfill_b003_n50_20260418\candidate_packages\464.json,results\stage06_count_runs\stage06_backfill_b003_n50_20260418\count_evidence\464.json,results\stage06_count_runs\stage06_backfill_b003_n50_20260418\results\464.json,,464,Considerations for general anesthesia combined with epidural anesthesia in a patient with stiff-person syndrome.,"Yamamoto, Katsumi; Hara, Koji; Horishita, Takafumi; Sata, Takeyoshi",single_case_report,case_report,data\extraction_json\text_trimmed\464.json,trimmed,true,1,high,case_report_marker_single_case,false,false,"challenge_stage=primary | verification_status=llm_candidate_exact | llm_count_confidence=high | llm_selected_candidate_id=cand01 | This is a single-case report with explicit text stating the authors report anesthesia management in one patient with stiff-person syndrome. The case report section then describes one 76-year-old man diagnosed with SPS, supporting a count of 1 unique original SPS-spectrum patient.",hybrid_v2_gpt-5.4,1,medium,case_report_marker_single_case,2,1,high,cand01,false,hybrid_local_gpt,llm_candidate_exact,,2026-04-18T21:21:40.812555+00:00
468,FALSE,batch007,qa\validation\stage07_single_case_codex_gold\batch007\manifest.json,qa\validation\stage07_single_case_codex_gold\batch007\json\papers\468.json,qa\validation\stage07_single_case_codex_gold\batch007\json\segments\468.segments.json,qa\validation\stage07_single_case_codex_gold\batch007\json\target_views\468\p1.json,qa\validation\stage07_single_case_codex_gold\batch007\json\validation\468.validation.json,qa\validation\stage07_single_case_codex_gold\batch007\xml\468.annotated.xml,stage06_count_runs,results\stage06_count_runs\stage06_backfill_b003_n50_20260418\candidate_packages\468.json,results\stage06_count_runs\stage06_backfill_b003_n50_20260418\count_evidence\468.json,results\stage06_count_runs\stage06_backfill_b003_n50_20260418\results\468.json,,468,Stiff-person syndrome with acute recurrent peripheral vertigo: possible evidence of gamma aminobutyric acid as a neurotransmitter in the vestibular periphery.,"Teggi, R; Piccioni, L O; Martino, G; Bellini, C; Bussi, M",single_case_report,case_report,data\extraction_json\text\468.json,full_text,true,1,high,case_report_marker_single_case,false,false,challenge_stage=primary | verification_status=llm_candidate_exact | llm_count_confidence=high | llm_selected_candidate_id=cand01 | This paper is an original single case report describing one 58-year-old man with diagnosis-supported stiff-person syndrome. The additional numerical mentions in the text refer to literature/background and do not add original SPS-spectrum cases from this paper.,hybrid_v2_gpt-5.4,1,medium,case_report_marker_single_case,2,1,high,cand01,false,hybrid_local_gpt,llm_candidate_exact,,2026-04-18T21:22:02.913029+00:00
473,FALSE,batch007,qa\validation\stage07_single_case_codex_gold\batch007\manifest.json,qa\validation\stage07_single_case_codex_gold\batch007\json\papers\473.json,qa\validation\stage07_single_case_codex_gold\batch007\json\segments\473.segments.json,qa\validation\stage07_single_case_codex_gold\batch007\json\target_views\473\p1.json,qa\validation\stage07_single_case_codex_gold\batch007\json\validation\473.validation.json,qa\validation\stage07_single_case_codex_gold\batch007\xml\473.annotated.xml,stage06_count_runs,results\stage06_count_runs\stage06_backfill_b003_n50_20260418\candidate_packages\473.json,results\stage06_count_runs\stage06_backfill_b003_n50_20260418\count_evidence\473.json,results\stage06_count_runs\stage06_backfill_b003_n50_20260418\results\473.json,,473,Progressive encephalomyelitis with rigidity and myoclonus in an 81-year-old patient.,"Kraemer, Markus; Berlit, Peter",single_case_report,case_report,data\extraction_json\text\473.json,full_text,true,1,high,manual_gold_review,false,false,"count_basis=manual_gold_review | count_confidence=high | round_id=2026-04-19_stage06_b003_manual_review | selection_bucket=stage06_backfill_batch_review | prediction_correct=true | reviewed_count=1 | reviewed_source_category=single_case_report | predicted_count=1 | predicted_source_category=single_case_report | reviewer_notes=The extracted count was 1, and it is the likelier count because this is a single original PERM case report in an 81-year-old patient.",gold_reviewed_stage06_v1,1,medium,source_single_case_default,2,1,high,cand01,true,manual_gold_review,manual_gold_review,COUNT_SUSPECTED_COHORT_WITHOUT_CONFIRMED_SUBGROUP,2026-04-18T22:32:52.3825096Z
485,FALSE,batch007,qa\validation\stage07_single_case_codex_gold\batch007\manifest.json,qa\validation\stage07_single_case_codex_gold\batch007\json\papers\485.json,qa\validation\stage07_single_case_codex_gold\batch007\json\segments\485.segments.json,qa\validation\stage07_single_case_codex_gold\batch007\json\target_views\485\p1.json,qa\validation\stage07_single_case_codex_gold\batch007\json\validation\485.validation.json,qa\validation\stage07_single_case_codex_gold\batch007\xml\485.annotated.xml,stage06_count_runs,results\stage06_count_runs\stage06_backfill_b003_n50_20260418\candidate_packages\485.json,results\stage06_count_runs\stage06_backfill_b003_n50_20260418\count_evidence\485.json,results\stage06_count_runs\stage06_backfill_b003_n50_20260418\results\485.json,,485,11C-flumazenil positron emission tomography demonstrates reduction of both global and local cerebral benzodiazepine receptor binding in a patient with Stiff Person Syndrome.,"Galldiks, Norbert; Thiel, Alexander; Haense, Cathleen; Fink, Gereon R; Hilker, Rudiger",single_case_report,case_report,data\extraction_json\text\485.json,full_text,true,1,high,case_report_marker_single_case,false,false,"challenge_stage=primary | verification_status=llm_candidate_exact | llm_count_confidence=high | llm_selected_candidate_id=cand01 | This is a single-case report with explicit text stating that the study was performed in a female patient with SPS. The controls are separate and should not be counted, so the extractable SPS-spectrum case count is 1.",hybrid_v2_gpt-5.4,1,medium,case_report_marker_single_case,3,1,high,cand01,false,hybrid_local_gpt,llm_candidate_exact,,2026-04-18T21:24:32.037792+00:00
489,FALSE,batch007,qa\validation\stage07_single_case_codex_gold\batch007\manifest.json,qa\validation\stage07_single_case_codex_gold\batch007\json\papers\489.json,qa\validation\stage07_single_case_codex_gold\batch007\json\segments\489.segments.json,qa\validation\stage07_single_case_codex_gold\batch007\json\target_views\489\p1.json,qa\validation\stage07_single_case_codex_gold\batch007\json\validation\489.validation.json,qa\validation\stage07_single_case_codex_gold\batch007\xml\489.annotated.xml,stage06_count_runs,results\stage06_count_runs\stage06_backfill_b003_n50_20260418\candidate_packages\489.json,results\stage06_count_runs\stage06_backfill_b003_n50_20260418\count_evidence\489.json,results\stage06_count_runs\stage06_backfill_b003_n50_20260418\results\489.json,,489,Stiff eyes in stiff-person syndrome.,"Oskarsson, B; Pelak, V; Quan, D; Hall, D; Foster, C; Galetta, S",single_case_report,case_report,data\extraction_json\text\489.json,full_text,true,1,high,source_single_case_override,false,false,challenge_stage=primary | verification_status=llm_candidate_exact | llm_count_confidence=high | llm_selected_candidate_id=cand01 | This is a single-case report and the full text explicitly states that the authors report one patient with SPS and anti-GAD antibodies. The apparent count of 3 is unsupported for SPS cases and likely reflects cited prior reports or parsing noise rather than original patients in this paper.,hybrid_v2_gpt-5.4,1,medium,source_single_case_override,3,1,high,cand01,false,hybrid_local_gpt,llm_candidate_exact,,2026-04-18T21:25:35.516654+00:00
497,FALSE,batch007,qa\validation\stage07_single_case_codex_gold\batch007\manifest.json,qa\validation\stage07_single_case_codex_gold\batch007\json\papers\497.json,qa\validation\stage07_single_case_codex_gold\batch007\json\segments\497.segments.json,qa\validation\stage07_single_case_codex_gold\batch007\json\target_views\497\p1.json,qa\validation\stage07_single_case_codex_gold\batch007\json\validation\497.validation.json,qa\validation\stage07_single_case_codex_gold\batch007\xml\497.annotated.xml,stage06_count_runs,results\stage06_count_runs\stage06_backfill_b003_n50_20260418\candidate_packages\497.json,results\stage06_count_runs\stage06_backfill_b003_n50_20260418\count_evidence\497.json,results\stage06_count_runs\stage06_backfill_b003_n50_20260418\results\497.json,,497,Stiff-person syndrome associated with multiple myeloma following autologous bone marrow transplantation.,"Clow, Erin C; Couban, Stephen; Grant, Ian A",single_case_report,case_report,data\extraction_json\text\497.json,full_text,true,1,high,diagnosis_specific_patient_case_count,false,false,"challenge_stage=primary | verification_status=llm_candidate_exact | llm_count_confidence=high | llm_selected_candidate_id=cand03 | This single-case report explicitly describes one original SPS patient: a 31-year-old woman with anti-GAD-positive SPS after autologous bone marrow transplantation for multiple myeloma. The phrase 'second patient with myeloma and SPS' refers to the second such case in the literature, not two patients in this paper.",hybrid_v2_gpt-5.4,1,medium,case_report_marker_single_case,3,1,high,cand03,false,hybrid_local_gpt,llm_candidate_exact,,2026-04-18T21:27:38.887184+00:00
500,FALSE,batch007,qa\validation\stage07_single_case_codex_gold\batch007\manifest.json,qa\validation\stage07_single_case_codex_gold\batch007\json\papers\500.json,qa\validation\stage07_single_case_codex_gold\batch007\json\segments\500.segments.json,qa\validation\stage07_single_case_codex_gold\batch007\json\target_views\500\p1.json,qa\validation\stage07_single_case_codex_gold\batch007\json\validation\500.validation.json,qa\validation\stage07_single_case_codex_gold\batch007\xml\500.annotated.xml,stage06_count_runs,results\stage06_count_runs\stage06_backfill_b003_n50_20260418\candidate_packages\500.json,results\stage06_count_runs\stage06_backfill_b003_n50_20260418\count_evidence\500.json,results\stage06_count_runs\stage06_backfill_b003_n50_20260418\results\500.json,,500,Successful intrathecal baclofen therapy for seronegative stiff-person syndrome: a case report.,"Ho, Bo-Lin; Shih, Pang-Ying",single_case_report,case_report,data\extraction_json\text\500.json,full_text,true,1,high,case_report_marker_single_case,false,false,challenge_stage=challenge | verification_status=llm_candidate_exact | llm_count_confidence=high | challenge_reasons=explicit_sps_subgroup_conflict=1 vs 19 | llm_selected_candidate_id=cand02 | This paper is an original single-case report describing one 27-year-old man with clinically and electrophysiologically supported stiff-person syndrome. The competing count of 19 appears to come from a cited literature statement about treatment of SPS rather than the original cohort in this paper.,hybrid_v2_gpt-5.4,19,high,diagnosis_specific_suffix_count,3,1,high,cand02,false,hybrid_local_gpt,llm_candidate_exact,,2026-04-18T21:28:50.086436+00:00
502,FALSE,batch008,qa\validation\stage07_single_case_codex_gold\batch008\manifest.json,qa\validation\stage07_single_case_codex_gold\batch008\json\papers\502.json,qa\validation\stage07_single_case_codex_gold\batch008\json\segments\502.segments.json,qa\validation\stage07_single_case_codex_gold\batch008\json\target_views\502\p1.json,qa\validation\stage07_single_case_codex_gold\batch008\json\validation\502.validation.json,qa\validation\stage07_single_case_codex_gold\batch008\xml\502.annotated.xml,stage06_count_runs,results\stage06_count_runs\stage06_backfill_b003_n50_20260418\candidate_packages\502.json,results\stage06_count_runs\stage06_backfill_b003_n50_20260418\count_evidence\502.json,results\stage06_count_runs\stage06_backfill_b003_n50_20260418\results\502.json,,502,Anxious depression and the stiff-person plus syndrome.,"Culav-Sumic, Jadranka; Bosnjak, Ivan; Pastar, Zvonimir; Jukic, Vlado",single_case_report,case_report,data\extraction_json\text\502.json,full_text,true,1,high,case_report_marker_single_case,false,false,"challenge_stage=challenge | verification_status=llm_candidate_exact | llm_count_confidence=high | challenge_reasons=explicit_sps_subgroup_conflict=1 vs 19 | llm_selected_candidate_id=cand02 | This paper is explicitly framed as a single-patient case report: the abstract states the objective is to present 'the case of a patient' and the methods say 'We describe the case of a woman.' The apparent '19–21' signal is clearly a citation range attached to discussion of paraneoplastic SPS, not an original cohort count in this paper.",hybrid_v2_gpt-5.4,19,high,diagnosis_specific_table_row_count,4,1,high,cand02,false,hybrid_local_gpt,llm_candidate_exact,,2026-04-18T21:29:25.336900+00:00
505,FALSE,batch008,qa\validation\stage07_single_case_codex_gold\batch008\manifest.json,qa\validation\stage07_single_case_codex_gold\batch008\json\papers\505.json,qa\validation\stage07_single_case_codex_gold\batch008\json\segments\505.segments.json,qa\validation\stage07_single_case_codex_gold\batch008\json\target_views\505\p1.json,qa\validation\stage07_single_case_codex_gold\batch008\json\validation\505.validation.json,qa\validation\stage07_single_case_codex_gold\batch008\xml\505.annotated.xml,stage06_count_runs,results\stage06_count_runs\stage06_backfill_b003_n50_20260418\candidate_packages\505.json,results\stage06_count_runs\stage06_backfill_b003_n50_20260418\count_evidence\505.json,results\stage06_count_runs\stage06_backfill_b003_n50_20260418\results\505.json,,505,Stiff-three limbs syndrome.,"Teive, Helio A G; Munhoz, Renato P; Cardoso, Juliana; Amaral, Vanice C G; Werneck, Lineu C",single_case_report,case_report,data\extraction_json\text\505.json,full_text,true,1,medium,single_case_text_signal,true,true,"challenge_stage=primary | verification_status=llm_candidate_exact | llm_count_confidence=medium | llm_selected_candidate_id=cand01 | The abstract explicitly states that the paper reports a single patient with stiff-three limbs syndrome, which is within the SPS spectrum. Although this supports a count of 1, the evidence pack flags original-cohort provenance uncertainty and the preferred text excerpt is contaminated by unrelated content, so human review is still warranted.",hybrid_v2_gpt-5.4,1,medium,single_case_text_signal,2,1,medium,cand01,false,hybrid_local_gpt,llm_candidate_exact,,2026-04-18T21:29:46.599086+00:00
506,FALSE,batch008,qa\validation\stage07_single_case_codex_gold\batch008\manifest.json,qa\validation\stage07_single_case_codex_gold\batch008\json\papers\506.json,qa\validation\stage07_single_case_codex_gold\batch008\json\segments\506.segments.json,qa\validation\stage07_single_case_codex_gold\batch008\json\target_views\506\p1.json,qa\validation\stage07_single_case_codex_gold\batch008\json\validation\506.validation.json,qa\validation\stage07_single_case_codex_gold\batch008\xml\506.annotated.xml,stage06_count_runs,results\stage06_count_runs\stage06_backfill_b003_n50_20260418\candidate_packages\506.json,results\stage06_count_runs\stage06_backfill_b003_n50_20260418\count_evidence\506.json,results\stage06_count_runs\stage06_backfill_b003_n50_20260418\results\506.json,,506,Stiff-person syndrome first manifesting in pregnancy.,"Cerimagic, Denis; Bilic, Ervina",single_case_report,case_report,data\extraction_json\text\506.json,full_text,true,1,high,case_report_marker_single_case,false,false,"challenge_stage=primary | verification_status=llm_candidate_exact | llm_count_confidence=high | llm_selected_candidate_id=cand01 | This paper is a single case report and explicitly states that the authors present one case of GAD-positive stiff-person syndrome manifesting in pregnancy. The full text also describes a single 36-year-old patient, supporting a count of 1 unique original SPS-spectrum patient.",hybrid_v2_gpt-5.4,1,medium,case_report_marker_single_case,2,1,high,cand01,false,hybrid_local_gpt,llm_candidate_exact,,2026-04-18T21:30:09.632617+00:00
510,FALSE,batch008,qa\validation\stage07_single_case_codex_gold\batch008\manifest.json,qa\validation\stage07_single_case_codex_gold\batch008\json\papers\510.json,qa\validation\stage07_single_case_codex_gold\batch008\json\segments\510.segments.json,qa\validation\stage07_single_case_codex_gold\batch008\json\target_views\510\p1.json,qa\validation\stage07_single_case_codex_gold\batch008\json\validation\510.validation.json,qa\validation\stage07_single_case_codex_gold\batch008\xml\510.annotated.xml,stage06_count_runs,results\stage06_count_runs\stage06_backfill_b003_n50_20260418\candidate_packages\510.json,results\stage06_count_runs\stage06_backfill_b003_n50_20260418\count_evidence\510.json,results\stage06_count_runs\stage06_backfill_b003_n50_20260418\results\510.json,,510,Insulin treatment in a patient with Type 2 diabetes and Stiff-person syndrome.,"Weitgasser, R; Sommavilla, B; Stieglbauer, K",single_case_report,case_report,data\extraction_json\text\510.json,full_text,true,1,high,case_report_marker_single_case,false,false,"challenge_stage=primary | verification_status=llm_candidate_exact | llm_count_confidence=high | llm_selected_candidate_id=cand01 | This is a single-patient case report. The text explicitly states that the authors report on a 62-year-old woman and confirms her stiff-person syndrome diagnosis by clinical measures and electromyography, supporting a count of 1 unique SPS-spectrum patient.",hybrid_v2_gpt-5.4,1,medium,case_report_marker_single_case,2,1,high,cand01,false,hybrid_local_gpt,llm_candidate_exact,,2026-04-18T21:30:39.043161+00:00
512,TRUE,batch008,qa\validation\stage07_single_case_codex_gold\batch008\manifest.json,qa\validation\stage07_single_case_codex_gold\batch008\json\papers\512.json,qa\validation\stage07_single_case_codex_gold\batch008\json\segments\512.segments.json,qa\validation\stage07_single_case_codex_gold\batch008\json\target_views\512\p1.json,qa\validation\stage07_single_case_codex_gold\batch008\json\validation\512.validation.json,qa\validation\stage07_single_case_codex_gold\batch008\xml\512.annotated.xml,stage06_count_runs,results\stage06_count_runs\stage06_backfill_b003_n50_20260418\candidate_packages\512.json,results\stage06_count_runs\stage06_backfill_b003_n50_20260418\count_evidence\512.json,results\stage06_count_runs\stage06_backfill_b003_n50_20260418\results\512.json,,512,"A case of stiff-person syndrome, type 1 diabetes, celiac disease and dermatitis herpetiformis.","O'Sullivan, Eoin P; Behan, Lucy-Ann; King, Tom F J; Hardiman, Orla; Smith, Diarmuid",single_case_report,case_report,data\extraction_json\text\512.json,full_text,true,1,medium,case_report_marker_single_case,true,false,"challenge_stage=challenge | verification_status=llm_candidate_exact | llm_count_confidence=medium | challenge_reasons=semantic_validator_reject=COUNT_SPS_STATUS_UNCERTAIN | llm_selected_candidate_id=cand01 | This is a single-patient case report with explicit wording that the authors report one 41-year-old man with stiff-person syndrome. Although the diagnosis appears supported by the case description and anti-GAD positivity, the challenge flag indicates SPS-status uncertainty, so the safest resolution is the 1-case candidate with manual review retained.",hybrid_v2_gpt-5.4,1,medium,case_report_marker_single_case,2,1,medium,cand01,false,hybrid_local_gpt,llm_candidate_exact,,2026-04-18T21:31:08.601452+00:00
514,FALSE,batch008,qa\validation\stage07_single_case_codex_gold\batch008\manifest.json,qa\validation\stage07_single_case_codex_gold\batch008\json\papers\514.json,qa\validation\stage07_single_case_codex_gold\batch008\json\segments\514.segments.json,qa\validation\stage07_single_case_codex_gold\batch008\json\target_views\514\p1.json,qa\validation\stage07_single_case_codex_gold\batch008\json\validation\514.validation.json,qa\validation\stage07_single_case_codex_gold\batch008\xml\514.annotated.xml,stage06_count_runs,results\stage06_count_runs\stage06_backfill_b003_n50_20260418\candidate_packages\514.json,results\stage06_count_runs\stage06_backfill_b003_n50_20260418\count_evidence\514.json,results\stage06_count_runs\stage06_backfill_b003_n50_20260418\results\514.json,,514,Stiff limb syndrome: end of spectrum or a separate entity?.,"Misra, Usha K; Maurya, Pradeep K; Kalita, Jayantee; Gupta, Rakesh K",single_case_report,case_report,data\extraction_json\text\514.json,full_text,true,1,high,case_report_marker_single_case,false,false,challenge_stage=challenge | verification_status=llm_candidate_exact | llm_count_confidence=high | challenge_reasons=explicit_sps_subgroup_conflict=1 vs 50; local_safer_abstention_conflict=28 vs 1; local_validation_conflict=28 vs 1 | llm_selected_candidate_id=cand02 | This paper is explicitly a case report describing one original patient with stiff limb syndrome/forme fruste SPS. The larger numbers in the evidence pack are literature-review counts from prior studies and should not be counted as original cases reported in this paper.,hybrid_v2_gpt-5.4,50,high,diagnosis_specific_group_breakdown_count,3,1,high,cand02,false,hybrid_local_gpt,llm_candidate_exact,,2026-04-18T21:31:49.576640+00:00
517,FALSE,batch008,qa\validation\stage07_single_case_codex_gold\batch008\manifest.json,qa\validation\stage07_single_case_codex_gold\batch008\json\papers\517.json,qa\validation\stage07_single_case_codex_gold\batch008\json\segments\517.segments.json,qa\validation\stage07_single_case_codex_gold\batch008\json\target_views\517\p1.json,qa\validation\stage07_single_case_codex_gold\batch008\json\validation\517.validation.json,qa\validation\stage07_single_case_codex_gold\batch008\xml\517.annotated.xml,stage06_count_runs,results\stage06_count_runs\stage06_backfill_b003_n50_20260418\candidate_packages\517.json,results\stage06_count_runs\stage06_backfill_b003_n50_20260418\count_evidence\517.json,results\stage06_count_runs\stage06_backfill_b003_n50_20260418\results\517.json,,517,"Stiff-person syndrome in a female patient with type 1 diabetes, dermatitis herpetiformis, celiac disease, microcytic anemia and copper deficiency Just a coincidence or an additional shared pathophysiological mechanism?.","Bilic, Ervina; Bilic, Ernest; Sepec, Branimir Ivan; Vranjes, Davorka; Zagar, Marija; Butorac, Visnja; Cerimagic, Denis",single_case_report,case_report,data\extraction_json\text\517.json,full_text,true,1,high,single_case_text_signal,false,false,"challenge_stage=primary | verification_status=llm_candidate_exact | llm_count_confidence=high | llm_selected_candidate_id=cand01 | This single-case report explicitly describes one original patient with stiff-person syndrome. The text repeatedly refers to 'our patient with SPS' and presents individual clinical details, supporting a count of 1 unique SPS-spectrum case.",hybrid_v2_gpt-5.4,1,medium,single_case_text_signal,2,1,high,cand01,false,hybrid_local_gpt,llm_candidate_exact,,2026-04-18T21:32:11.668970+00:00
522,FALSE,batch008,qa\validation\stage07_single_case_codex_gold\batch008\manifest.json,qa\validation\stage07_single_case_codex_gold\batch008\json\papers\522.json,qa\validation\stage07_single_case_codex_gold\batch008\json\segments\522.segments.json,qa\validation\stage07_single_case_codex_gold\batch008\json\target_views\522\p1.json,qa\validation\stage07_single_case_codex_gold\batch008\json\validation\522.validation.json,qa\validation\stage07_single_case_codex_gold\batch008\xml\522.annotated.xml,stage06_count_runs,results\stage06_count_runs\stage06_backfill_b003_n50_20260418\candidate_packages\522.json,results\stage06_count_runs\stage06_backfill_b003_n50_20260418\count_evidence\522.json,results\stage06_count_runs\stage06_backfill_b003_n50_20260418\results\522.json,,522,Stiff person syndrome: presentation of a case with repetitive complex discharges in electromiograms.,"Jimenez Caballero, Pedro Enrique",single_case_report,case_report,data\extraction_json\text\522.json,full_text,true,1,high,case_report_marker_single_case,false,false,"challenge_stage=primary | verification_status=llm_candidate_exact | llm_count_confidence=high | llm_selected_candidate_id=cand01 | This paper is a single case report describing one original SPS patient. The text repeatedly refers to a single 41-year-old woman and to 'our patient,' with no indication of additional original SPS-spectrum cases.",hybrid_v2_gpt-5.4,1,medium,case_report_marker_single_case,2,1,high,cand01,false,hybrid_local_gpt,llm_candidate_exact,,2026-04-18T21:33:06.077423+00:00
524,TRUE,batch008,qa\validation\stage07_single_case_codex_gold\batch008\manifest.json,qa\validation\stage07_single_case_codex_gold\batch008\json\papers\524.json,qa\validation\stage07_single_case_codex_gold\batch008\json\segments\524.segments.json,qa\validation\stage07_single_case_codex_gold\batch008\json\target_views\524\p1.json,qa\validation\stage07_single_case_codex_gold\batch008\json\validation\524.validation.json,qa\validation\stage07_single_case_codex_gold\batch008\xml\524.annotated.xml,stage06_count_runs,results\stage06_count_runs\stage06_backfill_b003_n50_20260418\candidate_packages\524.json,results\stage06_count_runs\stage06_backfill_b003_n50_20260418\count_evidence\524.json,results\stage06_count_runs\stage06_backfill_b003_n50_20260418\results\524.json,,524,Stiff person syndrome associated with lower motor neuron disease and infiltration of cytotoxic T cells in the spinal cord.,"Holmoy, Trygve; Skorstad, Gjertrud; Roste, Line Sveberg; Scheie, David; Alvik, Kirsti",single_case_report,case_report,data\extraction_json\text\524.json,full_text,true,1,medium,single_case_text_signal,true,true,"challenge_stage=primary | verification_status=llm_candidate_exact | llm_count_confidence=medium | llm_selected_candidate_id=cand01 | This paper reports a single original SPS-spectrum patient in a case report format. However, the text also states that this patient was previously reported as 'patient SPS 3 in the original reports,' so the extractable count is best taken as 1 with manual review required for provenance overlap.",hybrid_v2_gpt-5.4,1,medium,single_case_text_signal,2,1,medium,cand01,false,hybrid_local_gpt,llm_candidate_exact,,2026-04-18T21:33:31.819966+00:00
531,FALSE,batch008,qa\validation\stage07_single_case_codex_gold\batch008\manifest.json,qa\validation\stage07_single_case_codex_gold\batch008\json\papers\531.json,qa\validation\stage07_single_case_codex_gold\batch008\json\segments\531.segments.json,qa\validation\stage07_single_case_codex_gold\batch008\json\target_views\531\p1.json,qa\validation\stage07_single_case_codex_gold\batch008\json\validation\531.validation.json,qa\validation\stage07_single_case_codex_gold\batch008\xml\531.annotated.xml,stage06_count_runs,results\stage06_count_runs\stage06_backfill_b003_n50_20260418\candidate_packages\531.json,results\stage06_count_runs\stage06_backfill_b003_n50_20260418\count_evidence\531.json,results\stage06_count_runs\stage06_backfill_b003_n50_20260418\results\531.json,,531,Intrathecal baclofen pump implantation in a case of stiff person syndrome.,"Maramattom, Bobby Varkey",single_case_report,case_report,data\extraction_json\text\531.json,full_text,true,1,high,case_report_marker_single_case,false,false,challenge_stage=primary | verification_status=llm_candidate_exact | llm_count_confidence=high | llm_selected_candidate_id=cand01 | This single-case report explicitly presents one original SPS-spectrum patient: a 45-year-old woman diagnosed with SPS/SMS variant. The paper consistently describes one individual case and provides diagnosis-supported clinical details.,hybrid_v2_gpt-5.4,1,medium,case_report_marker_single_case,2,1,high,cand01,false,hybrid_local_gpt,llm_candidate_exact,,2026-04-18T21:35:08.393767+00:00
534,FALSE,batch009,qa\validation\stage07_single_case_codex_gold\batch009\manifest.json,qa\validation\stage07_single_case_codex_gold\batch009\json\papers\534.json,qa\validation\stage07_single_case_codex_gold\batch009\json\segments\534.segments.json,qa\validation\stage07_single_case_codex_gold\batch009\json\target_views\534\p1.json,qa\validation\stage07_single_case_codex_gold\batch009\json\validation\534.validation.json,qa\validation\stage07_single_case_codex_gold\batch009\xml\534.annotated.xml,stage06_count_runs,results\stage06_count_runs\stage06_backfill_b003_n50_20260418\candidate_packages\534.json,results\stage06_count_runs\stage06_backfill_b003_n50_20260418\count_evidence\534.json,results\stage06_count_runs\stage06_backfill_b003_n50_20260418\results\534.json,,534,Spinal cord stimulation to abort painful spasms of atypical stiff limb syndrome.,"Ughratdar, I; Sivakumar, G; Basu, S",single_case_report,case_report,data\extraction_json\text\534.json,full_text,true,1,high,single_case_text_signal,false,false,"challenge_stage=primary | verification_status=llm_candidate_exact | llm_count_confidence=high | llm_selected_candidate_id=cand01 | This is a single-case report describing one 44-year-old man with diagnosis-supported stiff limb syndrome, which is within the SPS spectrum. The full text and abstract consistently refer to a single patient/case with no indication of additional original SPS-spectrum patients.",hybrid_v2_gpt-5.4,1,medium,single_case_text_signal,2,1,high,cand01,false,hybrid_local_gpt,llm_candidate_exact,,2026-04-18T21:35:30.361543+00:00
535,FALSE,batch009,qa\validation\stage07_single_case_codex_gold\batch009\manifest.json,qa\validation\stage07_single_case_codex_gold\batch009\json\papers\535.json,qa\validation\stage07_single_case_codex_gold\batch009\json\segments\535.segments.json,qa\validation\stage07_single_case_codex_gold\batch009\json\target_views\535\p1.json,qa\validation\stage07_single_case_codex_gold\batch009\json\validation\535.validation.json,qa\validation\stage07_single_case_codex_gold\batch009\xml\535.annotated.xml,stage06_count_runs,results\stage06_count_runs\stage06_backfill_b003_n50_20260418\candidate_packages\535.json,results\stage06_count_runs\stage06_backfill_b003_n50_20260418\count_evidence\535.json,results\stage06_count_runs\stage06_backfill_b003_n50_20260418\results\535.json,,535,Urodynamic study alterations in a patient with stiff person syndrome.,"Arrabal-Polo, Miguel Angel; Palao-Yago, Francisco; Zuluaga-Gomez, Armando",single_case_report,case_report,data\extraction_json\text\535.json,full_text,true,1,high,case_report_marker_single_case,false,false,"challenge_stage=primary | verification_status=llm_candidate_exact | llm_count_confidence=high | llm_selected_candidate_id=cand01 | The paper is a single-patient case report and explicitly states, 'We describe the case of a 45 year-old female patient' diagnosed with SPS. The additional mention of '13 other cases' appears only in a historical reference citation and should not be counted.",hybrid_v2_gpt-5.4,1,medium,case_report_marker_single_case,2,1,high,cand01,false,hybrid_local_gpt,llm_candidate_exact,,2026-04-18T21:35:50.313117+00:00
537,TRUE,batch009,qa\validation\stage07_single_case_codex_gold\batch009\manifest.json,qa\validation\stage07_single_case_codex_gold\batch009\json\papers\537.json,qa\validation\stage07_single_case_codex_gold\batch009\json\segments\537.segments.json,qa\validation\stage07_single_case_codex_gold\batch009\json\target_views\537\p1.json,qa\validation\stage07_single_case_codex_gold\batch009\json\validation\537.validation.json,qa\validation\stage07_single_case_codex_gold\batch009\xml\537.annotated.xml,stage06_count_runs,results\stage06_count_runs\stage06_backfill_b003_n50_20260418\candidate_packages\537.json,results\stage06_count_runs\stage06_backfill_b003_n50_20260418\count_evidence\537.json,results\stage06_count_runs\stage06_backfill_b003_n50_20260418\results\537.json,,537,The occurrence of stiff person syndrome in a patient with thymoma: case report and literature review.,"Kosseifi, Semaan G; Mehta, Jay B; Roy, Thomas; Byrd, Ryland Jr; Farrow, Jeff",single_case_report,case_report,data\extraction_json\text\537.json,full_text,true,1,high,case_report_marker_single_case,false,false,challenge_stage=primary | verification_status=llm_candidate_exact | llm_count_confidence=high | llm_selected_candidate_id=cand01 | This paper is a single case report and explicitly states that the authors report one 29-year-old patient with a clinical picture suggestive of stiff-person syndrome secondary to thymoma. The additional literature review content refers to previously reported cases and should not be counted toward the original extractable SPS-spectrum case total.,hybrid_v2_gpt-5.4,1,medium,case_report_marker_single_case,2,1,high,cand01,false,hybrid_local_gpt,llm_candidate_exact,,2026-04-18T21:36:39.664778+00:00
541,FALSE,batch009,qa\validation\stage07_single_case_codex_gold\batch009\manifest.json,qa\validation\stage07_single_case_codex_gold\batch009\json\papers\541.json,qa\validation\stage07_single_case_codex_gold\batch009\json\segments\541.segments.json,qa\validation\stage07_single_case_codex_gold\batch009\json\target_views\541\p1.json,qa\validation\stage07_single_case_codex_gold\batch009\json\validation\541.validation.json,qa\validation\stage07_single_case_codex_gold\batch009\xml\541.annotated.xml,stage06_count_runs,results\stage06_count_runs\stage06_backfill_b003_n50_20260418\candidate_packages\541.json,results\stage06_count_runs\stage06_backfill_b003_n50_20260418\count_evidence\541.json,results\stage06_count_runs\stage06_backfill_b003_n50_20260418\results\541.json,,541,Stiff-person syndrome: persistent elevation of glutamic acid decarboxylase antibodies despite successful treatment with rituximab.,"Bacorro, Eugene A; Tehrani, Rodney",single_case_report,case_report,data\extraction_json\text\541.json,full_text,true,1,high,case_report_marker_single_case,false,false,challenge_stage=primary | verification_status=llm_candidate_exact | llm_count_confidence=high | llm_selected_candidate_id=cand01 | This paper is an original single case report of one diagnosis-supported stiff-person syndrome patient. The text repeatedly states that the authors report a single case and then describes one 62-year-old man with SPS treated with rituximab.,hybrid_v2_gpt-5.4,1,medium,case_report_marker_single_case,2,1,high,cand01,false,hybrid_local_gpt,llm_candidate_exact,,2026-04-18T21:37:01.035866+00:00
544,FALSE,batch009,qa\validation\stage07_single_case_codex_gold\batch009\manifest.json,qa\validation\stage07_single_case_codex_gold\batch009\json\papers\544.json,qa\validation\stage07_single_case_codex_gold\batch009\json\segments\544.segments.json,qa\validation\stage07_single_case_codex_gold\batch009\json\target_views\544\p1.json,qa\validation\stage07_single_case_codex_gold\batch009\json\validation\544.validation.json,qa\validation\stage07_single_case_codex_gold\batch009\xml\544.annotated.xml,stage06_count_runs,results\stage06_count_runs\stage06_backfill_b003_n50_20260418\candidate_packages\544.json,results\stage06_count_runs\stage06_backfill_b003_n50_20260418\count_evidence\544.json,results\stage06_count_runs\stage06_backfill_b003_n50_20260418\results\544.json,,544,Glutamic acid decarboxylase antibody-positive paraneoplastic stiff limb syndrome associated with carcinoma of the breast.,"Agarwal, Pankaj A; Ichaporia, Nasli R",single_case_report,case_report,data\extraction_json\text\544.json,full_text,true,1,high,case_report_marker_single_case,false,false,"challenge_stage=primary | verification_status=llm_candidate_exact | llm_count_confidence=high | llm_selected_candidate_id=cand01 | This single-case report explicitly describes one original patient with stiff limb syndrome, a focal SPS-spectrum disorder. The review-like discussion mentions other published cases, but those are background literature and do not change the extractable original count from this paper.",hybrid_v2_gpt-5.4,1,medium,case_report_marker_single_case,3,1,high,cand01,false,hybrid_local_gpt,llm_candidate_exact,,2026-04-18T21:37:22.506813+00:00
547,FALSE,batch009,qa\validation\stage07_single_case_codex_gold\batch009\manifest.json,qa\validation\stage07_single_case_codex_gold\batch009\json\papers\547.json,qa\validation\stage07_single_case_codex_gold\batch009\json\segments\547.segments.json,qa\validation\stage07_single_case_codex_gold\batch009\json\target_views\547\p1.json,qa\validation\stage07_single_case_codex_gold\batch009\json\validation\547.validation.json,qa\validation\stage07_single_case_codex_gold\batch009\xml\547.annotated.xml,stage06_count_runs,results\stage06_count_runs\stage06_backfill_b003_n50_20260418\candidate_packages\547.json,results\stage06_count_runs\stage06_backfill_b003_n50_20260418\count_evidence\547.json,results\stage06_count_runs\stage06_backfill_b003_n50_20260418\results\547.json,,547,Stiff-person syndrome and generalized anxiety disorder.,"Cerqueira, Ana Claudia Rodrigues de; Bezerra, Jose Marcelo Ferreira; Rozenthal, Marcia; Nardi, Antonio Egidio",single_case_report,case_report,data\extraction_json\text\547.json,full_text,true,1,high,source_single_case_override,false,false,challenge_stage=primary | verification_status=llm_candidate_exact | llm_count_confidence=high | llm_selected_candidate_id=cand01 | This paper explicitly presents a single original SPS patient as a case report. The competing count of 43 appears to come from background literature about SPS patients rather than the paper's own original cohort.,hybrid_v2_gpt-5.4,1,medium,source_single_case_override,3,1,high,cand01,false,hybrid_local_gpt,llm_candidate_exact,,2026-04-18T21:38:28.909129+00:00
551,TRUE,batch009,qa\validation\stage07_single_case_codex_gold\batch009\manifest.json,qa\validation\stage07_single_case_codex_gold\batch009\json\papers\551.json,qa\validation\stage07_single_case_codex_gold\batch009\json\segments\551.segments.json,qa\validation\stage07_single_case_codex_gold\batch009\json\target_views\551\p1.json,qa\validation\stage07_single_case_codex_gold\batch009\json\validation\551.validation.json,qa\validation\stage07_single_case_codex_gold\batch009\xml\551.annotated.xml,stage06_count_runs,results\stage06_count_runs\stage06_backfill_b003_n50_20260418\candidate_packages\551.json,results\stage06_count_runs\stage06_backfill_b003_n50_20260418\count_evidence\551.json,results\stage06_count_runs\stage06_backfill_b003_n50_20260418\results\551.json,,551,A perplexing consult for pseudoseizures: stiff-man syndrome.,"Prasad, Vivek",single_case_report,case_report,data\extraction_json\text\551.json,full_text,true,1,medium,source_single_case_default,true,false,"challenge_stage=primary | verification_status=llm_candidate_exact | llm_count_confidence=medium | llm_selected_candidate_id=cand01 | The full text explicitly presents 'the following is a case description' and then describes one 51-year-old man with a neurologist diagnosis of stiff-man syndrome. This supports a single original SPS-spectrum patient, but confidence remains medium because the report is framed as a consultation letter and the diagnosis is reported via the treating neurologist rather than extensively re-established in the article.",hybrid_v2_gpt-5.4,1,medium,source_single_case_default,2,1,medium,cand01,false,hybrid_local_gpt,llm_candidate_exact,,2026-04-18T21:39:25.143548+00:00
552,TRUE,batch009,qa\validation\stage07_single_case_codex_gold\batch009\manifest.json,qa\validation\stage07_single_case_codex_gold\batch009\json\papers\552.json,qa\validation\stage07_single_case_codex_gold\batch009\json\segments\552.segments.json,qa\validation\stage07_single_case_codex_gold\batch009\json\target_views\552\p1.json,qa\validation\stage07_single_case_codex_gold\batch009\json\validation\552.validation.json,qa\validation\stage07_single_case_codex_gold\batch009\xml\552.annotated.xml,stage06_count_runs,results\stage06_count_runs\stage06_backfill_b003_n50_20260418\candidate_packages\552.json,results\stage06_count_runs\stage06_backfill_b003_n50_20260418\count_evidence\552.json,results\stage06_count_runs\stage06_backfill_b003_n50_20260418\results\552.json,,552,Stiff-person syndrome: a case report and review of the literature.,"Egwuonwu, Steve; Chedebeau, Fernando",single_case_report,case_report,data\extraction_json\text\552.json,full_text,true,1,high,case_report_marker_single_case,false,false,"challenge_stage=primary | verification_status=llm_candidate_exact | llm_count_confidence=high | llm_selected_candidate_id=cand01 | This paper is an original single case report of one diagnosis-supported SPS patient. The text repeatedly states that the authors present one case and provides individual clinical, antibody, EMG, treatment, and follow-up details for a 49-year-old man diagnosed with SPS.",hybrid_v2_gpt-5.4,1,medium,case_report_marker_single_case,2,1,high,cand01,false,hybrid_local_gpt,llm_candidate_exact,,2026-04-18T21:39:52.099294+00:00
554,TRUE,batch009,qa\validation\stage07_single_case_codex_gold\batch009\manifest.json,qa\validation\stage07_single_case_codex_gold\batch009\json\papers\554.json,qa\validation\stage07_single_case_codex_gold\batch009\json\segments\554.segments.json,qa\validation\stage07_single_case_codex_gold\batch009\json\target_views\554\p1.json,qa\validation\stage07_single_case_codex_gold\batch009\json\validation\554.validation.json,qa\validation\stage07_single_case_codex_gold\batch009\xml\554.annotated.xml,stage06_count_runs,results\stage06_count_runs\stage06_backfill_b003_n50_20260418\candidate_packages\554.json,results\stage06_count_runs\stage06_backfill_b003_n50_20260418\count_evidence\554.json,results\stage06_count_runs\stage06_backfill_b003_n50_20260418\results\554.json,,554,Stiff-person syndrome treated with rituximab.,"Lobo, Marcelo Evangelista; Araujo, Marx Lincoln Barros; Tomaz, Carlos Alberto Bezerra; Allam, Nasser",single_case_report,case_report,data\extraction_json\text\554.json,full_text,true,1,high,diagnosis_specific_patient_case_count,false,false,"challenge_stage=primary | verification_status=llm_candidate_exact | llm_count_confidence=high | llm_selected_candidate_id=cand03 | This is an original single-patient case report with explicit diagnosis-supported SPS in one 41-year-old woman. The full text and abstract consistently describe one patient, with no indication of additional original SPS-spectrum cases.",hybrid_v2_gpt-5.4,1,medium,case_report_marker_single_case,3,1,high,cand03,false,hybrid_local_gpt,llm_candidate_exact,,2026-04-18T21:40:16.940760+00:00
555,FALSE,batch009,qa\validation\stage07_single_case_codex_gold\batch009\manifest.json,qa\validation\stage07_single_case_codex_gold\batch009\json\papers\555.json,qa\validation\stage07_single_case_codex_gold\batch009\json\segments\555.segments.json,qa\validation\stage07_single_case_codex_gold\batch009\json\target_views\555\p1.json,qa\validation\stage07_single_case_codex_gold\batch009\json\validation\555.validation.json,qa\validation\stage07_single_case_codex_gold\batch009\xml\555.annotated.xml,stage06_count_runs,results\stage06_count_runs\stage06_backfill_b003_n50_20260418\candidate_packages\555.json,results\stage06_count_runs\stage06_backfill_b003_n50_20260418\count_evidence\555.json,results\stage06_count_runs\stage06_backfill_b003_n50_20260418\results\555.json,,555,Stiff-person syndrome presenting as eating disorder: a case report.,"Cuturic, Miroslav; Harden, Laurie M; Kannaday, Melissa H; Campbell, Nioaka N; Harding, Richard K",single_case_report,case_report,data\extraction_json\text\555.json,full_text,true,1,medium,diagnosis_specific_patient_case_count,true,true,challenge_stage=primary | verification_status=llm_candidate_exact | llm_count_confidence=medium | llm_selected_candidate_id=cand03 | This paper is a single-patient case report with explicit diagnosis-supported wording for one woman found to have stiff-person syndrome. Candidate cand03 is the safest exact match because it is tied to the explicit SPS-specific patient count and already preserves manual review due to provenance uncertainty signals.,hybrid_v2_gpt-5.4,1,medium,case_report_marker_single_case,3,1,medium,cand03,false,hybrid_local_gpt,llm_candidate_exact,,2026-04-18T21:40:43.747264+00:00
566,TRUE,batch010,qa\validation\stage07_single_case_codex_gold\batch010\manifest.json,qa\validation\stage07_single_case_codex_gold\batch010\json\papers\566.json,qa\validation\stage07_single_case_codex_gold\batch010\json\segments\566.segments.json,qa\validation\stage07_single_case_codex_gold\batch010\json\target_views\566\p1.json,qa\validation\stage07_single_case_codex_gold\batch010\json\validation\566.validation.json,qa\validation\stage07_single_case_codex_gold\batch010\xml\566.annotated.xml,stage06_count_runs,results\stage06_count_runs\stage06_backfill_b003_n50_20260418\candidate_packages\566.json,results\stage06_count_runs\stage06_backfill_b003_n50_20260418\count_evidence\566.json,results\stage06_count_runs\stage06_backfill_b003_n50_20260418\results\566.json,,566,"A case of glycine-receptor antibody-associated encephalomyelitis with rigidity and myoclonus (PERM): clinical course, treatment and CSF findings.","Piotrowicz, A; Thumen, A; Leite, M I; Vincent, A; Moser, A",single_case_report,case_report,data\extraction_json\text\566.json,full_text,true,1,high,case_report_marker_single_case,false,false,"challenge_stage=primary | verification_status=llm_candidate_exact | llm_count_confidence=high | llm_selected_candidate_id=cand01 | This is a single-patient case report of glycine-receptor antibody-associated PERM, which is within the SPS-spectrum. The text consistently describes one 58-year-old man as the reported patient; the 10 subjects mentioned are controls for CSF comparison and should not be counted.",hybrid_v2_gpt-5.4,1,medium,case_report_marker_single_case,2,1,high,cand01,false,hybrid_local_gpt,llm_candidate_exact,,2026-04-18T21:42:12.472288+00:00
568,FALSE,batch010,qa\validation\stage07_single_case_codex_gold\batch010\manifest.json,qa\validation\stage07_single_case_codex_gold\batch010\json\papers\568.json,qa\validation\stage07_single_case_codex_gold\batch010\json\segments\568.segments.json,qa\validation\stage07_single_case_codex_gold\batch010\json\target_views\568\p1.json,qa\validation\stage07_single_case_codex_gold\batch010\json\validation\568.validation.json,qa\validation\stage07_single_case_codex_gold\batch010\xml\568.annotated.xml,stage06_count_runs,results\stage06_count_runs\stage06_backfill_b003_n50_20260418\candidate_packages\568.json,results\stage06_count_runs\stage06_backfill_b003_n50_20260418\count_evidence\568.json,results\stage06_count_runs\stage06_backfill_b003_n50_20260418\results\568.json,,568,Pathological findings in a case of stiff person syndrome with anti-GAD antibodies.,"Witherick, Jonathan; Highley, J Robin; Hadjivassiliou, Marios",single_case_report,case_report,data\extraction_json\text\568.json,full_text,true,1,medium,case_report_marker_single_case,true,true,"challenge_stage=primary | verification_status=llm_candidate_exact | llm_count_confidence=medium | llm_selected_candidate_id=cand01 | The paper is framed as a single-patient case report and the full text explicitly describes clinical and postmortem findings from one SPS patient with diagnostic support. Because the evidence pack flags possible prior description/provenance uncertainty, the safest choice is the 1-case candidate with manual review retained.",hybrid_v2_gpt-5.4,1,medium,case_report_marker_single_case,2,1,medium,cand01,false,hybrid_local_gpt,llm_candidate_exact,,2026-04-18T21:42:36.989125+00:00
570,FALSE,batch010,qa\validation\stage07_single_case_codex_gold\batch010\manifest.json,qa\validation\stage07_single_case_codex_gold\batch010\json\papers\570.json,qa\validation\stage07_single_case_codex_gold\batch010\json\segments\570.segments.json,qa\validation\stage07_single_case_codex_gold\batch010\json\target_views\570\p1.json,qa\validation\stage07_single_case_codex_gold\batch010\json\validation\570.validation.json,qa\validation\stage07_single_case_codex_gold\batch010\xml\570.annotated.xml,stage06_count_runs,results\stage06_count_runs\stage06_634_570_hybrid_refresh_20260416\candidate_packages\570.json,results\stage06_count_runs\stage06_634_570_hybrid_refresh_20260416\count_evidence\570.json,results\stage06_count_runs\stage06_634_570_hybrid_refresh_20260416\results\570.json,,570,Isolated hypertrophy of the tibialis anterior muscle in the stiff leg syndrome.,"Castelnovo, Giovanni; Renard, Dimitri; Bouly, Stephane; Labauge, Pierre",single_case_report,case_report,data\extraction_json\text_proceedings_ready\570.json,proceedings_ready,true,1,high,source_single_case_default,false,false,"challenge_stage=primary | verification_status=llm_candidate_exact | llm_count_confidence=high | llm_selected_candidate_id=cand01 | This single-case report describes one original patient, a 63-year-old woman, and explicitly states that a diagnosis of stiff leg syndrome was made. Stiff leg syndrome is within the SPS-spectrum, so the best-supported extractable count is 1.",hybrid_v2_gpt-5.4,1,medium,source_single_case_default,2,1,high,cand01,false,hybrid_local_gpt,llm_candidate_exact,,2026-04-16T21:46:30.233000+00:00
571,FALSE,batch010,qa\validation\stage07_single_case_codex_gold\batch010\manifest.json,qa\validation\stage07_single_case_codex_gold\batch010\json\papers\571.json,qa\validation\stage07_single_case_codex_gold\batch010\json\segments\571.segments.json,qa\validation\stage07_single_case_codex_gold\batch010\json\target_views\571\p1.json,qa\validation\stage07_single_case_codex_gold\batch010\json\validation\571.validation.json,qa\validation\stage07_single_case_codex_gold\batch010\xml\571.annotated.xml,stage06_count_runs,results\stage06_count_runs\stage06_backfill_b003_n50_20260418\candidate_packages\571.json,results\stage06_count_runs\stage06_backfill_b003_n50_20260418\count_evidence\571.json,results\stage06_count_runs\stage06_backfill_b003_n50_20260418\results\571.json,,571,Physical therapist management of stiff person syndrome in a 24-year-old woman.,"Hegyi, Christopher A",single_case_report,case_report,data\extraction_json\text\571.json,full_text,true,1,high,single_case_text_signal,false,false,"challenge_stage=primary | verification_status=llm_candidate_exact | llm_count_confidence=high | llm_selected_candidate_id=cand01 | This is a single-case report with explicit case-description language identifying one 24-year-old woman with stiff person syndrome who underwent treatment and follow-up. The paper discusses background literature, but only one original SPS-spectrum patient is reported.",hybrid_v2_gpt-5.4,1,medium,single_case_text_signal,2,1,high,cand01,false,hybrid_local_gpt,llm_candidate_exact,,2026-04-18T21:43:00.435447+00:00
573,TRUE,batch010,qa\validation\stage07_single_case_codex_gold\batch010\manifest.json,qa\validation\stage07_single_case_codex_gold\batch010\json\papers\573.json,qa\validation\stage07_single_case_codex_gold\batch010\json\segments\573.segments.json,qa\validation\stage07_single_case_codex_gold\batch010\json\target_views\573\p1.json,qa\validation\stage07_single_case_codex_gold\batch010\json\validation\573.validation.json,qa\validation\stage07_single_case_codex_gold\batch010\xml\573.annotated.xml,stage06_count_runs,results\stage06_count_runs\stage06_backfill_b001_n100_20260419\candidate_packages\573.json,results\stage06_count_runs\stage06_backfill_b001_n100_20260419\count_evidence\573.json,results\stage06_count_runs\stage06_backfill_b001_n100_20260419\results\573.json,,573,Stiff person syndrome and pregnancy.,"Goldkamp, Jennifer; Blaskiewicz, Robert; Myles, Thomas",single_case_report,case_report,data\extraction_json\text\573.json,full_text,true,1,high,single_case_text_signal,false,false,"challenge_stage=primary | verification_status=llm_candidate_exact | llm_count_confidence=high | llm_selected_candidate_id=cand01 | This paper is a single case report describing one woman with diagnosed stiff person syndrome during pregnancy. The abstract and preferred text both explicitly present a single patient case, with no evidence of additional original SPS-spectrum patients in the paper.",hybrid_v2_gpt-5.4,1,medium,single_case_text_signal,2,1,high,cand01,false,hybrid_local_gpt,llm_candidate_exact,,2026-04-18T22:53:18.376238+00:00
574,FALSE,batch010,qa\validation\stage07_single_case_codex_gold\batch010\manifest.json,qa\validation\stage07_single_case_codex_gold\batch010\json\papers\574.json,qa\validation\stage07_single_case_codex_gold\batch010\json\segments\574.segments.json,qa\validation\stage07_single_case_codex_gold\batch010\json\target_views\574\p1.json,qa\validation\stage07_single_case_codex_gold\batch010\json\validation\574.validation.json,qa\validation\stage07_single_case_codex_gold\batch010\xml\574.annotated.xml,stage06_count_runs,results\stage06_count_runs\stage06_backfill_b001_n100_20260419\candidate_packages\574.json,results\stage06_count_runs\stage06_backfill_b001_n100_20260419\count_evidence\574.json,results\stage06_count_runs\stage06_backfill_b001_n100_20260419\results\574.json,,574,Progressive encephalomyelitis with rigidity and myoclonus: glycine and NMDA receptor antibodies.,"Turner, M R; Irani, S R; Leite, M I; Nithi, K; Vincent, A; Ansorge, O",single_case_report,case_report,data\extraction_json\text\574.json,full_text,true,1,high,single_case_text_signal,false,false,"challenge_stage=primary | verification_status=llm_candidate_exact | llm_count_confidence=high | llm_selected_candidate_id=cand01 | This paper is a single-patient case report of PERM, which is within the SPS-spectrum definition. The abstract and full-text excerpt consistently describe one previously healthy 28-year-old man as the reported case, with no evidence of additional original SPS-spectrum patients in this paper.",hybrid_v2_gpt-5.4,1,medium,single_case_text_signal,2,1,high,cand01,false,hybrid_local_gpt,llm_candidate_exact,,2026-04-18T22:53:42.634067+00:00
581,FALSE,batch010,qa\validation\stage07_single_case_codex_gold\batch010\manifest.json,qa\validation\stage07_single_case_codex_gold\batch010\json\papers\581.json,qa\validation\stage07_single_case_codex_gold\batch010\json\segments\581.segments.json,qa\validation\stage07_single_case_codex_gold\batch010\json\target_views\581\p1.json,qa\validation\stage07_single_case_codex_gold\batch010\json\validation\581.validation.json,qa\validation\stage07_single_case_codex_gold\batch010\xml\581.annotated.xml,stage06_count_runs,results\stage06_count_runs\stage06_backfill_b001_n100_20260419\candidate_packages\581.json,results\stage06_count_runs\stage06_backfill_b001_n100_20260419\count_evidence\581.json,results\stage06_count_runs\stage06_backfill_b001_n100_20260419\results\581.json,,581,Hyperexcitability restricted to the lower limb motor system in a patient with stiff-leg syndrome.,"Iwata, Tomonori; Shigeto, Hiroshi; Ogata, Katsuya; Hagiwara, Ko-ichi; Kanamori, Yuji; Uehara, Taira; Ohyagi, Yasumasa; Tobimatsu, Shozo; Kira, Jun-ichi",single_case_report,case_report,data\extraction_json\text\581.json,full_text,true,1,high,manual_gold_review,false,false,count_basis=manual_gold_review | count_confidence=high | round_id=2026-04-19_stage06_b001_n100_manual_review | selection_bucket=stage06_backfill_batch_review | prediction_correct=true | reviewed_count=1 | reviewed_source_category=single_case_report | predicted_count=1 | predicted_source_category=single_case_report | reviewer_notes=Manual review confirms this paper reports one original SPS-spectrum patient.,gold_reviewed_stage06_v1,1,medium,case_report_marker_single_case,2,1,medium,cand01,false,manual_gold_review,manual_gold_review,,2026-04-19T08:27:31Z
582,FALSE,batch010,qa\validation\stage07_single_case_codex_gold\batch010\manifest.json,qa\validation\stage07_single_case_codex_gold\batch010\json\papers\582.json,qa\validation\stage07_single_case_codex_gold\batch010\json\segments\582.segments.json,qa\validation\stage07_single_case_codex_gold\batch010\json\target_views\582\p1.json,qa\validation\stage07_single_case_codex_gold\batch010\json\validation\582.validation.json,qa\validation\stage07_single_case_codex_gold\batch010\xml\582.annotated.xml,stage06_count_runs,results\stage06_count_runs\stage06_backfill_b001_n100_20260419\candidate_packages\582.json,results\stage06_count_runs\stage06_backfill_b001_n100_20260419\count_evidence\582.json,results\stage06_count_runs\stage06_backfill_b001_n100_20260419\results\582.json,,582,"Paraneoplastic encephalomyelitis, stiff person syndrome and breast carcinoma.","Lemieux, Julie; Provencher, Louise; Brunet, Denis; Hogue, Jean-Charles",single_case_report,case_report,data\extraction_json\text\582.json,full_text,true,1,high,manual_gold_review,false,false,count_basis=manual_gold_review | count_confidence=high | round_id=2026-04-19_stage06_b001_n100_manual_review | selection_bucket=stage06_backfill_batch_review | prediction_correct=true | reviewed_count=1 | reviewed_source_category=single_case_report | predicted_count=1 | predicted_source_category=single_case_report | reviewer_notes=Manual review confirms this paper reports one original SPS-spectrum patient.,gold_reviewed_stage06_v1,1,medium,source_single_case_default,2,1,medium,cand01,false,manual_gold_review,manual_gold_review,,2026-04-19T08:27:31Z
583,FALSE,batch010,qa\validation\stage07_single_case_codex_gold\batch010\manifest.json,qa\validation\stage07_single_case_codex_gold\batch010\json\papers\583.json,qa\validation\stage07_single_case_codex_gold\batch010\json\segments\583.segments.json,qa\validation\stage07_single_case_codex_gold\batch010\json\target_views\583\p1.json,qa\validation\stage07_single_case_codex_gold\batch010\json\validation\583.validation.json,qa\validation\stage07_single_case_codex_gold\batch010\xml\583.annotated.xml,stage06_count_runs,results\stage06_count_runs\stage06_backfill_b001_n100_20260419\candidate_packages\583.json,results\stage06_count_runs\stage06_backfill_b001_n100_20260419\count_evidence\583.json,results\stage06_count_runs\stage06_backfill_b001_n100_20260419\results\583.json,,583,Stiff-person syndrome following tick-borne meningoencephalitis.,"Ehler, Edvard; Latta, Jan; Mandysova, Petra; Havlasova, Jana; Mrklovsky, Milan",single_case_report,case_report,data\extraction_json\text\583.json,full_text,true,1,high,manual_gold_review,false,false,count_basis=manual_gold_review | count_confidence=high | round_id=2026-04-19_stage06_b001_n100_manual_review | selection_bucket=stage06_backfill_batch_review | prediction_correct=true | reviewed_count=1 | reviewed_source_category=single_case_report | predicted_count=1 | predicted_source_category=single_case_report | reviewer_notes=Manual review confirms this paper reports one original SPS-spectrum patient.,gold_reviewed_stage06_v1,18,high,diagnosis_specific_suffix_count,3,1,high,cand02,false,manual_gold_review,manual_gold_review,COUNT_SPS_STATUS_UNCERTAIN,2026-04-19T08:27:31Z
588,FALSE,batch010,qa\validation\stage07_single_case_codex_gold\batch010\manifest.json,qa\validation\stage07_single_case_codex_gold\batch010\json\papers\588.json,qa\validation\stage07_single_case_codex_gold\batch010\json\segments\588.segments.json,qa\validation\stage07_single_case_codex_gold\batch010\json\target_views\588\p1.json,qa\validation\stage07_single_case_codex_gold\batch010\json\validation\588.validation.json,qa\validation\stage07_single_case_codex_gold\batch010\xml\588.annotated.xml,stage06_count_runs,results\stage06_count_runs\stage06_backfill_b001_n100_20260419\candidate_packages\588.json,results\stage06_count_runs\stage06_backfill_b001_n100_20260419\count_evidence\588.json,results\stage06_count_runs\stage06_backfill_b001_n100_20260419\results\588.json,,588,Efficacy of pregabalin in a case of stiff-person syndrome: clinical and neurophysiological evidence.,"Squintani, G; Bovi, T; Ferigo, L; Musso, A M; Ottaviani, S; Moretto, G; Morgante, F; Tinazzi, M",single_case_report,case_report,data\extraction_json\text\588.json,full_text,true,1,high,case_report_marker_single_case,false,false,"challenge_stage=primary | verification_status=llm_candidate_exact | llm_count_confidence=high | llm_selected_candidate_id=cand01 | This is a single-case report describing one original SPS-spectrum patient: a 71-year-old woman diagnosed with SPS. The title, abstract, and case report text consistently indicate a single patient with diagnosis-supported SPS and anti-GAD antibodies.",hybrid_v2_gpt-5.4,1,medium,case_report_marker_single_case,2,1,high,cand01,false,hybrid_local_gpt,llm_candidate_exact,,2026-04-18T22:56:00.596167+00:00
589,FALSE,batch011,qa\validation\stage07_single_case_codex_gold\batch011\manifest.json,qa\validation\stage07_single_case_codex_gold\batch011\json\papers\589.json,qa\validation\stage07_single_case_codex_gold\batch011\json\segments\589.segments.json,qa\validation\stage07_single_case_codex_gold\batch011\json\target_views\589\p1.json,qa\validation\stage07_single_case_codex_gold\batch011\json\validation\589.validation.json,qa\validation\stage07_single_case_codex_gold\batch011\xml\589.annotated.xml,stage06_count_runs,results\stage06_count_runs\stage06_backfill_b001_n100_20260419\candidate_packages\589.json,results\stage06_count_runs\stage06_backfill_b001_n100_20260419\count_evidence\589.json,results\stage06_count_runs\stage06_backfill_b001_n100_20260419\results\589.json,,589,Glycine receptor antibodies are detected in progressive encephalomyelitis with rigidity and myoclonus (PERM) but not in saccadic oscillations.,"Iizuka, Takahiro; Leite, Maria I; Lang, Bethan; Waters, Patrick; Urano, Yoshiaki; Miyakawa, Saori; Hamada, Junichi; Sakai, Fumihiko; Mochizuki, Hideki; Vincent, Angela",lab_heavy_clinical_or_translational,group_or_frequency_focused_lab_clinical_study,data\extraction_json\text\589.json,full_text,true,1,high,manual_gold_review,false,false,count_basis=manual_gold_review | count_confidence=high | round_id=2026-04-19_stage06_b001_n100_manual_review | selection_bucket=stage06_backfill_batch_review | prediction_correct=true | reviewed_count=1 | reviewed_source_category=lab_heavy_clinical_or_translational | predicted_count=1 | predicted_source_category=lab_heavy_clinical_or_translational | reviewer_notes=Manual review confirms one extractable original SPS-spectrum patient in this paper.,gold_reviewed_stage06_v1,1,medium,diagnosis_specific_case_label_count,2,1,medium,cand01,false,manual_gold_review,manual_gold_review,,2026-04-19T08:27:31Z
597,FALSE,batch011,qa\validation\stage07_single_case_codex_gold\batch011\manifest.json,qa\validation\stage07_single_case_codex_gold\batch011\json\papers\597.json,qa\validation\stage07_single_case_codex_gold\batch011\json\segments\597.segments.json,qa\validation\stage07_single_case_codex_gold\batch011\json\target_views\597\p1.json,qa\validation\stage07_single_case_codex_gold\batch011\json\validation\597.validation.json,qa\validation\stage07_single_case_codex_gold\batch011\xml\597.annotated.xml,stage06_count_runs,results\stage06_count_runs\stage06_backfill_b001_n100_20260419\candidate_packages\597.json,results\stage06_count_runs\stage06_backfill_b001_n100_20260419\count_evidence\597.json,results\stage06_count_runs\stage06_backfill_b001_n100_20260419\results\597.json,,597,"Lymphoma, thymoma and the wooden man: stiff-person syndrome post-thymoma excision and non-Hodgkin lymphoma remission.","Tsai, T; McGrath, R",single_case_report,case_report,data\extraction_json\text\597.json,full_text,true,1,high,case_report_marker_single_case,false,false,"challenge_stage=primary | verification_status=llm_candidate_exact | llm_count_confidence=high | llm_selected_candidate_id=cand01 | This paper is a single-patient case report. The abstract explicitly states it is a case report of typical SPS in a patient, and the full text describes one 66-year-old man with diagnosis-supported SPS.",hybrid_v2_gpt-5.4,1,medium,case_report_marker_single_case,3,1,high,cand01,false,hybrid_local_gpt,llm_candidate_exact,,2026-04-18T22:58:30.706767+00:00
607,FALSE,batch011,qa\validation\stage07_single_case_codex_gold\batch011\manifest.json,qa\validation\stage07_single_case_codex_gold\batch011\json\papers\607.json,qa\validation\stage07_single_case_codex_gold\batch011\json\segments\607.segments.json,qa\validation\stage07_single_case_codex_gold\batch011\json\target_views\607\p1.json,qa\validation\stage07_single_case_codex_gold\batch011\json\validation\607.validation.json,qa\validation\stage07_single_case_codex_gold\batch011\xml\607.annotated.xml,stage06_count_runs,results\stage06_count_runs\stage06_backfill_b001_n100_20260419\candidate_packages\607.json,results\stage06_count_runs\stage06_backfill_b001_n100_20260419\count_evidence\607.json,results\stage06_count_runs\stage06_backfill_b001_n100_20260419\results\607.json,,607,Botulinum toxin A in anti-GAD-positive stiff-limb syndrome.,"Anagnostou, Evangelos; Zambelis, Thomas",single_case_report,case_report,data\extraction_json\text\607.json,full_text,true,1,high,manual_gold_review,false,false,count_basis=manual_gold_review | count_confidence=high | round_id=2026-04-19_stage06_b001_n100_manual_review | selection_bucket=stage06_backfill_batch_review | prediction_correct=true | reviewed_count=1 | reviewed_source_category=single_case_report | predicted_count=1 | predicted_source_category=single_case_report | reviewer_notes=Manual review confirms this paper reports one original SPS-spectrum patient.,gold_reviewed_stage06_v1,1,medium,source_single_case_default,2,1,high,cand01,false,manual_gold_review,manual_gold_review,,2026-04-19T08:27:31Z
608,FALSE,batch011,qa\validation\stage07_single_case_codex_gold\batch011\manifest.json,qa\validation\stage07_single_case_codex_gold\batch011\json\papers\608.json,qa\validation\stage07_single_case_codex_gold\batch011\json\segments\608.segments.json,qa\validation\stage07_single_case_codex_gold\batch011\json\target_views\608\p1.json,qa\validation\stage07_single_case_codex_gold\batch011\json\validation\608.validation.json,qa\validation\stage07_single_case_codex_gold\batch011\xml\608.annotated.xml,stage06_count_runs,results\stage06_count_runs\stage06_backfill_b001_n100_20260419\candidate_packages\608.json,results\stage06_count_runs\stage06_backfill_b001_n100_20260419\count_evidence\608.json,results\stage06_count_runs\stage06_backfill_b001_n100_20260419\results\608.json,,608,Case records of the Massachusetts General Hospital. Case 27-2012. A 60-year-old woman with painful muscle spasms and hyperreflexia.,"Byrne, Thomas N; Isakoff, Steven Jay; Rincon, Sandra P; Gudewicz, Thomas M",single_case_report,case_report,data\extraction_json\text\608.json,full_text,true,1,medium,single_case_text_signal,true,false,"challenge_stage=primary | verification_status=llm_candidate_exact | llm_count_confidence=medium | llm_selected_candidate_id=cand01 | This paper is presented as a single-patient case report ('A 60-year-old woman') and the clinical description is consistent with a diagnosis-supported SPS-spectrum case. The best-supported extractable count is therefore 1 unique patient, but confidence remains medium because the supplied evidence pack does not include an explicit final diagnostic sentence.",hybrid_v2_gpt-5.4,1,medium,single_case_text_signal,2,1,medium,cand01,false,hybrid_local_gpt,llm_candidate_exact,,2026-04-18T23:00:42.620720+00:00
615,TRUE,batch011,qa\validation\stage07_single_case_codex_gold\batch011\manifest.json,qa\validation\stage07_single_case_codex_gold\batch011\json\papers\615.json,qa\validation\stage07_single_case_codex_gold\batch011\json\segments\615.segments.json,qa\validation\stage07_single_case_codex_gold\batch011\json\target_views\615\p1.json,qa\validation\stage07_single_case_codex_gold\batch011\json\validation\615.validation.json,qa\validation\stage07_single_case_codex_gold\batch011\xml\615.annotated.xml,stage06_count_runs,results\stage06_count_runs\stage06_backfill_b001_n100_20260419\candidate_packages\615.json,results\stage06_count_runs\stage06_backfill_b001_n100_20260419\count_evidence\615.json,results\stage06_count_runs\stage06_backfill_b001_n100_20260419\results\615.json,,615,Anti-GAD antibodies and breast cancer in a patient with stiff-person syndrome: a puzzling association.,"Sinnreich, M; Assal, F; Hefft, S; Magistris, M R; Chizzolini, C; Landis, T; Burkhard, P R",single_case_report,case_report,data\extraction_json\text\615.json,full_text,true,1,high,case_report_marker_single_case,false,false,"challenge_stage=primary | verification_status=llm_candidate_exact | llm_count_confidence=high | llm_selected_candidate_id=cand01 | This is a single-patient case report explicitly presenting one woman with stiff-person syndrome. The title and body both describe an individual patient, while other SPS counts in the text are clearly literature references rather than original cases from this paper.",hybrid_v2_gpt-5.4,1,medium,case_report_marker_single_case,2,1,high,cand01,false,hybrid_local_gpt,llm_candidate_exact,,2026-04-18T23:01:34.669859+00:00
616,FALSE,batch011,qa\validation\stage07_single_case_codex_gold\batch011\manifest.json,qa\validation\stage07_single_case_codex_gold\batch011\json\papers\616.json,qa\validation\stage07_single_case_codex_gold\batch011\json\segments\616.segments.json,qa\validation\stage07_single_case_codex_gold\batch011\json\target_views\616\p1.json,qa\validation\stage07_single_case_codex_gold\batch011\json\validation\616.validation.json,qa\validation\stage07_single_case_codex_gold\batch011\xml\616.annotated.xml,stage06_count_runs,results\stage06_count_runs\stage06_backfill_b001_n100_20260419\candidate_packages\616.json,results\stage06_count_runs\stage06_backfill_b001_n100_20260419\count_evidence\616.json,results\stage06_count_runs\stage06_backfill_b001_n100_20260419\results\616.json,,616,Improvement of stiff-person syndrome with tiagabine.,"Murinson, B B; Rizzo, M",single_case_report,case_report,data\extraction_json\text\616.json,full_text,true,1,high,source_single_case_default,false,false,challenge_stage=primary | verification_status=llm_candidate_exact | llm_count_confidence=high | llm_selected_candidate_id=cand01 | This paper explicitly presents a single original SPS patient as a case report. The text repeatedly refers to one antibody-negative patient with clinical SPS and then details her course and treatment response.,hybrid_v2_gpt-5.4,1,medium,source_single_case_default,2,1,high,cand01,false,hybrid_local_gpt,llm_candidate_exact,,2026-04-18T23:01:57.877646+00:00
621,TRUE,batch011,qa\validation\stage07_single_case_codex_gold\batch011\manifest.json,qa\validation\stage07_single_case_codex_gold\batch011\json\papers\621.json,qa\validation\stage07_single_case_codex_gold\batch011\json\segments\621.segments.json,qa\validation\stage07_single_case_codex_gold\batch011\json\target_views\621\p1.json,qa\validation\stage07_single_case_codex_gold\batch011\json\validation\621.validation.json,qa\validation\stage07_single_case_codex_gold\batch011\xml\621.annotated.xml,stage06_count_runs,results\stage06_count_runs\stage06_backfill_b001_n100_20260419\candidate_packages\621.json,results\stage06_count_runs\stage06_backfill_b001_n100_20260419\count_evidence\621.json,results\stage06_count_runs\stage06_backfill_b001_n100_20260419\results\621.json,,621,Stiff-person syndrome associated with cerebellar ataxia and high glutamic acid decarboxylase antibody titer.,"Kono, S; Miyajima, H; Sugimoto, M; Suzuki, Y; Takahashi, Y; Hishida, A",single_case_report,case_report,data\extraction_json\text\621.json,full_text,true,1,high,manual_gold_review,false,false,count_basis=manual_gold_review | count_confidence=high | round_id=2026-04-19_stage06_b001_n100_manual_review | selection_bucket=stage06_backfill_batch_review | prediction_correct=true | reviewed_count=1 | reviewed_source_category=single_case_report | predicted_count=1 | predicted_source_category=single_case_report | reviewer_notes=Manual review confirms this paper reports one original SPS-spectrum patient.,gold_reviewed_stage06_v1,1,medium,case_report_marker_single_case,2,1,medium,cand01,false,manual_gold_review,manual_gold_review,,2026-04-19T08:27:31Z
623,TRUE,batch011,qa\validation\stage07_single_case_codex_gold\batch011\manifest.json,qa\validation\stage07_single_case_codex_gold\batch011\json\papers\623.json,qa\validation\stage07_single_case_codex_gold\batch011\json\segments\623.segments.json,qa\validation\stage07_single_case_codex_gold\batch011\json\target_views\623\p1.json,qa\validation\stage07_single_case_codex_gold\batch011\json\validation\623.validation.json,qa\validation\stage07_single_case_codex_gold\batch011\xml\623.annotated.xml,stage06_count_runs,results\stage06_count_runs\stage06_backfill_b001_n100_20260419\candidate_packages\623.json,results\stage06_count_runs\stage06_backfill_b001_n100_20260419\count_evidence\623.json,results\stage06_count_runs\stage06_backfill_b001_n100_20260419\results\623.json,,623,Stiff-person syndrome associated with invasive thymoma: a case report.,"Hagiwara, H; Enomoto-Nakatani, S; Sakai, K; Ugawa, Y; Kusunoki, S; Kanazawa, I",single_case_report,case_report,data\extraction_json\text\623.json,full_text,true,1,high,manual_gold_review,false,false,count_basis=manual_gold_review | count_confidence=high | round_id=2026-04-19_stage06_b001_n100_manual_review | selection_bucket=stage06_backfill_batch_review | prediction_correct=true | reviewed_count=1 | reviewed_source_category=single_case_report | predicted_count=1 | predicted_source_category=single_case_report | reviewer_notes=Manual review confirms this paper reports one original SPS-spectrum patient.,gold_reviewed_stage06_v1,10,high,diagnosis_specific_table_row_count,3,1,medium,cand02,false,manual_gold_review,manual_gold_review,,2026-04-19T08:27:31Z
624,FALSE,batch011,qa\validation\stage07_single_case_codex_gold\batch011\manifest.json,qa\validation\stage07_single_case_codex_gold\batch011\json\papers\624.json,qa\validation\stage07_single_case_codex_gold\batch011\json\segments\624.segments.json,qa\validation\stage07_single_case_codex_gold\batch011\json\target_views\624\p1.json,qa\validation\stage07_single_case_codex_gold\batch011\json\validation\624.validation.json,qa\validation\stage07_single_case_codex_gold\batch011\xml\624.annotated.xml,stage06_count_runs,results\stage06_count_runs\stage06_backfill_b001_n100_20260419\candidate_packages\624.json,results\stage06_count_runs\stage06_backfill_b001_n100_20260419\count_evidence\624.json,results\stage06_count_runs\stage06_backfill_b001_n100_20260419\results\624.json,,624,Stiff leg syndrome: case report.,"Gurol, M E; Ertas, M; Hanagasi, H A; Sahin, H A; Gursoy, G; Emre, M",single_case_report,case_report,data\extraction_json\text\624.json,full_text,true,1,high,manual_gold_review,false,false,count_basis=manual_gold_review | count_confidence=high | round_id=2026-04-19_stage06_b001_n100_manual_review | selection_bucket=stage06_backfill_batch_review | prediction_correct=true | reviewed_count=1 | reviewed_source_category=single_case_report | predicted_count=1 | predicted_source_category=single_case_report | reviewer_notes=Manual review confirms this paper reports one original SPS-spectrum patient.,gold_reviewed_stage06_v1,1,medium,case_report_marker_single_case,2,1,medium,cand01,false,manual_gold_review,manual_gold_review,,2026-04-19T08:27:31Z
626,FALSE,batch011,qa\validation\stage07_single_case_codex_gold\batch011\manifest.json,qa\validation\stage07_single_case_codex_gold\batch011\json\papers\626.json,qa\validation\stage07_single_case_codex_gold\batch011\json\segments\626.segments.json,qa\validation\stage07_single_case_codex_gold\batch011\json\target_views\626\p1.json,qa\validation\stage07_single_case_codex_gold\batch011\json\validation\626.validation.json,qa\validation\stage07_single_case_codex_gold\batch011\xml\626.annotated.xml,stage06_count_runs,results\stage06_count_runs\stage06_backfill_b001_n100_20260419\candidate_packages\626.json,results\stage06_count_runs\stage06_backfill_b001_n100_20260419\count_evidence\626.json,results\stage06_count_runs\stage06_backfill_b001_n100_20260419\results\626.json,,626,Paraneoplastic stiff-person syndrome: no tumor progression over 5 years.,"Schmierer, K; Grosse, P; De Camilli, P; Solimena, M; Floyd, S; Zschenderlein, R",single_case_report,case_report,data\extraction_json\text\626.json,full_text,true,1,high,source_single_case_default,false,false,"challenge_stage=primary | verification_status=llm_candidate_exact | llm_count_confidence=high | llm_selected_candidate_id=cand01 | This is a single-patient case report describing one 53-year-old woman with SPS whose diagnosis is later reclassified as paraneoplastic SPS. The text consistently refers to a single patient and provides original clinical follow-up data, so the best-supported extractable SPS-spectrum count is 1.",hybrid_v2_gpt-5.4,1,medium,source_single_case_default,2,1,high,cand01,false,hybrid_local_gpt,llm_candidate_exact,,2026-04-18T23:04:46.145807+00:00
629,FALSE,batch012,qa\validation\stage07_single_case_codex_gold\batch012\manifest.json,qa\validation\stage07_single_case_codex_gold\batch012\json\papers\629.json,qa\validation\stage07_single_case_codex_gold\batch012\json\segments\629.segments.json,qa\validation\stage07_single_case_codex_gold\batch012\json\target_views\629\p1.json,qa\validation\stage07_single_case_codex_gold\batch012\json\validation\629.validation.json,qa\validation\stage07_single_case_codex_gold\batch012\xml\629.annotated.xml,stage06_count_runs,results\stage06_count_runs\stage06_629_hybrid_refresh_20260416\candidate_packages\629.json,results\stage06_count_runs\stage06_629_hybrid_refresh_20260416\count_evidence\629.json,results\stage06_count_runs\stage06_629_hybrid_refresh_20260416\results\629.json,,629,Anaesthesia for Stiff-Person Syndrome.,"Haslam, N; Price, K",single_case_report,case_report,data\extraction_json\text\629.json,full_text,true,1,high,manual_gold_review,false,false,count_basis=manual_gold_review | count_confidence=high | round_id=2026-04-05_round_03 | selection_bucket=review_lab_edge | prediction_correct=false | reviewed_count=1 | reviewed_source_category=single_case_report | predicted_count=1 | predicted_source_category=review_article,gold_reviewed_stage06_v1,1,medium,source_single_case_default,2,1,high,cand01,false,manual_gold_review,manual_gold_review,,2026-04-05T15:58:14.121024+00:00
634,FALSE,batch012,qa\validation\stage07_single_case_codex_gold\batch012\manifest.json,qa\validation\stage07_single_case_codex_gold\batch012\json\papers\634.json,qa\validation\stage07_single_case_codex_gold\batch012\json\segments\634.segments.json,qa\validation\stage07_single_case_codex_gold\batch012\json\target_views\634\p1.json,qa\validation\stage07_single_case_codex_gold\batch012\json\validation\634.validation.json,qa\validation\stage07_single_case_codex_gold\batch012\xml\634.annotated.xml,stage06_count_runs,results\stage06_count_runs\stage06_634_570_hybrid_refresh_20260416\candidate_packages\634.json,results\stage06_count_runs\stage06_634_570_hybrid_refresh_20260416\count_evidence\634.json,results\stage06_count_runs\stage06_634_570_hybrid_refresh_20260416\results\634.json,,634,Anaesthetic management of a patient with Stiff-person syndrome.,"Obara, M; Sawamura, S; Chinzei, M; Komatsu, K; Hanaoka, K",single_case_report,case_report,data\extraction_json\text\634.json,full_text,true,1,high,manual_gold_review,false,false,count_basis=manual_gold_review | count_confidence=high | round_id=2026-04-05_round_02 | selection_bucket=conference_edge | prediction_correct=true | reviewed_count=1 | reviewed_source_category=single_case_report | predicted_count=1 | predicted_source_category=single_case_report,gold_reviewed_stage06_v1,1,medium,case_report_marker_single_case,2,1,high,cand01,false,manual_gold_review,manual_gold_review,,2026-04-05T15:00:18.248900+00:00
637,TRUE,batch012,qa\validation\stage07_single_case_codex_gold\batch012\manifest.json,qa\validation\stage07_single_case_codex_gold\batch012\json\papers\637.json,qa\validation\stage07_single_case_codex_gold\batch012\json\segments\637.segments.json,qa\validation\stage07_single_case_codex_gold\batch012\json\target_views\637\p1.json,qa\validation\stage07_single_case_codex_gold\batch012\json\validation\637.validation.json,qa\validation\stage07_single_case_codex_gold\batch012\xml\637.annotated.xml,stage06_count_runs,results\stage06_count_runs\stage06_backfill_b001_n100_20260419\candidate_packages\637.json,results\stage06_count_runs\stage06_backfill_b001_n100_20260419\count_evidence\637.json,results\stage06_count_runs\stage06_backfill_b001_n100_20260419\results\637.json,,637,Progressive encephalomyelitis with rigidity presenting as a stiff-person syndrome.,"Gouider-Khouja, Neziha; Mekaouar, Aouatef; Larnaout, Abdelmajid; Miladi, Najoua; Ben Khelifa, Fethi; Hentati, Faycal",single_case_report,case_report,data\extraction_json\text\637.json,full_text,true,1,high,manual_gold_review,false,false,count_basis=manual_gold_review | count_confidence=high | round_id=2026-04-19_stage06_b001_n100_manual_review | selection_bucket=stage06_backfill_batch_review | prediction_correct=true | reviewed_count=1 | reviewed_source_category=single_case_report | predicted_count=1 | predicted_source_category=single_case_report | reviewer_notes=Manual review confirms this paper reports one original SPS-spectrum patient.,gold_reviewed_stage06_v1,1,medium,single_case_text_signal,2,1,medium,cand01,false,manual_gold_review,manual_gold_review,,2026-04-19T08:27:31Z
639,TRUE,batch012,qa\validation\stage07_single_case_codex_gold\batch012\manifest.json,qa\validation\stage07_single_case_codex_gold\batch012\json\papers\639.json,qa\validation\stage07_single_case_codex_gold\batch012\json\segments\639.segments.json,qa\validation\stage07_single_case_codex_gold\batch012\json\target_views\639\p1.json,qa\validation\stage07_single_case_codex_gold\batch012\json\validation\639.validation.json,qa\validation\stage07_single_case_codex_gold\batch012\xml\639.annotated.xml,stage06_count_runs,results\stage06_count_runs\stage06_backfill_b001_n100_20260419\candidate_packages\639.json,results\stage06_count_runs\stage06_backfill_b001_n100_20260419\count_evidence\639.json,results\stage06_count_runs\stage06_backfill_b001_n100_20260419\results\639.json,,639,Stiff-man syndrome: a case report and review of the literature.,"Kiriakos, Carol R; Franco, Kathleen N",single_case_report,case_report,data\extraction_json\text\639.json,full_text,true,1,high,case_report_marker_single_case,false,false,"challenge_stage=primary | verification_status=llm_candidate_exact | llm_count_confidence=high | llm_selected_candidate_id=cand01 | This paper is explicitly a case report and the full text states, ""We describe a patient diagnosed by neurological symptoms of SMS,"" followed by a single detailed patient history of a 36-year-old woman. The other patient counts in the text refer to prior literature and should not be counted as original cases from this paper.",hybrid_v2_gpt-5.4,1,medium,case_report_marker_single_case,2,1,high,cand01,false,hybrid_local_gpt,llm_candidate_exact,,2026-04-18T23:06:06.072430+00:00
640,FALSE,batch012,qa\validation\stage07_single_case_codex_gold\batch012\manifest.json,qa\validation\stage07_single_case_codex_gold\batch012\json\papers\640.json,qa\validation\stage07_single_case_codex_gold\batch012\json\segments\640.segments.json,qa\validation\stage07_single_case_codex_gold\batch012\json\target_views\640\p1.json,qa\validation\stage07_single_case_codex_gold\batch012\json\validation\640.validation.json,qa\validation\stage07_single_case_codex_gold\batch012\xml\640.annotated.xml,stage06_count_gold,,,,qa\validation\source_categorisation\gold_standard\stage06_count_gold\papers\640.json,640,Pathological evidence of encephalomyelitis in the stiff man syndrome with anti-GAD antibodies.,"Warren, Jason D; Scott, Grace; Blumbergs, Peter C; Thompson, Philip D",single_case_report,case_report,data/extraction_json/text/640.json,full_text,true,1,high,manual_gold_review,false,false,count_basis=manual_gold_review | count_confidence=high | round_id=stage04_llm_category_2026-04-05_round_02 | selection_bucket=high_confidence_control_overflow | prediction_correct=true | reviewed_count=1 | reviewed_source_category=single_case_report | predicted_count=1 | predicted_source_category=single_case_report,gold_reviewed_stage06_v1,,,,,,,,,manual_gold_review,manual_gold_review,,2026-04-05T18:48:40.491253+00:00
643,FALSE,batch012,qa\validation\stage07_single_case_codex_gold\batch012\manifest.json,qa\validation\stage07_single_case_codex_gold\batch012\json\papers\643.json,qa\validation\stage07_single_case_codex_gold\batch012\json\segments\643.segments.json,qa\validation\stage07_single_case_codex_gold\batch012\json\target_views\643\p1.json,qa\validation\stage07_single_case_codex_gold\batch012\json\validation\643.validation.json,qa\validation\stage07_single_case_codex_gold\batch012\xml\643.annotated.xml,stage06_count_runs,results\stage06_count_runs\stage06_backfill_b001_n100_20260419\candidate_packages\643.json,results\stage06_count_runs\stage06_backfill_b001_n100_20260419\count_evidence\643.json,results\stage06_count_runs\stage06_backfill_b001_n100_20260419\results\643.json,,643,Acute attacks and brain stem signs in a patient with glutamic acid decarboxylase autoantibodies.,"Matsumoto, S; Kusuhara, T; Nakajima, M; Ouma, S; Takahashi, M; Yamada, T",single_case_report,case_report,data\extraction_json\text\643.json,full_text,true,1,high,manual_gold_review,false,false,count_basis=manual_gold_review | count_confidence=high | round_id=2026-04-19_stage06_b001_n100_manual_review | selection_bucket=stage06_backfill_batch_review | prediction_correct=true | reviewed_count=1 | reviewed_source_category=single_case_report | predicted_count=1 | predicted_source_category=single_case_report | reviewer_notes=Manual review confirms this paper reports one original SPS-spectrum patient.,gold_reviewed_stage06_v1,1,medium,case_report_marker_single_case,2,1,low,,false,manual_gold_review,manual_gold_review,,2026-04-19T08:27:31Z
646,FALSE,batch012,qa\validation\stage07_single_case_codex_gold\batch012\manifest.json,qa\validation\stage07_single_case_codex_gold\batch012\json\papers\646.json,qa\validation\stage07_single_case_codex_gold\batch012\json\segments\646.segments.json,qa\validation\stage07_single_case_codex_gold\batch012\json\target_views\646\p1.json,qa\validation\stage07_single_case_codex_gold\batch012\json\validation\646.validation.json,qa\validation\stage07_single_case_codex_gold\batch012\xml\646.annotated.xml,stage06_count_runs,results\stage06_count_runs\stage06_backfill_b001_n100_20260419\candidate_packages\646.json,results\stage06_count_runs\stage06_backfill_b001_n100_20260419\count_evidence\646.json,results\stage06_count_runs\stage06_backfill_b001_n100_20260419\results\646.json,,646,Stiff-man syndrome: identification of 17 beta-hydroxysteroid dehydrogenase type 4 as a novel 80-kDa antineuronal antigen.,"Dinkel, Klaus; Rickert, Mathias; Moller, Gabriele; Adamski, Jerzy; Meinck, Hans-Michael; Richter, Wiltrud",lab_heavy_clinical_or_translational,group_or_frequency_focused_lab_clinical_study,data\extraction_json\text\646.json,full_text,true,1,high,manual_gold_review,false,false,count_basis=manual_gold_review | count_confidence=high | round_id=2026-04-19_stage06_b001_n100_manual_review | selection_bucket=stage06_backfill_batch_review | prediction_correct=false | reviewed_count=1 | reviewed_source_category=lab_heavy_clinical_or_translational | predicted_count=0 | predicted_source_category=lab_heavy_clinical_or_translational | reviewer_notes=Manual review confirms one extractable SPS-spectrum case with usable clinical information. The broader numbers in this laboratory-heavy paper describe specimens or donor material rather than additional original patients.,gold_reviewed_stage06_v1,0,low,lab_context_no_extractable_count,4,0,low,,false,manual_gold_review,manual_gold_review,,2026-04-19T08:27:31Z
647,FALSE,batch012,qa\validation\stage07_single_case_codex_gold\batch012\manifest.json,qa\validation\stage07_single_case_codex_gold\batch012\json\papers\647.json,qa\validation\stage07_single_case_codex_gold\batch012\json\segments\647.segments.json,qa\validation\stage07_single_case_codex_gold\batch012\json\target_views\647\p1.json,qa\validation\stage07_single_case_codex_gold\batch012\json\validation\647.validation.json,qa\validation\stage07_single_case_codex_gold\batch012\xml\647.annotated.xml,stage06_count_runs,results\stage06_count_runs\stage06_backfill_b001_n100_20260419\candidate_packages\647.json,results\stage06_count_runs\stage06_backfill_b001_n100_20260419\count_evidence\647.json,results\stage06_count_runs\stage06_backfill_b001_n100_20260419\results\647.json,,647,Stiff man syndrome presenting with low back pain.,"Bastin, A; Gurmin, V; Mediwake, R; Gibbs, J; Beynon, H",single_case_report,case_report,data\extraction_json\text\647.json,full_text,true,1,high,case_report_marker_single_case,false,false,challenge_stage=primary | verification_status=llm_candidate_exact | llm_count_confidence=high | llm_selected_candidate_id=cand01 | This is a single-case report describing one original patient with diagnosis-supported stiff man syndrome/stiff person spectrum disorder. The text gives an individual case narrative and explicitly supports the diagnosis with classical EMG findings and anti-GAD antibodies.,hybrid_v2_gpt-5.4,1,medium,case_report_marker_single_case,2,1,high,cand01,false,hybrid_local_gpt,llm_candidate_exact,,2026-04-18T23:07:52.320168+00:00
650,TRUE,batch012,qa\validation\stage07_single_case_codex_gold\batch012\manifest.json,qa\validation\stage07_single_case_codex_gold\batch012\json\papers\650.json,qa\validation\stage07_single_case_codex_gold\batch012\json\segments\650.segments.json,qa\validation\stage07_single_case_codex_gold\batch012\json\target_views\650\p1.json,qa\validation\stage07_single_case_codex_gold\batch012\json\validation\650.validation.json,qa\validation\stage07_single_case_codex_gold\batch012\xml\650.annotated.xml,stage06_count_runs,results\stage06_count_runs\stage06_backfill_b001_n100_20260419\candidate_packages\650.json,results\stage06_count_runs\stage06_backfill_b001_n100_20260419\count_evidence\650.json,results\stage06_count_runs\stage06_backfill_b001_n100_20260419\results\650.json,,650,Lower extremity predominant stiff-person syndrome and limbic encephalitis with amphiphysin antibodies in breast cancer.,"Krishna, Vivek R; Knievel, Kerry; Ladha, Shafeeq; Sivakumar, Kumaraswamy",single_case_report,case_report,data\extraction_json\text\650.json,full_text,true,1,high,manual_gold_review,false,false,count_basis=manual_gold_review | count_confidence=high | round_id=2026-04-19_stage06_b001_n100_manual_review | selection_bucket=stage06_backfill_batch_review | prediction_correct=true | reviewed_count=1 | reviewed_source_category=single_case_report | predicted_count=1 | predicted_source_category=single_case_report | reviewer_notes=Manual review confirms this paper reports one original SPS-spectrum patient.,gold_reviewed_stage06_v1,1,medium,case_report_marker_single_case,3,1,high,cand01,false,manual_gold_review,manual_gold_review,COUNT_SPS_STATUS_UNCERTAIN,2026-04-19T08:27:31Z
657,FALSE,batch012,qa\validation\stage07_single_case_codex_gold\batch012\manifest.json,qa\validation\stage07_single_case_codex_gold\batch012\json\papers\657.json,qa\validation\stage07_single_case_codex_gold\batch012\json\segments\657.segments.json,qa\validation\stage07_single_case_codex_gold\batch012\json\target_views\657\p1.json,qa\validation\stage07_single_case_codex_gold\batch012\json\validation\657.validation.json,qa\validation\stage07_single_case_codex_gold\batch012\xml\657.annotated.xml,stage06_count_runs,results\stage06_count_runs\stage06_backfill_b001_n100_20260419\candidate_packages\657.json,results\stage06_count_runs\stage06_backfill_b001_n100_20260419\count_evidence\657.json,results\stage06_count_runs\stage06_backfill_b001_n100_20260419\results\657.json,,657,Cannabis derivatives therapy for a seronegative stiff-person syndrome: a case report.,"Vicente-Valor, M I; Garcia-Llopis, P; Mejia Andujar, L; Antonino de la Camara, G; Garcia del Busto, N; Lopez Tinoco, M J; Quintana Vergara, B; Peiro Vilaplana, C; Dominguez Moran, J A; Sanchez Alcaraz, A",single_case_report,case_report,data\extraction_json\text\657.json,full_text,true,1,high,case_report_marker_single_case,false,false,challenge_stage=primary | verification_status=llm_candidate_exact | llm_count_confidence=high | llm_selected_candidate_id=cand01 | This is a single-case report with explicit language that the authors report one 40-year-old man with clinically diagnosed seronegative stiff-person syndrome. The evidence supports exactly 1 unique original SPS-spectrum patient.,hybrid_v2_gpt-5.4,1,medium,case_report_marker_single_case,2,1,high,cand01,false,hybrid_local_gpt,llm_candidate_exact,,2026-04-18T23:09:05.133037+00:00
658,FALSE,batch013,qa\validation\stage07_single_case_codex_gold\batch013\manifest.json,qa\validation\stage07_single_case_codex_gold\batch013\json\papers\658.json,qa\validation\stage07_single_case_codex_gold\batch013\json\segments\658.segments.json,qa\validation\stage07_single_case_codex_gold\batch013\json\target_views\658\p1.json,qa\validation\stage07_single_case_codex_gold\batch013\json\validation\658.validation.json,qa\validation\stage07_single_case_codex_gold\batch013\xml\658.annotated.xml,stage06_count_runs,results\stage06_count_runs\stage06_backfill_b001_n100_20260419\candidate_packages\658.json,results\stage06_count_runs\stage06_backfill_b001_n100_20260419\count_evidence\658.json,results\stage06_count_runs\stage06_backfill_b001_n100_20260419\results\658.json,,658,A case of childhood stiff-person syndrome with striatal lesions: a possible entity distinct from the classical adult form.,"Sanefuji, Masafumi; Torisu, Hiroyuki; Kira, Ryutaro; Yamashita, Hiroshi; Ejima, Kazuna; Shigeto, Hiroshi; Takada, Yui; Yoshida, Keiko; Hara, Toshiro",single_case_report,case_report,data\extraction_json\text\658.json,full_text,true,1,high,case_report_marker_single_case,false,false,challenge_stage=primary | verification_status=llm_candidate_exact | llm_count_confidence=high | llm_selected_candidate_id=cand01 | This single-case report explicitly describes one original patient: a 7-year-old girl diagnosed with childhood stiff-person syndrome. No evidence suggests additional SPS-spectrum cases in this paper.,hybrid_v2_gpt-5.4,1,medium,case_report_marker_single_case,2,1,high,cand01,false,hybrid_local_gpt,llm_candidate_exact,,2026-04-18T23:09:26.456838+00:00
661,FALSE,batch013,qa\validation\stage07_single_case_codex_gold\batch013\manifest.json,qa\validation\stage07_single_case_codex_gold\batch013\json\papers\661.json,qa\validation\stage07_single_case_codex_gold\batch013\json\segments\661.segments.json,qa\validation\stage07_single_case_codex_gold\batch013\json\target_views\661\p1.json,qa\validation\stage07_single_case_codex_gold\batch013\json\validation\661.validation.json,qa\validation\stage07_single_case_codex_gold\batch013\xml\661.annotated.xml,stage06_count_runs,results\stage06_count_runs\stage06_backfill_b001_n100_20260419\candidate_packages\661.json,results\stage06_count_runs\stage06_backfill_b001_n100_20260419\count_evidence\661.json,results\stage06_count_runs\stage06_backfill_b001_n100_20260419\results\661.json,,661,A 14-year-old girl with hyperekplexia having GLRB mutations.,"Mine, Jun; Taketani, Takeshi; Otsubo, Shusuke; Kishi, Kazuko; Yamaguchi, Seiji",single_case_report,case_report,data\extraction_json\text\661.json,full_text,true,1,high,manual_gold_review,false,false,count_basis=manual_gold_review | count_confidence=high | round_id=2026-04-19_stage06_b001_n100_manual_review | selection_bucket=stage06_backfill_batch_review | prediction_correct=true | reviewed_count=1 | reviewed_source_category=single_case_report | predicted_count=1 | predicted_source_category=single_case_report | reviewer_notes=Manual review confirms this paper reports one original SPS-spectrum patient.,gold_reviewed_stage06_v1,1,medium,source_single_case_default,3,1,medium,cand01,false,manual_gold_review,manual_gold_review,,2026-04-19T08:27:31Z
669,FALSE,batch013,qa\validation\stage07_single_case_codex_gold\batch013\manifest.json,qa\validation\stage07_single_case_codex_gold\batch013\json\papers\669.json,qa\validation\stage07_single_case_codex_gold\batch013\json\segments\669.segments.json,qa\validation\stage07_single_case_codex_gold\batch013\json\target_views\669\p1.json,qa\validation\stage07_single_case_codex_gold\batch013\json\validation\669.validation.json,qa\validation\stage07_single_case_codex_gold\batch013\xml\669.annotated.xml,stage06_count_runs,results\stage06_count_runs\stage06_backfill_b001_n100_20260419\candidate_packages\669.json,results\stage06_count_runs\stage06_backfill_b001_n100_20260419\count_evidence\669.json,results\stage06_count_runs\stage06_backfill_b001_n100_20260419\results\669.json,,669,Stiff man syndrome with invasive thymic carcinoma.,"Aghajanzadeh, Manouchehr; Alavi, Ali; Aghajanzadeh, Gilda; Massahania, Sara",single_case_report,case_report,data\extraction_json\text\669.json,full_text,true,1,high,single_case_text_signal,false,false,"challenge_stage=primary | verification_status=llm_candidate_exact | llm_count_confidence=high | llm_selected_candidate_id=cand01 | This single-case report explicitly describes one original patient with stiff man syndrome/stiff man syndrome (older SPS terminology). The text repeatedly refers to a single 32-year-old male patient treated by the authors, with diagnostic support from clinical features, thymoma imaging, and elevated anti-GAD antibody.",hybrid_v2_gpt-5.4,1,medium,single_case_text_signal,3,1,high,cand01,false,hybrid_local_gpt,llm_candidate_exact,,2026-04-18T23:12:57.013065+00:00
673,FALSE,batch013,qa\validation\stage07_single_case_codex_gold\batch013\manifest.json,qa\validation\stage07_single_case_codex_gold\batch013\json\papers\673.json,qa\validation\stage07_single_case_codex_gold\batch013\json\segments\673.segments.json,qa\validation\stage07_single_case_codex_gold\batch013\json\target_views\673\p1.json,qa\validation\stage07_single_case_codex_gold\batch013\json\validation\673.validation.json,qa\validation\stage07_single_case_codex_gold\batch013\xml\673.annotated.xml,stage06_count_gold,,,,qa\validation\source_categorisation\gold_standard\stage06_count_gold\papers\673.json,673,Trialing of intrathecal baclofen therapy for refractory stiff-person syndrome.,"Newton, J Camp; Harned, Michael E; Sloan, Paul A; Salles, Sara S",interventional_study,controlled_or_therapeutic_group_study,data\extraction_json\text\673.json,full_text,true,1,high,manual_gold_review,false,false,count_basis=manual_gold_review | count_confidence=high | round_id=2026-04-05_round_02 | selection_bucket=count_ambiguity | prediction_correct=true | reviewed_count=1 | reviewed_source_category=interventional_study | predicted_count=1 | predicted_source_category=interventional_study,gold_reviewed_stage06_v1,,,,,,,,,manual_gold_review,manual_gold_review,,2026-04-05T15:03:34.714045+00:00
678,FALSE,batch013,qa\validation\stage07_single_case_codex_gold\batch013\manifest.json,qa\validation\stage07_single_case_codex_gold\batch013\json\papers\678.json,qa\validation\stage07_single_case_codex_gold\batch013\json\segments\678.segments.json,qa\validation\stage07_single_case_codex_gold\batch013\json\target_views\678\p1.json,qa\validation\stage07_single_case_codex_gold\batch013\json\validation\678.validation.json,qa\validation\stage07_single_case_codex_gold\batch013\xml\678.annotated.xml,stage06_count_runs,results\stage06_count_runs\stage06_backfill_b001_n100_20260419\candidate_packages\678.json,results\stage06_count_runs\stage06_backfill_b001_n100_20260419\count_evidence\678.json,results\stage06_count_runs\stage06_backfill_b001_n100_20260419\results\678.json,,678,Antiglycine receptor-related stiff limb syndrome in a patient with chronic lymphocytic leukaemia.,"Derksen, Angelika; Stettner, Mark; Stocker, Winfried; Seitz, Rudiger J",single_case_report,case_report,data\extraction_json\text\678.json,full_text,true,1,high,case_report_marker_single_case,false,false,"challenge_stage=primary | verification_status=llm_candidate_exact | llm_count_confidence=high | llm_selected_candidate_id=cand01 | This is a single-case report describing one original patient with stiff limb syndrome, which is within the SPS-spectrum. The paper repeatedly frames the report as one man/patient and provides diagnosis-supported clinical details for that individual.",hybrid_v2_gpt-5.4,1,medium,case_report_marker_single_case,2,1,high,cand01,false,hybrid_local_gpt,llm_candidate_exact,,2026-04-18T23:13:38.839960+00:00
680,TRUE,batch013,qa\validation\stage07_single_case_codex_gold\batch013\manifest.json,qa\validation\stage07_single_case_codex_gold\batch013\json\papers\680.json,qa\validation\stage07_single_case_codex_gold\batch013\json\segments\680.segments.json,qa\validation\stage07_single_case_codex_gold\batch013\json\target_views\680\p1.json,qa\validation\stage07_single_case_codex_gold\batch013\json\validation\680.validation.json,qa\validation\stage07_single_case_codex_gold\batch013\xml\680.annotated.xml,stage06_count_runs,results\stage06_count_runs\stage06_backfill_b001_n100_20260419\candidate_packages\680.json,results\stage06_count_runs\stage06_backfill_b001_n100_20260419\count_evidence\680.json,results\stage06_count_runs\stage06_backfill_b001_n100_20260419\results\680.json,,680,Antiglycine receptor antibody and encephalomyelitis with rigidity and myoclonus (PERM) related to small cell lung cancer.,"Kyskan, Robert; Chapman, Kristine; Mattman, Andre; Sin, Don",single_case_report,case_report,data\extraction_json\text\680.json,full_text,true,1,high,manual_gold_review,false,false,count_basis=manual_gold_review | count_confidence=high | round_id=2026-04-19_stage06_b001_n100_manual_review | selection_bucket=stage06_backfill_batch_review | prediction_correct=true | reviewed_count=1 | reviewed_source_category=single_case_report | predicted_count=1 | predicted_source_category=single_case_report | reviewer_notes=Manual review confirms this paper reports one original SPS-spectrum patient.,gold_reviewed_stage06_v1,1,medium,case_report_marker_single_case,2,1,high,cand01,false,manual_gold_review,manual_gold_review,,2026-04-19T08:27:31Z
690,FALSE,batch013,qa\validation\stage07_single_case_codex_gold\batch013\manifest.json,qa\validation\stage07_single_case_codex_gold\batch013\json\papers\690.json,qa\validation\stage07_single_case_codex_gold\batch013\json\segments\690.segments.json,qa\validation\stage07_single_case_codex_gold\batch013\json\target_views\690\p1.json,qa\validation\stage07_single_case_codex_gold\batch013\json\validation\690.validation.json,qa\validation\stage07_single_case_codex_gold\batch013\xml\690.annotated.xml,stage06_count_runs,results\stage06_count_runs\stage06_backfill_b001_n100_20260419\candidate_packages\690.json,results\stage06_count_runs\stage06_backfill_b001_n100_20260419\count_evidence\690.json,results\stage06_count_runs\stage06_backfill_b001_n100_20260419\results\690.json,,690,Paraneoplastic stiff person syndrome associated with colon cancer misdiagnosed as idiopathic Parkinson's disease worsened after capecitabine therapy.,"Badzek, Sasa; Miletic, Vladimir; Prejac, Juraj; Gorsic, Irma; Golem, Hilda; Bilic, Ervina; Kekez, Domina; Librenjak, Niksa; Plestina, Stjepko",single_case_report,case_report,data\extraction_json\text\690.json,full_text,true,1,high,case_report_marker_single_case,false,false,"challenge_stage=primary | verification_status=llm_candidate_exact | llm_count_confidence=high | llm_selected_candidate_id=cand01 | This paper is explicitly a case report of one patient with paraneoplastic stiff person syndrome due to colon cancer. The abstract and full-text excerpt both describe a single 55-year-old woman, with no indication of additional original SPS-spectrum cases.",hybrid_v2_gpt-5.4,1,medium,case_report_marker_single_case,2,1,high,cand01,false,hybrid_local_gpt,llm_candidate_exact,,2026-04-18T23:16:08.156601+00:00
696,FALSE,batch013,qa\validation\stage07_single_case_codex_gold\batch013\manifest.json,qa\validation\stage07_single_case_codex_gold\batch013\json\papers\696.json,qa\validation\stage07_single_case_codex_gold\batch013\json\segments\696.segments.json,qa\validation\stage07_single_case_codex_gold\batch013\json\target_views\696\p1.json,qa\validation\stage07_single_case_codex_gold\batch013\json\validation\696.validation.json,qa\validation\stage07_single_case_codex_gold\batch013\xml\696.annotated.xml,stage06_count_runs,results\stage06_count_runs\stage06_backfill_b001_n100_20260419\candidate_packages\696.json,results\stage06_count_runs\stage06_backfill_b001_n100_20260419\count_evidence\696.json,results\stage06_count_runs\stage06_backfill_b001_n100_20260419\results\696.json,,696,Anesthesia considerations in stiff person syndrome.,"Sidransky, Moises A; Tran, Neilson V; Kaye, Alan David",single_case_report,case_report,data\extraction_json\text\696.json,full_text,true,1,high,manual_gold_review,false,false,count_basis=manual_gold_review | count_confidence=high | round_id=2026-04-19_stage06_b001_n100_manual_review | selection_bucket=stage06_backfill_batch_review | prediction_correct=true | reviewed_count=1 | reviewed_source_category=single_case_report | predicted_count=1 | predicted_source_category=single_case_report | reviewer_notes=Manual review confirms this paper reports one original SPS-spectrum patient.,gold_reviewed_stage06_v1,1,high,diagnosis_specific_table_row_count,4,1,high,cand01,false,manual_gold_review,manual_gold_review,COUNT_SPS_STATUS_UNCERTAIN,2026-04-19T08:27:31Z
708,FALSE,batch013,qa\validation\stage07_single_case_codex_gold\batch013\manifest.json,qa\validation\stage07_single_case_codex_gold\batch013\json\papers\708.json,qa\validation\stage07_single_case_codex_gold\batch013\json\segments\708.segments.json,qa\validation\stage07_single_case_codex_gold\batch013\json\target_views\708\p1.json,qa\validation\stage07_single_case_codex_gold\batch013\json\validation\708.validation.json,qa\validation\stage07_single_case_codex_gold\batch013\xml\708.annotated.xml,stage06_count_runs,results\stage06_count_runs\stage06_backfill_b001_n100_20260419\candidate_packages\708.json,results\stage06_count_runs\stage06_backfill_b001_n100_20260419\count_evidence\708.json,results\stage06_count_runs\stage06_backfill_b001_n100_20260419\results\708.json,,708,Evidence of T-cell mediated neuronal injury in stiff-person syndrome with anti-amphiphysin antibodies.,"Poh, Mervyn Q W; Simon, Neil G; Buckland, Michael E; Salisbury, Elizabeth; Watson, Shaun",single_case_report,case_report,data\extraction_json\text\708.json,full_text,true,1,high,single_case_text_signal,false,false,challenge_stage=primary | verification_status=llm_candidate_exact | llm_count_confidence=high | llm_selected_candidate_id=cand01 | This single-case report explicitly describes one original SPS-spectrum patient: a 74-year-old woman with amphiphysin-associated paraneoplastic stiff-person syndrome and associated encephalomyelitis. No evidence suggests additional original SPS-spectrum cases in this paper.,hybrid_v2_gpt-5.4,1,medium,single_case_text_signal,2,1,high,cand01,false,hybrid_local_gpt,llm_candidate_exact,,2026-04-18T23:17:46.993524+00:00
716,TRUE,batch013,qa\validation\stage07_single_case_codex_gold\batch013\manifest.json,qa\validation\stage07_single_case_codex_gold\batch013\json\papers\716.json,qa\validation\stage07_single_case_codex_gold\batch013\json\segments\716.segments.json,qa\validation\stage07_single_case_codex_gold\batch013\json\target_views\716\p1.json,qa\validation\stage07_single_case_codex_gold\batch013\json\validation\716.validation.json,qa\validation\stage07_single_case_codex_gold\batch013\xml\716.annotated.xml,stage06_count_runs,results\stage06_count_runs\stage06_backfill_b001_n100_20260419_resume01\candidate_packages\716.json,results\stage06_count_runs\stage06_backfill_b001_n100_20260419_resume01\count_evidence\716.json,results\stage06_count_runs\stage06_backfill_b001_n100_20260419_resume01\results\716.json,,716,The horses are the first thought but one must not forget the zebras even if they are rare: Stiff person syndrome associated with malignant mesothelioma.,"Koca, Irfan; Ucar, Mehmet; Kalender, Mehmet Emin; Alkan, Samet",single_case_report,case_report,data\extraction_json\text\716.json,full_text,true,1,high,case_report_marker_single_case,false,false,challenge_stage=primary | verification_status=llm_candidate_exact | llm_count_confidence=high | llm_selected_candidate_id=cand01 | This is a single case report and the text explicitly states that the authors present one 58-year-old female patient with malignant mesothelioma-associated stiff person syndrome. The other SPS cases mentioned are literature reports and should not be counted.,hybrid_v2_gpt-5.4,1,medium,case_report_marker_single_case,3,1,high,cand01,false,hybrid_local_gpt,llm_candidate_exact,,2026-04-18T23:27:18.574617+00:00
719,TRUE,batch014,qa\validation\stage07_single_case_codex_gold\batch014\manifest.json,qa\validation\stage07_single_case_codex_gold\batch014\json\papers\719.json,qa\validation\stage07_single_case_codex_gold\batch014\json\segments\719.segments.json,qa\validation\stage07_single_case_codex_gold\batch014\json\target_views\719\p1.json,qa\validation\stage07_single_case_codex_gold\batch014\json\validation\719.validation.json,qa\validation\stage07_single_case_codex_gold\batch014\xml\719.annotated.xml,stage06_count_runs,results\stage06_count_runs\stage06_backfill_b001_n100_20260419_resume01\candidate_packages\719.json,results\stage06_count_runs\stage06_backfill_b001_n100_20260419_resume01\count_evidence\719.json,results\stage06_count_runs\stage06_backfill_b001_n100_20260419_resume01\results\719.json,,719,Recurrent thymoma with stiff-person syndrome and pure red blood cell aplasia.,"Kobayashi, Rei; Kaji, Masahiro; Horiuchi, Sho; Miyahara, Naofumi; Hino, Yumi; Suemasu, Keiichi",single_case_report,case_report,data\extraction_json\text\719.json,full_text,true,1,high,case_report_marker_single_case,false,false,"challenge_stage=primary | verification_status=llm_candidate_exact | llm_count_confidence=high | llm_selected_candidate_id=cand01 | This single-case report explicitly describes one original patient with diagnosed stiff-person syndrome associated with recurrent thymoma and pure red blood cell aplasia. The abstract and body both identify a single woman as the reported case, supporting a count of 1 SPS-spectrum patient.",hybrid_v2_gpt-5.4,1,medium,case_report_marker_single_case,2,1,high,cand01,false,hybrid_local_gpt,llm_candidate_exact,,2026-04-18T23:27:39.047709+00:00
733,FALSE,batch014,qa\validation\stage07_single_case_codex_gold\batch014\manifest.json,qa\validation\stage07_single_case_codex_gold\batch014\json\papers\733.json,qa\validation\stage07_single_case_codex_gold\batch014\json\segments\733.segments.json,qa\validation\stage07_single_case_codex_gold\batch014\json\target_views\733\p1.json,qa\validation\stage07_single_case_codex_gold\batch014\json\validation\733.validation.json,qa\validation\stage07_single_case_codex_gold\batch014\xml\733.annotated.xml,stage06_count_runs,results\stage06_count_runs\stage06_backfill_b001_n100_20260419_resume01\candidate_packages\733.json,results\stage06_count_runs\stage06_backfill_b001_n100_20260419_resume01\count_evidence\733.json,results\stage06_count_runs\stage06_backfill_b001_n100_20260419_resume01\results\733.json,,733,"LADA type diabetes, celiac diasease, cerebellar ataxia and stiff person syndrome. A rare association of autoimmune disorders.","Soos, Zsuzsanna; Salamon, Monika; Erdei, Katalin; Kaszas, Nora; Folyovich, Andras; Szucs, Anna; Barcs, Gabor; Aranyi, Zsuzsanna; Skaliczkis, Jozsef; Vadasdi, Karoly; Winkler, Gabor",single_case_report,case_report,data\extraction_json\text\733.json,full_text,true,1,high,manual_gold_review,false,false,count_basis=manual_gold_review | count_confidence=high | round_id=2026-04-19_stage06_b001_n100_manual_review | selection_bucket=stage06_backfill_batch_review | prediction_correct=true | reviewed_count=1 | reviewed_source_category=single_case_report | predicted_count=1 | predicted_source_category=single_case_report | reviewer_notes=Manual review confirms this paper reports one original SPS-spectrum patient.,gold_reviewed_stage06_v1,1,medium,source_single_case_default,2,1,low,,false,manual_gold_review,manual_gold_review,,2026-04-19T08:27:31Z
736,FALSE,batch014,qa\validation\stage07_single_case_codex_gold\batch014\manifest.json,qa\validation\stage07_single_case_codex_gold\batch014\json\papers\736.json,qa\validation\stage07_single_case_codex_gold\batch014\json\segments\736.segments.json,qa\validation\stage07_single_case_codex_gold\batch014\json\target_views\736\p1.json,qa\validation\stage07_single_case_codex_gold\batch014\json\validation\736.validation.json,qa\validation\stage07_single_case_codex_gold\batch014\xml\736.annotated.xml,stage06_count_runs,results\stage06_count_runs\stage06_backfill_b001_n100_20260419_resume01\candidate_packages\736.json,results\stage06_count_runs\stage06_backfill_b001_n100_20260419_resume01\count_evidence\736.json,results\stage06_count_runs\stage06_backfill_b001_n100_20260419_resume01\results\736.json,,736,Stiff person syndrome: a case report.,"Kelly, Patricia A; Kuberski, Carolyn",single_case_report,case_report,data\extraction_json\text\736.json,full_text,true,1,high,case_report_marker_single_case,false,false,"challenge_stage=primary | verification_status=llm_candidate_exact | llm_count_confidence=high | llm_selected_candidate_id=cand01 | This paper is an explicit single-patient case report. The full text describes one 64-year-old woman who was ultimately diagnosed with paraneoplastic stiff person syndrome, so the best-supported extractable SPS-spectrum count is 1.",hybrid_v2_gpt-5.4,1,medium,case_report_marker_single_case,2,1,high,cand01,false,hybrid_local_gpt,llm_candidate_exact,,2026-04-18T23:29:04.288204+00:00
754,TRUE,batch014,qa\validation\stage07_single_case_codex_gold\batch014\manifest.json,qa\validation\stage07_single_case_codex_gold\batch014\json\papers\754.json,qa\validation\stage07_single_case_codex_gold\batch014\json\segments\754.segments.json,qa\validation\stage07_single_case_codex_gold\batch014\json\target_views\754\p1.json,qa\validation\stage07_single_case_codex_gold\batch014\json\validation\754.validation.json,qa\validation\stage07_single_case_codex_gold\batch014\xml\754.annotated.xml,stage06_count_runs,results\stage06_count_runs\stage06_backfill_b001_n100_20260419_resume01\candidate_packages\754.json,results\stage06_count_runs\stage06_backfill_b001_n100_20260419_resume01\count_evidence\754.json,results\stage06_count_runs\stage06_backfill_b001_n100_20260419_resume01\results\754.json,,754,Botulinum toxin a injection to facial and cervical paraspinal muscles in a patient with stiff person syndrome: a case report.,"Pakeerappa, Praveen N; Birthi, Pravardhan; Salles, Sara",single_case_report,case_report,data\extraction_json\text\754.json,full_text,true,1,high,diagnosis_specific_patient_case_count,false,false,"challenge_stage=primary | verification_status=llm_candidate_exact | llm_count_confidence=high | llm_selected_candidate_id=cand03 | The paper is a single case report and explicitly states, both in the title and abstract, that it presents one 48-year-old male patient with stiff person syndrome. This supports an extractable SPS-spectrum count of 1 unique original patient.",hybrid_v2_gpt-5.4,1,medium,case_report_marker_single_case,3,1,high,cand03,false,hybrid_local_gpt,llm_candidate_exact,,2026-04-18T23:31:34.641986+00:00
760,FALSE,batch014,qa\validation\stage07_single_case_codex_gold\batch014\manifest.json,qa\validation\stage07_single_case_codex_gold\batch014\json\papers\760.json,qa\validation\stage07_single_case_codex_gold\batch014\json\segments\760.segments.json,qa\validation\stage07_single_case_codex_gold\batch014\json\target_views\760\p1.json,qa\validation\stage07_single_case_codex_gold\batch014\json\validation\760.validation.json,qa\validation\stage07_single_case_codex_gold\batch014\xml\760.annotated.xml,stage06_count_runs,results\stage06_count_runs\stage06_backfill_b001_n100_20260419_resume01\candidate_packages\760.json,results\stage06_count_runs\stage06_backfill_b001_n100_20260419_resume01\count_evidence\760.json,results\stage06_count_runs\stage06_backfill_b001_n100_20260419_resume01\results\760.json,,760,Anesthesia in a patient with Stiff Person Syndrome.,"Yagan, Ozgur; Ozyilmaz, Kadir; Ozmaden, Ahmet; Sayin, Ozgur; Hanci, Volkan",single_case_report,case_report,data\extraction_json\text\760.json,full_text,true,1,high,manual_gold_review,false,false,count_basis=manual_gold_review | count_confidence=high | round_id=2026-04-19_stage06_b001_n100_manual_review | selection_bucket=stage06_backfill_batch_review | prediction_correct=true | reviewed_count=1 | reviewed_source_category=single_case_report | predicted_count=1 | predicted_source_category=single_case_report | reviewer_notes=Manual review confirms this paper reports one original SPS-spectrum patient.,gold_reviewed_stage06_v1,1,medium,case_report_marker_single_case,3,1,medium,cand03,false,manual_gold_review,manual_gold_review,,2026-04-19T08:27:31Z
761,FALSE,batch014,qa\validation\stage07_single_case_codex_gold\batch014\manifest.json,qa\validation\stage07_single_case_codex_gold\batch014\json\papers\761.json,qa\validation\stage07_single_case_codex_gold\batch014\json\segments\761.segments.json,qa\validation\stage07_single_case_codex_gold\batch014\json\target_views\761\p1.json,qa\validation\stage07_single_case_codex_gold\batch014\json\validation\761.validation.json,qa\validation\stage07_single_case_codex_gold\batch014\xml\761.annotated.xml,stage06_count_runs,results\stage06_count_runs\stage06_backfill_b001_n100_20260419_resume01\candidate_packages\761.json,results\stage06_count_runs\stage06_backfill_b001_n100_20260419_resume01\count_evidence\761.json,results\stage06_count_runs\stage06_backfill_b001_n100_20260419_resume01\results\761.json,,761,Stiff Person Syndrome Masquerading as Acute Coronary Syndrome.,"Sharma, Ashish; Soe, Myat Han; Singh, Jagdeep; Newsome, Scott D",single_case_report,case_report,data\extraction_json\text\761.json,full_text,true,1,high,diagnosis_specific_table_row_count,false,false,"challenge_stage=primary | verification_status=llm_candidate_exact | llm_count_confidence=high | llm_selected_candidate_id=cand01 | This is a single-case report describing one middle-aged male with classic stiff person syndrome. The abstract and case report text both explicitly indicate an original individual patient report, supporting a count of 1.",hybrid_v2_gpt-5.4,1,high,diagnosis_specific_table_row_count,4,1,high,cand01,false,hybrid_local_gpt,llm_candidate_exact,,2026-04-18T23:32:15.097513+00:00
763,FALSE,batch014,qa\validation\stage07_single_case_codex_gold\batch014\manifest.json,qa\validation\stage07_single_case_codex_gold\batch014\json\papers\763.json,qa\validation\stage07_single_case_codex_gold\batch014\json\segments\763.segments.json,qa\validation\stage07_single_case_codex_gold\batch014\json\target_views\763\p1.json,qa\validation\stage07_single_case_codex_gold\batch014\json\validation\763.validation.json,qa\validation\stage07_single_case_codex_gold\batch014\xml\763.annotated.xml,stage06_count_runs,results\stage06_count_runs\stage06_backfill_b001_n100_20260419_resume01\candidate_packages\763.json,results\stage06_count_runs\stage06_backfill_b001_n100_20260419_resume01\count_evidence\763.json,results\stage06_count_runs\stage06_backfill_b001_n100_20260419_resume01\results\763.json,,763,Stiff person syndrome in South Asia.,"Chang, Thashi; Lang, Bethan; Vincent, Angela",single_case_report,case_report,data\extraction_json\text\763.json,full_text,true,1,high,source_single_case_override,false,false,"challenge_stage=primary | verification_status=llm_candidate_exact | llm_count_confidence=high | llm_selected_candidate_id=cand01 | This is a single original case report describing one authenticated Sri Lankan patient with classic SPS. The mention of 14 South Asian cases is background literature context, not an original cohort reported by this paper.",hybrid_v2_gpt-5.4,1,medium,source_single_case_override,3,1,high,cand01,false,hybrid_local_gpt,llm_candidate_exact,,2026-04-18T23:32:37.232837+00:00
782,FALSE,batch014,qa\validation\stage07_single_case_codex_gold\batch014\manifest.json,qa\validation\stage07_single_case_codex_gold\batch014\json\papers\782.json,qa\validation\stage07_single_case_codex_gold\batch014\json\segments\782.segments.json,qa\validation\stage07_single_case_codex_gold\batch014\json\target_views\782\p1.json,qa\validation\stage07_single_case_codex_gold\batch014\json\validation\782.validation.json,qa\validation\stage07_single_case_codex_gold\batch014\xml\782.annotated.xml,stage06_count_runs,results\stage06_count_runs\stage06_backfill_b001_n100_20260419_resume01\candidate_packages\782.json,results\stage06_count_runs\stage06_backfill_b001_n100_20260419_resume01\count_evidence\782.json,results\stage06_count_runs\stage06_backfill_b001_n100_20260419_resume01\results\782.json,,782,"Clinical Reasoning: A 35-year-old woman with hyperstartling, stiffness, and accidental falls: A startling diagnosis.","Russo, Silvia Paola; Fossati, Barbara; Toffetti, Mauro; Lanzone, Jacopo; Cardani, Rosanna; Meola, Giovanni",single_case_report,case_report,data\extraction_json\text\782.json,full_text,true,1,high,manual_gold_review,false,false,count_basis=manual_gold_review | count_confidence=high | round_id=2026-04-19_stage06_b001_n100_manual_review | selection_bucket=stage06_backfill_batch_review | prediction_correct=true | reviewed_count=1 | reviewed_source_category=single_case_report | predicted_count=1 | predicted_source_category=single_case_report | reviewer_notes=Manual review confirms this paper reports one original SPS-spectrum patient.,gold_reviewed_stage06_v1,1,medium,single_case_text_signal,2,1,medium,cand01,false,manual_gold_review,manual_gold_review,,2026-04-19T08:27:31Z
789,FALSE,batch014,qa\validation\stage07_single_case_codex_gold\batch014\manifest.json,qa\validation\stage07_single_case_codex_gold\batch014\json\papers\789.json,qa\validation\stage07_single_case_codex_gold\batch014\json\segments\789.segments.json,qa\validation\stage07_single_case_codex_gold\batch014\json\target_views\789\p1.json,qa\validation\stage07_single_case_codex_gold\batch014\json\validation\789.validation.json,qa\validation\stage07_single_case_codex_gold\batch014\xml\789.annotated.xml,stage06_count_runs,results\stage06_count_runs\stage06_backfill_b001_n100_20260419_resume01\candidate_packages\789.json,results\stage06_count_runs\stage06_backfill_b001_n100_20260419_resume01\count_evidence\789.json,results\stage06_count_runs\stage06_backfill_b001_n100_20260419_resume01\results\789.json,,789,Central Sleep Apnea and Stiff Person Syndrome: A Case Report.,"Netchitailo, Marie; Senant, Jacques; Portier, Florence; Tardif, Catherine",single_case_report,case_report,data\extraction_json\text\789.json,full_text,true,1,high,case_report_marker_single_case,false,false,challenge_stage=primary | verification_status=llm_candidate_exact | llm_count_confidence=high | llm_selected_candidate_id=cand01 | This is an original single-case report that explicitly describes one patient with diagnosis-supported classic stiff person syndrome. No evidence suggests additional SPS-spectrum patients in the paper.,hybrid_v2_gpt-5.4,1,medium,case_report_marker_single_case,2,1,high,cand01,false,hybrid_local_gpt,llm_candidate_exact,,2026-04-18T23:34:55.752793+00:00
804,FALSE,batch014,qa\validation\stage07_single_case_codex_gold\batch014\manifest.json,qa\validation\stage07_single_case_codex_gold\batch014\json\papers\804.json,qa\validation\stage07_single_case_codex_gold\batch014\json\segments\804.segments.json,qa\validation\stage07_single_case_codex_gold\batch014\json\target_views\804\p1.json,qa\validation\stage07_single_case_codex_gold\batch014\json\validation\804.validation.json,qa\validation\stage07_single_case_codex_gold\batch014\xml\804.annotated.xml,stage06_count_runs,results\stage06_count_runs\stage06_backfill_b001_n100_20260419_resume01\candidate_packages\804.json,results\stage06_count_runs\stage06_backfill_b001_n100_20260419_resume01\count_evidence\804.json,results\stage06_count_runs\stage06_backfill_b001_n100_20260419_resume01\results\804.json,,804,Case report of a woman with anti amphiphysin positive stiff person syndrome.,"Manhalter, Nora; Gyorfi, Orsolya; Boros, Erzsebet; Bokor, Magdolna; Fazekas, Ferenc; Denes, Zoltan; Fabo, Daniel; Kamondi, Anita; Eross, Lorand",single_case_report,case_report,data\extraction_json\text\804.json,full_text,true,1,high,case_report_marker_single_case,false,false,"challenge_stage=primary | verification_status=llm_candidate_exact | llm_count_confidence=high | llm_selected_candidate_id=cand01 | This single-case report explicitly describes one 68-year-old woman with anti-amphiphysin positive stiff person syndrome associated with breast cancer. The title, abstract, and full-text excerpt consistently indicate a single original SPS-spectrum patient.",hybrid_v2_gpt-5.4,1,medium,case_report_marker_single_case,2,1,high,cand01,false,hybrid_local_gpt,llm_candidate_exact,,2026-04-18T23:37:49.511997+00:00
807,FALSE,batch015,qa\validation\stage07_single_case_codex_gold\batch015\manifest.json,qa\validation\stage07_single_case_codex_gold\batch015\json\papers\807.json,qa\validation\stage07_single_case_codex_gold\batch015\json\segments\807.segments.json,qa\validation\stage07_single_case_codex_gold\batch015\json\target_views\807\p1.json,qa\validation\stage07_single_case_codex_gold\batch015\json\validation\807.validation.json,qa\validation\stage07_single_case_codex_gold\batch015\xml\807.annotated.xml,stage06_count_runs,results\stage06_count_runs\stage06_backfill_b001_n100_20260419_resume01\candidate_packages\807.json,results\stage06_count_runs\stage06_backfill_b001_n100_20260419_resume01\count_evidence\807.json,results\stage06_count_runs\stage06_backfill_b001_n100_20260419_resume01\results\807.json,,807,Treatment and Resolution of Filamentary Keratitis in a Patient with Stiff Person Syndrome.,"Bae, Steven S; Yeung, Sonia N; Chan, Clara C",single_case_report,case_report,data\extraction_json\text_trimmed\807.json,trimmed,true,1,high,abstract_count_signal,false,false,challenge_stage=primary | verification_status=llm_candidate_exact | llm_count_confidence=high | llm_selected_candidate_id=cand01 | This is a single-patient case report describing one 26-year-old woman whose investigations revealed a diagnosis of stiff person syndrome with positive GAD autoantibodies. The evidence supports exactly 1 unique original SPS-spectrum patient in the paper.,hybrid_v2_gpt-5.4,1,medium,abstract_count_signal,3,1,high,cand01,false,hybrid_local_gpt,llm_candidate_exact,,2026-04-18T23:38:10.374241+00:00
823,FALSE,batch015,qa\validation\stage07_single_case_codex_gold\batch015\manifest.json,qa\validation\stage07_single_case_codex_gold\batch015\json\papers\823.json,qa\validation\stage07_single_case_codex_gold\batch015\json\segments\823.segments.json,qa\validation\stage07_single_case_codex_gold\batch015\json\target_views\823\p1.json,qa\validation\stage07_single_case_codex_gold\batch015\json\validation\823.validation.json,qa\validation\stage07_single_case_codex_gold\batch015\xml\823.annotated.xml,stage06_count_runs,results\stage06_count_runs\stage06_backfill_b001_n100_20260419_resume01\candidate_packages\823.json,results\stage06_count_runs\stage06_backfill_b001_n100_20260419_resume01\count_evidence\823.json,results\stage06_count_runs\stage06_backfill_b001_n100_20260419_resume01\results\823.json,,823,Stiff Person Syndrome With Evidence of Nonspecific Focal Myositis Secondary to Sustained Muscle Contraction: A Case Report.,"No, Seung-Wook; Im, Il-Kyu; Kim, Du Hwan",single_case_report,case_report,data\extraction_json\text\823.json,full_text,true,1,high,case_report_marker_single_case,false,false,challenge_stage=primary | verification_status=llm_candidate_exact | llm_count_confidence=high | llm_selected_candidate_id=cand01 | This paper is an original single-case report and explicitly states that it reports one 36-year-old woman with stiff person syndrome. No evidence suggests additional original SPS-spectrum patients in this paper.,hybrid_v2_gpt-5.4,1,medium,case_report_marker_single_case,2,1,high,cand01,false,hybrid_local_gpt,llm_candidate_exact,,2026-04-18T23:40:58.425446+00:00
828,TRUE,batch015,qa\validation\stage07_single_case_codex_gold\batch015\manifest.json,qa\validation\stage07_single_case_codex_gold\batch015\json\papers\828.json,qa\validation\stage07_single_case_codex_gold\batch015\json\segments\828.segments.json,qa\validation\stage07_single_case_codex_gold\batch015\json\target_views\828\p1.json,qa\validation\stage07_single_case_codex_gold\batch015\json\validation\828.validation.json,qa\validation\stage07_single_case_codex_gold\batch015\xml\828.annotated.xml,stage06_count_runs,results\stage06_count_runs\stage06_backfill_b001_n100_20260419_resume01\candidate_packages\828.json,results\stage06_count_runs\stage06_backfill_b001_n100_20260419_resume01\count_evidence\828.json,results\stage06_count_runs\stage06_backfill_b001_n100_20260419_resume01\results\828.json,,828,Stiff-person Syndrome with Waldenstrom Macroglobulinemia.,"Horiuchi, Kazuhiro; Maruo, Yasunori; Matsuoka, Satomi",single_case_report,case_report,data\extraction_json\text\828.json,full_text,true,1,high,single_case_text_signal,false,false,"challenge_stage=challenge | verification_status=llm_candidate_exact | llm_count_confidence=high | challenge_reasons=explicit_sps_subgroup_conflict=1 vs 6 | llm_selected_candidate_id=cand02 | This is a single original case report of one 73-year-old woman with stiff-person syndrome. The competing count of 6 refers to prior literature on paraneoplastic SPS cases with detected antibodies, not to six patients reported in this paper.",hybrid_v2_gpt-5.4,6,high,diagnosis_specific_suffix_count,3,1,high,cand02,false,hybrid_local_gpt,llm_candidate_exact,,2026-04-18T23:41:54.945265+00:00
829,FALSE,batch015,qa\validation\stage07_single_case_codex_gold\batch015\manifest.json,qa\validation\stage07_single_case_codex_gold\batch015\json\papers\829.json,qa\validation\stage07_single_case_codex_gold\batch015\json\segments\829.segments.json,qa\validation\stage07_single_case_codex_gold\batch015\json\target_views\829\p1.json,qa\validation\stage07_single_case_codex_gold\batch015\json\validation\829.validation.json,qa\validation\stage07_single_case_codex_gold\batch015\xml\829.annotated.xml,stage06_count_runs,results\stage06_count_runs\stage06_backfill_b001_n100_20260419_resume01\candidate_packages\829.json,results\stage06_count_runs\stage06_backfill_b001_n100_20260419_resume01\count_evidence\829.json,results\stage06_count_runs\stage06_backfill_b001_n100_20260419_resume01\results\829.json,,829,Progressive Encephalomyelitis with Rigidity and Myoclonus Resolving after Thymectomy with Subsequent Anasarca: An Autopsy Case.,"Ozaki, Kokoro; Ohkubo, Takuya; Yamada, Tetsuo; Yoshioka, Kotaro; Ichijo, Masahiko; Majima, Takamasa; Kudo, Shunsuke; Akashi, Takumi; Honda, Keiji; Ito, Eisaku; Watanabe, Mayumi; Sekine, Masaki; Hamagaki, Miwako; Eishi, Yoshinobu; Sanjo, Nobuo; Ishibashi, Satoru; Mizusawa, Hidehiro; Yokota, Takanori",single_case_report,case_report,data\extraction_json\text\829.json,full_text,true,1,high,manual_gold_review,false,false,count_basis=manual_gold_review | count_confidence=high | round_id=2026-04-19_stage06_b001_n100_manual_review | selection_bucket=stage06_backfill_batch_review | prediction_correct=true | reviewed_count=1 | reviewed_source_category=single_case_report | predicted_count=1 | predicted_source_category=single_case_report | reviewer_notes=Manual review confirms this paper reports one original SPS-spectrum patient.,gold_reviewed_stage06_v1,1,medium,single_case_text_signal,2,1,medium,cand01,false,manual_gold_review,manual_gold_review,,2026-04-19T08:27:31Z
830,FALSE,batch015,qa\validation\stage07_single_case_codex_gold\batch015\manifest.json,qa\validation\stage07_single_case_codex_gold\batch015\json\papers\830.json,qa\validation\stage07_single_case_codex_gold\batch015\json\segments\830.segments.json,qa\validation\stage07_single_case_codex_gold\batch015\json\target_views\830\p1.json,qa\validation\stage07_single_case_codex_gold\batch015\json\validation\830.validation.json,qa\validation\stage07_single_case_codex_gold\batch015\xml\830.annotated.xml,stage06_count_runs,results\stage06_count_runs\stage06_backfill_b001_n100_20260419_resume01\candidate_packages\830.json,results\stage06_count_runs\stage06_backfill_b001_n100_20260419_resume01\count_evidence\830.json,results\stage06_count_runs\stage06_backfill_b001_n100_20260419_resume01\results\830.json,,830,Longitudinal gait assessment in a stiff person syndrome.,"Schirinzi, Tommaso; Sancesario, Andrea; Romano, Alberto; Favetta, Martina; Gobbi, Marina; Valeriani, Massimiliano; Bertini, Enrico S; Castelli, Enrico; Vasco, Gessica; Petrarca, Maurizio; Della Bella, Gessica",single_case_report,case_report,data\extraction_json\text\830.json,full_text,true,1,high,manual_gold_review,false,false,count_basis=manual_gold_review | count_confidence=high | round_id=2026-04-19_stage06_b001_n100_manual_review | selection_bucket=stage06_backfill_batch_review | prediction_correct=true | reviewed_count=1 | reviewed_source_category=single_case_report | predicted_count=1 | predicted_source_category=single_case_report | reviewer_notes=Manual review confirms this paper reports one original SPS-spectrum patient.,gold_reviewed_stage06_v1,1,medium,source_single_case_default,2,1,medium,cand01,false,manual_gold_review,manual_gold_review,,2026-04-19T08:27:31Z
831,FALSE,batch015,qa\validation\stage07_single_case_codex_gold\batch015\manifest.json,qa\validation\stage07_single_case_codex_gold\batch015\json\papers\831.json,qa\validation\stage07_single_case_codex_gold\batch015\json\segments\831.segments.json,qa\validation\stage07_single_case_codex_gold\batch015\json\target_views\831\p1.json,qa\validation\stage07_single_case_codex_gold\batch015\json\validation\831.validation.json,qa\validation\stage07_single_case_codex_gold\batch015\xml\831.annotated.xml,stage06_count_runs,results\stage06_count_runs\stage06_backfill_b001_n100_20260419_resume01\candidate_packages\831.json,results\stage06_count_runs\stage06_backfill_b001_n100_20260419_resume01\count_evidence\831.json,results\stage06_count_runs\stage06_backfill_b001_n100_20260419_resume01\results\831.json,,831,Stiff person syndrome with elevated titers of antibodies against cardiolipin and beta2 glycoprotein 1: a case report and literature review.,"Tang, Li-Ya; Yu, Sheng-Yuan; Huang, Yong-Hua",single_case_report,case_report,data\extraction_json\text\831.json,full_text,true,1,high,case_report_marker_single_case,false,false,"challenge_stage=primary | verification_status=llm_candidate_exact | llm_count_confidence=high | llm_selected_candidate_id=cand01 | This is a single-case report with explicit original patient-level SPS diagnosis language. The paper repeatedly states that the authors reported one SPS patient/case, and the literature review portion should not be counted as additional original cases.",hybrid_v2_gpt-5.4,1,medium,case_report_marker_single_case,2,1,high,cand01,false,hybrid_local_gpt,llm_candidate_exact,,2026-04-18T23:43:02.217709+00:00
834,FALSE,batch015,qa\validation\stage07_single_case_codex_gold\batch015\manifest.json,qa\validation\stage07_single_case_codex_gold\batch015\json\papers\834.json,qa\validation\stage07_single_case_codex_gold\batch015\json\segments\834.segments.json,qa\validation\stage07_single_case_codex_gold\batch015\json\target_views\834\p1.json,qa\validation\stage07_single_case_codex_gold\batch015\json\validation\834.validation.json,qa\validation\stage07_single_case_codex_gold\batch015\xml\834.annotated.xml,stage06_count_runs,results\stage06_count_runs\stage06_backfill_b002_n100_20260419\candidate_packages\834.json,results\stage06_count_runs\stage06_backfill_b002_n100_20260419\count_evidence\834.json,results\stage06_count_runs\stage06_backfill_b002_n100_20260419\results\834.json,,834,"A case report of rigidity and recurrent lower limb myoclonus: progressive encephalomyelitis rigidity and myoclonus syndrome, a chameleon.","Degeneffe, Aurelie; Dagonnier, Marie; D'hondt, Alain; Elosegi, Jose Antonio",single_case_report,case_report,data\extraction_json\text\834.json,full_text,true,1,medium,case_report_marker_single_case,true,true,"challenge_stage=primary | verification_status=llm_candidate_exact | llm_count_confidence=medium | llm_selected_candidate_id=cand01 | The paper is explicitly framed as a single case report and repeatedly states that the authors report one 62-year-old patient with a diagnosis of PERM, which is within the SPS spectrum. I selected the 1-case candidate, but manual review remains required because the evidence pack flags possible prior reporting/provenance uncertainty.",hybrid_v2_gpt-5.4,1,medium,case_report_marker_single_case,2,1,medium,cand01,false,hybrid_local_gpt,llm_candidate_exact,,2026-04-19T09:13:29.237720+00:00
836,FALSE,batch015,qa\validation\stage07_single_case_codex_gold\batch015\manifest.json,qa\validation\stage07_single_case_codex_gold\batch015\json\papers\836.json,qa\validation\stage07_single_case_codex_gold\batch015\json\segments\836.segments.json,qa\validation\stage07_single_case_codex_gold\batch015\json\target_views\836\p1.json,qa\validation\stage07_single_case_codex_gold\batch015\json\validation\836.validation.json,qa\validation\stage07_single_case_codex_gold\batch015\xml\836.annotated.xml,stage06_count_runs,results\stage06_count_runs\stage06_backfill_b002_n100_20260419\candidate_packages\836.json,results\stage06_count_runs\stage06_backfill_b002_n100_20260419\count_evidence\836.json,results\stage06_count_runs\stage06_backfill_b002_n100_20260419\results\836.json,,836,Successful Anesthetic Management of Patient with Stiff Person Syndrome.,"Sohaib, Muhammad; Siddiqui, Ali Sarfaraz",single_case_report,case_report,data\extraction_json\text\836.json,full_text,true,1,medium,case_report_marker_single_case,true,true,"challenge_stage=primary | verification_status=llm_candidate_exact | llm_count_confidence=medium | llm_selected_candidate_id=cand01 | The paper is framed as a single case report and explicitly states that the authors describe anesthetic management of a patient with stiff person syndrome, supporting a count of 1 unique SPS-spectrum patient. Because the evidence pack flags possible provenance uncertainty/non-original signal, this should still receive human review.",hybrid_v2_gpt-5.4,1,medium,case_report_marker_single_case,2,1,medium,cand01,false,hybrid_local_gpt,llm_candidate_exact,,2026-04-19T09:13:48.289797+00:00
837,FALSE,batch015,qa\validation\stage07_single_case_codex_gold\batch015\manifest.json,qa\validation\stage07_single_case_codex_gold\batch015\json\papers\837.json,qa\validation\stage07_single_case_codex_gold\batch015\json\segments\837.segments.json,qa\validation\stage07_single_case_codex_gold\batch015\json\target_views\837\p1.json,qa\validation\stage07_single_case_codex_gold\batch015\json\validation\837.validation.json,qa\validation\stage07_single_case_codex_gold\batch015\xml\837.annotated.xml,stage06_count_runs,results\stage06_count_runs\stage06_backfill_b002_n100_20260419\candidate_packages\837.json,results\stage06_count_runs\stage06_backfill_b002_n100_20260419\count_evidence\837.json,results\stage06_count_runs\stage06_backfill_b002_n100_20260419\results\837.json,,837,Treatment of Possible PERM Underlying Malignant Catatonia and Accompanying Psychotic Symptoms With Modified Electroconvulsive Therapy: A Case Report.,"Omi, Tsubasa; Matsunaga, Hidenori; Kanai, Koji; Shiraishi, Naoyuki; Miyazato, Yusuke; Sumikura, Hiroyuki",single_case_report,case_report,data\extraction_json\text\837.json,full_text,true,1,medium,case_report_marker_single_case,true,false,"challenge_stage=primary | verification_status=llm_candidate_exact | llm_count_confidence=medium | llm_selected_candidate_id=cand01 | This is explicitly presented as a case report and the text describes a single 47-year-old woman with possible PERM, which falls within the SPS spectrum. Because the OCR/full-text evidence is noisy and the diagnosis is framed as possible PERM, the safest resolution is the single-case candidate with manual review retained.",hybrid_v2_gpt-5.4,1,medium,case_report_marker_single_case,2,1,medium,cand01,false,hybrid_local_gpt,llm_candidate_exact,,2026-04-19T09:14:08.080617+00:00
843,FALSE,batch015,qa\validation\stage07_single_case_codex_gold\batch015\manifest.json,qa\validation\stage07_single_case_codex_gold\batch015\json\papers\843.json,qa\validation\stage07_single_case_codex_gold\batch015\json\segments\843.segments.json,qa\validation\stage07_single_case_codex_gold\batch015\json\target_views\843\p1.json,qa\validation\stage07_single_case_codex_gold\batch015\json\validation\843.validation.json,qa\validation\stage07_single_case_codex_gold\batch015\xml\843.annotated.xml,stage06_count_runs,results\stage06_count_runs\stage06_backfill_b002_n100_20260419\candidate_packages\843.json,results\stage06_count_runs\stage06_backfill_b002_n100_20260419\count_evidence\843.json,results\stage06_count_runs\stage06_backfill_b002_n100_20260419\results\843.json,,843,Graves' disease as a first autoimmune manifestation of a stiff person syndrome.,"Servais, Thomas; London, Frederic; Donckier, Julian E",single_case_report,case_report,data\extraction_json\text\843.json,full_text,true,1,high,source_single_case_override,false,false,"challenge_stage=primary | verification_status=llm_candidate_exact | llm_count_confidence=high | llm_selected_candidate_id=cand01 | This single-case report explicitly describes one original patient with diagnosis-supported SPS. The apparent count of 2 in the evidence pack refers to two literature cases, not two original patients in this paper.",hybrid_v2_gpt-5.4,1,medium,source_single_case_override,3,1,high,cand01,false,hybrid_local_gpt,llm_candidate_exact,,2026-04-19T09:15:44.411077+00:00
848,FALSE,batch016,qa\validation\stage07_single_case_codex_gold\batch016\manifest.json,qa\validation\stage07_single_case_codex_gold\batch016\json\papers\848.json,qa\validation\stage07_single_case_codex_gold\batch016\json\segments\848.segments.json,qa\validation\stage07_single_case_codex_gold\batch016\json\target_views\848\p1.json,qa\validation\stage07_single_case_codex_gold\batch016\json\validation\848.validation.json,qa\validation\stage07_single_case_codex_gold\batch016\xml\848.annotated.xml,stage06_count_runs,results\stage06_count_runs\stage06_backfill_b002_n100_20260419\candidate_packages\848.json,results\stage06_count_runs\stage06_backfill_b002_n100_20260419\count_evidence\848.json,results\stage06_count_runs\stage06_backfill_b002_n100_20260419\results\848.json,,848,Stiff limb syndrome with lower limb myoclonus: A case report.,"Zhang, Chang-Guo; Li, Lan-Lan; Feng, Yao-Yao; Chen, Jing",single_case_report,case_report,data\extraction_json\text\848.json,full_text,true,1,high,diagnosis_specific_table_row_count,false,false,"challenge_stage=primary | verification_status=llm_candidate_exact | llm_count_confidence=high | llm_selected_candidate_id=cand01 | This is a single case report describing one 53-year-old male diagnosed with stiff limb syndrome, which is within the SPS spectrum. The explicit diagnosis-specific subgroup count of 1 is fully consistent with the abstract and full-text case description.",hybrid_v2_gpt-5.4,1,high,diagnosis_specific_table_row_count,3,1,high,cand01,false,hybrid_local_gpt,llm_candidate_exact,,2026-04-19T09:16:04.200668+00:00
850,FALSE,batch016,qa\validation\stage07_single_case_codex_gold\batch016\manifest.json,qa\validation\stage07_single_case_codex_gold\batch016\json\papers\850.json,qa\validation\stage07_single_case_codex_gold\batch016\json\segments\850.segments.json,qa\validation\stage07_single_case_codex_gold\batch016\json\target_views\850\p1.json,qa\validation\stage07_single_case_codex_gold\batch016\json\validation\850.validation.json,qa\validation\stage07_single_case_codex_gold\batch016\xml\850.annotated.xml,stage06_count_runs,results\stage06_count_runs\stage06_backfill_b002_n100_20260419\candidate_packages\850.json,results\stage06_count_runs\stage06_backfill_b002_n100_20260419\count_evidence\850.json,results\stage06_count_runs\stage06_backfill_b002_n100_20260419\results\850.json,,850,Atypical low back pain: stiff-person syndrome.,"Gallien, Philippe; Durufle, Aurelie; Petrilli, Sabine; Verin, Marc; Brissot, Regine; Robineau, Sandrine",single_case_report,case_report,data\extraction_json\text\850.json,full_text,true,1,high,case_report_marker_single_case,false,false,"challenge_stage=primary | verification_status=llm_candidate_exact | llm_count_confidence=high | llm_selected_candidate_id=cand01 | This is a single case report with explicit language describing one diagnosed SPS patient. The full text states the authors report a case in a 35-year-old woman, and the abstract independently confirms SPS was diagnosed in a patient with chronic low back pain.",hybrid_v2_gpt-5.4,1,medium,case_report_marker_single_case,2,1,high,cand01,false,hybrid_local_gpt,llm_candidate_exact,,2026-04-19T09:16:22.635034+00:00
857,FALSE,batch016,qa\validation\stage07_single_case_codex_gold\batch016\manifest.json,qa\validation\stage07_single_case_codex_gold\batch016\json\papers\857.json,qa\validation\stage07_single_case_codex_gold\batch016\json\segments\857.segments.json,qa\validation\stage07_single_case_codex_gold\batch016\json\target_views\857\p1.json,qa\validation\stage07_single_case_codex_gold\batch016\json\validation\857.validation.json,qa\validation\stage07_single_case_codex_gold\batch016\xml\857.annotated.xml,stage06_count_runs,results\stage06_count_runs\stage06_backfill_b002_n100_20260419\candidate_packages\857.json,results\stage06_count_runs\stage06_backfill_b002_n100_20260419\count_evidence\857.json,results\stage06_count_runs\stage06_backfill_b002_n100_20260419\results\857.json,,857,Anaesthetic management of a patient with a unique combination of anti-N-methyl-D-aspartate receptor encephalitis and stiff-person syndrome.,"Gharedaghi, Mohammad Hadi; Khorasani, Arjang; Knezevic, Nebojsa Nick; Ebrahimi, Farzad",single_case_report,case_report,data\extraction_json\text\857.json,full_text,true,1,medium,case_report_marker_single_case,true,false,"challenge_stage=challenge | verification_status=llm_candidate_exact | llm_count_confidence=medium | challenge_reasons=semantic_validator_reject=COUNT_SPS_STATUS_UNCERTAIN | llm_selected_candidate_id=cand01 | This is a single-case report describing one 26-year-old woman and explicitly states she was diagnosed with both anti-NMDAR encephalitis and stiff-person syndrome. Because the paper involves a mixed dual-diagnosis presentation and the challenge flag notes SPS-status uncertainty, the safest resolution is to keep the count at 1 but require manual review.",hybrid_v2_gpt-5.4,1,medium,case_report_marker_single_case,2,1,medium,cand01,false,hybrid_local_gpt,llm_candidate_exact,,2026-04-19T09:16:48.967435+00:00
861,FALSE,batch016,qa\validation\stage07_single_case_codex_gold\batch016\manifest.json,qa\validation\stage07_single_case_codex_gold\batch016\json\papers\861.json,qa\validation\stage07_single_case_codex_gold\batch016\json\segments\861.segments.json,qa\validation\stage07_single_case_codex_gold\batch016\json\target_views\861\p1.json,qa\validation\stage07_single_case_codex_gold\batch016\json\validation\861.validation.json,qa\validation\stage07_single_case_codex_gold\batch016\xml\861.annotated.xml,stage06_count_runs,results\stage06_count_runs\stage06_backfill_b002_n100_20260419\candidate_packages\861.json,results\stage06_count_runs\stage06_backfill_b002_n100_20260419\count_evidence\861.json,results\stage06_count_runs\stage06_backfill_b002_n100_20260419\results\861.json,,861,Stiff-man syndrome in childhood.,"Markandeyulu, V; Joseph, T P; Solomon, T; Jacob, J; Kumar, S; Gnanamuthu, C",single_case_report,case_report,data\extraction_json\text\861.json,full_text,true,1,medium,source_single_case_default,true,true,"challenge_stage=primary | verification_status=llm_candidate_exact | llm_count_confidence=medium | llm_selected_candidate_id=cand01 | The paper is presented as a single case report and the full-text excerpt describes one boy aged 11 with clinically supported stiff-man/stiff-limb syndrome. This supports a count of 1 unique SPS-spectrum patient, but manual review remains appropriate because provenance uncertainty is flagged upstream.",hybrid_v2_gpt-5.4,1,medium,source_single_case_default,2,1,medium,cand01,false,hybrid_local_gpt,llm_candidate_exact,,2026-04-19T09:17:30.191617+00:00
867,TRUE,batch016,qa\validation\stage07_single_case_codex_gold\batch016\manifest.json,qa\validation\stage07_single_case_codex_gold\batch016\json\papers\867.json,qa\validation\stage07_single_case_codex_gold\batch016\json\segments\867.segments.json,qa\validation\stage07_single_case_codex_gold\batch016\json\target_views\867\p1.json,qa\validation\stage07_single_case_codex_gold\batch016\json\validation\867.validation.json,qa\validation\stage07_single_case_codex_gold\batch016\xml\867.annotated.xml,stage06_count_runs,results\stage06_count_runs\stage06_backfill_b002_n100_20260419\candidate_packages\867.json,results\stage06_count_runs\stage06_backfill_b002_n100_20260419\count_evidence\867.json,results\stage06_count_runs\stage06_backfill_b002_n100_20260419\results\867.json,,867,Effects of immunotherapy on motor cortex excitability in Stiff Person Syndrome.,"Rossi, Simone; Ulivelli, Monica; Malentacchi, Maria; Greco, Giuseppe; Bartalini, Sabina; Borgogni, Patrizia; Giannini, Fabio",single_case_report,case_report,data\extraction_json\text\867.json,full_text,true,1,high,case_report_marker_single_case,false,false,"challenge_stage=primary | verification_status=llm_candidate_exact | llm_count_confidence=high | llm_selected_candidate_id=cand01 | The paper is a single case report and explicitly states that neurophysiological variables were tested in ""a patient with Stiff Person Syndrome,"" with the case report section describing one 39-year-old woman. This supports an extractable SPS-spectrum count of 1 unique original patient.",hybrid_v2_gpt-5.4,1,medium,case_report_marker_single_case,2,1,high,cand01,false,hybrid_local_gpt,llm_candidate_exact,,2026-04-19T09:18:15.793043+00:00
869,FALSE,batch016,qa\validation\stage07_single_case_codex_gold\batch016\manifest.json,qa\validation\stage07_single_case_codex_gold\batch016\json\papers\869.json,qa\validation\stage07_single_case_codex_gold\batch016\json\segments\869.segments.json,qa\validation\stage07_single_case_codex_gold\batch016\json\target_views\869\p1.json,qa\validation\stage07_single_case_codex_gold\batch016\json\validation\869.validation.json,qa\validation\stage07_single_case_codex_gold\batch016\xml\869.annotated.xml,stage06_count_runs,results\stage06_count_runs\stage06_backfill_b002_n100_20260419\candidate_packages\869.json,results\stage06_count_runs\stage06_backfill_b002_n100_20260419\count_evidence\869.json,results\stage06_count_runs\stage06_backfill_b002_n100_20260419\results\869.json,,869,Reversible stiff person syndrome presenting as an initial symptom in a patient with colon adenocarcinoma.,"Liu, Yen-Liang; Lo, Woei-Chung; Tseng, Chun-Hung; Tsai, Chon-Haw; Yang, Yu-Wan",single_case_report,case_report,data\extraction_json\text\869.json,full_text,true,1,high,case_report_marker_single_case,false,false,"challenge_stage=primary | verification_status=llm_candidate_exact | llm_count_confidence=high | llm_selected_candidate_id=cand01 | This is a single-case report describing one 82-year-old woman diagnosed by the authors with stiff person syndrome. The title and body text consistently refer to a single patient, with no indication of additional original SPS-spectrum cases.",hybrid_v2_gpt-5.4,1,medium,case_report_marker_single_case,2,1,high,cand01,false,hybrid_local_gpt,llm_candidate_exact,,2026-04-19T09:18:34.046719+00:00
871,FALSE,batch016,qa\validation\stage07_single_case_codex_gold\batch016\manifest.json,qa\validation\stage07_single_case_codex_gold\batch016\json\papers\871.json,qa\validation\stage07_single_case_codex_gold\batch016\json\segments\871.segments.json,qa\validation\stage07_single_case_codex_gold\batch016\json\target_views\871\p1.json,qa\validation\stage07_single_case_codex_gold\batch016\json\validation\871.validation.json,qa\validation\stage07_single_case_codex_gold\batch016\xml\871.annotated.xml,stage06_count_runs,results\stage06_count_runs\stage06_backfill_b002_n100_20260419\candidate_packages\871.json,results\stage06_count_runs\stage06_backfill_b002_n100_20260419\count_evidence\871.json,results\stage06_count_runs\stage06_backfill_b002_n100_20260419\results\871.json,,871,"Rituximab treatment of stiff-person syndrome in a patient with thymoma, diabetes mellitus and autoimmune thyroiditis.","Dupond, J L; Essalmi, L; Gil, H; Meaux-Ruault, N; Hafsaoui, C",single_case_report,case_report,data\extraction_json\text\871.json,full_text,true,1,high,case_report_marker_single_case,false,false,"challenge_stage=primary | verification_status=llm_candidate_exact | llm_count_confidence=high | llm_selected_candidate_id=cand01 | This paper is an original single-patient case report of stiff-person syndrome. The abstract and case report text explicitly describe one patient with SPS treated with rituximab, with no indication of additional original SPS-spectrum cases.",hybrid_v2_gpt-5.4,1,medium,case_report_marker_single_case,2,1,high,cand01,false,hybrid_local_gpt,llm_candidate_exact,,2026-04-19T09:18:52.099889+00:00
872,FALSE,batch016,qa\validation\stage07_single_case_codex_gold\batch016\manifest.json,qa\validation\stage07_single_case_codex_gold\batch016\json\papers\872.json,qa\validation\stage07_single_case_codex_gold\batch016\json\segments\872.segments.json,qa\validation\stage07_single_case_codex_gold\batch016\json\target_views\872\p1.json,qa\validation\stage07_single_case_codex_gold\batch016\json\validation\872.validation.json,qa\validation\stage07_single_case_codex_gold\batch016\xml\872.annotated.xml,stage06_count_runs,results\stage06_count_runs\stage06_backfill_b002_n100_20260419\candidate_packages\872.json,results\stage06_count_runs\stage06_backfill_b002_n100_20260419\count_evidence\872.json,results\stage06_count_runs\stage06_backfill_b002_n100_20260419\results\872.json,,872,Stiff person syndrome as the initial manifestation of systemic lupus erythematosus.,"Munhoz, Renato P; Fameli, Hudson; Teive, Helio A G",single_case_report,case_report,data\extraction_json\text\872.json,full_text,true,1,medium,source_single_case_default,true,true,"challenge_stage=primary | verification_status=llm_candidate_exact | llm_count_confidence=medium | llm_selected_candidate_id=cand01 | The paper is framed as a case report and the full-text excerpt explicitly states, ""Here, we report a case of SPS as the initial manifestation of systemic lupus erythematosus,"" followed by a single patient's clinical description. This supports counting 1 unique original SPS-spectrum patient, but manual review remains appropriate because provenance uncertainty signals are present in the evidence pack.",hybrid_v2_gpt-5.4,1,medium,source_single_case_default,2,1,medium,cand01,false,hybrid_local_gpt,llm_candidate_exact,,2026-04-19T09:19:11.334017+00:00
874,FALSE,batch016,qa\validation\stage07_single_case_codex_gold\batch016\manifest.json,qa\validation\stage07_single_case_codex_gold\batch016\json\papers\874.json,qa\validation\stage07_single_case_codex_gold\batch016\json\segments\874.segments.json,qa\validation\stage07_single_case_codex_gold\batch016\json\target_views\874\p1.json,qa\validation\stage07_single_case_codex_gold\batch016\json\validation\874.validation.json,qa\validation\stage07_single_case_codex_gold\batch016\xml\874.annotated.xml,stage06_count_runs,results\stage06_count_runs\stage06_backfill_b002_n100_20260419\candidate_packages\874.json,results\stage06_count_runs\stage06_backfill_b002_n100_20260419\count_evidence\874.json,results\stage06_count_runs\stage06_backfill_b002_n100_20260419\results\874.json,,874,Progressive encephalomyelitis with rigidity and myoclonus preceding otherwise asymptomatic Hodgkin's lymphoma.,"Schmidt, Caroline; Freilinger, Tobias; Lieb, M; Remi, J; Klein, M; Straube, A; Pfefferkorn, T",single_case_report,case_report,data\extraction_json\text\874.json,full_text,true,1,medium,case_report_marker_single_case,true,true,"challenge_stage=primary | verification_status=llm_candidate_exact | llm_count_confidence=medium | llm_selected_candidate_id=cand01 | This paper is framed as a single case report and explicitly states, ""Here, we present a case of PERM associated with HL,"" supporting one original SPS-spectrum patient. Because the evidence pack flags original-cohort provenance uncertainty and confidence is not high, the count should be manually reviewed despite selecting the single-case candidate.",hybrid_v2_gpt-5.4,1,medium,case_report_marker_single_case,2,1,medium,cand01,false,hybrid_local_gpt,llm_candidate_exact,,2026-04-19T09:19:31.547537+00:00
875,FALSE,batch016,qa\validation\stage07_single_case_codex_gold\batch016\manifest.json,qa\validation\stage07_single_case_codex_gold\batch016\json\papers\875.json,qa\validation\stage07_single_case_codex_gold\batch016\json\segments\875.segments.json,qa\validation\stage07_single_case_codex_gold\batch016\json\target_views\875\p1.json,qa\validation\stage07_single_case_codex_gold\batch016\json\validation\875.validation.json,qa\validation\stage07_single_case_codex_gold\batch016\xml\875.annotated.xml,stage06_count_runs,results\stage06_count_runs\stage06_backfill_b002_n100_20260419\candidate_packages\875.json,results\stage06_count_runs\stage06_backfill_b002_n100_20260419\count_evidence\875.json,results\stage06_count_runs\stage06_backfill_b002_n100_20260419\results\875.json,,875,Successful treatment with rituximab in a patient with stiff-person syndrome complicated by dysthyroid ophthalmopathy.,"Katoh, Nagaaki; Matsuda, Masayuki; Ishii, Wataru; Morita, Hiroshi; Ikeda, Shu-ichi",single_case_report,case_report,data\extraction_json\text\875.json,full_text,true,1,high,case_report_marker_single_case,false,false,"challenge_stage=challenge | verification_status=llm_candidate_exact | llm_count_confidence=high | challenge_reasons=explicit_sps_subgroup_conflict=1 vs 4 | llm_selected_candidate_id=cand02 | This is a single-patient case report. The repeated wording 'we report a patient' and the detailed narrative of one 59-year-old woman support a count of 1 unique SPS-spectrum patient. The '(4)' after 'score of SPS' is a citation/reference marker or scale label context, not a patient count.",hybrid_v2_gpt-5.4,4,high,diagnosis_specific_suffix_count,3,1,high,cand02,false,hybrid_local_gpt,llm_candidate_exact,,2026-04-19T09:19:57.909939+00:00
880,FALSE,batch017,qa\validation\stage07_single_case_codex_gold\batch017\manifest.json,qa\validation\stage07_single_case_codex_gold\batch017\json\papers\880.json,qa\validation\stage07_single_case_codex_gold\batch017\json\segments\880.segments.json,qa\validation\stage07_single_case_codex_gold\batch017\json\target_views\880\p1.json,qa\validation\stage07_single_case_codex_gold\batch017\json\validation\880.validation.json,qa\validation\stage07_single_case_codex_gold\batch017\xml\880.annotated.xml,stage06_count_runs,results\stage06_count_runs\stage06_backfill_b002_n100_20260419\candidate_packages\880.json,results\stage06_count_runs\stage06_backfill_b002_n100_20260419\count_evidence\880.json,results\stage06_count_runs\stage06_backfill_b002_n100_20260419\results\880.json,,880,Successful immune moderation treatment for progressive encephalomyelitis with rigidity and myoclonus.,"Ueno, Shinichi; Miyamoto, Nobukazu; Shimura, Hideki; Ueno, Yuji; Watanabe, Masao; Hayashi, Akito; Hattori, Nobutaka; Urabe, Takao",single_case_report,case_report,data\extraction_json\text\880.json,full_text,true,1,high,diagnosis_specific_suffix_count,false,false,"challenge_stage=primary | verification_status=llm_candidate_exact | llm_count_confidence=high | llm_selected_candidate_id=cand01 | This paper is a single case report of one original PERM patient, and PERM is within the SPS-spectrum definition for this review. The abstract and full-text excerpt both explicitly describe one 48-year-old woman, so candidate 1 is the best-supported count.",hybrid_v2_gpt-5.4,1,high,diagnosis_specific_suffix_count,3,1,high,cand01,false,hybrid_local_gpt,llm_candidate_exact,,2026-04-19T09:20:36.532221+00:00
881,FALSE,batch017,qa\validation\stage07_single_case_codex_gold\batch017\manifest.json,qa\validation\stage07_single_case_codex_gold\batch017\json\papers\881.json,qa\validation\stage07_single_case_codex_gold\batch017\json\segments\881.segments.json,qa\validation\stage07_single_case_codex_gold\batch017\json\target_views\881\p1.json,qa\validation\stage07_single_case_codex_gold\batch017\json\validation\881.validation.json,qa\validation\stage07_single_case_codex_gold\batch017\xml\881.annotated.xml,stage06_count_runs,results\stage06_count_runs\stage06_backfill_b002_n100_20260419\candidate_packages\881.json,results\stage06_count_runs\stage06_backfill_b002_n100_20260419\count_evidence\881.json,results\stage06_count_runs\stage06_backfill_b002_n100_20260419\results\881.json,,881,Stiff Young Woman.,"Dankerl, P; Rauh, C; Lee, D H; Schulz-Wendtland, R; Uder, M; Hartmann, A; Wenkel, E",single_case_report,case_report,data\extraction_json\text\881.json,full_text,true,1,high,source_single_case_override,false,false,"challenge_stage=primary | verification_status=llm_candidate_exact | llm_count_confidence=high | llm_selected_candidate_id=cand01 | This paper is routed as a single case report, and the full-text excerpt describes one 36-year-old female patient with a working hypothesis of stiff person syndrome. There is no explicit evidence for a second original SPS-spectrum patient, so the 1-patient candidate is best supported.",hybrid_v2_gpt-5.4,1,medium,source_single_case_override,3,1,high,cand01,false,hybrid_local_gpt,llm_candidate_exact,,2026-04-19T09:21:06.011921+00:00
890,FALSE,batch017,qa\validation\stage07_single_case_codex_gold\batch017\manifest.json,qa\validation\stage07_single_case_codex_gold\batch017\json\papers\890.json,qa\validation\stage07_single_case_codex_gold\batch017\json\segments\890.segments.json,qa\validation\stage07_single_case_codex_gold\batch017\json\target_views\890\p1.json,qa\validation\stage07_single_case_codex_gold\batch017\json\validation\890.validation.json,qa\validation\stage07_single_case_codex_gold\batch017\xml\890.annotated.xml,stage06_count_runs,results\stage06_count_runs\stage06_backfill_b002_n100_20260419\candidate_packages\890.json,results\stage06_count_runs\stage06_backfill_b002_n100_20260419\count_evidence\890.json,results\stage06_count_runs\stage06_backfill_b002_n100_20260419\results\890.json,,890,Role of osteopathic manipulative treatment in the management of stiff person syndrome.,"Rajaii, Roxanne M; Cox, Gregory J; Schneider, Robert P",single_case_report,case_report,data\extraction_json\text\890.json,full_text,true,1,medium,case_report_marker_single_case,true,false,"challenge_stage=primary | verification_status=llm_candidate_exact | llm_count_confidence=medium | llm_selected_candidate_id=cand01 | The paper is explicitly labeled a case report and the full-text excerpt describes a single diagnosed SPS patient: a 52-year-old man with a 10-year history of diagnosed SPS. This supports the heuristic single-case count of 1, but manual review remains appropriate because the supplied evidence pack is limited and confidence is not high.",hybrid_v2_gpt-5.4,1,medium,case_report_marker_single_case,2,1,medium,cand01,false,hybrid_local_gpt,llm_candidate_exact,,2026-04-19T09:22:35.479201+00:00
892,FALSE,batch017,qa\validation\stage07_single_case_codex_gold\batch017\manifest.json,qa\validation\stage07_single_case_codex_gold\batch017\json\papers\892.json,qa\validation\stage07_single_case_codex_gold\batch017\json\segments\892.segments.json,qa\validation\stage07_single_case_codex_gold\batch017\json\target_views\892\p1.json,qa\validation\stage07_single_case_codex_gold\batch017\json\validation\892.validation.json,qa\validation\stage07_single_case_codex_gold\batch017\xml\892.annotated.xml,stage06_count_runs,results\stage06_count_runs\stage06_backfill_b002_n100_20260419\candidate_packages\892.json,results\stage06_count_runs\stage06_backfill_b002_n100_20260419\count_evidence\892.json,results\stage06_count_runs\stage06_backfill_b002_n100_20260419\results\892.json,,892,A Case of Stiff Person Syndrome: Immunomodulatory Effect of Benzodiazepines: Successful Rituximab and Tizanidine Therapy.,"Zdziarski, Przemyslaw",single_case_report,case_report,data\extraction_json\text\892.json,full_text,true,1,medium,case_report_marker_single_case,true,true,"challenge_stage=primary | verification_status=llm_candidate_exact | llm_count_confidence=medium | llm_selected_candidate_id=cand01 | The paper is framed as a single case report and the full-text excerpt explicitly presents one 39-year-old woman with diagnosis-supported autoimmune SPS. Candidate 1 best matches the evidence, but manual review remains appropriate because the evidence pack flags original cohort provenance uncertainty.",hybrid_v2_gpt-5.4,1,medium,case_report_marker_single_case,2,1,medium,cand01,false,hybrid_local_gpt,llm_candidate_exact,,2026-04-19T09:23:13.102018+00:00
897,FALSE,batch017,qa\validation\stage07_single_case_codex_gold\batch017\manifest.json,qa\validation\stage07_single_case_codex_gold\batch017\json\papers\897.json,qa\validation\stage07_single_case_codex_gold\batch017\json\segments\897.segments.json,qa\validation\stage07_single_case_codex_gold\batch017\json\target_views\897\p1.json,qa\validation\stage07_single_case_codex_gold\batch017\json\validation\897.validation.json,qa\validation\stage07_single_case_codex_gold\batch017\xml\897.annotated.xml,stage06_count_runs,results\stage06_count_runs\stage06_backfill_b002_n100_20260419\candidate_packages\897.json,results\stage06_count_runs\stage06_backfill_b002_n100_20260419\count_evidence\897.json,results\stage06_count_runs\stage06_backfill_b002_n100_20260419\results\897.json,,897,"GAD Antibodies as Key Link Between Chronic Intestinal Pseudoobstruction, Autonomic Neuropathy, and Limb Stiffness in a Nondiabetic Patient: A CARE-Compliant Case Report and Review of the Literature.","Maier, Andrea; Mannartz, Vera; Wasmuth, Hermann; Trautwein, Christian; Neumann, Ulf-Peter; Weis, Joachim; Grosse, Joachim; Fuest, Matthias; Hilz, Max-J; Schulz, Joerg B; Haubrich, Christina",single_case_report,case_report,data\extraction_json\text\897.json,full_text,true,1,high,case_report_marker_single_case,false,false,"challenge_stage=primary | verification_status=llm_candidate_exact | llm_count_confidence=high | llm_selected_candidate_id=cand01 | This paper is a CARE-compliant single case report describing one original patient, a young woman with clinically described stiff limb syndrome, which is within the SPS spectrum. The review-of-literature content does not add original extractable SPS-spectrum cases from this paper.",hybrid_v2_gpt-5.4,1,medium,case_report_marker_single_case,2,1,high,cand01,false,hybrid_local_gpt,llm_candidate_exact,,2026-04-19T09:24:15.894271+00:00
900,FALSE,batch017,qa\validation\stage07_single_case_codex_gold\batch017\manifest.json,qa\validation\stage07_single_case_codex_gold\batch017\json\papers\900.json,qa\validation\stage07_single_case_codex_gold\batch017\json\segments\900.segments.json,qa\validation\stage07_single_case_codex_gold\batch017\json\target_views\900\p1.json,qa\validation\stage07_single_case_codex_gold\batch017\json\validation\900.validation.json,qa\validation\stage07_single_case_codex_gold\batch017\xml\900.annotated.xml,stage06_count_runs,results\stage06_count_runs\stage06_backfill_b002_n100_20260419\candidate_packages\900.json,results\stage06_count_runs\stage06_backfill_b002_n100_20260419\count_evidence\900.json,results\stage06_count_runs\stage06_backfill_b002_n100_20260419\results\900.json,,900,A Rare Case of Childhood Stiff Person Syndrome Associated With Pleuropulmonary Blastoma.,"Jun, Hyun-Ok; Yum, Mi-Sun; Kim, Eun-Hee; Lee, Yun-Jeong; Seo, Jong-Jin; Ko, Tae-Sung",single_case_report,case_report,data\extraction_json\text\900.json,full_text,true,1,high,case_report_marker_single_case,false,false,challenge_stage=primary | verification_status=llm_candidate_exact | llm_count_confidence=high | llm_selected_candidate_id=cand01 | This is an original single-case report describing one 3-year-5-month-old girl with clinically supported stiff person syndrome associated with pleuropulmonary blastoma. The paper repeatedly frames the report as a single case and provides diagnosis-supporting clinical and EMG findings.,hybrid_v2_gpt-5.4,1,medium,case_report_marker_single_case,2,1,high,cand01,false,hybrid_local_gpt,llm_candidate_exact,,2026-04-19T09:25:16.686237+00:00
901,FALSE,batch017,qa\validation\stage07_single_case_codex_gold\batch017\manifest.json,qa\validation\stage07_single_case_codex_gold\batch017\json\papers\901.json,qa\validation\stage07_single_case_codex_gold\batch017\json\segments\901.segments.json,qa\validation\stage07_single_case_codex_gold\batch017\json\target_views\901\p1.json,qa\validation\stage07_single_case_codex_gold\batch017\json\validation\901.validation.json,qa\validation\stage07_single_case_codex_gold\batch017\xml\901.annotated.xml,stage06_count_runs,results\stage06_count_runs\stage06_backfill_b002_n100_20260419\candidate_packages\901.json,results\stage06_count_runs\stage06_backfill_b002_n100_20260419\count_evidence\901.json,results\stage06_count_runs\stage06_backfill_b002_n100_20260419\results\901.json,,901,Stiff-arm syndrome.,"Urrea-Mendoza, Enrique; Kanter, Daniel; Revilla, Fredy J; Dornoff, Eric; Espay, Alberto J",single_case_report,case_report,data\extraction_json\text\901.json,full_text,true,1,high,source_single_case_default,false,false,challenge_stage=primary | verification_status=llm_candidate_exact | llm_count_confidence=high | llm_selected_candidate_id=cand01 | This paper is a single-patient case report describing one 56-year-old woman with a focal stiff-arm syndrome explicitly framed as a focal form/variant within the stiff-person syndrome spectrum. The evidence supports counting 1 unique original SPS-spectrum patient.,hybrid_v2_gpt-5.4,1,medium,source_single_case_default,2,1,high,cand01,false,hybrid_local_gpt,llm_candidate_exact,,2026-04-19T09:25:35.238385+00:00
904,FALSE,batch017,qa\validation\stage07_single_case_codex_gold\batch017\manifest.json,qa\validation\stage07_single_case_codex_gold\batch017\json\papers\904.json,qa\validation\stage07_single_case_codex_gold\batch017\json\segments\904.segments.json,qa\validation\stage07_single_case_codex_gold\batch017\json\target_views\904\p1.json,qa\validation\stage07_single_case_codex_gold\batch017\json\validation\904.validation.json,qa\validation\stage07_single_case_codex_gold\batch017\xml\904.annotated.xml,stage06_count_runs,results\stage06_count_runs\stage06_backfill_b002_n100_20260419\candidate_packages\904.json,results\stage06_count_runs\stage06_backfill_b002_n100_20260419\count_evidence\904.json,results\stage06_count_runs\stage06_backfill_b002_n100_20260419\results\904.json,,904,Stiff Person Syndrome.,"Saigal, Renu; Goyal, Laxmikant; Yadav, Rn; Agrawal, Abhishek; Mital, Pradeep; Patel, Bhavesh",single_case_report,case_report,data\extraction_json\text\904.json,full_text,true,1,high,single_case_text_signal,false,false,"challenge_stage=primary | verification_status=llm_candidate_exact | llm_count_confidence=high | llm_selected_candidate_id=cand01 | The paper is a single case report and the abstract explicitly states that the authors describe one patient with stiff person syndrome. The full text then presents one detailed case history of a 38-year-old man diagnosed with SPS, with no indication of additional original SPS-spectrum patients.",hybrid_v2_gpt-5.4,1,medium,single_case_text_signal,2,1,high,cand01,false,hybrid_local_gpt,llm_candidate_exact,,2026-04-19T09:25:53.477978+00:00
905,FALSE,batch017,qa\validation\stage07_single_case_codex_gold\batch017\manifest.json,qa\validation\stage07_single_case_codex_gold\batch017\json\papers\905.json,qa\validation\stage07_single_case_codex_gold\batch017\json\segments\905.segments.json,qa\validation\stage07_single_case_codex_gold\batch017\json\target_views\905\p1.json,qa\validation\stage07_single_case_codex_gold\batch017\json\validation\905.validation.json,qa\validation\stage07_single_case_codex_gold\batch017\xml\905.annotated.xml,stage06_count_runs,results\stage06_count_runs\stage06_backfill_b002_n100_20260419\candidate_packages\905.json,results\stage06_count_runs\stage06_backfill_b002_n100_20260419\count_evidence\905.json,results\stage06_count_runs\stage06_backfill_b002_n100_20260419\results\905.json,,905,Extremely rare coincidence of non-radiographic axial spondyloarthropathy HLA-B27 positive and Stiff Person Syndrome--rheumatologist point of view.,"Marinovic, Ivanka; Pivalica, Dinko; Aljinovic, Jure; Vlak, Tonko; Skoric, Ela; Martinovic Kaliterna, Dusanka",single_case_report,case_report,data\extraction_json\text\905.json,full_text,true,1,high,diagnosis_specific_patient_case_count,false,false,"challenge_stage=primary | verification_status=llm_candidate_exact | llm_count_confidence=high | llm_selected_candidate_id=cand03 | This paper is a single-patient case report. The text explicitly describes one 51-year-old woman and states that she fulfilled Dalakas criteria for typical SPS, supporting an extractable SPS-spectrum count of 1.",hybrid_v2_gpt-5.4,1,medium,single_case_text_signal,3,1,high,cand03,false,hybrid_local_gpt,llm_candidate_exact,,2026-04-19T09:26:17.785400+00:00
910,FALSE,batch017,qa\validation\stage07_single_case_codex_gold\batch017\manifest.json,qa\validation\stage07_single_case_codex_gold\batch017\json\papers\910.json,qa\validation\stage07_single_case_codex_gold\batch017\json\segments\910.segments.json,qa\validation\stage07_single_case_codex_gold\batch017\json\target_views\910\p1.json,qa\validation\stage07_single_case_codex_gold\batch017\json\validation\910.validation.json,qa\validation\stage07_single_case_codex_gold\batch017\xml\910.annotated.xml,stage06_count_runs,results\stage06_count_runs\stage06_backfill_b002_n100_20260419\candidate_packages\910.json,results\stage06_count_runs\stage06_backfill_b002_n100_20260419\count_evidence\910.json,results\stage06_count_runs\stage06_backfill_b002_n100_20260419\results\910.json,,910,Intrathecal-specific glutamic acid decarboxylase antibodies at low titers in autoimmune neurological disorders.,"Sunwoo, Jun-Sang; Chu, Kon; Byun, Jung-Ick; Moon, Jangsup; Lim, Jung-Ah; Kim, Tae-Joon; Lee, Soon-Tae; Jung, Keun-Hwa; Park, Kyung-Il; Jeon, Daejong; Jung, Ki-Young; Kim, Manho; Lee, Sang Kun",observational_group_study,retrospective_or_cohort_group_study,data\extraction_json\text\910.json,full_text,true,1,medium,diagnosis_specific_table_row_count,true,false,"challenge_stage=primary | verification_status=llm_candidate_exact | llm_count_confidence=medium | llm_selected_candidate_id=cand01 | The paper reports a broader cohort of 19 GAD-antibody-positive neurological patients, but the only explicit SPS-spectrum subgroup signal is a diagnosis/symptom row showing stiff-person phenomena in 1 patient. Because the SPS subset is explicitly quantified as 1 while the rest of the cohort includes non-SPSD syndromes, the safest extractable count is 1, though human review is warranted because the wording may reflect a symptom-frequency table rather than a fully adjudicated SPS diagnosis count.",hybrid_v2_gpt-5.4,1,high,diagnosis_specific_table_row_count,2,1,medium,cand01,false,hybrid_local_gpt,llm_candidate_exact,,2026-04-19T09:27:04.226422+00:00
912,FALSE,batch018,qa\validation\stage07_single_case_codex_gold\batch018\manifest.json,qa\validation\stage07_single_case_codex_gold\batch018\json\papers\912.json,qa\validation\stage07_single_case_codex_gold\batch018\json\segments\912.segments.json,qa\validation\stage07_single_case_codex_gold\batch018\json\target_views\912\p1.json,qa\validation\stage07_single_case_codex_gold\batch018\json\validation\912.validation.json,qa\validation\stage07_single_case_codex_gold\batch018\xml\912.annotated.xml,stage06_count_runs,results\stage06_count_runs\stage06_backfill_b002_n100_20260419\candidate_packages\912.json,results\stage06_count_runs\stage06_backfill_b002_n100_20260419\count_evidence\912.json,results\stage06_count_runs\stage06_backfill_b002_n100_20260419\results\912.json,,912,A case report of patient with cerebellar variant of stiff person syndrome.,"Maludzinska, Ewa; Rudzinska, Monika; Stepien, Artur; Szczudlik, Andrzej",single_case_report,case_report,data\extraction_json\text\912.json,full_text,true,1,high,case_report_marker_single_case,false,false,"challenge_stage=primary | verification_status=llm_candidate_exact | llm_count_confidence=high | llm_selected_candidate_id=cand01 | This is an original single-case report explicitly describing one 39-year-old female with cerebellar variant of stiff person syndrome, which is within the SPS spectrum. The title, abstract, and case report section consistently support a count of 1 unique SPS-spectrum patient.",hybrid_v2_gpt-5.4,1,medium,case_report_marker_single_case,2,1,high,cand01,false,hybrid_local_gpt,llm_candidate_exact,,2026-04-19T09:27:22.569958+00:00
922,FALSE,batch018,qa\validation\stage07_single_case_codex_gold\batch018\manifest.json,qa\validation\stage07_single_case_codex_gold\batch018\json\papers\922.json,qa\validation\stage07_single_case_codex_gold\batch018\json\segments\922.segments.json,qa\validation\stage07_single_case_codex_gold\batch018\json\target_views\922\p1.json,qa\validation\stage07_single_case_codex_gold\batch018\json\validation\922.validation.json,qa\validation\stage07_single_case_codex_gold\batch018\xml\922.annotated.xml,stage06_count_runs,results\stage06_count_runs\stage06_backfill_b002_n100_20260419\candidate_packages\922.json,results\stage06_count_runs\stage06_backfill_b002_n100_20260419\count_evidence\922.json,results\stage06_count_runs\stage06_backfill_b002_n100_20260419\results\922.json,,922,Multiple anesthetics for a patient with stiff-person syndrome.,"Cassavaugh, Jessica M; Oravitz, Todd M",single_case_report,case_report,data\extraction_json\text\922.json,full_text,true,1,high,case_report_marker_single_case,false,false,"challenge_stage=primary | verification_status=llm_candidate_exact | llm_count_confidence=high | llm_selected_candidate_id=cand01 | The paper is an original single-case report and explicitly states that it describes the clinical course for a single patient with stiff-person syndrome. The three anesthetics were repeated procedures in the same woman, not separate patients.",hybrid_v2_gpt-5.4,1,medium,case_report_marker_single_case,2,1,high,cand01,false,hybrid_local_gpt,llm_candidate_exact,,2026-04-19T09:29:04.748060+00:00
927,FALSE,batch018,qa\validation\stage07_single_case_codex_gold\batch018\manifest.json,qa\validation\stage07_single_case_codex_gold\batch018\json\papers\927.json,qa\validation\stage07_single_case_codex_gold\batch018\json\segments\927.segments.json,qa\validation\stage07_single_case_codex_gold\batch018\json\target_views\927\p1.json,qa\validation\stage07_single_case_codex_gold\batch018\json\validation\927.validation.json,qa\validation\stage07_single_case_codex_gold\batch018\xml\927.annotated.xml,stage06_count_runs,results\stage06_count_runs\stage06_backfill_b002_n100_20260419\candidate_packages\927.json,results\stage06_count_runs\stage06_backfill_b002_n100_20260419\count_evidence\927.json,results\stage06_count_runs\stage06_backfill_b002_n100_20260419\results\927.json,,927,Anesthetic management of a parturient with Stiff person syndrome for urgent cesarean delivery.,"Boettcher, B T; Muravyea, M; Kuo, C; Drexler, C; Pagel, P S",single_case_report,case_report,data\extraction_json\text\927.json,full_text,true,1,high,case_report_marker_single_case,false,false,challenge_stage=primary | verification_status=llm_candidate_exact | llm_count_confidence=high | llm_selected_candidate_id=cand01 | This paper is a single-patient case report. The abstract and case report both explicitly describe one parturient with diagnosed stiff person syndrome who underwent urgent cesarean delivery.,hybrid_v2_gpt-5.4,1,medium,case_report_marker_single_case,3,1,high,cand01,false,hybrid_local_gpt,llm_candidate_exact,,2026-04-19T09:29:42.733427+00:00
930,FALSE,batch018,qa\validation\stage07_single_case_codex_gold\batch018\manifest.json,qa\validation\stage07_single_case_codex_gold\batch018\json\papers\930.json,qa\validation\stage07_single_case_codex_gold\batch018\json\segments\930.segments.json,qa\validation\stage07_single_case_codex_gold\batch018\json\target_views\930\p1.json,qa\validation\stage07_single_case_codex_gold\batch018\json\validation\930.validation.json,qa\validation\stage07_single_case_codex_gold\batch018\xml\930.annotated.xml,stage06_count_runs,results\stage06_count_runs\stage06_backfill_b002_n100_20260419\candidate_packages\930.json,results\stage06_count_runs\stage06_backfill_b002_n100_20260419\count_evidence\930.json,results\stage06_count_runs\stage06_backfill_b002_n100_20260419\results\930.json,,930,Acute Respiratory Failure in a Patient with Stiff-Person Syndrome.,"Jachiet, Vincent; Laine, Laurent; Gendre, Thierry; Henry, Carole; Da Silva, Daniel; de Montmollin, Etienne",single_case_report,case_report,data\extraction_json\text\930.json,full_text,true,1,high,case_report_marker_single_case,false,false,"challenge_stage=primary | verification_status=llm_candidate_exact | llm_count_confidence=high | llm_selected_candidate_id=cand01 | This paper is an original single-case report of one diagnosis-supported SPS patient. The abstract and full-text excerpt explicitly state that the authors report a case of a 49-year-old woman with autoimmune SPS, with no indication of additional original SPS-spectrum patients.",hybrid_v2_gpt-5.4,1,medium,case_report_marker_single_case,2,1,high,cand01,false,hybrid_local_gpt,llm_candidate_exact,,2026-04-19T09:30:27.699957+00:00
933,FALSE,batch018,qa\validation\stage07_single_case_codex_gold\batch018\manifest.json,qa\validation\stage07_single_case_codex_gold\batch018\json\papers\933.json,qa\validation\stage07_single_case_codex_gold\batch018\json\segments\933.segments.json,qa\validation\stage07_single_case_codex_gold\batch018\json\target_views\933\p1.json,qa\validation\stage07_single_case_codex_gold\batch018\json\validation\933.validation.json,qa\validation\stage07_single_case_codex_gold\batch018\xml\933.annotated.xml,stage06_count_runs,results\stage06_count_runs\stage06_backfill_b002_n100_20260419\candidate_packages\933.json,results\stage06_count_runs\stage06_backfill_b002_n100_20260419\count_evidence\933.json,results\stage06_count_runs\stage06_backfill_b002_n100_20260419\results\933.json,,933,Anesthetic Considerations of Stiff-Person Syndrome: A Case Report.,"Hylan, Kristi; Vu, An-Duyen Nguyen; Stammen, Katherine",single_case_report,case_report,data\extraction_json\text\933.json,full_text,true,1,high,case_report_marker_single_case,false,false,"challenge_stage=challenge | verification_status=llm_candidate_exact | llm_count_confidence=high | challenge_reasons=explicit_sps_subgroup_conflict=1 vs 184 | llm_selected_candidate_id=cand02 | This paper is explicitly a single-patient case report: both the title and abstract describe anesthetic management of a 56-year-old woman with diagnosed SPS. The competing 184 figure is clearly an OCR/page-number artifact ('184 AANA Journal...') rather than an SPS patient count, so the best-supported extractable count is 1.",hybrid_v2_gpt-5.4,184,high,diagnosis_specific_table_row_count,3,1,high,cand02,false,hybrid_local_gpt,llm_candidate_exact,,2026-04-19T09:30:55.670073+00:00
944,FALSE,batch018,qa\validation\stage07_single_case_codex_gold\batch018\manifest.json,qa\validation\stage07_single_case_codex_gold\batch018\json\papers\944.json,qa\validation\stage07_single_case_codex_gold\batch018\json\segments\944.segments.json,qa\validation\stage07_single_case_codex_gold\batch018\json\target_views\944\p1.json,qa\validation\stage07_single_case_codex_gold\batch018\json\validation\944.validation.json,qa\validation\stage07_single_case_codex_gold\batch018\xml\944.annotated.xml,stage06_count_runs,results\stage06_count_runs\stage06_backfill_b002_n100_20260419\candidate_packages\944.json,results\stage06_count_runs\stage06_backfill_b002_n100_20260419\count_evidence\944.json,results\stage06_count_runs\stage06_backfill_b002_n100_20260419\results\944.json,,944,Paraneoplastic stiff person syndrome with small cell carcinoma of the bladder and anti-Ri antibodies.,"de Alboniga-Chindurza, Asier; Riva, Elena; Jimenez-Huete, Adolfo; Graus, Francesc; Franch, Oriol",single_case_report,case_report,data\extraction_json\text\944.json,full_text,true,1,high,case_report_marker_single_case,false,false,"challenge_stage=primary | verification_status=llm_candidate_exact | llm_count_confidence=high | llm_selected_candidate_id=cand01 | The paper explicitly describes a single case report of paraneoplastic stiff person syndrome, and the case report section details one 46-year-old man diagnosed with paraneoplastic SPS. This supports selecting the single-case candidate count of 1.",hybrid_v2_gpt-5.4,1,medium,case_report_marker_single_case,2,1,high,cand01,false,hybrid_local_gpt,llm_candidate_exact,,2026-04-19T09:32:16.105454+00:00
952,FALSE,batch018,qa\validation\stage07_single_case_codex_gold\batch018\manifest.json,qa\validation\stage07_single_case_codex_gold\batch018\json\papers\952.json,qa\validation\stage07_single_case_codex_gold\batch018\json\segments\952.segments.json,qa\validation\stage07_single_case_codex_gold\batch018\json\target_views\952\p1.json,qa\validation\stage07_single_case_codex_gold\batch018\json\validation\952.validation.json,qa\validation\stage07_single_case_codex_gold\batch018\xml\952.annotated.xml,stage06_count_runs,results\stage06_count_runs\stage06_backfill_b002_n100_20260419\candidate_packages\952.json,results\stage06_count_runs\stage06_backfill_b002_n100_20260419\count_evidence\952.json,results\stage06_count_runs\stage06_backfill_b002_n100_20260419\results\952.json,,952,"Anti-glutamic acid decarboxylase (GAD) positive cerebellar Ataxia with transitioning to progressive encephalomyelitis with rigidity and myoclonus (PERM), responsive to immunotherapy: A case report and review of literature.","Jazebi, Noushin; Rodrigo, Shashika; Gogia, Bhanu; Shawagfeh, Ahmad",single_case_report,case_report,data\extraction_json\text\952.json,full_text,true,1,high,case_report_marker_single_case,false,false,challenge_stage=challenge | verification_status=llm_candidate_exact | llm_count_confidence=high | challenge_reasons=explicit_sps_subgroup_conflict=1 vs 22; local_safer_abstention_conflict=22 vs 1; local_validation_conflict=22 vs 1 | llm_selected_candidate_id=cand02 | This paper is a case report describing one original SPS-spectrum patient: a 65-year-old man who developed PERM. The 13 SPS and 9 PERM counts are from cited literature in the review/discussion context and should not be counted as original patients reported in this paper.,hybrid_v2_gpt-5.4,22,high,diagnosis_specific_group_breakdown_count,3,1,high,cand02,false,hybrid_local_gpt,llm_candidate_exact,,2026-04-19T09:33:29.952553+00:00
953,FALSE,batch018,qa\validation\stage07_single_case_codex_gold\batch018\manifest.json,qa\validation\stage07_single_case_codex_gold\batch018\json\papers\953.json,qa\validation\stage07_single_case_codex_gold\batch018\json\segments\953.segments.json,qa\validation\stage07_single_case_codex_gold\batch018\json\target_views\953\p1.json,qa\validation\stage07_single_case_codex_gold\batch018\json\validation\953.validation.json,qa\validation\stage07_single_case_codex_gold\batch018\xml\953.annotated.xml,stage06_count_runs,results\stage06_count_runs\stage06_backfill_b002_n100_20260419\candidate_packages\953.json,results\stage06_count_runs\stage06_backfill_b002_n100_20260419\count_evidence\953.json,results\stage06_count_runs\stage06_backfill_b002_n100_20260419\results\953.json,,953,Spontaneous continuous motor unit single discharges.,"Posa, Andreas; Niskiewicz, Izabela; Raescu, Valerian; Emmer, Alexander; Surov, Alexey; Kornhuber, Malte",case_series_or_multi_case,case_series,data\extraction_json\text\953.json,full_text,true,1,high,manual_gold_review,false,false,count_basis=manual_gold_review | count_confidence=high | round_id=2026-04-20_stage06_b002_n100_manual_review | selection_bucket=stage06_backfill_batch_review | prediction_correct=false | reviewed_count=1 | reviewed_source_category=case_series_or_multi_case | predicted_count=14 | predicted_source_category=case_series_or_multi_case | reviewer_notes=Manual review confirms the extractable SPS-spectrum count is 1 (1 with stiff limb syndrome).,gold_reviewed_stage06_v1,14,medium,abstract_count_signal,2,14,low,,false,manual_gold_review,manual_gold_review,,2026-04-20T21:48:05Z
960,FALSE,batch018,qa\validation\stage07_single_case_codex_gold\batch018\manifest.json,qa\validation\stage07_single_case_codex_gold\batch018\json\papers\960.json,qa\validation\stage07_single_case_codex_gold\batch018\json\segments\960.segments.json,qa\validation\stage07_single_case_codex_gold\batch018\json\target_views\960\p1.json,qa\validation\stage07_single_case_codex_gold\batch018\json\validation\960.validation.json,qa\validation\stage07_single_case_codex_gold\batch018\xml\960.annotated.xml,stage06_count_runs,results\stage06_count_runs\stage06_backfill_b002_n100_20260419\candidate_packages\960.json,results\stage06_count_runs\stage06_backfill_b002_n100_20260419\count_evidence\960.json,results\stage06_count_runs\stage06_backfill_b002_n100_20260419\results\960.json,,960,Femur Neck Fracture in a Patient with Stiff Person Syndrome: A Case Report.,"Jamil, Mujahid; Saleem, Muhammad; Habib, Ahmed; Khan, Sara; Qahir, Muhammad",single_case_report,case_report,data\extraction_json\text\960.json,full_text,true,1,high,case_report_marker_single_case,false,false,"challenge_stage=primary | verification_status=llm_candidate_exact | llm_count_confidence=high | llm_selected_candidate_id=cand01 | This is a single-patient case report describing one 57-year-old man with diagnosis-supported stiff person syndrome. The paper provides original clinical details and confirms the SPS diagnosis with anti-GAD65 antibodies and EMG findings, supporting a count of 1 unique SPS-spectrum patient.",hybrid_v2_gpt-5.4,1,medium,case_report_marker_single_case,2,1,high,cand01,false,hybrid_local_gpt,llm_candidate_exact,,2026-04-19T09:34:31.706295+00:00
965,FALSE,batch018,qa\validation\stage07_single_case_codex_gold\batch018\manifest.json,qa\validation\stage07_single_case_codex_gold\batch018\json\papers\965.json,qa\validation\stage07_single_case_codex_gold\batch018\json\segments\965.segments.json,qa\validation\stage07_single_case_codex_gold\batch018\json\target_views\965\p1.json,qa\validation\stage07_single_case_codex_gold\batch018\json\validation\965.validation.json,qa\validation\stage07_single_case_codex_gold\batch018\xml\965.annotated.xml,stage06_count_runs,results\stage06_count_runs\stage06_backfill_b002_n100_20260419\candidate_packages\965.json,results\stage06_count_runs\stage06_backfill_b002_n100_20260419\count_evidence\965.json,results\stage06_count_runs\stage06_backfill_b002_n100_20260419\results\965.json,,965,Chronic intestinal pseudo-obstruction with dilated biliary tract as a spectrum of stiff person syndrome in a nondiabetic patient.,"Nguyen, Alexandre; de Boysson, Hubert; Audrey, Fohlen; Yameogo, Seydou; Aouba, Achille",single_case_report,case_report,data\extraction_json\text\965.json,full_text,true,1,high,single_case_text_signal,false,false,"challenge_stage=primary | verification_status=llm_candidate_exact | llm_count_confidence=high | llm_selected_candidate_id=cand01 | This is a single-case report that explicitly states the authors report one 44-year-old woman whose presentation revealed typical stiff person syndrome. The paper discusses additional literature cases separately, so the extractable original SPS-spectrum count is 1.",hybrid_v2_gpt-5.4,1,medium,single_case_text_signal,2,1,high,cand01,false,hybrid_local_gpt,llm_candidate_exact,,2026-04-19T09:35:42.769569+00:00
968,FALSE,batch019,qa\validation\stage07_single_case_codex_gold\batch019\manifest.json,qa\validation\stage07_single_case_codex_gold\batch019\json\papers\968.json,qa\validation\stage07_single_case_codex_gold\batch019\json\segments\968.segments.json,qa\validation\stage07_single_case_codex_gold\batch019\json\target_views\968\p1.json,qa\validation\stage07_single_case_codex_gold\batch019\json\validation\968.validation.json,qa\validation\stage07_single_case_codex_gold\batch019\xml\968.annotated.xml,stage06_count_runs,results\stage06_count_runs\stage06_backfill_b002_n100_20260419\candidate_packages\968.json,results\stage06_count_runs\stage06_backfill_b002_n100_20260419\count_evidence\968.json,results\stage06_count_runs\stage06_backfill_b002_n100_20260419\results\968.json,,968,A Case of Treatment Resistance and Complications in a Patient with Stiff Person Syndrome and Cerebellar Ataxia.,"Jones, Lliwen A; Baber, Waqaar; Wardle, Mark; Robertson, Neil P; Morris, Huw R; Church, Alistair; Llewelyn, John G; Peall, Kathryn J",single_case_report,case_report,data\extraction_json\text\968.json,full_text,true,1,medium,case_report_marker_single_case,true,false,"challenge_stage=challenge | verification_status=llm_candidate_exact | llm_count_confidence=medium | challenge_reasons=semantic_validator_reject=COUNT_SPS_STATUS_UNCERTAIN | llm_selected_candidate_id=cand01 | This is a single-patient case report describing one woman with an explicit SPS diagnosis and cerebellar ataxia. The paper repeatedly refers to 'a case' and 'the patient,' supporting a count of 1 unique original SPS-spectrum patient, but because of the validator's SPS-status uncertainty flag, manual review should remain required.",hybrid_v2_gpt-5.4,1,medium,case_report_marker_single_case,2,1,medium,cand01,false,hybrid_local_gpt,llm_candidate_exact,,2026-04-19T09:36:54.462347+00:00
970,FALSE,batch019,qa\validation\stage07_single_case_codex_gold\batch019\manifest.json,qa\validation\stage07_single_case_codex_gold\batch019\json\papers\970.json,qa\validation\stage07_single_case_codex_gold\batch019\json\segments\970.segments.json,qa\validation\stage07_single_case_codex_gold\batch019\json\target_views\970\p1.json,qa\validation\stage07_single_case_codex_gold\batch019\json\validation\970.validation.json,qa\validation\stage07_single_case_codex_gold\batch019\xml\970.annotated.xml,stage06_count_runs,results\stage06_count_runs\stage06_backfill_b002_n100_20260419\candidate_packages\970.json,results\stage06_count_runs\stage06_backfill_b002_n100_20260419\count_evidence\970.json,results\stage06_count_runs\stage06_backfill_b002_n100_20260419\results\970.json,,970,Stiff Person Syndrome and Type 1 Diabetes Mellitus: a Case of the Chicken or the Egg?.,"Rathbun, John Tyler; Imber, Jacob",single_case_report,case_report,data\extraction_json\text\970.json,full_text,true,1,medium,case_report_marker_single_case,true,true,"challenge_stage=primary | verification_status=llm_candidate_exact | llm_count_confidence=medium | llm_selected_candidate_id=cand01 | The paper explicitly presents a single original case: a 23-year-old woman with known SPS. This supports a count of 1 SPS-spectrum patient, but manual review remains appropriate because the evidence pack flags original cohort provenance uncertainty.",hybrid_v2_gpt-5.4,1,medium,case_report_marker_single_case,2,1,medium,cand01,false,hybrid_local_gpt,llm_candidate_exact,,2026-04-19T09:37:15.033303+00:00
975,FALSE,batch019,qa\validation\stage07_single_case_codex_gold\batch019\manifest.json,qa\validation\stage07_single_case_codex_gold\batch019\json\papers\975.json,qa\validation\stage07_single_case_codex_gold\batch019\json\segments\975.segments.json,qa\validation\stage07_single_case_codex_gold\batch019\json\target_views\975\p1.json,qa\validation\stage07_single_case_codex_gold\batch019\json\validation\975.validation.json,qa\validation\stage07_single_case_codex_gold\batch019\xml\975.annotated.xml,stage06_count_gold,,,,qa\validation\source_categorisation\gold_standard\stage06_count_gold\papers\975.json,975,Intravenous methylprednisolone or immunoglobulin for anti-glutamic acid decarboxylase 65 antibody autoimmune encephalitis: which is better?.,"Li, Tao-Ran; Zhang, Yu-Di; Wang, Qun; Shao, Xiao-Qiu; Li, Zhi-Mei; Lv, Rui-Juan",case_series_or_multi_case,case_series,data\extraction_json\text\975.json,full_text,true,2,high,manual_gold_review,false,false,count_basis=manual_gold_review | count_confidence=high | round_id=2026-04-05_round_03 | selection_bucket=case_group_boundary | prediction_correct=false | reviewed_count=2 | reviewed_source_category=case_series_or_multi_case | predicted_count=4 | predicted_source_category=case_series_or_multi_case | reviewer_notes=Table 1: only Patient 1 and Patient 3 have SPS,gold_reviewed_stage06_v1,,,,,,,,,manual_gold_review,manual_gold_review,,2026-04-05T15:46:13.341034+00:00
990,FALSE,batch019,qa\validation\stage07_single_case_codex_gold\batch019\manifest.json,qa\validation\stage07_single_case_codex_gold\batch019\json\papers\990.json,qa\validation\stage07_single_case_codex_gold\batch019\json\segments\990.segments.json,qa\validation\stage07_single_case_codex_gold\batch019\json\target_views\990\p1.json,qa\validation\stage07_single_case_codex_gold\batch019\json\validation\990.validation.json,qa\validation\stage07_single_case_codex_gold\batch019\xml\990.annotated.xml,stage06_count_gold,,,,qa\validation\source_categorisation\gold_standard\stage06_count_gold\papers\990.json,990,Therapeutic plasma exchange in treatment of neuroimmunologic disorders: Review of 92 cases,Sorgun M.H.; Erdogan S.; Bay M.; Ayyildiz E.; Yucemen N.; IIhan O.; Yucesan C.,observational_group_study,retrospective_or_cohort_group_study,data\extraction_json\text\990.json,full_text,true,1,high,manual_gold_review,false,false,"count_basis=manual_gold_review | count_confidence=high | round_id=2026-04-05_round_01 | selection_bucket=count_ambiguity | prediction_correct=false | reviewed_count=1 | reviewed_source_category=observational_group_study | predicted_count=92 | predicted_source_category=interventional_study | reviewer_notes=Table 1 lists stiff person syndrome n=1; the title-level 92 is the broader mixed neuroimmunology cohort, not the SPS subset.",gold_reviewed_stage06_v1,,,,,,,,,manual_gold_review,manual_gold_review,,2026-04-05T12:39:58.339300+00:00
1010,FALSE,batch019,qa\validation\stage07_single_case_codex_gold\batch019\manifest.json,qa\validation\stage07_single_case_codex_gold\batch019\json\papers\1010.json,qa\validation\stage07_single_case_codex_gold\batch019\json\segments\1010.segments.json,qa\validation\stage07_single_case_codex_gold\batch019\json\target_views\1010\p1.json,qa\validation\stage07_single_case_codex_gold\batch019\json\validation\1010.validation.json,qa\validation\stage07_single_case_codex_gold\batch019\xml\1010.annotated.xml,stage06_count_runs,results\stage06_count_runs\stage06_backfill_b002_n100_20260419\candidate_packages\1010.json,results\stage06_count_runs\stage06_backfill_b002_n100_20260419\count_evidence\1010.json,results\stage06_count_runs\stage06_backfill_b002_n100_20260419\results\1010.json,,1010,Intrathecal baclofen pump placement in a patient with stiff person syndrome: A case report,Avraham R.; Sharma A.; Channick R.; Angles C.A.,single_case_report,case_report,data\extraction_json\text\1010.json,full_text,true,1,high,case_report_marker_single_case,false,false,"challenge_stage=primary | verification_status=llm_candidate_exact | llm_count_confidence=high | llm_selected_candidate_id=cand01 | This is a single-patient case report describing one 32-year-old woman with clinically supported stiff person syndrome. The title, case description, and conclusion all consistently indicate one original SPS-spectrum patient.",hybrid_v2_gpt-5.4,1,medium,case_report_marker_single_case,2,1,high,cand01,false,hybrid_local_gpt,llm_candidate_exact,,2026-04-19T09:01:29.836099+00:00
1017,TRUE,batch019,qa\validation\stage07_single_case_codex_gold\batch019\manifest.json,qa\validation\stage07_single_case_codex_gold\batch019\json\papers\1017.json,qa\validation\stage07_single_case_codex_gold\batch019\json\segments\1017.segments.json,qa\validation\stage07_single_case_codex_gold\batch019\json\target_views\1017\p1.json,qa\validation\stage07_single_case_codex_gold\batch019\json\validation\1017.validation.json,qa\validation\stage07_single_case_codex_gold\batch019\xml\1017.annotated.xml,stage06_count_runs,results\stage06_count_runs\stage06_backfill_b002_n100_20260419\candidate_packages\1017.json,results\stage06_count_runs\stage06_backfill_b002_n100_20260419\count_evidence\1017.json,results\stage06_count_runs\stage06_backfill_b002_n100_20260419\results\1017.json,,1017,Therapeutic plasma exchange in a patient with paraneoplastic variant of stiff-person syndrome,Madrigal E.; Fisher R.; Friedman M.T.,single_case_report,case_report,data\extraction_json\text\1017.json,full_text,true,1,high,case_report_marker_single_case,false,false,challenge_stage=primary | verification_status=llm_candidate_exact | llm_count_confidence=high | llm_selected_candidate_id=cand01 | This is a single-case report with explicit language describing one 75-year-old female patient with paraneoplastic stiff-person syndrome who underwent treatment and follow-up. The evidence supports exactly 1 unique original SPS-spectrum patient.,hybrid_v2_gpt-5.4,1,medium,case_report_marker_single_case,2,1,high,cand01,false,hybrid_local_gpt,llm_candidate_exact,,2026-04-19T09:02:11.796604+00:00
1054,FALSE,batch019,qa\validation\stage07_single_case_codex_gold\batch019\manifest.json,qa\validation\stage07_single_case_codex_gold\batch019\json\papers\1054.json,qa\validation\stage07_single_case_codex_gold\batch019\json\segments\1054.segments.json,qa\validation\stage07_single_case_codex_gold\batch019\json\target_views\1054\p1.json,qa\validation\stage07_single_case_codex_gold\batch019\json\validation\1054.validation.json,qa\validation\stage07_single_case_codex_gold\batch019\xml\1054.annotated.xml,stage06_count_runs,results\stage06_count_runs\stage06_backfill_b002_n100_20260419\candidate_packages\1054.json,results\stage06_count_runs\stage06_backfill_b002_n100_20260419\count_evidence\1054.json,results\stage06_count_runs\stage06_backfill_b002_n100_20260419\results\1054.json,,1054,Efficacy of levetiracetam in case of stiff-person syndrome - Case report,Carrilho P.I.N.; Munhoz R.P.; Teive H.A.G.,single_case_report,case_report,data\extraction_json\text\1054.json,full_text,true,1,high,abstract_count_signal,false,false,challenge_stage=primary | verification_status=llm_candidate_exact | llm_count_confidence=high | llm_selected_candidate_id=cand01 | This paper is explicitly a case report and the abstract/full-text excerpt states that the authors described a single patient with anti-GAD-positive stiff-person syndrome. The best-supported extractable SPS-spectrum count is 1 unique original patient.,hybrid_v2_gpt-5.4,1,medium,abstract_count_signal,3,1,high,cand01,false,hybrid_local_gpt,llm_candidate_exact,,2026-04-19T09:03:13.961025+00:00
1068,TRUE,batch019,qa\validation\stage07_single_case_codex_gold\batch019\manifest.json,qa\validation\stage07_single_case_codex_gold\batch019\json\papers\1068.json,qa\validation\stage07_single_case_codex_gold\batch019\json\segments\1068.segments.json,qa\validation\stage07_single_case_codex_gold\batch019\json\target_views\1068\p1.json,qa\validation\stage07_single_case_codex_gold\batch019\json\validation\1068.validation.json,qa\validation\stage07_single_case_codex_gold\batch019\xml\1068.annotated.xml,stage06_count_runs,results\stage06_count_runs\stage06_backfill_b002_n100_20260419\candidate_packages\1068.json,results\stage06_count_runs\stage06_backfill_b002_n100_20260419\count_evidence\1068.json,results\stage06_count_runs\stage06_backfill_b002_n100_20260419\results\1068.json,,1068,Progressive encephalomyelitis with rigidity and myoclonus: Anesthesia and glycine receptor antibodies,Papadopoulou A.; Samuels T.L.; Dassanayake A.; Spring C.; Willers J.; Uncles D.R.,single_case_report,case_report,data\extraction_json\text\1068.json,full_text,true,1,high,case_report_marker_single_case,false,false,"challenge_stage=primary | verification_status=llm_candidate_exact | llm_count_confidence=high | llm_selected_candidate_id=cand01 | This paper is a single case report and explicitly describes one patient with PERM, which is within the SPS-spectrum definition. The abstract and full-text excerpt consistently refer to a single patient/case with no indication of additional original SPS-spectrum patients.",hybrid_v2_gpt-5.4,1,medium,case_report_marker_single_case,2,1,high,cand01,false,hybrid_local_gpt,llm_candidate_exact,,2026-04-19T09:03:35.915898+00:00
1094,FALSE,batch019,qa\validation\stage07_single_case_codex_gold\batch019\manifest.json,qa\validation\stage07_single_case_codex_gold\batch019\json\papers\1094.json,qa\validation\stage07_single_case_codex_gold\batch019\json\segments\1094.segments.json,qa\validation\stage07_single_case_codex_gold\batch019\json\target_views\1094\p1.json,qa\validation\stage07_single_case_codex_gold\batch019\json\validation\1094.validation.json,qa\validation\stage07_single_case_codex_gold\batch019\xml\1094.annotated.xml,stage06_count_runs,results\stage06_count_runs\stage06_backfill_b002_n100_20260419\candidate_packages\1094.json,results\stage06_count_runs\stage06_backfill_b002_n100_20260419\count_evidence\1094.json,results\stage06_count_runs\stage06_backfill_b002_n100_20260419\results\1094.json,,1094,Stiff-person syndrome associated with myotonic dystrophy type 2 - A case report,Ehler E.; Kopal A.; Mandysova P.; Vojtisek P.; Zamecnik J.,single_case_report,case_report,data\extraction_json\text\1094.json,full_text,true,1,high,case_report_marker_single_case,false,false,"challenge_stage=primary | verification_status=llm_candidate_exact | llm_count_confidence=high | llm_selected_candidate_id=cand01 | This paper is explicitly a case report and repeatedly describes a single man with severe stiff-person syndrome associated with myotonic dystrophy type 2. The evidence supports 1 unique original SPS-spectrum patient, matching candidate cand01.",hybrid_v2_gpt-5.4,1,medium,case_report_marker_single_case,2,1,high,cand01,false,hybrid_local_gpt,llm_candidate_exact,,2026-04-19T09:03:57.672253+00:00
1105,TRUE,batch019,qa\validation\stage07_single_case_codex_gold\batch019\manifest.json,qa\validation\stage07_single_case_codex_gold\batch019\json\papers\1105.json,qa\validation\stage07_single_case_codex_gold\batch019\json\segments\1105.segments.json,qa\validation\stage07_single_case_codex_gold\batch019\json\target_views\1105\p1.json,qa\validation\stage07_single_case_codex_gold\batch019\json\validation\1105.validation.json,qa\validation\stage07_single_case_codex_gold\batch019\xml\1105.annotated.xml,stage06_count_runs,results\stage06_count_runs\stage06_backfill_b002_n100_20260419\candidate_packages\1105.json,results\stage06_count_runs\stage06_backfill_b002_n100_20260419\count_evidence\1105.json,results\stage06_count_runs\stage06_backfill_b002_n100_20260419\results\1105.json,,1105,Scoliosis in childhood-onset stiff person syndrome,Rasameesoraj T.; Katirji B.; Devereaux M.,single_case_report,case_report,data\extraction_json\text\1105.json,full_text,true,1,high,case_report_marker_single_case,false,false,challenge_stage=primary | verification_status=llm_candidate_exact | llm_count_confidence=high | llm_selected_candidate_id=cand01 | The paper explicitly describes a single original SPS case: 'We report a case' and then details one 20-year-old woman with clinically supported childhood-onset SPS and elevated anti-GAD65 antibodies. No evidence suggests additional original SPS-spectrum patients beyond this one case.,hybrid_v2_gpt-5.4,1,medium,case_report_marker_single_case,2,1,high,cand01,false,hybrid_local_gpt,llm_candidate_exact,,2026-04-19T09:04:46.010076+00:00
1106,FALSE,batch020,qa\validation\stage07_single_case_codex_gold\batch020\manifest.json,qa\validation\stage07_single_case_codex_gold\batch020\json\papers\1106.json,qa\validation\stage07_single_case_codex_gold\batch020\json\segments\1106.segments.json,qa\validation\stage07_single_case_codex_gold\batch020\json\target_views\1106\p1.json,qa\validation\stage07_single_case_codex_gold\batch020\json\validation\1106.validation.json,qa\validation\stage07_single_case_codex_gold\batch020\xml\1106.annotated.xml,stage06_count_runs,results\stage06_count_runs\stage06_backfill_b002_n100_20260419\candidate_packages\1106.json,results\stage06_count_runs\stage06_backfill_b002_n100_20260419\count_evidence\1106.json,results\stage06_count_runs\stage06_backfill_b002_n100_20260419\results\1106.json,,1106,Rhabdomyolysis in stiff person syndrome: Case report,Gangadhara S.; Gandhy C.; Robertson D.,single_case_report,case_report,data\extraction_json\text\1106.json,full_text,true,1,high,case_report_marker_single_case,false,false,"challenge_stage=primary | verification_status=llm_candidate_exact | llm_count_confidence=high | llm_selected_candidate_id=cand01 | This is a single case report describing one 50-year-old man with diagnosis-supported autoimmune SPS. The two hospitalizations are repeat admissions for the same patient, not separate cases.",hybrid_v2_gpt-5.4,1,medium,case_report_marker_single_case,2,1,high,cand01,false,hybrid_local_gpt,llm_candidate_exact,,2026-04-19T09:05:04.815752+00:00
1133,FALSE,batch020,qa\validation\stage07_single_case_codex_gold\batch020\manifest.json,qa\validation\stage07_single_case_codex_gold\batch020\json\papers\1133.json,qa\validation\stage07_single_case_codex_gold\batch020\json\segments\1133.segments.json,qa\validation\stage07_single_case_codex_gold\batch020\json\target_views\1133\p1.json,qa\validation\stage07_single_case_codex_gold\batch020\json\validation\1133.validation.json,qa\validation\stage07_single_case_codex_gold\batch020\xml\1133.annotated.xml,stage06_count_runs,results\stage06_count_runs\stage06_backfill_b002_n100_20260419\candidate_packages\1133.json,results\stage06_count_runs\stage06_backfill_b002_n100_20260419\count_evidence\1133.json,results\stage06_count_runs\stage06_backfill_b002_n100_20260419\results\1133.json,,1133,Favorable response of botulinum toxin to the axial muscle spasms in a patient with stiff-person syndrome autoimmune: A case report,Correa Ospina D.; Paula Andrea Millan Giraldo P.; Jose Mauricio Cardenas Prieto J.; Omar Fredy Buritica O.; Simon Uribe Vargas S.,single_case_report,case_report,data\extraction_json\text\1133.json,full_text,true,1,high,case_report_marker_single_case,false,false,"challenge_stage=primary | verification_status=llm_candidate_exact | llm_count_confidence=high | llm_selected_candidate_id=cand01 | This paper is explicitly a case report describing a single 20-year-old female patient with diagnosis-supported autoimmune stiff-person syndrome. The abstract repeatedly refers to one patient and provides individual clinical, laboratory, diagnostic, and treatment details, supporting a count of 1 unique SPS-spectrum case.",hybrid_v2_gpt-5.4,1,medium,case_report_marker_single_case,2,1,high,cand01,false,hybrid_local_gpt,llm_candidate_exact,,2026-04-19T09:05:52.858514+00:00
1135,FALSE,batch020,qa\validation\stage07_single_case_codex_gold\batch020\manifest.json,qa\validation\stage07_single_case_codex_gold\batch020\json\papers\1135.json,qa\validation\stage07_single_case_codex_gold\batch020\json\segments\1135.segments.json,qa\validation\stage07_single_case_codex_gold\batch020\json\target_views\1135\p1.json,qa\validation\stage07_single_case_codex_gold\batch020\json\validation\1135.validation.json,qa\validation\stage07_single_case_codex_gold\batch020\xml\1135.annotated.xml,stage06_count_runs,results\stage06_count_runs\stage06_backfill_b002_n100_20260419\candidate_packages\1135.json,results\stage06_count_runs\stage06_backfill_b002_n100_20260419\count_evidence\1135.json,results\stage06_count_runs\stage06_backfill_b002_n100_20260419\results\1135.json,,1135,Stiff person syndrome in a 64 year old male Filipino: A case report,Blanco P.; Belonguel N.J.,single_case_report,case_report,data\extraction_json\text\1135.json,full_text,true,1,high,case_report_marker_single_case,false,false,"challenge_stage=primary | verification_status=llm_candidate_exact | llm_count_confidence=high | llm_selected_candidate_id=cand01 | This paper is a single case report describing one 64-year-old Filipino man with clinically supported stiff person syndrome. The abstract and preferred text both consistently report a single diagnosed patient, with no indication of additional original SPS-spectrum cases.",hybrid_v2_gpt-5.4,1,medium,case_report_marker_single_case,2,1,high,cand01,false,hybrid_local_gpt,llm_candidate_exact,,2026-04-19T09:06:13.440981+00:00
1210,FALSE,batch020,qa\validation\stage07_single_case_codex_gold\batch020\manifest.json,qa\validation\stage07_single_case_codex_gold\batch020\json\papers\1210.json,qa\validation\stage07_single_case_codex_gold\batch020\json\segments\1210.segments.json,qa\validation\stage07_single_case_codex_gold\batch020\json\target_views\1210\p1.json,qa\validation\stage07_single_case_codex_gold\batch020\json\validation\1210.validation.json,qa\validation\stage07_single_case_codex_gold\batch020\xml\1210.annotated.xml,stage06_count_runs,results\stage06_count_runs\stage06_backfill_b002_n100_20260419\candidate_packages\1210.json,results\stage06_count_runs\stage06_backfill_b002_n100_20260419\count_evidence\1210.json,results\stage06_count_runs\stage06_backfill_b002_n100_20260419\results\1210.json,,1210,Status spasticus and psoas muscle edema due to anti-GAD antibody associated stiff-man syndrome,Maramattom B.V.,single_case_report,case_report,data\extraction_json\text\1210.json,full_text,true,1,high,case_report_marker_single_case,false,false,"challenge_stage=primary | verification_status=llm_candidate_exact | llm_count_confidence=high | llm_selected_candidate_id=cand01 | This paper is a single case report and explicitly states that the authors present one anti-GAD positive stiff-man syndrome patient. The full-text excerpt also describes a single 64-year-old man as the reported case, with no indication of additional original SPS-spectrum patients.",hybrid_v2_gpt-5.4,1,medium,case_report_marker_single_case,2,1,high,cand01,false,hybrid_local_gpt,llm_candidate_exact,,2026-04-19T09:07:10.775601+00:00
1215,FALSE,batch020,qa\validation\stage07_single_case_codex_gold\batch020\manifest.json,qa\validation\stage07_single_case_codex_gold\batch020\json\papers\1215.json,qa\validation\stage07_single_case_codex_gold\batch020\json\segments\1215.segments.json,qa\validation\stage07_single_case_codex_gold\batch020\json\target_views\1215\p1.json,qa\validation\stage07_single_case_codex_gold\batch020\json\validation\1215.validation.json,qa\validation\stage07_single_case_codex_gold\batch020\xml\1215.annotated.xml,stage06_count_runs,results\stage06_count_runs\stage06_backfill_b002_n100_20260419\candidate_packages\1215.json,results\stage06_count_runs\stage06_backfill_b002_n100_20260419\count_evidence\1215.json,results\stage06_count_runs\stage06_backfill_b002_n100_20260419\results\1215.json,,1215,Three cases of elevated IL-1beta in common variable immunodeficiency (CVID) with autoimmune complications,Toh J.; Gavrilova T.; Rubinstein A.,conference_abstract,single_case_conference_abstract,data\extraction_json\text_proceedings_ready\1215.json,proceedings_ready,true,1,medium,source_single_case_default,true,false,"challenge_stage=challenge | verification_status=llm_candidate_exact | llm_count_confidence=medium | challenge_reasons=local_validation_conflict=0 vs 1 | llm_selected_candidate_id=cand02 | Among the 3 CVID cases, only Case 3 is explicitly described as having stiff-person's syndrome, while Cases 1 and 2 have nonspecific stiffness/weakness symptoms that do not safely establish SPS-spectrum diagnoses. Therefore the best-supported extractable SPS-spectrum count is 1 patient.",hybrid_v2_gpt-5.4,3,medium,title_count_signal,2,1,medium,cand02,false,hybrid_local_gpt,llm_candidate_exact,,2026-04-19T09:07:38.749476+00:00
1245,FALSE,batch020,qa\validation\stage07_single_case_codex_gold\batch020\manifest.json,qa\validation\stage07_single_case_codex_gold\batch020\json\papers\1245.json,qa\validation\stage07_single_case_codex_gold\batch020\json\segments\1245.segments.json,qa\validation\stage07_single_case_codex_gold\batch020\json\target_views\1245\p1.json,qa\validation\stage07_single_case_codex_gold\batch020\json\validation\1245.validation.json,qa\validation\stage07_single_case_codex_gold\batch020\xml\1245.annotated.xml,stage06_count_runs,results\stage06_count_runs\stage06_backfill_b002_n100_20260419\candidate_packages\1245.json,results\stage06_count_runs\stage06_backfill_b002_n100_20260419\count_evidence\1245.json,results\stage06_count_runs\stage06_backfill_b002_n100_20260419\results\1245.json,,1245,Bilateral hip fracture during hospitalization for spasm exacerbation in an adult with stiff person syndrome: A case report,Podobinski T.K.; Mimbella P.C.; Irvine M.J.; Verduzco-Gutierrez M.,conference_abstract,single_case_conference_abstract,data\extraction_json\text_proceedings_ready\1245.json,proceedings_ready,true,1,high,case_report_marker_single_case,false,false,"challenge_stage=primary | verification_status=llm_candidate_exact | llm_count_confidence=high | llm_selected_candidate_id=cand01 | This conference abstract is an explicit single-patient case report of a 47-year-old woman with stiff person syndrome. The text consistently refers to one patient and provides diagnosis-supported original clinical details, so the best-supported extractable count is 1.",hybrid_v2_gpt-5.4,1,medium,case_report_marker_single_case,2,1,high,cand01,false,hybrid_local_gpt,llm_candidate_exact,,2026-04-19T09:11:20.858904+00:00
1246,FALSE,batch020,qa\validation\stage07_single_case_codex_gold\batch020\manifest.json,qa\validation\stage07_single_case_codex_gold\batch020\json\papers\1246.json,qa\validation\stage07_single_case_codex_gold\batch020\json\segments\1246.segments.json,qa\validation\stage07_single_case_codex_gold\batch020\json\target_views\1246\p1.json,qa\validation\stage07_single_case_codex_gold\batch020\json\validation\1246.validation.json,qa\validation\stage07_single_case_codex_gold\batch020\xml\1246.annotated.xml,stage06_count_runs,results\stage06_count_runs\stage06_backfill_b002_n100_20260419\candidate_packages\1246.json,results\stage06_count_runs\stage06_backfill_b002_n100_20260419\count_evidence\1246.json,results\stage06_count_runs\stage06_backfill_b002_n100_20260419\results\1246.json,,1246,Acute rehabilitation of a patient with stiff person syndrome (SPS) and GAD-antibody cerebellar Ataxia: A case report,Strong N.A.; Love N.F.; Brusky K.M.; Salim S.,conference_abstract,single_case_conference_abstract,data\extraction_json\text_proceedings_ready\1246.json,proceedings_ready,true,1,high,case_report_marker_single_case,false,false,"challenge_stage=primary | verification_status=llm_candidate_exact | llm_count_confidence=high | llm_selected_candidate_id=cand01 | This conference abstract is an original single-patient case report. The title and abstract consistently describe one diagnosed patient with painful spasms associated with stiff person syndrome, so the best-supported extractable SPS-spectrum count is 1.",hybrid_v2_gpt-5.4,1,medium,case_report_marker_single_case,2,1,high,cand01,false,hybrid_local_gpt,llm_candidate_exact,,2026-04-19T09:11:42.284458+00:00
1247,TRUE,batch020,qa\validation\stage07_single_case_codex_gold\batch020\manifest.json,qa\validation\stage07_single_case_codex_gold\batch020\json\papers\1247.json,qa\validation\stage07_single_case_codex_gold\batch020\json\segments\1247.segments.json,qa\validation\stage07_single_case_codex_gold\batch020\json\target_views\1247\p1.json,qa\validation\stage07_single_case_codex_gold\batch020\json\validation\1247.validation.json,qa\validation\stage07_single_case_codex_gold\batch020\xml\1247.annotated.xml,stage06_count_gold,,,,qa\validation\source_categorisation\gold_standard\stage06_count_gold\papers\1247.json,1247,A novel approach to the treatment of stiff-person-syndrome with botulinum toxin: A case report,Shah C.D.; Bunzol D.,single_case_report,case_report,data/extraction_json/text/1247.json,full_text,true,1,high,manual_gold_review,false,false,count_basis=manual_gold_review | count_confidence=high | round_id=stage06_eval_backfill_2026-04-15 | selection_bucket=stage06_eval_backfill | prediction_correct=true | reviewed_count=1 | reviewed_source_category=single_case_report | predicted_count=1 | predicted_source_category=single_case_report | reviewer_notes=Single case report; 2009 is a year marker rather than a patient count.,gold_reviewed_stage06_v1,,,,,,,,,manual_gold_review,manual_gold_review,,2026-04-15T00:00:00+00:00
1248,TRUE,batch020,qa\validation\stage07_single_case_codex_gold\batch020\manifest.json,qa\validation\stage07_single_case_codex_gold\batch020\json\papers\1248.json,qa\validation\stage07_single_case_codex_gold\batch020\json\segments\1248.segments.json,qa\validation\stage07_single_case_codex_gold\batch020\json\target_views\1248\p1.json,qa\validation\stage07_single_case_codex_gold\batch020\json\validation\1248.validation.json,qa\validation\stage07_single_case_codex_gold\batch020\xml\1248.annotated.xml,stage06_count_runs,results\stage06_count_runs\stage06_backfill_b002_n100_20260419\candidate_packages\1248.json,results\stage06_count_runs\stage06_backfill_b002_n100_20260419\count_evidence\1248.json,results\stage06_count_runs\stage06_backfill_b002_n100_20260419\results\1248.json,,1248,How a flexible differential yielded an elusive diagnosis: A case report,Ross K.; Harrington A.; Khurana S.R.,single_case_report,case_report,data\extraction_json\text\1248.json,full_text,true,1,high,source_single_case_default,false,false,challenge_stage=primary | verification_status=llm_candidate_exact | llm_count_confidence=high | llm_selected_candidate_id=cand02 | This paper is a single case report and the text consistently describes one 48-year-old woman with clinically supported SPS confirmed by anti-GAD65 positivity. The competing count of 2 appears to arise from adjacent abstract text contamination rather than a second SPS-spectrum patient in this paper.,hybrid_v2_gpt-5.4,2,high,diagnosis_specific_table_row_count,2,1,high,cand02,false,hybrid_local_gpt,llm_candidate_exact,,2026-04-19T09:12:05.805059+00:00
1281,TRUE,batch020,qa\validation\stage07_single_case_codex_gold\batch020\manifest.json,qa\validation\stage07_single_case_codex_gold\batch020\json\papers\1281.json,qa\validation\stage07_single_case_codex_gold\batch020\json\segments\1281.segments.json,qa\validation\stage07_single_case_codex_gold\batch020\json\target_views\1281\p1.json,qa\validation\stage07_single_case_codex_gold\batch020\json\validation\1281.validation.json,qa\validation\stage07_single_case_codex_gold\batch020\xml\1281.annotated.xml,stage06_count_runs,results\stage06_count_runs\stage06_backfill_b003_n100_20260419\candidate_packages\1281.json,results\stage06_count_runs\stage06_backfill_b003_n100_20260419\count_evidence\1281.json,results\stage06_count_runs\stage06_backfill_b003_n100_20260419\results\1281.json,,1281,Rhabdomyolysis and autoimmune variant stiff-person syndrome,Gangadhara S.; Gandhy C.; Robertson D.,single_case_report,case_report,data\extraction_json\text\1281.json,full_text,true,1,high,case_report_marker_single_case,false,false,"challenge_stage=primary | verification_status=llm_candidate_exact | llm_count_confidence=high | llm_selected_candidate_id=cand01 | The paper is an original single-case report describing one 50-year-old man with diagnosis-supported SPS (positive serum GAD antibodies). The two hospitalizations are repeat admissions of the same patient, not separate cases.",hybrid_v2_gpt-5.4,1,medium,case_report_marker_single_case,2,1,high,cand01,false,hybrid_local_gpt,llm_candidate_exact,,2026-04-19T09:46:56.453126+00:00
1291,FALSE,batch021,qa\validation\stage07_single_case_codex_gold\batch021\manifest.json,qa\validation\stage07_single_case_codex_gold\batch021\json\papers\1291.json,qa\validation\stage07_single_case_codex_gold\batch021\json\segments\1291.segments.json,qa\validation\stage07_single_case_codex_gold\batch021\json\target_views\1291\p1.json,qa\validation\stage07_single_case_codex_gold\batch021\json\validation\1291.validation.json,qa\validation\stage07_single_case_codex_gold\batch021\xml\1291.annotated.xml,stage06_count_runs,results\stage06_count_runs\stage06_backfill_b003_n100_20260419\candidate_packages\1291.json,results\stage06_count_runs\stage06_backfill_b003_n100_20260419\count_evidence\1291.json,results\stage06_count_runs\stage06_backfill_b003_n100_20260419\results\1291.json,,1291,"A unique combination of autoimmune limbic encephalitis, type 1 diabetes, and Stiff person syndrome associated with GAD-65 antibody",Sharma C.M.; Pandey R.K.; Kumawat B.; Khandelwal D.L.; Gandhi P.,single_case_report,case_report,data\extraction_json\text\1291.json,full_text,true,1,medium,case_report_marker_single_case,true,false,"challenge_stage=challenge | verification_status=llm_candidate_exact | llm_count_confidence=medium | challenge_reasons=semantic_validator_reject=COUNT_SPS_STATUS_UNCERTAIN | llm_selected_candidate_id=cand01 | This is a single-case report and the paper repeatedly states that it presents a rare case/this case with a unique combination including stiff person syndrome. The evidence supports 1 original SPS-spectrum patient, but because the validator flagged SPS-status uncertainty and the excerpt emphasizes mixed autoimmune manifestations, human review is still warranted.",hybrid_v2_gpt-5.4,1,medium,case_report_marker_single_case,2,1,medium,cand01,false,hybrid_local_gpt,llm_candidate_exact,,2026-04-19T09:47:21.894839+00:00
1297,FALSE,batch021,qa\validation\stage07_single_case_codex_gold\batch021\manifest.json,qa\validation\stage07_single_case_codex_gold\batch021\json\papers\1297.json,qa\validation\stage07_single_case_codex_gold\batch021\json\segments\1297.segments.json,qa\validation\stage07_single_case_codex_gold\batch021\json\target_views\1297\p1.json,qa\validation\stage07_single_case_codex_gold\batch021\json\validation\1297.validation.json,qa\validation\stage07_single_case_codex_gold\batch021\xml\1297.annotated.xml,stage06_count_runs,results\stage06_count_runs\stage06_backfill_b003_n100_20260419\candidate_packages\1297.json,results\stage06_count_runs\stage06_backfill_b003_n100_20260419\count_evidence\1297.json,results\stage06_count_runs\stage06_backfill_b003_n100_20260419\results\1297.json,,1297,Anesthetic management for a patient with stiff-person syndrome,Nakamura K.; Murao K.; Kimoto-Shirakawa M.; Takahira K.; Toorabally F.; Shingu K.,single_case_report,case_report,data\extraction_json\text\1297.json,full_text,true,1,high,case_report_marker_single_case,false,false,"challenge_stage=primary | verification_status=llm_candidate_exact | llm_count_confidence=high | llm_selected_candidate_id=cand01 | The paper is an explicit single-patient case report. The abstract repeatedly refers to one 61-year-old female patient and states that she was diagnosed as SPS, supporting a count of 1 unique original SPS-spectrum case.",hybrid_v2_gpt-5.4,1,medium,case_report_marker_single_case,2,1,high,cand01,false,hybrid_local_gpt,llm_candidate_exact,,2026-04-19T09:47:37.874429+00:00
1327,TRUE,batch021,qa\validation\stage07_single_case_codex_gold\batch021\manifest.json,qa\validation\stage07_single_case_codex_gold\batch021\json\papers\1327.json,qa\validation\stage07_single_case_codex_gold\batch021\json\segments\1327.segments.json,qa\validation\stage07_single_case_codex_gold\batch021\json\target_views\1327\p1.json,qa\validation\stage07_single_case_codex_gold\batch021\json\validation\1327.validation.json,qa\validation\stage07_single_case_codex_gold\batch021\xml\1327.annotated.xml,stage06_count_runs,results\stage06_count_runs\stage06_backfill_b003_n100_20260419\candidate_packages\1327.json,results\stage06_count_runs\stage06_backfill_b003_n100_20260419\count_evidence\1327.json,results\stage06_count_runs\stage06_backfill_b003_n100_20260419\results\1327.json,,1327,Pediatric stiff-person syndrome with renal failure,Kumar M.V.; Savida P.,single_case_report,case_report,data\extraction_json\text\1327.json,full_text,true,1,high,case_report_marker_single_case,false,false,challenge_stage=primary | verification_status=llm_candidate_exact | llm_count_confidence=high | llm_selected_candidate_id=cand01 | The paper is explicitly described as a case report of a single 8-year-old boy with clinical and investigational features suggestive of stiff-person syndrome. No evidence in the pack indicates additional original SPS-spectrum patients.,hybrid_v2_gpt-5.4,1,medium,case_report_marker_single_case,2,1,high,cand01,false,hybrid_local_gpt,llm_candidate_exact,,2026-04-19T09:49:25.617860+00:00
1332,FALSE,batch021,qa\validation\stage07_single_case_codex_gold\batch021\manifest.json,qa\validation\stage07_single_case_codex_gold\batch021\json\papers\1332.json,qa\validation\stage07_single_case_codex_gold\batch021\json\segments\1332.segments.json,qa\validation\stage07_single_case_codex_gold\batch021\json\target_views\1332\p1.json,qa\validation\stage07_single_case_codex_gold\batch021\json\validation\1332.validation.json,qa\validation\stage07_single_case_codex_gold\batch021\xml\1332.annotated.xml,stage06_count_runs,results\stage06_count_runs\stage06_backfill_b003_n100_20260419\candidate_packages\1332.json,results\stage06_count_runs\stage06_backfill_b003_n100_20260419\count_evidence\1332.json,results\stage06_count_runs\stage06_backfill_b003_n100_20260419\results\1332.json,,1332,Stiff face syndrome associated with glycine receptor antibodies,Gadian J.; Lascelles K.; Lim M.,conference_abstract,single_case_conference_abstract,data\extraction_json\text_proceedings_ready\1332.json,proceedings_ready,true,1,high,case_report_marker_single_case,false,false,"challenge_stage=primary | verification_status=llm_candidate_exact | llm_count_confidence=high | llm_selected_candidate_id=cand01 | The abstract explicitly presents a single original patient: 'a 4 year old boy' in a 'Case report,' with diagnosis-supported SPS-spectrum features including rigidity, stimulus-sensitive spasms, hyperekplexia, and GlyR antibodies. This directly supports a count of 1 unique SPS-spectrum case, matching candidate cand01.",hybrid_v2_gpt-5.4,1,medium,case_report_marker_single_case,2,1,high,cand01,false,hybrid_local_gpt,llm_candidate_exact,,2026-04-19T09:49:51.955769+00:00
1340,TRUE,batch021,qa\validation\stage07_single_case_codex_gold\batch021\manifest.json,qa\validation\stage07_single_case_codex_gold\batch021\json\papers\1340.json,qa\validation\stage07_single_case_codex_gold\batch021\json\segments\1340.segments.json,qa\validation\stage07_single_case_codex_gold\batch021\json\target_views\1340\p1.json,qa\validation\stage07_single_case_codex_gold\batch021\json\validation\1340.validation.json,qa\validation\stage07_single_case_codex_gold\batch021\xml\1340.annotated.xml,stage06_count_runs,results\stage06_count_runs\stage06_backfill_b003_n100_20260419\candidate_packages\1340.json,results\stage06_count_runs\stage06_backfill_b003_n100_20260419\count_evidence\1340.json,results\stage06_count_runs\stage06_backfill_b003_n100_20260419\results\1340.json,,1340,Seronegative progressive encephalomyelitis with rigidity and myoclonus (PERM),Khalid E.; Estevez-Ordonez D.; Lavin P.,single_case_report,case_report,data\extraction_json\text\1340.json,full_text,true,1,high,single_case_text_signal,false,false,"challenge_stage=primary | verification_status=llm_candidate_exact | llm_count_confidence=high | llm_selected_candidate_id=cand01 | This paper is a single-patient case report of PERM, which is explicitly within the SPS-spectrum definition. The abstract repeatedly refers to a single individual ('our patient', 'a 75-year-old man') with no indication of additional cases.",hybrid_v2_gpt-5.4,1,medium,single_case_text_signal,2,1,high,cand01,false,hybrid_local_gpt,llm_candidate_exact,,2026-04-19T09:51:17.957105+00:00
1363,FALSE,batch021,qa\validation\stage07_single_case_codex_gold\batch021\manifest.json,qa\validation\stage07_single_case_codex_gold\batch021\json\papers\1363.json,qa\validation\stage07_single_case_codex_gold\batch021\json\segments\1363.segments.json,qa\validation\stage07_single_case_codex_gold\batch021\json\target_views\1363\p1.json,qa\validation\stage07_single_case_codex_gold\batch021\json\validation\1363.validation.json,qa\validation\stage07_single_case_codex_gold\batch021\xml\1363.annotated.xml,stage06_count_runs,results\stage06_count_runs\stage06_backfill_b003_n100_20260419\candidate_packages\1363.json,results\stage06_count_runs\stage06_backfill_b003_n100_20260419\count_evidence\1363.json,results\stage06_count_runs\stage06_backfill_b003_n100_20260419\results\1363.json,,1363,Stiff-person syndrome with cerebellar manifestations and foot deformities,Chu C.-I.; Hsueh I.-H.; Cheng S.-J.,single_case_report,case_report,data\extraction_json\text\1363.json,full_text,true,1,high,diagnosis_specific_table_row_count,false,false,"challenge_stage=primary | verification_status=llm_candidate_exact | llm_count_confidence=high | llm_selected_candidate_id=cand01 | This is a single-case report with explicit language that the paper reports one woman with SPS with cerebellar manifestations. The diagnosis is clinically supported in the text, so the best-supported extractable SPS-spectrum count is 1.",hybrid_v2_gpt-5.4,1,high,diagnosis_specific_table_row_count,4,1,high,cand01,false,hybrid_local_gpt,llm_candidate_exact,,2026-04-19T09:52:18.344804+00:00
1372,TRUE,batch021,qa\validation\stage07_single_case_codex_gold\batch021\manifest.json,qa\validation\stage07_single_case_codex_gold\batch021\json\papers\1372.json,qa\validation\stage07_single_case_codex_gold\batch021\json\segments\1372.segments.json,qa\validation\stage07_single_case_codex_gold\batch021\json\target_views\1372\p1.json,qa\validation\stage07_single_case_codex_gold\batch021\json\validation\1372.validation.json,qa\validation\stage07_single_case_codex_gold\batch021\xml\1372.annotated.xml,stage06_count_runs,results\stage06_count_runs\stage06_backfill_b003_n100_20260419\candidate_packages\1372.json,results\stage06_count_runs\stage06_backfill_b003_n100_20260419\count_evidence\1372.json,results\stage06_count_runs\stage06_backfill_b003_n100_20260419\results\1372.json,,1372,Stiff person syndrome with negative anti-GAD65 antibodies. Case report,Roman-Filip C.; Radu D.; Ungureanu A.; Deaconu A.; Pereanu M.,single_case_report,case_report,data\extraction_json\text\1372.json,full_text,true,1,high,case_report_marker_single_case,false,false,challenge_stage=challenge | verification_status=llm_candidate_exact | llm_count_confidence=high | challenge_reasons=explicit_sps_subgroup_conflict=1 vs 9 | llm_selected_candidate_id=cand02 | This paper is a single case report and repeatedly describes one 42-year-old woman as the reported SPS patient. The competing count of 9 is not supported by the paper text provided and appears to be a parsing artifact rather than an original SPS cohort count.,hybrid_v2_gpt-5.4,9,high,diagnosis_specific_suffix_count,3,1,high,cand02,false,hybrid_local_gpt,llm_candidate_exact,,2026-04-19T09:52:42.649702+00:00
1394,FALSE,batch021,qa\validation\stage07_single_case_codex_gold\batch021\manifest.json,qa\validation\stage07_single_case_codex_gold\batch021\json\papers\1394.json,qa\validation\stage07_single_case_codex_gold\batch021\json\segments\1394.segments.json,qa\validation\stage07_single_case_codex_gold\batch021\json\target_views\1394\p1.json,qa\validation\stage07_single_case_codex_gold\batch021\json\validation\1394.validation.json,qa\validation\stage07_single_case_codex_gold\batch021\xml\1394.annotated.xml,stage06_count_runs,results\stage06_count_runs\stage06_backfill_b003_n100_20260419\candidate_packages\1394.json,results\stage06_count_runs\stage06_backfill_b003_n100_20260419\count_evidence\1394.json,results\stage06_count_runs\stage06_backfill_b003_n100_20260419\results\1394.json,,1394,Inpatient physiotherapy management for stiff person syndrome,Kahraman T.; Balci B.; Sengun I.S.,conference_abstract,single_case_conference_abstract,data\extraction_json\text_proceedings_ready\1394.json,full_text,true,1,high,manual_gold_review,false,false,count_basis=manual_gold_review | count_confidence=high | round_id=2026-04-20_stage06_b003_n100_manual_review | selection_bucket=stage06_backfill_batch_review | prediction_correct=false | reviewed_count=1 | reviewed_source_category=conference_abstract | predicted_count=13 | predicted_source_category=conference_abstract | reviewer_notes=Manual review confirms the extractable SPS-spectrum count is 1.,gold_reviewed_stage06_v1,13,high,diagnosis_specific_suffix_count,3,13,low,,false,manual_gold_review,manual_gold_review,COUNT_SINGLE_CASE_CONFERENCE_MISMATCH,2026-04-20T21:48:05Z
1401,FALSE,batch021,qa\validation\stage07_single_case_codex_gold\batch021\manifest.json,qa\validation\stage07_single_case_codex_gold\batch021\json\papers\1401.json,qa\validation\stage07_single_case_codex_gold\batch021\json\segments\1401.segments.json,qa\validation\stage07_single_case_codex_gold\batch021\json\target_views\1401\p1.json,qa\validation\stage07_single_case_codex_gold\batch021\json\validation\1401.validation.json,qa\validation\stage07_single_case_codex_gold\batch021\xml\1401.annotated.xml,stage06_count_runs,results\stage06_count_runs\stage06_backfill_b003_n100_20260419\candidate_packages\1401.json,results\stage06_count_runs\stage06_backfill_b003_n100_20260419\count_evidence\1401.json,results\stage06_count_runs\stage06_backfill_b003_n100_20260419\results\1401.json,,1401,Pseudohemidystonia associated with anti-GAD antibodies,Kenda J.; Kojovic M.; Trost M.; Zupancic N.; Pirtosek Z.; Gregoric Kramberger M.,conference_abstract,single_case_conference_abstract,data\extraction_json\text_trimmed\1401.json,trimmed,true,1,high,case_report_marker_single_case,false,false,"challenge_stage=primary | verification_status=llm_candidate_exact | llm_count_confidence=high | llm_selected_candidate_id=cand01 | This conference abstract is an explicit single-patient case report. The abstract repeatedly refers to one 55-year-old woman and states EMG findings were consistent with stiff person syndrome, supporting a count of 1 extractable SPS-spectrum patient.",hybrid_v2_gpt-5.4,1,medium,case_report_marker_single_case,2,1,high,cand01,false,hybrid_local_gpt,llm_candidate_exact,,2026-04-19T09:56:28.658110+00:00
1437,FALSE,batch021,qa\validation\stage07_single_case_codex_gold\batch021\manifest.json,qa\validation\stage07_single_case_codex_gold\batch021\json\papers\1437.json,qa\validation\stage07_single_case_codex_gold\batch021\json\segments\1437.segments.json,qa\validation\stage07_single_case_codex_gold\batch021\json\target_views\1437\p1.json,qa\validation\stage07_single_case_codex_gold\batch021\json\validation\1437.validation.json,qa\validation\stage07_single_case_codex_gold\batch021\xml\1437.annotated.xml,stage06_count_runs,results\stage06_count_runs\stage06_backfill_b003_n100_20260419\candidate_packages\1437.json,results\stage06_count_runs\stage06_backfill_b003_n100_20260419\count_evidence\1437.json,results\stage06_count_runs\stage06_backfill_b003_n100_20260419\results\1437.json,,1437,Acute lower limb spasticity: Stiff person syndrome responsive to immunomodulatory therapy in an adolescent female,Ogilvie R.; Kolski H.,conference_abstract,single_case_conference_abstract,data\extraction_json\text_proceedings_ready\1437.json,proceedings_ready,true,1,high,source_single_case_override,false,false,challenge_stage=primary | verification_status=llm_candidate_exact | llm_count_confidence=high | llm_selected_candidate_id=cand01 | This conference abstract is an original single-patient case report. The explicit report of 'a 15 year old female' with confirmed SPS supports counting 1 unique SPS-spectrum patient; the '99 patient cohort' refers to background literature and should not be counted for this paper.,hybrid_v2_gpt-5.4,1,medium,source_single_case_override,3,1,high,cand01,false,hybrid_local_gpt,llm_candidate_exact,,2026-04-19T09:59:04.103821+00:00
1451,FALSE,batch022,qa\validation\stage07_single_case_codex_gold\batch022\manifest.json,qa\validation\stage07_single_case_codex_gold\batch022\json\papers\1451.json,qa\validation\stage07_single_case_codex_gold\batch022\json\segments\1451.segments.json,qa\validation\stage07_single_case_codex_gold\batch022\json\target_views\1451\p1.json,qa\validation\stage07_single_case_codex_gold\batch022\json\validation\1451.validation.json,qa\validation\stage07_single_case_codex_gold\batch022\xml\1451.annotated.xml,stage06_count_runs,results\stage06_count_runs\stage06_backfill_b003_n100_20260419\candidate_packages\1451.json,results\stage06_count_runs\stage06_backfill_b003_n100_20260419\count_evidence\1451.json,results\stage06_count_runs\stage06_backfill_b003_n100_20260419\results\1451.json,,1451,Spontaneous bilateral hip fractures in a paraneoplastic stiff person patient with severe spasticity: A case report,Rutzen-Lopez I.M.; Fu J.B.; Yadav R.,single_case_report,case_report,data\extraction_json\text\1451.json,full_text,true,1,high,case_report_marker_single_case,false,false,"challenge_stage=primary | verification_status=llm_candidate_exact | llm_count_confidence=high | llm_selected_candidate_id=cand01 | This single-case report describes one original SPS-spectrum patient: a 46-year-old woman diagnosed with paraneoplastic stiff person syndrome. The bilateral hip fractures are complications within the same patient, not additional cases.",hybrid_v2_gpt-5.4,1,medium,case_report_marker_single_case,2,1,high,cand01,false,hybrid_local_gpt,llm_candidate_exact,,2026-04-19T10:00:56.802758+00:00
1452,TRUE,batch022,qa\validation\stage07_single_case_codex_gold\batch022\manifest.json,qa\validation\stage07_single_case_codex_gold\batch022\json\papers\1452.json,qa\validation\stage07_single_case_codex_gold\batch022\json\segments\1452.segments.json,qa\validation\stage07_single_case_codex_gold\batch022\json\target_views\1452\p1.json,qa\validation\stage07_single_case_codex_gold\batch022\json\validation\1452.validation.json,qa\validation\stage07_single_case_codex_gold\batch022\xml\1452.annotated.xml,stage06_count_runs,results\stage06_count_runs\stage06_backfill_b003_n100_20260419\candidate_packages\1452.json,results\stage06_count_runs\stage06_backfill_b003_n100_20260419\count_evidence\1452.json,results\stage06_count_runs\stage06_backfill_b003_n100_20260419\results\1452.json,,1452,A stiff diagnosis: An unusual case of low back pain,Patel K.G.; Montero-Cruz F.-R.L.; Vishnubhakat S.M.,conference_abstract,single_case_conference_abstract,data\extraction_json\text_proceedings_ready\1452.json,proceedings_ready,true,1,high,case_report_marker_single_case,false,false,"challenge_stage=primary | verification_status=llm_candidate_exact | llm_count_confidence=high | llm_selected_candidate_id=cand01 | This conference abstract reports a single original patient: a 44-year-old man evaluated for suspected stiff person syndrome with strongly positive anti-GAD antibodies and treatment response. The text consistently refers to one patient and explicitly states results in 'a patient with stiff person syndrome,' supporting a count of 1.",hybrid_v2_gpt-5.4,1,medium,case_report_marker_single_case,2,1,high,cand01,false,hybrid_local_gpt,llm_candidate_exact,,2026-04-19T10:01:18.893489+00:00
1453,FALSE,batch022,qa\validation\stage07_single_case_codex_gold\batch022\manifest.json,qa\validation\stage07_single_case_codex_gold\batch022\json\papers\1453.json,qa\validation\stage07_single_case_codex_gold\batch022\json\segments\1453.segments.json,qa\validation\stage07_single_case_codex_gold\batch022\json\target_views\1453\p1.json,qa\validation\stage07_single_case_codex_gold\batch022\json\validation\1453.validation.json,qa\validation\stage07_single_case_codex_gold\batch022\xml\1453.annotated.xml,stage06_count_gold,,,,qa\validation\source_categorisation\gold_standard\stage06_count_gold\papers\1453.json,1453,Stiff person syndrome without axial stiffness or hyperekplexia: A case report,Lee M.,conference_abstract,single_case_conference_abstract,data/extraction_json/text/1453.json,full_text,true,1,high,manual_gold_review,false,false,count_basis=manual_gold_review | count_confidence=high | round_id=stage04_llm_category_2026-04-05_round_02 | selection_bucket=conference_edge | prediction_correct=true | reviewed_count=1 | reviewed_source_category=conference_abstract | predicted_count=1 | predicted_source_category=conference_abstract,gold_reviewed_stage06_v1,,,,,,,,,manual_gold_review,manual_gold_review,,2026-04-05T18:45:01.783248+00:00
1476,FALSE,batch022,qa\validation\stage07_single_case_codex_gold\batch022\manifest.json,qa\validation\stage07_single_case_codex_gold\batch022\json\papers\1476.json,qa\validation\stage07_single_case_codex_gold\batch022\json\segments\1476.segments.json,qa\validation\stage07_single_case_codex_gold\batch022\json\target_views\1476\p1.json,qa\validation\stage07_single_case_codex_gold\batch022\json\validation\1476.validation.json,qa\validation\stage07_single_case_codex_gold\batch022\xml\1476.annotated.xml,stage06_count_runs,results\stage06_count_runs\stage06_backfill_b003_n100_20260419\candidate_packages\1476.json,results\stage06_count_runs\stage06_backfill_b003_n100_20260419\count_evidence\1476.json,results\stage06_count_runs\stage06_backfill_b003_n100_20260419\results\1476.json,,1476,Progressive encephalomyelitis with rigidity and myoclonus associated with anti-GlyR antibodies and Hodgkin's lymphoma: A case report,Borellini L.; Lanfranconi S.; Bonato S.; Trezzi I.; Franco G.; Torretta L.; Bresolin N.; Di Fonzo A.B.,single_case_report,case_report,data\extraction_json\text\1476.json,full_text,true,1,medium,case_report_marker_single_case,true,true,"challenge_stage=challenge | verification_status=llm_candidate_exact | llm_count_confidence=medium | challenge_reasons=explicit_sps_subgroup_conflict=1 vs 14 | llm_selected_candidate_id=cand02 | This paper is explicitly a case report and the abstract/full-text excerpt describes one original 60-year-old man with anti-GlyR-positive PERM. The competing count of 14 appears to come from background discussion of previously reported non-paraneoplastic PERM cases rather than the paper's original cohort, so the safest extractable count is 1, but manual review remains appropriate because of the conflicting heuristic subgroup signal and provenance uncertainty.",hybrid_v2_gpt-5.4,14,high,diagnosis_specific_suffix_count,3,1,medium,cand02,false,hybrid_local_gpt,llm_candidate_exact,,2026-04-19T10:02:37.725456+00:00
1479,FALSE,batch022,qa\validation\stage07_single_case_codex_gold\batch022\manifest.json,qa\validation\stage07_single_case_codex_gold\batch022\json\papers\1479.json,qa\validation\stage07_single_case_codex_gold\batch022\json\segments\1479.segments.json,qa\validation\stage07_single_case_codex_gold\batch022\json\target_views\1479\p1.json,qa\validation\stage07_single_case_codex_gold\batch022\json\validation\1479.validation.json,qa\validation\stage07_single_case_codex_gold\batch022\xml\1479.annotated.xml,stage06_count_runs,results\stage06_count_runs\stage06_backfill_b003_n100_20260419\candidate_packages\1479.json,results\stage06_count_runs\stage06_backfill_b003_n100_20260419\count_evidence\1479.json,results\stage06_count_runs\stage06_backfill_b003_n100_20260419\results\1479.json,,1479,Stiff person case misdiagnosed as conversion disorder: A case report,Razmeh S.; Habibi A.H.; Sina F.; Alizadeh E.; Eslami M.,single_case_report,case_report,data\extraction_json\text\1479.json,full_text,true,1,high,case_report_marker_single_case,false,false,"challenge_stage=challenge | verification_status=llm_candidate_exact | llm_count_confidence=high | challenge_reasons=explicit_sps_subgroup_conflict=1 vs 11 | llm_selected_candidate_id=cand02 | This is a single-patient case report. The paper repeatedly states 'a case' and 'a patient' with detailed clinical findings and treatment response for one 52-year-old woman. The '(11)' signal is a citation/reference number about prior literature, not an original SPS cohort count in this paper.",hybrid_v2_gpt-5.4,11,high,diagnosis_specific_suffix_count,3,1,high,cand02,false,hybrid_local_gpt,llm_candidate_exact,,2026-04-19T10:03:03.003121+00:00
1558,FALSE,batch022,qa\validation\stage07_single_case_codex_gold\batch022\manifest.json,qa\validation\stage07_single_case_codex_gold\batch022\json\papers\1558.json,qa\validation\stage07_single_case_codex_gold\batch022\json\segments\1558.segments.json,qa\validation\stage07_single_case_codex_gold\batch022\json\target_views\1558\p1.json,qa\validation\stage07_single_case_codex_gold\batch022\json\validation\1558.validation.json,qa\validation\stage07_single_case_codex_gold\batch022\xml\1558.annotated.xml,stage06_count_runs,results\stage06_count_runs\stage06_backfill_b003_n100_20260419\candidate_packages\1558.json,results\stage06_count_runs\stage06_backfill_b003_n100_20260419\count_evidence\1558.json,results\stage06_count_runs\stage06_backfill_b003_n100_20260419\results\1558.json,,1558,Successful anesthetic management of patient with stiff pesrson syndrome,Sohaib M.; Siddiqui A.S.,single_case_report,case_report,data\extraction_json\text\1558.json,full_text,true,1,medium,case_report_marker_single_case,true,true,"challenge_stage=primary | verification_status=llm_candidate_exact | llm_count_confidence=medium | llm_selected_candidate_id=cand01 | The paper is framed as a single-patient case report and explicitly states that it describes anesthetic management of a patient with stiff person syndrome undergoing hip replacement. This supports a count of 1 unique SPS-spectrum patient, but manual review remains appropriate because provenance uncertainty/non-original case signals were flagged in the evidence pack.",hybrid_v2_gpt-5.4,1,medium,case_report_marker_single_case,2,1,medium,cand01,false,hybrid_local_gpt,llm_candidate_exact,,2026-04-19T10:06:01.523719+00:00
1597,FALSE,batch022,qa\validation\stage07_single_case_codex_gold\batch022\manifest.json,qa\validation\stage07_single_case_codex_gold\batch022\json\papers\1597.json,qa\validation\stage07_single_case_codex_gold\batch022\json\segments\1597.segments.json,qa\validation\stage07_single_case_codex_gold\batch022\json\target_views\1597\p1.json,qa\validation\stage07_single_case_codex_gold\batch022\json\validation\1597.validation.json,qa\validation\stage07_single_case_codex_gold\batch022\xml\1597.annotated.xml,stage06_count_runs,results\stage06_count_runs\stage06_backfill_b003_n100_20260419\candidate_packages\1597.json,results\stage06_count_runs\stage06_backfill_b003_n100_20260419\count_evidence\1597.json,results\stage06_count_runs\stage06_backfill_b003_n100_20260419\results\1597.json,,1597,O-35 The Stiff Person Syndrome. Neurophysiological findings,Maeztu Sardina M.C.; Martinez Garcia F.A.; Garnes C.; Garcia L.; Puerto A.M.,single_case_report,case_report,data\extraction_json\text\1597.json,full_text,true,1,high,single_case_text_signal,false,false,"challenge_stage=primary | verification_status=llm_candidate_exact | llm_count_confidence=high | llm_selected_candidate_id=cand01 | The paper explicitly presents a single original SPS-spectrum patient: 'we present a male patient 28 y/o,' and the conclusion states that this patient was diagnosed with encephalomyelitis with rigidity, a variant of SPS. This supports counting 1 unique extractable SPS-spectrum case.",hybrid_v2_gpt-5.4,1,medium,single_case_text_signal,2,1,high,cand01,false,hybrid_local_gpt,llm_candidate_exact,,2026-04-19T10:06:27.393376+00:00
1598,FALSE,batch022,qa\validation\stage07_single_case_codex_gold\batch022\manifest.json,qa\validation\stage07_single_case_codex_gold\batch022\json\papers\1598.json,qa\validation\stage07_single_case_codex_gold\batch022\json\segments\1598.segments.json,qa\validation\stage07_single_case_codex_gold\batch022\json\target_views\1598\p1.json,qa\validation\stage07_single_case_codex_gold\batch022\json\validation\1598.validation.json,qa\validation\stage07_single_case_codex_gold\batch022\xml\1598.annotated.xml,stage06_count_gold,,,,qa\validation\source_categorisation\gold_standard\stage06_count_gold\papers\1598.json,1598,Coexistence of neuromyelitis optica and stiff person syndrome in a single patient: A case report,Thuringer A.J.; Jassam Y.N.,single_case_report,single_case_conference_abstract,data/extraction_json/text/1598.json,full_text,true,0,high,manual_gold_review,false,false,count_basis=manual_gold_review | count_confidence=high | round_id=stage04_llm_category_2026-04-05_round_02 | selection_bucket=conference_edge | prediction_correct=false | reviewed_count=0 | reviewed_source_category=single_case_report | predicted_count=1 | predicted_source_category=conference_abstract,gold_reviewed_stage06_v1,,,,,,,,,manual_gold_review,manual_gold_review,,2026-04-05T18:47:19.280737+00:00
1610,FALSE,batch022,qa\validation\stage07_single_case_codex_gold\batch022\manifest.json,qa\validation\stage07_single_case_codex_gold\batch022\json\papers\1610.json,qa\validation\stage07_single_case_codex_gold\batch022\json\segments\1610.segments.json,qa\validation\stage07_single_case_codex_gold\batch022\json\target_views\1610\p1.json,qa\validation\stage07_single_case_codex_gold\batch022\json\validation\1610.validation.json,qa\validation\stage07_single_case_codex_gold\batch022\xml\1610.annotated.xml,stage06_count_runs,results\stage06_count_runs\stage06_backfill_b003_n100_20260419\candidate_packages\1610.json,results\stage06_count_runs\stage06_backfill_b003_n100_20260419\count_evidence\1610.json,results\stage06_count_runs\stage06_backfill_b003_n100_20260419\results\1610.json,,1610,Longitudinally extensive dorsal column lesion in a patient with longstanding anti-hu and anti-amphphysin autoimmunity,Aljarallah S.; Newsome S.,single_case_report,case_report,data\extraction_json\text\1610.json,full_text,true,1,high,case_report_marker_single_case,false,false,"challenge_stage=primary | verification_status=llm_candidate_exact | llm_count_confidence=high | llm_selected_candidate_id=cand01 | This is an explicit single-patient case report. The abstract repeatedly states that the paper reports one patient and specifically documents that this patient was diagnosed with stiff person syndrome, so the best-supported extractable SPS-spectrum count is 1.",hybrid_v2_gpt-5.4,1,medium,case_report_marker_single_case,2,1,high,cand01,false,hybrid_local_gpt,llm_candidate_exact,,2026-04-19T10:08:35.386320+00:00
1616,FALSE,batch022,qa\validation\stage07_single_case_codex_gold\batch022\manifest.json,qa\validation\stage07_single_case_codex_gold\batch022\json\papers\1616.json,qa\validation\stage07_single_case_codex_gold\batch022\json\segments\1616.segments.json,qa\validation\stage07_single_case_codex_gold\batch022\json\target_views\1616\p1.json,qa\validation\stage07_single_case_codex_gold\batch022\json\validation\1616.validation.json,qa\validation\stage07_single_case_codex_gold\batch022\xml\1616.annotated.xml,stage06_count_runs,results\stage06_count_runs\stage06_backfill_b003_n100_20260419\candidate_packages\1616.json,results\stage06_count_runs\stage06_backfill_b003_n100_20260419\count_evidence\1616.json,results\stage06_count_runs\stage06_backfill_b003_n100_20260419\results\1616.json,,1616,Double hit and excellent treatment response: AMPA and GAD-65 receptor antibodies in a young woman with stiff person plus syndrome misdiagnosed as acute scoliosis and bipolar disorder,Witek N.; Gera A.; Denike J.; Goetz C.; Bailey M.,single_case_report,case_report,data\extraction_json\text\1616.json,full_text,true,1,high,case_report_marker_single_case,false,false,"challenge_stage=primary | verification_status=llm_candidate_exact | llm_count_confidence=high | llm_selected_candidate_id=cand01 | This is a single-case report describing one 29-year-old woman with SPS-plus/stiff person syndrome and epilepsy. The text repeatedly refers to a single patient and provides original clinical details and treatment response, so the best-supported extractable count is 1.",hybrid_v2_gpt-5.4,1,medium,case_report_marker_single_case,3,1,high,cand01,false,hybrid_local_gpt,llm_candidate_exact,,2026-04-19T10:10:02.803459+00:00
1618,FALSE,batch023,qa\validation\stage07_single_case_codex_gold\batch023\manifest.json,qa\validation\stage07_single_case_codex_gold\batch023\json\papers\1618.json,qa\validation\stage07_single_case_codex_gold\batch023\json\segments\1618.segments.json,qa\validation\stage07_single_case_codex_gold\batch023\json\target_views\1618\p1.json,qa\validation\stage07_single_case_codex_gold\batch023\json\validation\1618.validation.json,qa\validation\stage07_single_case_codex_gold\batch023\xml\1618.annotated.xml,stage06_count_runs,results\stage06_count_runs\stage06_backfill_b003_n100_20260419\candidate_packages\1618.json,results\stage06_count_runs\stage06_backfill_b003_n100_20260419\count_evidence\1618.json,results\stage06_count_runs\stage06_backfill_b003_n100_20260419\results\1618.json,,1618,Bortezomib for the treatment of refractory stiff person spectrum disorder,Husari K.; Tardo L.; Greenberg B.,single_case_report,case_report,data\extraction_json\text\1618.json,full_text,true,1,high,single_case_text_signal,false,false,"challenge_stage=primary | verification_status=llm_candidate_exact | llm_count_confidence=high | llm_selected_candidate_id=cand01 | This single-case report explicitly describes one original SPS-spectrum patient: a 58-year-old woman with SPSD treated with bortezomib. The text repeatedly refers to a single patient ('we report a 58-year-old woman' and 'our patient'), with no indication of additional original cases.",hybrid_v2_gpt-5.4,1,medium,single_case_text_signal,2,1,high,cand01,false,hybrid_local_gpt,llm_candidate_exact,,2026-04-19T10:10:23.971743+00:00
1621,FALSE,batch023,qa\validation\stage07_single_case_codex_gold\batch023\manifest.json,qa\validation\stage07_single_case_codex_gold\batch023\json\papers\1621.json,qa\validation\stage07_single_case_codex_gold\batch023\json\segments\1621.segments.json,qa\validation\stage07_single_case_codex_gold\batch023\json\target_views\1621\p1.json,qa\validation\stage07_single_case_codex_gold\batch023\json\validation\1621.validation.json,qa\validation\stage07_single_case_codex_gold\batch023\xml\1621.annotated.xml,stage06_count_runs,results\stage06_count_runs\stage06_backfill_b003_n100_20260419\candidate_packages\1621.json,results\stage06_count_runs\stage06_backfill_b003_n100_20260419\count_evidence\1621.json,results\stage06_count_runs\stage06_backfill_b003_n100_20260419\results\1621.json,,1621,"A rare case of non-neoplastic anti-gad positive cerebellar ataxia and progressive encephalomyelitis with rigidity and myoclonus (PERM), responsive to ivig therapy",Jazebi N.; Rodrigo S.; Hamouda D.; Shawagfeh A.,single_case_report,case_report,data\extraction_json\text\1621.json,full_text,true,1,high,case_report_marker_single_case,false,false,"challenge_stage=primary | verification_status=llm_candidate_exact | llm_count_confidence=high | llm_selected_candidate_id=cand01 | This is a single-patient case report describing one 65-year-old man with anti-GAD positive PERM, which is within the SPS spectrum. The paper repeatedly states that it presents a single case and provides individual clinical details for that patient only.",hybrid_v2_gpt-5.4,1,medium,case_report_marker_single_case,2,1,high,cand01,false,hybrid_local_gpt,llm_candidate_exact,,2026-04-19T10:10:46.999246+00:00
1628,FALSE,batch023,qa\validation\stage07_single_case_codex_gold\batch023\manifest.json,qa\validation\stage07_single_case_codex_gold\batch023\json\papers\1628.json,qa\validation\stage07_single_case_codex_gold\batch023\json\segments\1628.segments.json,qa\validation\stage07_single_case_codex_gold\batch023\json\target_views\1628\p1.json,qa\validation\stage07_single_case_codex_gold\batch023\json\validation\1628.validation.json,qa\validation\stage07_single_case_codex_gold\batch023\xml\1628.annotated.xml,stage06_count_runs,results\stage06_count_runs\stage06_backfill_b003_n100_20260419\candidate_packages\1628.json,results\stage06_count_runs\stage06_backfill_b003_n100_20260419\count_evidence\1628.json,results\stage06_count_runs\stage06_backfill_b003_n100_20260419\results\1628.json,,1628,Stiff person syndrome as a mimic of Parkinsonism,Diaz M.; Ratliff J.,single_case_report,case_report,data\extraction_json\text\1628.json,full_text,true,1,medium,source_single_case_default,true,true,"challenge_stage=primary | verification_status=llm_candidate_exact | llm_count_confidence=medium | llm_selected_candidate_id=cand01 | The paper is a single-case report and explicitly describes one original patient: a 44-year-old woman with unilateral rigidity and positive GAD65 testing, discussed by the authors as 'our case' of SPS. Although prior literature is cited for similar presentations, that citation appears contextual rather than indicating reuse of the reported patient, so the best-supported extractable count is 1; however, provenance uncertainty warrants manual review.",hybrid_v2_gpt-5.4,1,medium,source_single_case_default,2,1,medium,cand01,false,hybrid_local_gpt,llm_candidate_exact,,2026-04-19T10:11:55.978909+00:00
1636,FALSE,batch023,qa\validation\stage07_single_case_codex_gold\batch023\manifest.json,qa\validation\stage07_single_case_codex_gold\batch023\json\papers\1636.json,qa\validation\stage07_single_case_codex_gold\batch023\json\segments\1636.segments.json,qa\validation\stage07_single_case_codex_gold\batch023\json\target_views\1636\p1.json,qa\validation\stage07_single_case_codex_gold\batch023\json\validation\1636.validation.json,qa\validation\stage07_single_case_codex_gold\batch023\xml\1636.annotated.xml,stage06_count_runs,results\stage06_count_runs\stage06_backfill_b003_n100_20260419\candidate_packages\1636.json,results\stage06_count_runs\stage06_backfill_b003_n100_20260419\count_evidence\1636.json,results\stage06_count_runs\stage06_backfill_b003_n100_20260419\results\1636.json,,1636,A stiff person case admitted phsysical medicine and rehabilitation outpatient clinic with low back pain,Karaoglan B.; Ote S.; Koseoglu E.; Balevi E.,single_case_report,case_report,data\extraction_json\text\1636.json,full_text,true,1,high,case_report_marker_single_case,false,false,"challenge_stage=primary | verification_status=llm_candidate_exact | llm_count_confidence=high | llm_selected_candidate_id=cand01 | This paper is a single case report and explicitly states that the authors report one case of confirmed stiff-person syndrome. The additional numerical mentions in the text refer to prior literature, not original patients in this paper.",hybrid_v2_gpt-5.4,1,medium,case_report_marker_single_case,2,1,high,cand01,false,hybrid_local_gpt,llm_candidate_exact,,2026-04-19T10:12:18.926048+00:00
1640,FALSE,batch023,qa\validation\stage07_single_case_codex_gold\batch023\manifest.json,qa\validation\stage07_single_case_codex_gold\batch023\json\papers\1640.json,qa\validation\stage07_single_case_codex_gold\batch023\json\segments\1640.segments.json,qa\validation\stage07_single_case_codex_gold\batch023\json\target_views\1640\p1.json,qa\validation\stage07_single_case_codex_gold\batch023\json\validation\1640.validation.json,qa\validation\stage07_single_case_codex_gold\batch023\xml\1640.annotated.xml,stage06_count_runs,results\stage06_count_runs\stage06_backfill_b003_n100_20260419\candidate_packages\1640.json,results\stage06_count_runs\stage06_backfill_b003_n100_20260419\count_evidence\1640.json,results\stage06_count_runs\stage06_backfill_b003_n100_20260419\results\1640.json,,1640,"Anti-GAD antibody syndrome with concomitant cerebellar ataxia, stiff person syndrome, and limbic encephalitis",Schaefer S.M.; Moeller J.J.,single_case_report,case_report,data\extraction_json\text\1640.json,full_text,true,1,high,single_case_text_signal,true,true,"challenge_stage=primary | verification_status=llm_candidate_exact | llm_count_confidence=high | llm_selected_candidate_id=cand01 | This paper reports one original individual patient, a 42-year-old man explicitly diagnosed with stiff person syndrome along with cerebellar ataxia and later limbic encephalitis. The fixed source category is single_case_report and the text consistently describes a single longitudinal case, but manual review remains warranted because provenance uncertainty is flagged upstream.",hybrid_v2_gpt-5.4,1,medium,single_case_text_signal,2,1,high,cand01,false,hybrid_local_gpt,llm_candidate_exact,,2026-04-19T10:12:44.721101+00:00
1646,FALSE,batch023,qa\validation\stage07_single_case_codex_gold\batch023\manifest.json,qa\validation\stage07_single_case_codex_gold\batch023\json\papers\1646.json,qa\validation\stage07_single_case_codex_gold\batch023\json\segments\1646.segments.json,qa\validation\stage07_single_case_codex_gold\batch023\json\target_views\1646\p1.json,qa\validation\stage07_single_case_codex_gold\batch023\json\validation\1646.validation.json,qa\validation\stage07_single_case_codex_gold\batch023\xml\1646.annotated.xml,stage06_count_runs,results\stage06_count_runs\stage06_backfill_b003_n100_20260419\candidate_packages\1646.json,results\stage06_count_runs\stage06_backfill_b003_n100_20260419\count_evidence\1646.json,results\stage06_count_runs\stage06_backfill_b003_n100_20260419\results\1646.json,,1646,(Pseudo)hemidystonia associated with anti-glutamic acid decarboxylase antibodies - a case report,Kenda J.; Kojovic M.; Graus F.; Gregoric Kramberger M.,single_case_report,case_report,data\extraction_json\text\1646.json,full_text,true,1,high,case_report_marker_single_case,false,false,challenge_stage=primary | verification_status=llm_candidate_exact | llm_count_confidence=high | llm_selected_candidate_id=cand01 | The paper is explicitly a case report and the full text describes a single 55-year-old woman who was diagnosed with stiff person syndrome. This supports counting 1 unique original SPS-spectrum patient.,hybrid_v2_gpt-5.4,1,medium,case_report_marker_single_case,2,1,high,cand01,false,hybrid_local_gpt,llm_candidate_exact,,2026-04-19T10:13:07.098485+00:00
1661,FALSE,batch023,qa\validation\stage07_single_case_codex_gold\batch023\manifest.json,qa\validation\stage07_single_case_codex_gold\batch023\json\papers\1661.json,qa\validation\stage07_single_case_codex_gold\batch023\json\segments\1661.segments.json,qa\validation\stage07_single_case_codex_gold\batch023\json\target_views\1661\p1.json,qa\validation\stage07_single_case_codex_gold\batch023\json\validation\1661.validation.json,qa\validation\stage07_single_case_codex_gold\batch023\xml\1661.annotated.xml,stage06_count_runs,results\stage06_count_runs\stage06_backfill_b003_n100_20260419\candidate_packages\1661.json,results\stage06_count_runs\stage06_backfill_b003_n100_20260419\count_evidence\1661.json,results\stage06_count_runs\stage06_backfill_b003_n100_20260419\results\1661.json,,1661,Anti-GAD65 positive stiff-person syndrome: Novel association with common variable immune deficiency,Ghably J.G.; Guido M.; Atwater S.; Krishnaswamy G.,single_case_report,case_report,data\extraction_json\text\1661.json,full_text,true,1,medium,case_report_marker_single_case,true,true,"challenge_stage=primary | verification_status=llm_candidate_exact | llm_count_confidence=medium | llm_selected_candidate_id=cand01 | The abstract explicitly describes a single original SPS case: a middle-aged female patient with EMG findings indicative of SPS and positive GAD65 antibodies. This supports the single-case candidate, but manual review remains appropriate because the package flags original cohort provenance uncertainty and the preferred text appears to come from conference abstracts context.",hybrid_v2_gpt-5.4,1,medium,case_report_marker_single_case,2,1,medium,cand01,false,hybrid_local_gpt,llm_candidate_exact,,2026-04-19T10:13:50.920399+00:00
1662,FALSE,batch023,qa\validation\stage07_single_case_codex_gold\batch023\manifest.json,qa\validation\stage07_single_case_codex_gold\batch023\json\papers\1662.json,qa\validation\stage07_single_case_codex_gold\batch023\json\segments\1662.segments.json,qa\validation\stage07_single_case_codex_gold\batch023\json\target_views\1662\p1.json,qa\validation\stage07_single_case_codex_gold\batch023\json\validation\1662.validation.json,qa\validation\stage07_single_case_codex_gold\batch023\xml\1662.annotated.xml,stage06_count_gold,,,,qa\validation\source_categorisation\gold_standard\stage06_count_gold\papers\1662.json,1662,Progressive encephalomyelitis with rigidity and myoclonus with antibodies to glycine receptor presenting with temporomandibular joint dislocation,Mahdi Aljedani R.; Meyer I.; Novy J.; Pagani J.-L.; Arlettaz L.; Ribi C.,conference_abstract,single_case_conference_abstract,data/extraction_json/text_trimmed/1662.json,trimmed,true,1,high,manual_gold_review,false,false,count_basis=manual_gold_review | count_confidence=high | round_id=stage04_llm_category_2026-04-05_round_02 | selection_bucket=conference_edge | prediction_correct=true | reviewed_count=1 | reviewed_source_category=conference_abstract | predicted_count=1 | predicted_source_category=conference_abstract,gold_reviewed_stage06_v1,,,,,,,,,manual_gold_review,manual_gold_review,,2026-04-05T18:47:33.339196+00:00
1665,FALSE,batch023,qa\validation\stage07_single_case_codex_gold\batch023\manifest.json,qa\validation\stage07_single_case_codex_gold\batch023\json\papers\1665.json,qa\validation\stage07_single_case_codex_gold\batch023\json\segments\1665.segments.json,qa\validation\stage07_single_case_codex_gold\batch023\json\target_views\1665\p1.json,qa\validation\stage07_single_case_codex_gold\batch023\json\validation\1665.validation.json,qa\validation\stage07_single_case_codex_gold\batch023\xml\1665.annotated.xml,stage06_count_runs,results\stage06_count_runs\stage06_backfill_b003_n100_20260419\candidate_packages\1665.json,results\stage06_count_runs\stage06_backfill_b003_n100_20260419\count_evidence\1665.json,results\stage06_count_runs\stage06_backfill_b003_n100_20260419\results\1665.json,,1665,Stiff person syndrome: An elusive diagnosis in a pediatric patient,Tuttrup G.; Miller D.; Weimer M.,single_case_report,case_report,data\extraction_json\text\1665.json,full_text,true,1,high,source_single_case_default,false,false,challenge_stage=primary | verification_status=llm_candidate_exact | llm_count_confidence=high | llm_selected_candidate_id=cand01 | The paper explicitly presents a single original pediatric SPS case: a 17-year-old male diagnosed with stiff person syndrome. This directly supports the single-case candidate and there is no evidence of additional SPS-spectrum patients.,hybrid_v2_gpt-5.4,1,medium,source_single_case_default,2,1,high,cand01,false,hybrid_local_gpt,llm_candidate_exact,,2026-04-19T10:14:30.085629+00:00
1692,FALSE,batch023,qa\validation\stage07_single_case_codex_gold\batch023\manifest.json,qa\validation\stage07_single_case_codex_gold\batch023\json\papers\1692.json,qa\validation\stage07_single_case_codex_gold\batch023\json\segments\1692.segments.json,qa\validation\stage07_single_case_codex_gold\batch023\json\target_views\1692\p1.json,qa\validation\stage07_single_case_codex_gold\batch023\json\validation\1692.validation.json,qa\validation\stage07_single_case_codex_gold\batch023\xml\1692.annotated.xml,stage06_count_runs,results\stage06_count_runs\stage06_backfill_b003_n100_20260419\candidate_packages\1692.json,results\stage06_count_runs\stage06_backfill_b003_n100_20260419\count_evidence\1692.json,results\stage06_count_runs\stage06_backfill_b003_n100_20260419\results\1692.json,,1692,Movement disorders and nonmotor symptoms in patient with idiopathic stiff person syndrome,Maksimova A.S.; Zinovyeva O.E.; Solokha O.A.; Pilyuzina A.L.; Petelin D.S.; Volel B.A.; Ulanova A.D.; Vikhlyantsev I.M.,single_case_report,case_report,data\extraction_json\text\1692.json,full_text,true,1,high,diagnosis_specific_patient_case_count,false,false,"challenge_stage=primary | verification_status=llm_candidate_exact | llm_count_confidence=high | llm_selected_candidate_id=cand03 | The paper is a single-case report and explicitly states that it presents a follow-up of a 59-year-old female patient with stiff person syndrome. No evidence suggests additional original SPS-spectrum patients, so the extractable count is 1.",hybrid_v2_gpt-5.4,1,medium,single_case_text_signal,3,1,high,cand03,false,hybrid_local_gpt,llm_candidate_exact,,2026-04-19T10:16:53.187061+00:00
1699,FALSE,batch024,qa\validation\stage07_single_case_codex_gold\batch024\manifest.json,qa\validation\stage07_single_case_codex_gold\batch024\json\papers\1699.json,qa\validation\stage07_single_case_codex_gold\batch024\json\segments\1699.segments.json,qa\validation\stage07_single_case_codex_gold\batch024\json\target_views\1699\p1.json,qa\validation\stage07_single_case_codex_gold\batch024\json\validation\1699.validation.json,qa\validation\stage07_single_case_codex_gold\batch024\xml\1699.annotated.xml,stage06_count_gold,,,,qa\validation\source_categorisation\gold_standard\stage06_count_gold\papers\1699.json,1699,Stiff person syndrome: An unusual paraneoplastic neurological phenomenon in Carcinoid tumour,Vithoosan S.; Herath T.; Gamlaksha D.S.; Yogendranathan N.; Kulatunga A.; Senanayake B.,single_case_report,case_report,data\extraction_json\text\1699.json,full_text,true,1,high,manual_gold_review,false,false,count_basis=manual_gold_review | count_confidence=high | round_id=2026-04-05_round_02 | selection_bucket=case_group_boundary | prediction_correct=false | reviewed_count=1 | reviewed_source_category=single_case_report | predicted_count=1 | predicted_source_category=observational_group_study,gold_reviewed_stage06_v1,,,,,,,,,manual_gold_review,manual_gold_review,,2026-04-05T14:58:00.715762+00:00
1707,FALSE,batch024,qa\validation\stage07_single_case_codex_gold\batch024\manifest.json,qa\validation\stage07_single_case_codex_gold\batch024\json\papers\1707.json,qa\validation\stage07_single_case_codex_gold\batch024\json\segments\1707.segments.json,qa\validation\stage07_single_case_codex_gold\batch024\json\target_views\1707\p1.json,qa\validation\stage07_single_case_codex_gold\batch024\json\validation\1707.validation.json,qa\validation\stage07_single_case_codex_gold\batch024\xml\1707.annotated.xml,stage06_count_runs,results\stage06_count_runs\stage06_backfill_b003_n100_20260419\candidate_packages\1707.json,results\stage06_count_runs\stage06_backfill_b003_n100_20260419\count_evidence\1707.json,results\stage06_count_runs\stage06_backfill_b003_n100_20260419\results\1707.json,,1707,Stiff Person Syndrome Associated with Compartment Syndrome,Yong K.P.; Lo Y.L.,single_case_report,case_report,data\extraction_json\text\1707.json,full_text,true,1,high,case_report_marker_single_case,false,false,challenge_stage=primary | verification_status=llm_candidate_exact | llm_count_confidence=high | llm_selected_candidate_id=cand01 | This paper is a single case report and the text explicitly states that the authors describe one patient who was later diagnosed with stiff person syndrome. No evidence suggests additional SPS-spectrum patients.,hybrid_v2_gpt-5.4,1,medium,case_report_marker_single_case,2,1,high,cand01,false,hybrid_local_gpt,llm_candidate_exact,,2026-04-19T10:17:56.318707+00:00
1721,FALSE,batch024,qa\validation\stage07_single_case_codex_gold\batch024\manifest.json,qa\validation\stage07_single_case_codex_gold\batch024\json\papers\1721.json,qa\validation\stage07_single_case_codex_gold\batch024\json\segments\1721.segments.json,qa\validation\stage07_single_case_codex_gold\batch024\json\target_views\1721\p1.json,qa\validation\stage07_single_case_codex_gold\batch024\json\validation\1721.validation.json,qa\validation\stage07_single_case_codex_gold\batch024\xml\1721.annotated.xml,stage06_count_runs,results\stage06_count_runs\stage06_backfill_b003_n100_20260419\candidate_packages\1721.json,results\stage06_count_runs\stage06_backfill_b003_n100_20260419\count_evidence\1721.json,results\stage06_count_runs\stage06_backfill_b003_n100_20260419\results\1721.json,,1721,Anti-glutamic acid decarboxylase positive stiff person syndrome treated with immunoglobulin in a 38-year old filipina: A case report,Perez J.A.L.; Damian L.,conference_abstract,single_case_conference_abstract,data\extraction_json\text_proceedings_ready\1721.json,proceedings_ready,true,1,high,case_report_marker_single_case,false,false,"challenge_stage=primary | verification_status=llm_candidate_exact | llm_count_confidence=high | llm_selected_candidate_id=cand01 | This conference abstract is an explicit single-patient case report of confirmed stiff person syndrome. The title and abstract both state that the authors present one case, with diagnostic support from anti-GAD positivity and EMG findings.",hybrid_v2_gpt-5.4,1,medium,case_report_marker_single_case,2,1,high,cand01,false,hybrid_local_gpt,llm_candidate_exact,,2026-04-19T10:18:48.845524+00:00
1722,FALSE,batch024,qa\validation\stage07_single_case_codex_gold\batch024\manifest.json,qa\validation\stage07_single_case_codex_gold\batch024\json\papers\1722.json,qa\validation\stage07_single_case_codex_gold\batch024\json\segments\1722.segments.json,qa\validation\stage07_single_case_codex_gold\batch024\json\target_views\1722\p1.json,qa\validation\stage07_single_case_codex_gold\batch024\json\validation\1722.validation.json,qa\validation\stage07_single_case_codex_gold\batch024\xml\1722.annotated.xml,stage06_count_runs,results\stage06_count_runs\stage06_backfill_b003_n100_20260419\candidate_packages\1722.json,results\stage06_count_runs\stage06_backfill_b003_n100_20260419\count_evidence\1722.json,results\stage06_count_runs\stage06_backfill_b003_n100_20260419\results\1722.json,,1722,Stiff person syndrome - An unusual paraneoplastic neurological phenomenon in carcinoid tumour,Sahathevan V.; Herath T.; Gamlaksha D.; Yogendranathan N.; Kulatunga A.; Senanayake B.,conference_abstract,single_case_conference_abstract,data\extraction_json\text_proceedings_ready\1722.json,proceedings_ready,true,1,medium,source_single_case_default,true,false,"challenge_stage=challenge | verification_status=llm_candidate_exact | llm_count_confidence=medium | challenge_reasons=semantic_validator_reject=COUNT_SPS_STATUS_UNCERTAIN | llm_selected_candidate_id=cand01 | The conference abstract explicitly reports a single original patient: 'We report a 58 year old Sri Lankan male with SPS' and provides diagnostic support with high GAD antibody titre and classical EMG changes. This supports the single-case candidate, but because the challenge flags SPS-status uncertainty and confidence is not high, manual review remains appropriate.",hybrid_v2_gpt-5.4,1,medium,source_single_case_default,2,1,medium,cand01,false,hybrid_local_gpt,llm_candidate_exact,,2026-04-19T10:19:14.067769+00:00
1739,FALSE,batch024,qa\validation\stage07_single_case_codex_gold\batch024\manifest.json,qa\validation\stage07_single_case_codex_gold\batch024\json\papers\1739.json,qa\validation\stage07_single_case_codex_gold\batch024\json\segments\1739.segments.json,qa\validation\stage07_single_case_codex_gold\batch024\json\target_views\1739\p1.json,qa\validation\stage07_single_case_codex_gold\batch024\json\validation\1739.validation.json,qa\validation\stage07_single_case_codex_gold\batch024\xml\1739.annotated.xml,stage06_count_runs,results\stage06_count_runs\stage06_backfill_b003_n100_20260419\candidate_packages\1739.json,results\stage06_count_runs\stage06_backfill_b003_n100_20260419\count_evidence\1739.json,results\stage06_count_runs\stage06_backfill_b003_n100_20260419\results\1739.json,,1739,Case report: Stiff person syndrome with thymoma,Sonokawa T.; Shizukawa H.; Ichihara S.; Muraoka S.; Usuda J.; Tanaka K.,single_case_report,case_report,data\extraction_json\text\1739.json,full_text,true,1,high,case_report_marker_single_case,true,true,"challenge_stage=primary | verification_status=llm_candidate_exact | llm_count_confidence=high | llm_selected_candidate_id=cand01 | This paper is an explicit single-patient case report of a 68-year-old man with diagnosis-supported stiff person syndrome associated with thymoma. Although the article cites prior literature and provenance uncertainty is flagged upstream, the original extractable SPS-spectrum count within this paper is clearly one patient.",hybrid_v2_gpt-5.4,1,medium,case_report_marker_single_case,2,1,high,cand01,false,hybrid_local_gpt,llm_candidate_exact,,2026-04-19T10:19:34.491814+00:00
1740,FALSE,batch024,qa\validation\stage07_single_case_codex_gold\batch024\manifest.json,qa\validation\stage07_single_case_codex_gold\batch024\json\papers\1740.json,qa\validation\stage07_single_case_codex_gold\batch024\json\segments\1740.segments.json,qa\validation\stage07_single_case_codex_gold\batch024\json\target_views\1740\p1.json,qa\validation\stage07_single_case_codex_gold\batch024\json\validation\1740.validation.json,qa\validation\stage07_single_case_codex_gold\batch024\xml\1740.annotated.xml,stage06_count_runs,results\stage06_count_runs\stage06_backfill_b003_n100_20260419\candidate_packages\1740.json,results\stage06_count_runs\stage06_backfill_b003_n100_20260419\count_evidence\1740.json,results\stage06_count_runs\stage06_backfill_b003_n100_20260419\results\1740.json,,1740,Low-Dose Naltrexone reduces symptoms in Stiff-Person Syndrome,Zappaterra M.; Shouse E.; Levine R.L.,single_case_report,case_report,data\extraction_json\text\1740.json,full_text,true,1,high,single_case_text_signal,false,false,"challenge_stage=primary | verification_status=llm_candidate_exact | llm_count_confidence=high | llm_selected_candidate_id=cand01 | This paper is an explicit single-patient case report of SPS. The text repeatedly states that the authors present the case of a 59-year-old woman diagnosed with SPS, with follow-up over 12 months, supporting a count of 1 unique original SPS-spectrum patient.",hybrid_v2_gpt-5.4,1,medium,single_case_text_signal,2,1,high,cand01,false,hybrid_local_gpt,llm_candidate_exact,,2026-04-19T10:19:52.723816+00:00
1762,FALSE,batch024,qa\validation\stage07_single_case_codex_gold\batch024\manifest.json,qa\validation\stage07_single_case_codex_gold\batch024\json\papers\1762.json,qa\validation\stage07_single_case_codex_gold\batch024\json\segments\1762.segments.json,qa\validation\stage07_single_case_codex_gold\batch024\json\target_views\1762\p1.json,qa\validation\stage07_single_case_codex_gold\batch024\json\validation\1762.validation.json,qa\validation\stage07_single_case_codex_gold\batch024\xml\1762.annotated.xml,stage06_count_runs,results\stage06_count_runs\stage06_backfill_b003_n100_20260419\candidate_packages\1762.json,results\stage06_count_runs\stage06_backfill_b003_n100_20260419\count_evidence\1762.json,results\stage06_count_runs\stage06_backfill_b003_n100_20260419\results\1762.json,,1762,Trismus as a Presenting Symptom in a Case of Progressive Encephalopathy with Rigidity and Myoclonus,Blomme L.; Van De Velde K.,single_case_report,case_report,data\extraction_json\text\1762.json,full_text,true,1,high,case_report_marker_single_case,false,false,"challenge_stage=primary | verification_status=llm_candidate_exact | llm_count_confidence=high | llm_selected_candidate_id=cand01 | This is a single-patient case report explicitly describing one woman diagnosed clinically with PERM, which is within the SPS spectrum. The paper repeatedly refers to a single patient and presents original clinical details for that case.",hybrid_v2_gpt-5.4,1,medium,case_report_marker_single_case,2,1,high,cand01,false,hybrid_local_gpt,llm_candidate_exact,,2026-04-19T10:20:54.381510+00:00
1764,FALSE,batch024,qa\validation\stage07_single_case_codex_gold\batch024\manifest.json,qa\validation\stage07_single_case_codex_gold\batch024\json\papers\1764.json,qa\validation\stage07_single_case_codex_gold\batch024\json\segments\1764.segments.json,qa\validation\stage07_single_case_codex_gold\batch024\json\target_views\1764\p1.json,qa\validation\stage07_single_case_codex_gold\batch024\json\validation\1764.validation.json,qa\validation\stage07_single_case_codex_gold\batch024\xml\1764.annotated.xml,stage06_count_runs,results\stage06_count_runs\stage06_backfill_b003_n100_20260419\candidate_packages\1764.json,results\stage06_count_runs\stage06_backfill_b003_n100_20260419\count_evidence\1764.json,results\stage06_count_runs\stage06_backfill_b003_n100_20260419\results\1764.json,,1764,"Rituximab improves not only back stiffness but also ""stiff eyes"" in stiff person syndrome: Implications for immune-mediated treatment",Kodama S.; Tokushige S.-I.; Sugiyama Y.; Sato K.; Otsuka J.; Shirota Y.; Hamada M.; Iwata A.; Toda T.; Tsuji S.; Terao Y.,single_case_report,case_report,data\extraction_json\text_trimmed\1764.json,trimmed,true,1,high,single_case_text_signal,false,false,"challenge_stage=primary | verification_status=llm_candidate_exact | llm_count_confidence=high | llm_selected_candidate_id=cand01 | The paper explicitly reports repeated eye-movement recordings and treatment response in a single 42-year-old male patient with stiff person syndrome. This directly supports an extractable original SPS-spectrum case count of 1, matching candidate cand01.",hybrid_v2_gpt-5.4,1,medium,single_case_text_signal,2,1,high,cand01,false,hybrid_local_gpt,llm_candidate_exact,,2026-04-19T10:21:11.789258+00:00
1768,TRUE,batch024,qa\validation\stage07_single_case_codex_gold\batch024\manifest.json,qa\validation\stage07_single_case_codex_gold\batch024\json\papers\1768.json,qa\validation\stage07_single_case_codex_gold\batch024\json\segments\1768.segments.json,qa\validation\stage07_single_case_codex_gold\batch024\json\target_views\1768\p1.json,qa\validation\stage07_single_case_codex_gold\batch024\json\validation\1768.validation.json,qa\validation\stage07_single_case_codex_gold\batch024\xml\1768.annotated.xml,stage06_count_runs,results\stage06_count_runs\stage06_backfill_b003_n100_20260419\candidate_packages\1768.json,results\stage06_count_runs\stage06_backfill_b003_n100_20260419\count_evidence\1768.json,results\stage06_count_runs\stage06_backfill_b003_n100_20260419\results\1768.json,,1768,Cerebellar Ataxia Followed by Stiff Person Syndrome in a Patient with Anti-GAD Antibodies,Seneviratne S.O.; Buzzard K.A.; Cruse B.; Monif M.,single_case_report,case_report,data\extraction_json\text\1768.json,full_text,true,1,medium,case_report_marker_single_case,true,false,"challenge_stage=challenge | verification_status=llm_candidate_exact | llm_count_confidence=medium | challenge_reasons=semantic_validator_reject=COUNT_SPS_STATUS_UNCERTAIN | llm_selected_candidate_id=cand01 | The paper is a single-patient case report and explicitly states that the authors present one patient who later developed stiff person syndrome. Because the text also contains some uncertainty signals around anti-GAD syndrome manifestations, the safest resolution is the 1-case candidate with manual review retained.",hybrid_v2_gpt-5.4,1,medium,case_report_marker_single_case,2,1,medium,cand01,false,hybrid_local_gpt,llm_candidate_exact,,2026-04-19T10:21:36.299385+00:00
1772,FALSE,batch024,qa\validation\stage07_single_case_codex_gold\batch024\manifest.json,qa\validation\stage07_single_case_codex_gold\batch024\json\papers\1772.json,qa\validation\stage07_single_case_codex_gold\batch024\json\segments\1772.segments.json,qa\validation\stage07_single_case_codex_gold\batch024\json\target_views\1772\p1.json,qa\validation\stage07_single_case_codex_gold\batch024\json\validation\1772.validation.json,qa\validation\stage07_single_case_codex_gold\batch024\xml\1772.annotated.xml,stage06_count_runs,results\stage06_count_runs\stage06_backfill_b003_n100_20260419\candidate_packages\1772.json,results\stage06_count_runs\stage06_backfill_b003_n100_20260419\count_evidence\1772.json,results\stage06_count_runs\stage06_backfill_b003_n100_20260419\results\1772.json,,1772,Autoimmune musicogenic epilepsy associated with anti-glutamic acid decarboxylase antibodies and Stiff-person syndrome,Jesus-Ribeiro J.; Bozorgi A.; Alkhaldi M.; Shaqfeh M.; Fernandez-Baca Vaca G.; Katirji B.,single_case_report,case_report,data\extraction_json\text\1772.json,full_text,true,1,medium,case_report_marker_single_case,true,true,"challenge_stage=primary | verification_status=llm_candidate_exact | llm_count_confidence=medium | llm_selected_candidate_id=cand01 | This paper is routed as a single case report and the text repeatedly refers to a single index patient with SPS, epilepsy, and anti-GAD antibodies (eg, 'our patient' and 'this case'). No explicit evidence supports more than one original SPS-spectrum patient in the paper, so the best-supported extractable count is 1, but manual review remains appropriate because provenance uncertainty is flagged.",hybrid_v2_gpt-5.4,1,medium,case_report_marker_single_case,3,1,medium,cand01,false,hybrid_local_gpt,llm_candidate_exact,,2026-04-19T10:22:52.354276+00:00
1773,FALSE,batch025,qa\validation\stage07_single_case_codex_gold\batch025\manifest.json,qa\validation\stage07_single_case_codex_gold\batch025\json\papers\1773.json,qa\validation\stage07_single_case_codex_gold\batch025\json\segments\1773.segments.json,qa\validation\stage07_single_case_codex_gold\batch025\json\target_views\1773\p1.json,qa\validation\stage07_single_case_codex_gold\batch025\json\validation\1773.validation.json,qa\validation\stage07_single_case_codex_gold\batch025\xml\1773.annotated.xml,stage06_count_runs,results\stage06_count_runs\stage06_backfill_b003_n100_20260419\candidate_packages\1773.json,results\stage06_count_runs\stage06_backfill_b003_n100_20260419\count_evidence\1773.json,results\stage06_count_runs\stage06_backfill_b003_n100_20260419\results\1773.json,,1773,Stiff limb syndrome associated to anti NMDA-R antibodies,Birzu C.; Jaume L.; Rostomashvilli S.; Honnorat J.; Berzero G.; Psimaras D.,single_case_report,case_report,data\extraction_json\text\1773.json,full_text,true,1,high,case_report_marker_single_case,false,false,"challenge_stage=primary | verification_status=llm_candidate_exact | llm_count_confidence=high | llm_selected_candidate_id=cand01 | This paper is an explicit single case report of stiff limb syndrome, which is within the SPS spectrum. The abstract repeatedly refers to one patient and states 'we report the case,' supporting a count of 1 unique original SPS-spectrum patient.",hybrid_v2_gpt-5.4,1,medium,case_report_marker_single_case,2,1,high,cand01,false,hybrid_local_gpt,llm_candidate_exact,,2026-04-19T10:23:11.202605+00:00
1784,FALSE,batch025,qa\validation\stage07_single_case_codex_gold\batch025\manifest.json,qa\validation\stage07_single_case_codex_gold\batch025\json\papers\1784.json,qa\validation\stage07_single_case_codex_gold\batch025\json\segments\1784.segments.json,qa\validation\stage07_single_case_codex_gold\batch025\json\target_views\1784\p1.json,qa\validation\stage07_single_case_codex_gold\batch025\json\validation\1784.validation.json,qa\validation\stage07_single_case_codex_gold\batch025\xml\1784.annotated.xml,stage06_count_runs,results\stage06_count_runs\stage06_backfill_b003_n100_20260419\candidate_packages\1784.json,results\stage06_count_runs\stage06_backfill_b003_n100_20260419\count_evidence\1784.json,results\stage06_count_runs\stage06_backfill_b003_n100_20260419\results\1784.json,,1784,Stiff-person syndrome and limbic encephalopathy associated with GAD-antibody: A case report,Li S.L.; Yang Y.M.; Guan H.Z.; Wan X.H.; Ren H.T.,single_case_report,case_report,data\extraction_json\text\1784.json,full_text,true,1,medium,case_report_marker_single_case,true,false,"challenge_stage=challenge | verification_status=llm_candidate_exact | llm_count_confidence=medium | challenge_reasons=semantic_validator_reject=COUNT_SPS_STATUS_UNCERTAIN | llm_selected_candidate_id=cand01 | This is an original single-patient case report: the paper explicitly says it is reporting a case, describes one 29-year-old woman, and states that she was diagnosed with stiff-person syndrome plus limbic encephalitis. Because the package flags SPS-status uncertainty and the diagnosis is framed within a broader GAD-associated neurological syndrome, the safest resolution is the 1-patient candidate with manual review retained.",hybrid_v2_gpt-5.4,1,medium,case_report_marker_single_case,2,1,medium,cand01,false,hybrid_local_gpt,llm_candidate_exact,,2026-04-19T10:24:26.422530+00:00
1785,FALSE,batch025,qa\validation\stage07_single_case_codex_gold\batch025\manifest.json,qa\validation\stage07_single_case_codex_gold\batch025\json\papers\1785.json,qa\validation\stage07_single_case_codex_gold\batch025\json\segments\1785.segments.json,qa\validation\stage07_single_case_codex_gold\batch025\json\target_views\1785\p1.json,qa\validation\stage07_single_case_codex_gold\batch025\json\validation\1785.validation.json,qa\validation\stage07_single_case_codex_gold\batch025\xml\1785.annotated.xml,stage06_count_gold,,,,qa\validation\source_categorisation\gold_standard\stage06_count_gold\papers\1785.json,1785,Stiff Limb Syndrome Progressing to Stiff Man Syndrome in a nondiabetic man,Ali T.; Ginjupally D.; Guduru Z.,review_article,tagged_review_article,data\extraction_json\text\1785.json,full_text,false,1,high,manual_gold_review,false,false,count_basis=manual_gold_review | count_confidence=high | round_id=2026-04-05_round_03 | selection_bucket=review_lab_edge | prediction_correct=true | reviewed_count=1 | reviewed_source_category=review_article | predicted_count=1 | predicted_source_category=review_article,gold_reviewed_stage06_v1,,,,,,,,,manual_gold_review,manual_gold_review,,2026-04-05T15:58:58.036982+00:00
1789,FALSE,batch025,qa\validation\stage07_single_case_codex_gold\batch025\manifest.json,qa\validation\stage07_single_case_codex_gold\batch025\json\papers\1789.json,qa\validation\stage07_single_case_codex_gold\batch025\json\segments\1789.segments.json,qa\validation\stage07_single_case_codex_gold\batch025\json\target_views\1789\p1.json,qa\validation\stage07_single_case_codex_gold\batch025\json\validation\1789.validation.json,qa\validation\stage07_single_case_codex_gold\batch025\xml\1789.annotated.xml,stage06_count_runs,results\stage06_count_runs\stage06_backfill_b004_n100_20260419\candidate_packages\1789.json,results\stage06_count_runs\stage06_backfill_b004_n100_20260419\count_evidence\1789.json,results\stage06_count_runs\stage06_backfill_b004_n100_20260419\results\1789.json,,1789,Intranasal midazolam for treating acute respiratory crises in a woman with stiff person syndrome,Cosentino G.; Romano M.; Algeri M.; Brighina F.; Alfonsi E.; Tassorelli C.; Crescimanno G.,single_case_report,case_report,data\extraction_json\text\1789.json,full_text,true,1,high,single_case_text_signal,false,false,"challenge_stage=primary | verification_status=llm_candidate_exact | llm_count_confidence=high | llm_selected_candidate_id=cand01 | The paper is a single-case report and explicitly describes the clinical history of one 55-year-old woman with diagnosis-supported stiff person syndrome. The text provides direct diagnostic support with anti-GAD positivity and corroborating electromyographic findings, supporting a count of 1 unique SPS-spectrum patient.",hybrid_v2_gpt-5.4,1,medium,single_case_text_signal,2,1,high,cand01,false,hybrid_local_gpt,llm_candidate_exact,,2026-04-19T10:29:19.023245+00:00
1812,FALSE,batch025,qa\validation\stage07_single_case_codex_gold\batch025\manifest.json,qa\validation\stage07_single_case_codex_gold\batch025\json\papers\1812.json,qa\validation\stage07_single_case_codex_gold\batch025\json\segments\1812.segments.json,qa\validation\stage07_single_case_codex_gold\batch025\json\target_views\1812\p1.json,qa\validation\stage07_single_case_codex_gold\batch025\json\validation\1812.validation.json,qa\validation\stage07_single_case_codex_gold\batch025\xml\1812.annotated.xml,stage06_count_runs,results\stage06_count_runs\stage06_backfill_b004_n100_20260419\candidate_packages\1812.json,results\stage06_count_runs\stage06_backfill_b004_n100_20260419\count_evidence\1812.json,results\stage06_count_runs\stage06_backfill_b004_n100_20260419\results\1812.json,,1812,Effectiveness of Combined Immunoglobulin and Glucocorticoid Treatments in a Patient With Stiff Limb Syndrome: Case Report and Review of the Literature,Huang J.; Meng H.-Y.; Duan X.; Li W.-W.; Xu H.-W.; Zhou Y.-F.; Zhou L.,single_case_report,case_report,data\extraction_json\text\1812.json,full_text,true,1,medium,case_report_marker_single_case,true,false,"challenge_stage=challenge | verification_status=llm_candidate_exact | llm_count_confidence=medium | challenge_reasons=explicit_sps_subgroup_conflict=1 vs 6 | llm_selected_candidate_id=cand02 | This paper is a single case report with one original SLS patient explicitly described. The competing count of 6 refers to background epidemiology ('SLS occurs in 13% of SPS patients') rather than an original cohort in this paper, so the extractable original SPS-spectrum case count is 1.",hybrid_v2_gpt-5.4,6,high,diagnosis_specific_parenthetical_cohort_count,3,1,medium,cand02,false,hybrid_local_gpt,llm_candidate_exact,,2026-04-19T10:31:09.945783+00:00
1830,FALSE,batch025,qa\validation\stage07_single_case_codex_gold\batch025\manifest.json,qa\validation\stage07_single_case_codex_gold\batch025\json\papers\1830.json,qa\validation\stage07_single_case_codex_gold\batch025\json\segments\1830.segments.json,qa\validation\stage07_single_case_codex_gold\batch025\json\target_views\1830\p1.json,qa\validation\stage07_single_case_codex_gold\batch025\json\validation\1830.validation.json,qa\validation\stage07_single_case_codex_gold\batch025\xml\1830.annotated.xml,stage06_count_runs,results\stage06_count_runs\stage06_backfill_b004_n100_20260419\candidate_packages\1830.json,results\stage06_count_runs\stage06_backfill_b004_n100_20260419\count_evidence\1830.json,results\stage06_count_runs\stage06_backfill_b004_n100_20260419\results\1830.json,,1830,"Rehabilitation challenges in a rare combination of Stiff-man syndrome, cerebellar ataxia, and Grave's Disease: A case report",Rivelis Y.; Saad E.,conference_abstract,single_case_conference_abstract,data\extraction_json\text_proceedings_ready\1830.json,proceedings_ready,true,1,high,case_report_marker_single_case,false,false,"challenge_stage=primary | verification_status=llm_candidate_exact | llm_count_confidence=high | llm_selected_candidate_id=cand01 | This conference abstract is an explicit single-patient case report. The text repeatedly refers to one 33-year-old woman and states she was subsequently diagnosed with Stiff-man syndrome, supporting a count of 1 extractable SPS-spectrum case.",hybrid_v2_gpt-5.4,1,medium,case_report_marker_single_case,2,1,high,cand01,false,hybrid_local_gpt,llm_candidate_exact,,2026-04-19T10:31:51.419204+00:00
1836,TRUE,batch025,qa\validation\stage07_single_case_codex_gold\batch025\manifest.json,qa\validation\stage07_single_case_codex_gold\batch025\json\papers\1836.json,qa\validation\stage07_single_case_codex_gold\batch025\json\segments\1836.segments.json,qa\validation\stage07_single_case_codex_gold\batch025\json\target_views\1836\p1.json,qa\validation\stage07_single_case_codex_gold\batch025\json\validation\1836.validation.json,qa\validation\stage07_single_case_codex_gold\batch025\xml\1836.annotated.xml,stage06_count_runs,results\stage06_count_runs\stage06_backfill_b004_n100_20260419\candidate_packages\1836.json,results\stage06_count_runs\stage06_backfill_b004_n100_20260419\count_evidence\1836.json,results\stage06_count_runs\stage06_backfill_b004_n100_20260419\results\1836.json,,1836,Stiff person syndrome-the less common antibody: A case report,Ozdemir H.N.; Yondem D.; Kaplan S.; Gokcay F.,single_case_report,case_report,data\extraction_json\text\1836.json,full_text,true,1,high,case_report_marker_single_case,false,false,challenge_stage=challenge | verification_status=llm_candidate_exact | llm_count_confidence=high | challenge_reasons=explicit_sps_subgroup_conflict=1 vs 40 | llm_selected_candidate_id=cand02 | This is a single-patient case report: the abstract and case report text describe one 59-year-old woman diagnosed with SPS and treated longitudinally. The apparent '40' is a page-number/OCR artifact from 'Turk J Neurol 2020;26:39-41 ... Stiff Person Syndrome 40' rather than an explicit cohort count.,hybrid_v2_gpt-5.4,40,high,diagnosis_specific_table_row_count,3,1,high,cand02,false,hybrid_local_gpt,llm_candidate_exact,,2026-04-19T10:32:21.427968+00:00
1859,FALSE,batch025,qa\validation\stage07_single_case_codex_gold\batch025\manifest.json,qa\validation\stage07_single_case_codex_gold\batch025\json\papers\1859.json,qa\validation\stage07_single_case_codex_gold\batch025\json\segments\1859.segments.json,qa\validation\stage07_single_case_codex_gold\batch025\json\target_views\1859\p1.json,qa\validation\stage07_single_case_codex_gold\batch025\json\validation\1859.validation.json,qa\validation\stage07_single_case_codex_gold\batch025\xml\1859.annotated.xml,stage06_count_runs,results\stage06_count_runs\stage06_backfill_b004_n100_20260419\candidate_packages\1859.json,results\stage06_count_runs\stage06_backfill_b004_n100_20260419\count_evidence\1859.json,results\stage06_count_runs\stage06_backfill_b004_n100_20260419\results\1859.json,,1859,Surgical Treatment for Toe Deformities in Stiff-Person Syndrome: A Case Report,Takeda R.; Isawa K.; Matsumoto T.; Tanaka S.; Yasui T.,single_case_report,case_report,data\extraction_json\text\1859.json,full_text,true,1,high,case_report_marker_single_case,false,false,"challenge_stage=primary | verification_status=llm_candidate_exact | llm_count_confidence=high | llm_selected_candidate_id=cand01 | The paper is explicitly a case report describing one 76-year-old woman with diagnosis-supported stiff-person syndrome. Full-text excerpt confirms a single original SPS patient and provides diagnostic support (anti-GAD positivity, diazepam response, and explicit diagnosis).",hybrid_v2_gpt-5.4,1,medium,case_report_marker_single_case,2,1,high,cand01,false,hybrid_local_gpt,llm_candidate_exact,,2026-04-19T10:33:24.213436+00:00
1860,FALSE,batch025,qa\validation\stage07_single_case_codex_gold\batch025\manifest.json,qa\validation\stage07_single_case_codex_gold\batch025\json\papers\1860.json,qa\validation\stage07_single_case_codex_gold\batch025\json\segments\1860.segments.json,qa\validation\stage07_single_case_codex_gold\batch025\json\target_views\1860\p1.json,qa\validation\stage07_single_case_codex_gold\batch025\json\validation\1860.validation.json,qa\validation\stage07_single_case_codex_gold\batch025\xml\1860.annotated.xml,stage06_count_runs,results\stage06_count_runs\stage06_backfill_b004_n100_20260419\candidate_packages\1860.json,results\stage06_count_runs\stage06_backfill_b004_n100_20260419\count_evidence\1860.json,results\stage06_count_runs\stage06_backfill_b004_n100_20260419\results\1860.json,,1860,Exogenous Insulin Injection-Induced Stiff-Person Syndrome in a Patient With Latent Autoimmune Diabetes: A Case Report and Literature Review,Lee Y.-Y.; Lin C.-W.; Chen I.-W.,single_case_report,case_report,data\extraction_json\text\1860.json,full_text,true,1,high,case_report_marker_single_case,false,false,"challenge_stage=challenge | verification_status=llm_candidate_exact | llm_count_confidence=high | challenge_reasons=explicit_sps_subgroup_conflict=1 vs 13 | llm_selected_candidate_id=cand02 | This paper is a single case report and the abstract/full-text excerpt explicitly describes one 43-year-old man who developed SPS. The competing count of 13 comes from a citation-style parenthetical reference in background/literature-review context, not an original cohort reported in this paper.",hybrid_v2_gpt-5.4,13,high,diagnosis_specific_suffix_count,3,1,high,cand02,false,hybrid_local_gpt,llm_candidate_exact,,2026-04-19T10:33:53.198279+00:00
1861,FALSE,batch025,qa\validation\stage07_single_case_codex_gold\batch025\manifest.json,qa\validation\stage07_single_case_codex_gold\batch025\json\papers\1861.json,qa\validation\stage07_single_case_codex_gold\batch025\json\segments\1861.segments.json,qa\validation\stage07_single_case_codex_gold\batch025\json\target_views\1861\p1.json,qa\validation\stage07_single_case_codex_gold\batch025\json\validation\1861.validation.json,qa\validation\stage07_single_case_codex_gold\batch025\xml\1861.annotated.xml,stage06_count_runs,results\stage06_count_runs\stage06_backfill_b004_n100_20260419\candidate_packages\1861.json,results\stage06_count_runs\stage06_backfill_b004_n100_20260419\count_evidence\1861.json,results\stage06_count_runs\stage06_backfill_b004_n100_20260419\results\1861.json,,1861,Stiff Person Syndrome and Acetylcholine Receptor Ganglionic Neuronal Antibodies,Lester J.; Cojab J.; Kleriga E.,single_case_report,case_report,data\extraction_json\text\1861.json,full_text,true,1,high,single_case_text_signal,false,false,"challenge_stage=primary | verification_status=llm_candidate_exact | llm_count_confidence=high | llm_selected_candidate_id=cand01 | This is a single-case report with explicit text stating that the paper describes one 64-year-old woman with stiff person syndrome. The full-text case report section consistently refers to a single patient, supporting a count of 1 unique SPS-spectrum case.",hybrid_v2_gpt-5.4,1,medium,single_case_text_signal,2,1,high,cand01,false,hybrid_local_gpt,llm_candidate_exact,,2026-04-19T10:34:11.571051+00:00
1867,FALSE,batch026,qa\validation\stage07_single_case_codex_gold\batch026\manifest.json,qa\validation\stage07_single_case_codex_gold\batch026\json\papers\1867.json,qa\validation\stage07_single_case_codex_gold\batch026\json\segments\1867.segments.json,qa\validation\stage07_single_case_codex_gold\batch026\json\target_views\1867\p1.json,qa\validation\stage07_single_case_codex_gold\batch026\json\validation\1867.validation.json,qa\validation\stage07_single_case_codex_gold\batch026\xml\1867.annotated.xml,stage06_count_runs,results\stage06_count_runs\stage06_backfill_b004_n100_20260419\candidate_packages\1867.json,results\stage06_count_runs\stage06_backfill_b004_n100_20260419\count_evidence\1867.json,results\stage06_count_runs\stage06_backfill_b004_n100_20260419\results\1867.json,,1867,Amphiphysin expression in a case of occult cancer with paraneoplastic stiff-person syndrome,Doi Y.; Ishida S.,single_case_report,case_report,data\extraction_json\text\1867.json,full_text,true,1,high,case_report_marker_single_case,false,false,"challenge_stage=primary | verification_status=llm_candidate_exact | llm_count_confidence=high | llm_selected_candidate_id=cand01 | This is a single-patient case report. The full text explicitly describes one 35-year-old woman and states that she was diagnosed with anti-amphiphysin autoantibody-positive paraneoplastic stiff-person syndrome, with no indication of additional original SPS-spectrum cases in the paper.",hybrid_v2_gpt-5.4,1,medium,case_report_marker_single_case,2,1,high,cand01,false,hybrid_local_gpt,llm_candidate_exact,,2026-04-19T10:34:30.683962+00:00
1908,TRUE,batch026,qa\validation\stage07_single_case_codex_gold\batch026\manifest.json,qa\validation\stage07_single_case_codex_gold\batch026\json\papers\1908.json,qa\validation\stage07_single_case_codex_gold\batch026\json\segments\1908.segments.json,qa\validation\stage07_single_case_codex_gold\batch026\json\target_views\1908\p1.json,qa\validation\stage07_single_case_codex_gold\batch026\json\validation\1908.validation.json,qa\validation\stage07_single_case_codex_gold\batch026\xml\1908.annotated.xml,stage06_count_runs,results\stage06_count_runs\stage06_backfill_b004_n100_20260419\candidate_packages\1908.json,results\stage06_count_runs\stage06_backfill_b004_n100_20260419\count_evidence\1908.json,results\stage06_count_runs\stage06_backfill_b004_n100_20260419\results\1908.json,,1908,Multiple antibody positive autoimmune encephalomyelitis; Role of immunosuppression in relapsing disease,Hussaini S.; Elwan S.; Singh G.; Simionescu L.; Beach R.,single_case_report,case_report,data\extraction_json\text\1908.json,full_text,true,1,medium,case_report_marker_single_case,true,true,"challenge_stage=primary | verification_status=llm_candidate_exact | llm_count_confidence=medium | llm_selected_candidate_id=cand01 | The paper explicitly describes a single original patient with GlyR antibody-associated PERM, which is within the SPS spectrum. Because provenance uncertainty is flagged and confidence is not high, the count should still be manually reviewed.",hybrid_v2_gpt-5.4,1,medium,case_report_marker_single_case,2,1,medium,cand01,false,hybrid_local_gpt,llm_candidate_exact,,2026-04-19T10:38:27.358782+00:00
1910,FALSE,batch026,qa\validation\stage07_single_case_codex_gold\batch026\manifest.json,qa\validation\stage07_single_case_codex_gold\batch026\json\papers\1910.json,qa\validation\stage07_single_case_codex_gold\batch026\json\segments\1910.segments.json,qa\validation\stage07_single_case_codex_gold\batch026\json\target_views\1910\p1.json,qa\validation\stage07_single_case_codex_gold\batch026\json\validation\1910.validation.json,qa\validation\stage07_single_case_codex_gold\batch026\xml\1910.annotated.xml,stage06_count_runs,results\stage06_count_runs\stage06_backfill_b004_n100_20260419\candidate_packages\1910.json,results\stage06_count_runs\stage06_backfill_b004_n100_20260419\count_evidence\1910.json,results\stage06_count_runs\stage06_backfill_b004_n100_20260419\results\1910.json,,1910,Spastic dysarthria as a presenting sign of stiff person syndrome,Giles S.; Persaud A.; Pulley M.; Shneyder N.,single_case_report,case_report,data\extraction_json\text\1910.json,full_text,true,1,high,case_report_marker_single_case,false,false,challenge_stage=primary | verification_status=llm_candidate_exact | llm_count_confidence=high | llm_selected_candidate_id=cand01 | The paper explicitly describes a single original SPS patient: 'We report a case of SPS' followed by individual clinical details for one 56-year-old woman with positive GAD antibodies and treatment response. No additional original SPS-spectrum patients are reported; the literature review mentioned is background only.,hybrid_v2_gpt-5.4,1,medium,case_report_marker_single_case,2,1,high,cand01,false,hybrid_local_gpt,llm_candidate_exact,,2026-04-19T10:39:04.007511+00:00
1913,FALSE,batch026,qa\validation\stage07_single_case_codex_gold\batch026\manifest.json,qa\validation\stage07_single_case_codex_gold\batch026\json\papers\1913.json,qa\validation\stage07_single_case_codex_gold\batch026\json\segments\1913.segments.json,qa\validation\stage07_single_case_codex_gold\batch026\json\target_views\1913\p1.json,qa\validation\stage07_single_case_codex_gold\batch026\json\validation\1913.validation.json,qa\validation\stage07_single_case_codex_gold\batch026\xml\1913.annotated.xml,stage06_count_runs,results\stage06_count_runs\stage06_backfill_b004_n100_20260419\candidate_packages\1913.json,results\stage06_count_runs\stage06_backfill_b004_n100_20260419\count_evidence\1913.json,results\stage06_count_runs\stage06_backfill_b004_n100_20260419\results\1913.json,,1913,Improvement of stiff person syndrome symptoms during pregnancy,Esch M.; Newsome S.,single_case_report,case_report,data\extraction_json\text\1913.json,full_text,true,1,high,source_single_case_override,false,false,challenge_stage=primary | verification_status=llm_candidate_exact | llm_count_confidence=high | llm_selected_candidate_id=cand01 | This paper explicitly presents a single original SPS case: a 23-year-old pregnant woman with anti-GAD65-associated SPS. The mention of four patients refers to prior reports in the literature and should not be counted as original cases from this paper.,hybrid_v2_gpt-5.4,1,medium,source_single_case_override,3,1,high,cand01,false,hybrid_local_gpt,llm_candidate_exact,,2026-04-19T10:40:07.488844+00:00
1918,FALSE,batch026,qa\validation\stage07_single_case_codex_gold\batch026\manifest.json,qa\validation\stage07_single_case_codex_gold\batch026\json\papers\1918.json,qa\validation\stage07_single_case_codex_gold\batch026\json\segments\1918.segments.json,qa\validation\stage07_single_case_codex_gold\batch026\json\target_views\1918\p1.json,qa\validation\stage07_single_case_codex_gold\batch026\json\validation\1918.validation.json,qa\validation\stage07_single_case_codex_gold\batch026\xml\1918.annotated.xml,stage06_count_runs,results\stage06_count_runs\stage06_backfill_b004_n100_20260419\candidate_packages\1918.json,results\stage06_count_runs\stage06_backfill_b004_n100_20260419\count_evidence\1918.json,results\stage06_count_runs\stage06_backfill_b004_n100_20260419\results\1918.json,,1918,Spasmodic reflex myoclonus-an characteristic electrophysiological manifestation for the diagnosis of Stiff-person syndrome,Tsai C.-H.,conference_abstract,single_case_conference_abstract,data\extraction_json\text_proceedings_ready\1918.json,proceedings_ready,true,1,medium,source_single_case_default,true,false,"challenge_stage=primary | verification_status=llm_candidate_exact | llm_count_confidence=medium | llm_selected_candidate_id=cand01 | This conference abstract reads as a single-patient electrophysiologic case description: it reports one SPS patient with specific EMG findings and a single anti-GAD65 value. Although the abstract does not explicitly state 'one patient,' the single-case conference routing and singular patient-level wording best support the 1-case candidate, but manual review is still warranted because the count is inferred rather than directly enumerated.",hybrid_v2_gpt-5.4,1,medium,source_single_case_default,2,1,medium,cand01,false,hybrid_local_gpt,llm_candidate_exact,,2026-04-19T10:40:52.704764+00:00
1928,FALSE,batch026,qa\validation\stage07_single_case_codex_gold\batch026\manifest.json,qa\validation\stage07_single_case_codex_gold\batch026\json\papers\1928.json,qa\validation\stage07_single_case_codex_gold\batch026\json\segments\1928.segments.json,qa\validation\stage07_single_case_codex_gold\batch026\json\target_views\1928\p1.json,qa\validation\stage07_single_case_codex_gold\batch026\json\validation\1928.validation.json,qa\validation\stage07_single_case_codex_gold\batch026\xml\1928.annotated.xml,stage06_count_runs,results\stage06_count_runs\stage06_backfill_b004_n100_20260419\candidate_packages\1928.json,results\stage06_count_runs\stage06_backfill_b004_n100_20260419\count_evidence\1928.json,results\stage06_count_runs\stage06_backfill_b004_n100_20260419\results\1928.json,,1928,Stiff person syndrome with reflex myoclonus and occupational incapacity. Case report,Sanchez B.S.; Avelar S.; Hurtado P.; Aguilar M.,single_case_report,case_report,data\extraction_json\text\1928.json,full_text,true,1,high,case_report_marker_single_case,false,false,"challenge_stage=primary | verification_status=llm_candidate_exact | llm_count_confidence=high | llm_selected_candidate_id=cand01 | This is a single-patient case report describing one 39-year-old worker and explicitly states that the diagnosis was established for 'the patient' as stiff person syndrome with myoclonus. The background statement about over 250 cases in the literature is not counted because it refers to prior published cases, not original patients in this paper.",hybrid_v2_gpt-5.4,1,medium,case_report_marker_single_case,2,1,high,cand01,false,hybrid_local_gpt,llm_candidate_exact,,2026-04-19T10:42:44.487619+00:00
1931,FALSE,batch026,qa\validation\stage07_single_case_codex_gold\batch026\manifest.json,qa\validation\stage07_single_case_codex_gold\batch026\json\papers\1931.json,qa\validation\stage07_single_case_codex_gold\batch026\json\segments\1931.segments.json,qa\validation\stage07_single_case_codex_gold\batch026\json\target_views\1931\p1.json,qa\validation\stage07_single_case_codex_gold\batch026\json\validation\1931.validation.json,qa\validation\stage07_single_case_codex_gold\batch026\xml\1931.annotated.xml,stage06_count_runs,results\stage06_count_runs\stage06_backfill_b004_n100_20260419\candidate_packages\1931.json,results\stage06_count_runs\stage06_backfill_b004_n100_20260419\count_evidence\1931.json,results\stage06_count_runs\stage06_backfill_b004_n100_20260419\results\1931.json,,1931,"""Stiff young woman"": Case report",Sousa M.; Varela R.; Carneiro D.; Januario C.; Morgadinho A.,conference_abstract,single_case_conference_abstract,data\extraction_json\text_proceedings_ready\1931.json,full_text,true,1,high,case_report_marker_single_case,false,false,"challenge_stage=primary | verification_status=llm_candidate_exact | llm_count_confidence=high | llm_selected_candidate_id=cand01 | This conference abstract is explicitly a case report and describes a single 27-year-old woman with diagnosis-supported SPS. The text provides original individual-level clinical details plus confirmatory GAD65/CSF and EMG findings, supporting a count of 1 unique SPS-spectrum patient.",hybrid_v2_gpt-5.4,1,medium,case_report_marker_single_case,2,1,high,cand01,false,hybrid_local_gpt,llm_candidate_exact,,2026-04-19T10:43:03.997033+00:00
1935,FALSE,batch026,qa\validation\stage07_single_case_codex_gold\batch026\manifest.json,qa\validation\stage07_single_case_codex_gold\batch026\json\papers\1935.json,qa\validation\stage07_single_case_codex_gold\batch026\json\segments\1935.segments.json,qa\validation\stage07_single_case_codex_gold\batch026\json\target_views\1935\p1.json,qa\validation\stage07_single_case_codex_gold\batch026\json\validation\1935.validation.json,qa\validation\stage07_single_case_codex_gold\batch026\xml\1935.annotated.xml,stage06_count_runs,results\stage06_count_runs\stage06_backfill_b004_n100_20260419\candidate_packages\1935.json,results\stage06_count_runs\stage06_backfill_b004_n100_20260419\count_evidence\1935.json,results\stage06_count_runs\stage06_backfill_b004_n100_20260419\results\1935.json,,1935,Stiff limb syndrome: A rare variant of stiff person's syndrome,Lin B.; Sivakumar K.; Yacoub H.; Varrato J.; Walsh A.; Romano A.,single_case_report,case_report,data\extraction_json\text\1935.json,full_text,true,1,high,case_report_marker_single_case,false,false,"challenge_stage=primary | verification_status=llm_candidate_exact | llm_count_confidence=high | llm_selected_candidate_id=cand01 | This is an original single-case report of one elderly woman with diagnosis-supported stiff limb syndrome, which is within the SPS spectrum. The abstract repeatedly refers to a single patient/case and provides diagnostic support with elevated GAD antibodies and clinical improvement after treatment.",hybrid_v2_gpt-5.4,1,medium,case_report_marker_single_case,2,1,high,cand01,false,hybrid_local_gpt,llm_candidate_exact,,2026-04-19T10:43:41.811539+00:00
1941,FALSE,batch026,qa\validation\stage07_single_case_codex_gold\batch026\manifest.json,qa\validation\stage07_single_case_codex_gold\batch026\json\papers\1941.json,qa\validation\stage07_single_case_codex_gold\batch026\json\segments\1941.segments.json,qa\validation\stage07_single_case_codex_gold\batch026\json\target_views\1941\p1.json,qa\validation\stage07_single_case_codex_gold\batch026\json\validation\1941.validation.json,qa\validation\stage07_single_case_codex_gold\batch026\xml\1941.annotated.xml,stage06_count_runs,results\stage06_count_runs\stage06_backfill_b004_n100_20260419\candidate_packages\1941.json,results\stage06_count_runs\stage06_backfill_b004_n100_20260419\count_evidence\1941.json,results\stage06_count_runs\stage06_backfill_b004_n100_20260419\results\1941.json,,1941,The effect of clinical pilates-based physiotherapy program for a Stiff Person Syndrome patient: a case report,Belgen Kaygisiz B.; Coban F.; Selcuk F.,single_case_report,case_report,data\extraction_json\text\1941.json,full_text,true,1,high,case_report_marker_single_case,false,false,"challenge_stage=primary | verification_status=llm_candidate_exact | llm_count_confidence=high | llm_selected_candidate_id=cand01 | This is an original single-case report of one SPS patient. The title, abstract, and preferred text all explicitly describe a single 43-year-old woman with stiff person syndrome who participated in the intervention study.",hybrid_v2_gpt-5.4,1,medium,case_report_marker_single_case,2,1,high,cand01,false,hybrid_local_gpt,llm_candidate_exact,,2026-04-19T10:44:22.475007+00:00
1945,FALSE,batch026,qa\validation\stage07_single_case_codex_gold\batch026\manifest.json,qa\validation\stage07_single_case_codex_gold\batch026\json\papers\1945.json,qa\validation\stage07_single_case_codex_gold\batch026\json\segments\1945.segments.json,qa\validation\stage07_single_case_codex_gold\batch026\json\target_views\1945\p1.json,qa\validation\stage07_single_case_codex_gold\batch026\json\validation\1945.validation.json,qa\validation\stage07_single_case_codex_gold\batch026\xml\1945.annotated.xml,stage06_count_runs,results\stage06_count_runs\stage06_backfill_b004_n100_20260419\candidate_packages\1945.json,results\stage06_count_runs\stage06_backfill_b004_n100_20260419\count_evidence\1945.json,results\stage06_count_runs\stage06_backfill_b004_n100_20260419\results\1945.json,,1945,Paraneoplastic Stiff Person Syndrome in Early-Stage Breast Cancer with Positive Anti-Amphiphysin Antibodies,Vacaras V.; Cucu E.E.; Radu R.; Muresanu D.F.,single_case_report,case_report,data\extraction_json\text\1945.json,full_text,true,1,high,diagnosis_specific_patient_case_count,false,false,challenge_stage=primary | verification_status=llm_candidate_exact | llm_count_confidence=high | llm_selected_candidate_id=cand03 | This paper is a single case report and explicitly states that the authors present the case of a female patient with paraneoplastic SPS. The evidence supports exactly 1 unique original SPS-spectrum patient.,hybrid_v2_gpt-5.4,1,medium,case_report_marker_single_case,3,1,high,cand03,false,hybrid_local_gpt,llm_candidate_exact,,2026-04-19T10:45:02.708867+00:00
1950,FALSE,batch027,qa\validation\stage07_single_case_codex_gold\batch027\manifest.json,qa\validation\stage07_single_case_codex_gold\batch027\json\papers\1950.json,qa\validation\stage07_single_case_codex_gold\batch027\json\segments\1950.segments.json,qa\validation\stage07_single_case_codex_gold\batch027\json\target_views\1950\p1.json,qa\validation\stage07_single_case_codex_gold\batch027\json\validation\1950.validation.json,qa\validation\stage07_single_case_codex_gold\batch027\xml\1950.annotated.xml,stage06_count_runs,results\stage06_count_runs\stage06_backfill_b004_n100_20260419\candidate_packages\1950.json,results\stage06_count_runs\stage06_backfill_b004_n100_20260419\count_evidence\1950.json,results\stage06_count_runs\stage06_backfill_b004_n100_20260419\results\1950.json,,1950,Stiff-Person Syndrome Outpatient Rehabilitation: Case Report,Khan F.; Chevidikunnan M.F.; Almalki R.A.; Mirdad M.K.; Nimatallah K.A.; Al-Zahrani S.; Alshareef A.A.,single_case_report,case_report,data\extraction_json\text\1950.json,full_text,true,1,high,case_report_marker_single_case,false,false,"challenge_stage=primary | verification_status=llm_candidate_exact | llm_count_confidence=high | llm_selected_candidate_id=cand01 | This is a single-patient case report with repeated explicit reference to one 46-year-old female patient diagnosed with SPS. The paper reports original clinical and rehabilitation data for that same patient, with no indication of additional SPS-spectrum cases.",hybrid_v2_gpt-5.4,1,medium,case_report_marker_single_case,3,1,high,cand01,false,hybrid_local_gpt,llm_candidate_exact,,2026-04-19T10:46:01.032954+00:00
1957,FALSE,batch027,qa\validation\stage07_single_case_codex_gold\batch027\manifest.json,qa\validation\stage07_single_case_codex_gold\batch027\json\papers\1957.json,qa\validation\stage07_single_case_codex_gold\batch027\json\segments\1957.segments.json,qa\validation\stage07_single_case_codex_gold\batch027\json\target_views\1957\p1.json,qa\validation\stage07_single_case_codex_gold\batch027\json\validation\1957.validation.json,qa\validation\stage07_single_case_codex_gold\batch027\xml\1957.annotated.xml,stage06_count_runs,results\stage06_count_runs\stage06_backfill_b004_n100_20260419\candidate_packages\1957.json,results\stage06_count_runs\stage06_backfill_b004_n100_20260419\count_evidence\1957.json,results\stage06_count_runs\stage06_backfill_b004_n100_20260419\results\1957.json,,1957,Progressive Encephalomyelitis With Rigidity and Myoclonus With Thymoma: A Case Report and Literature Review,Su Y.; Cui L.; Zhu M.; Liang Y.; Zhang Y.,single_case_report,case_report,data\extraction_json\text\1957.json,full_text,true,1,high,case_report_marker_single_case,false,false,"challenge_stage=primary | verification_status=llm_candidate_exact | llm_count_confidence=high | llm_selected_candidate_id=cand01 | This paper is a single case report and explicitly states that the authors report one patient with PERM, an SPS-spectrum disorder. The additional literature review tables summarize previously reported cases and should not be counted as original cases from this paper.",hybrid_v2_gpt-5.4,1,medium,case_report_marker_single_case,2,1,high,cand01,false,hybrid_local_gpt,llm_candidate_exact,,2026-04-19T10:46:45.673032+00:00
1959,FALSE,batch027,qa\validation\stage07_single_case_codex_gold\batch027\manifest.json,qa\validation\stage07_single_case_codex_gold\batch027\json\papers\1959.json,qa\validation\stage07_single_case_codex_gold\batch027\json\segments\1959.segments.json,qa\validation\stage07_single_case_codex_gold\batch027\json\target_views\1959\p1.json,qa\validation\stage07_single_case_codex_gold\batch027\json\validation\1959.validation.json,qa\validation\stage07_single_case_codex_gold\batch027\xml\1959.annotated.xml,stage06_count_gold,,,,qa\validation\source_categorisation\gold_standard\stage06_count_gold\papers\1959.json,1959,Levodopa-responsive progressive encephalomyelitis with rigidity and myoclonus associated with glycine receptor antibodies,Sturchio A.; Gastaldi M.; Cariddi L.P.; Biacchi D.; Espay A.J.; Franciotta D.; Versino M.; Mauri M.,single_case_report,case_report,data/extraction_json/text/1959.json,full_text,true,1,high,manual_gold_review,false,false,count_basis=manual_gold_review | count_confidence=high | round_id=stage04_llm_category_2026-04-05_round_01 | selection_bucket=high_confidence_control_overflow | prediction_correct=true | reviewed_count=1 | reviewed_source_category=single_case_report | predicted_count=1 | predicted_source_category=single_case_report,gold_reviewed_stage06_v1,,,,,,,,,manual_gold_review,manual_gold_review,,2026-04-05T18:01:29.501480+00:00
1962,FALSE,batch027,qa\validation\stage07_single_case_codex_gold\batch027\manifest.json,qa\validation\stage07_single_case_codex_gold\batch027\json\papers\1962.json,qa\validation\stage07_single_case_codex_gold\batch027\json\segments\1962.segments.json,qa\validation\stage07_single_case_codex_gold\batch027\json\target_views\1962\p1.json,qa\validation\stage07_single_case_codex_gold\batch027\json\validation\1962.validation.json,qa\validation\stage07_single_case_codex_gold\batch027\xml\1962.annotated.xml,stage06_count_runs,results\stage06_count_runs\stage06_backfill_b004_n100_20260419\candidate_packages\1962.json,results\stage06_count_runs\stage06_backfill_b004_n100_20260419\count_evidence\1962.json,results\stage06_count_runs\stage06_backfill_b004_n100_20260419\results\1962.json,,1962,McArdle Disease vs. Stiff-Person Syndrome: A Case Report Highlighting the Similarities Between Two Rare and Distinct Disorders,Godbe K.; Malaty G.; Wenzel A.; Nazeer S.; Grider D.J.; Kinsey A.,single_case_report,case_report,data\extraction_json\text\1962.json,full_text,true,1,high,case_report_marker_single_case,false,false,"challenge_stage=primary | verification_status=llm_candidate_exact | llm_count_confidence=high | llm_selected_candidate_id=cand01 | This paper is an explicit single-patient case report. The abstract/full-text excerpt describes one 41-year-old male whose diagnosis was revised to Stiff-Person Syndrome after positive GAD antibody testing, supporting a count of 1 unique SPS-spectrum patient.",hybrid_v2_gpt-5.4,1,medium,case_report_marker_single_case,2,1,high,cand01,false,hybrid_local_gpt,llm_candidate_exact,,2026-04-19T10:47:06.856418+00:00
1964,FALSE,batch027,qa\validation\stage07_single_case_codex_gold\batch027\manifest.json,qa\validation\stage07_single_case_codex_gold\batch027\json\papers\1964.json,qa\validation\stage07_single_case_codex_gold\batch027\json\segments\1964.segments.json,qa\validation\stage07_single_case_codex_gold\batch027\json\target_views\1964\p1.json,qa\validation\stage07_single_case_codex_gold\batch027\json\validation\1964.validation.json,qa\validation\stage07_single_case_codex_gold\batch027\xml\1964.annotated.xml,stage06_count_runs,results\stage06_count_runs\stage06_backfill_b004_n100_20260419\candidate_packages\1964.json,results\stage06_count_runs\stage06_backfill_b004_n100_20260419\count_evidence\1964.json,results\stage06_count_runs\stage06_backfill_b004_n100_20260419\results\1964.json,,1964,Advanced Progression of Scoliosis after Intrathecal Baclofen in an Adult with Stiff Person Syndrome: A Case Report,Oh D.C.-S.; Rakesh N.; Lagrant B.; Sein M.,single_case_report,case_report,data\extraction_json\text\1964.json,full_text,true,1,high,case_report_marker_single_case,false,false,"challenge_stage=primary | verification_status=llm_candidate_exact | llm_count_confidence=high | llm_selected_candidate_id=cand01 | This is a single-patient case report of an adult woman with diagnosis-supported stiff person syndrome. The title, abstract, and full-text excerpt consistently describe one patient ('the patient'/'our patient') and do not indicate any additional original SPS-spectrum cases.",hybrid_v2_gpt-5.4,1,medium,case_report_marker_single_case,2,1,high,cand01,false,hybrid_local_gpt,llm_candidate_exact,,2026-04-19T10:47:27.327649+00:00
1971,FALSE,batch027,qa\validation\stage07_single_case_codex_gold\batch027\manifest.json,qa\validation\stage07_single_case_codex_gold\batch027\json\papers\1971.json,qa\validation\stage07_single_case_codex_gold\batch027\json\segments\1971.segments.json,qa\validation\stage07_single_case_codex_gold\batch027\json\target_views\1971\p1.json,qa\validation\stage07_single_case_codex_gold\batch027\json\validation\1971.validation.json,qa\validation\stage07_single_case_codex_gold\batch027\xml\1971.annotated.xml,stage06_count_runs,results\stage06_count_runs\stage06_backfill_b004_n100_20260419\candidate_packages\1971.json,results\stage06_count_runs\stage06_backfill_b004_n100_20260419\count_evidence\1971.json,results\stage06_count_runs\stage06_backfill_b004_n100_20260419\results\1971.json,,1971,"""Rigid"" lower back pain: A case of stiff person syndrome",Aurore V.; Stephane G.,single_case_report,case_report,data\extraction_json\text\1971.json,full_text,true,1,high,case_report_marker_single_case,false,false,"challenge_stage=primary | verification_status=llm_candidate_exact | llm_count_confidence=high | llm_selected_candidate_id=cand01 | This is a single-case report describing one 61-year-old woman with clinically supported and anti-GAD-confirmed stiff person syndrome. The evidence directly supports one unique original SPS-spectrum patient, matching candidate cand01.",hybrid_v2_gpt-5.4,1,medium,case_report_marker_single_case,2,1,high,cand01,false,hybrid_local_gpt,llm_candidate_exact,,2026-04-19T10:48:06.903056+00:00
2175,FALSE,batch027,qa\validation\stage07_single_case_codex_gold\batch027\manifest.json,qa\validation\stage07_single_case_codex_gold\batch027\json\papers\2175.json,qa\validation\stage07_single_case_codex_gold\batch027\json\segments\2175.segments.json,qa\validation\stage07_single_case_codex_gold\batch027\json\target_views\2175\p1.json,qa\validation\stage07_single_case_codex_gold\batch027\json\validation\2175.validation.json,qa\validation\stage07_single_case_codex_gold\batch027\xml\2175.annotated.xml,stage06_count_runs,results\stage06_count_runs\stage06_backfill_b004_n100_20260419\candidate_packages\2175.json,results\stage06_count_runs\stage06_backfill_b004_n100_20260419\count_evidence\2175.json,results\stage06_count_runs\stage06_backfill_b004_n100_20260419\results\2175.json,,2175,Treatment of progressive encephalomyelitis with rigidity and myoclonic jerks with rituximab: a case report.,"Saidha, S; Elamin, M; Mullins, G; Chaila, E; Tormey, V J; Hennessy, M J",single_case_report,case_report,data\extraction_json\text\2175.json,full_text,true,1,high,case_report_marker_single_case,false,false,"challenge_stage=primary | verification_status=llm_candidate_exact | llm_count_confidence=high | llm_selected_candidate_id=cand01 | The paper is explicitly a case report and the full text describes a single original patient with PERM, which is within the SPS-spectrum. No evidence suggests additional patients or a broader cohort.",hybrid_v2_gpt-5.4,1,medium,case_report_marker_single_case,2,1,high,cand01,false,hybrid_local_gpt,llm_candidate_exact,,2026-04-19T10:48:27.523462+00:00
2357,FALSE,batch027,qa\validation\stage07_single_case_codex_gold\batch027\manifest.json,qa\validation\stage07_single_case_codex_gold\batch027\json\papers\2357.json,qa\validation\stage07_single_case_codex_gold\batch027\json\segments\2357.segments.json,qa\validation\stage07_single_case_codex_gold\batch027\json\target_views\2357\p1.json,qa\validation\stage07_single_case_codex_gold\batch027\json\validation\2357.validation.json,qa\validation\stage07_single_case_codex_gold\batch027\xml\2357.annotated.xml,stage06_count_runs,results\stage06_count_runs\stage06_backfill_b004_n100_20260419\candidate_packages\2357.json,results\stage06_count_runs\stage06_backfill_b004_n100_20260419\count_evidence\2357.json,results\stage06_count_runs\stage06_backfill_b004_n100_20260419\results\2357.json,,2357,Variant form of stiff-man syndrome with neck pain: report of a case treated with muscle afferent block.,"Mori, Y; Kawai, K; Morishige, Y; Uchida, K; Yamamoto, T; Sakabe, T; Kawai, M",single_case_report,case_report,data\extraction_json\text\2357.json,full_text,true,1,high,case_report_marker_single_case,false,false,"challenge_stage=primary | verification_status=llm_candidate_exact | llm_count_confidence=high | llm_selected_candidate_id=cand01 | This is an original single-patient case report of stiff-man syndrome. The title states it is a report of a case, and the body repeatedly describes one diagnosed patient referred for treatment.",hybrid_v2_gpt-5.4,1,medium,case_report_marker_single_case,2,1,high,cand01,false,hybrid_local_gpt,llm_candidate_exact,,2026-04-19T10:49:28.675902+00:00
2370,FALSE,batch027,qa\validation\stage07_single_case_codex_gold\batch027\manifest.json,qa\validation\stage07_single_case_codex_gold\batch027\json\papers\2370.json,qa\validation\stage07_single_case_codex_gold\batch027\json\segments\2370.segments.json,qa\validation\stage07_single_case_codex_gold\batch027\json\target_views\2370\p1.json,qa\validation\stage07_single_case_codex_gold\batch027\json\validation\2370.validation.json,qa\validation\stage07_single_case_codex_gold\batch027\xml\2370.annotated.xml,stage06_count_runs,results\stage06_count_runs\stage06_backfill_b004_n100_20260419\candidate_packages\2370.json,results\stage06_count_runs\stage06_backfill_b004_n100_20260419\count_evidence\2370.json,results\stage06_count_runs\stage06_backfill_b004_n100_20260419\results\2370.json,,2370,A patient with atypical stiff-person syndrome: an electrophysiological study.,"Picciolo, G; Quartarone, A; Battaglia, F; Majorana, G; Rizzo, V; Bagnato, S; Girlanda, P; Messina, C",single_case_report,case_report,data\extraction_json\text\2370.json,full_text,true,1,high,case_report_marker_single_case,false,false,"challenge_stage=challenge | verification_status=llm_candidate_exact | llm_count_confidence=high | challenge_reasons=explicit_sps_subgroup_conflict=1 vs 21 | llm_selected_candidate_id=cand02 | This paper is explicitly a single-patient case report. Multiple text passages state 'a patient' and 'our patient,' while the apparent '21' is best explained by page/header text ('ATYPICAL STIFF-PERSON SYNDROME 21') rather than a cohort count.",hybrid_v2_gpt-5.4,21,high,diagnosis_specific_table_row_count,3,1,high,cand02,false,hybrid_local_gpt,llm_candidate_exact,,2026-04-19T10:50:06.152208+00:00
2371,FALSE,batch027,qa\validation\stage07_single_case_codex_gold\batch027\manifest.json,qa\validation\stage07_single_case_codex_gold\batch027\json\papers\2371.json,qa\validation\stage07_single_case_codex_gold\batch027\json\segments\2371.segments.json,qa\validation\stage07_single_case_codex_gold\batch027\json\target_views\2371\p1.json,qa\validation\stage07_single_case_codex_gold\batch027\json\validation\2371.validation.json,qa\validation\stage07_single_case_codex_gold\batch027\xml\2371.annotated.xml,stage06_count_runs,results\stage06_count_runs\stage06_backfill_b004_n100_20260419\candidate_packages\2371.json,results\stage06_count_runs\stage06_backfill_b004_n100_20260419\count_evidence\2371.json,results\stage06_count_runs\stage06_backfill_b004_n100_20260419\results\2371.json,,2371,"Stiffness, spasticity, or both: a case report of stiff-person syndrome.","Li, Jun; Bromberg, Mark B",single_case_report,case_report,data\extraction_json\text\2371.json,full_text,true,1,high,case_report_marker_single_case,false,false,"challenge_stage=primary | verification_status=llm_candidate_exact | llm_count_confidence=high | llm_selected_candidate_id=cand01 | This paper is a single-patient case report. The abstract and case presentation consistently describe one woman whose SPS diagnosis was confirmed by elevated anti-GAD antibodies, with no indication of additional original SPS-spectrum patients.",hybrid_v2_gpt-5.4,1,medium,case_report_marker_single_case,2,1,high,cand01,false,hybrid_local_gpt,llm_candidate_exact,,2026-04-19T10:50:28.091801+00:00
2381,TRUE,batch028,qa\validation\stage07_single_case_codex_gold\batch028\manifest.json,qa\validation\stage07_single_case_codex_gold\batch028\json\papers\2381.json,qa\validation\stage07_single_case_codex_gold\batch028\json\segments\2381.segments.json,qa\validation\stage07_single_case_codex_gold\batch028\json\target_views\2381\p1.json,qa\validation\stage07_single_case_codex_gold\batch028\json\validation\2381.validation.json,qa\validation\stage07_single_case_codex_gold\batch028\xml\2381.annotated.xml,stage06_count_runs,results\stage06_count_runs\stage06_backfill_b004_n100_20260419\candidate_packages\2381.json,results\stage06_count_runs\stage06_backfill_b004_n100_20260419\count_evidence\2381.json,results\stage06_count_runs\stage06_backfill_b004_n100_20260419\results\2381.json,,2381,Stiff limb syndrome: a case report.,"Hajjioui, Abderrazak; Benbouazza, Karima; Faris, Mohamed El Alaoui; Missaoui, Amina; Hassouni, Najia Hajjaj",single_case_report,case_report,data\extraction_json\text\2381.json,full_text,true,1,high,case_report_marker_single_case,false,false,"challenge_stage=primary | verification_status=llm_candidate_exact | llm_count_confidence=high | llm_selected_candidate_id=cand01 | This is a single-case report explicitly describing one patient with stiff limb syndrome, which is within the SPS spectrum. The abstract repeatedly refers to a single patient and provides diagnosis-supported clinical details, so the best-supported count is 1.",hybrid_v2_gpt-5.4,1,medium,case_report_marker_single_case,2,1,high,cand01,false,hybrid_local_gpt,llm_candidate_exact,,2026-04-19T10:50:51.107605+00:00
2383,FALSE,batch028,qa\validation\stage07_single_case_codex_gold\batch028\manifest.json,qa\validation\stage07_single_case_codex_gold\batch028\json\papers\2383.json,qa\validation\stage07_single_case_codex_gold\batch028\json\segments\2383.segments.json,qa\validation\stage07_single_case_codex_gold\batch028\json\target_views\2383\p1.json,qa\validation\stage07_single_case_codex_gold\batch028\json\validation\2383.validation.json,qa\validation\stage07_single_case_codex_gold\batch028\xml\2383.annotated.xml,stage06_count_runs,results\stage06_count_runs\stage06_backfill_b004_n100_20260419\candidate_packages\2383.json,results\stage06_count_runs\stage06_backfill_b004_n100_20260419\count_evidence\2383.json,results\stage06_count_runs\stage06_backfill_b004_n100_20260419\results\2383.json,,2383,Stiff person syndrome presenting with sudden onset of shortness of breath and difficulty moving the right arm: a case report.,"Goodson, Bradley; Martin, Kate; Hunt, Thomas",single_case_report,case_report,data\extraction_json\text\2383.json,full_text,true,1,high,case_report_marker_single_case,false,false,challenge_stage=primary | verification_status=llm_candidate_exact | llm_count_confidence=high | llm_selected_candidate_id=cand01 | This is a single-patient case report describing one 27-year-old woman with diagnosis-supported stiff person syndrome. The abstract and full-text excerpt consistently present one original SPS case with supportive EMG findings and positive anti-GAD antibody testing.,hybrid_v2_gpt-5.4,1,medium,case_report_marker_single_case,2,1,high,cand01,false,hybrid_local_gpt,llm_candidate_exact,,2026-04-19T10:51:11.198835+00:00
2384,FALSE,batch028,qa\validation\stage07_single_case_codex_gold\batch028\manifest.json,qa\validation\stage07_single_case_codex_gold\batch028\json\papers\2384.json,qa\validation\stage07_single_case_codex_gold\batch028\json\segments\2384.segments.json,qa\validation\stage07_single_case_codex_gold\batch028\json\target_views\2384\p1.json,qa\validation\stage07_single_case_codex_gold\batch028\json\validation\2384.validation.json,qa\validation\stage07_single_case_codex_gold\batch028\xml\2384.annotated.xml,stage06_count_runs,results\stage06_count_runs\stage06_backfill_b004_n100_20260419\candidate_packages\2384.json,results\stage06_count_runs\stage06_backfill_b004_n100_20260419\count_evidence\2384.json,results\stage06_count_runs\stage06_backfill_b004_n100_20260419\results\2384.json,,2384,Stiff man syndrome and anaesthetic considerations: successful management using combined spinal epidural anaesthesia.,"Shanthanna, Harsha",single_case_report,case_report,data\extraction_json\text\2384.json,full_text,true,1,high,source_single_case_default,false,false,"challenge_stage=primary | verification_status=llm_candidate_exact | llm_count_confidence=high | llm_selected_candidate_id=cand01 | This paper is an original single-patient case report. The full text explicitly describes one 55-year-old woman with SPS, confirmed by GAD levels, undergoing anesthetic management, with no indication of additional original SPS-spectrum patients.",hybrid_v2_gpt-5.4,1,medium,source_single_case_default,2,1,high,cand01,false,hybrid_local_gpt,llm_candidate_exact,,2026-04-19T10:51:30.480978+00:00
2389,FALSE,batch028,qa\validation\stage07_single_case_codex_gold\batch028\manifest.json,qa\validation\stage07_single_case_codex_gold\batch028\json\papers\2389.json,qa\validation\stage07_single_case_codex_gold\batch028\json\segments\2389.segments.json,qa\validation\stage07_single_case_codex_gold\batch028\json\target_views\2389\p1.json,qa\validation\stage07_single_case_codex_gold\batch028\json\validation\2389.validation.json,qa\validation\stage07_single_case_codex_gold\batch028\xml\2389.annotated.xml,stage06_count_runs,results\stage06_count_runs\stage06_backfill_b004_n100_20260419\candidate_packages\2389.json,results\stage06_count_runs\stage06_backfill_b004_n100_20260419\count_evidence\2389.json,results\stage06_count_runs\stage06_backfill_b004_n100_20260419\results\2389.json,,2389,Childhood stiff-person syndrome improved with rituximab.,"Fekete, R; Jankovic, J",single_case_report,case_report,data\extraction_json\text\2389.json,full_text,true,1,high,source_single_case_override,false,false,"challenge_stage=primary | verification_status=llm_candidate_exact | llm_count_confidence=high | llm_selected_candidate_id=cand01 | This paper is an original single case report of one childhood SPS patient. The abstract’s 'nine cases in addition to our case' refers to cases found by a literature search, which should not be counted as original patients reported in this paper.",hybrid_v2_gpt-5.4,1,medium,source_single_case_override,3,1,high,cand01,false,hybrid_local_gpt,llm_candidate_exact,,2026-04-19T10:51:55.602202+00:00
2461,FALSE,batch028,qa\validation\stage07_single_case_codex_gold\batch028\manifest.json,qa\validation\stage07_single_case_codex_gold\batch028\json\papers\2461.json,qa\validation\stage07_single_case_codex_gold\batch028\json\segments\2461.segments.json,qa\validation\stage07_single_case_codex_gold\batch028\json\target_views\2461\p1.json,qa\validation\stage07_single_case_codex_gold\batch028\json\validation\2461.validation.json,qa\validation\stage07_single_case_codex_gold\batch028\xml\2461.annotated.xml,stage06_count_runs,results\stage06_count_runs\stage06_backfill_b004_n100_20260419\candidate_packages\2461.json,results\stage06_count_runs\stage06_backfill_b004_n100_20260419\count_evidence\2461.json,results\stage06_count_runs\stage06_backfill_b004_n100_20260419\results\2461.json,,2461,Anti-glycine receptor antibody mediated progressive encephalomyelitis with rigidity and myoclonus associated with breast cancer.,"De Blauwe, Sofie N; Santens, Patrick; Vanopdenbosch, Ludo J",single_case_report,case_report,data\extraction_json\text\2461.json,full_text,true,1,high,single_case_text_signal,true,true,"challenge_stage=primary | verification_status=llm_candidate_exact | llm_count_confidence=high | llm_selected_candidate_id=cand01 | This paper is a single case report and explicitly describes one 66-year-old woman with PERM, which is within the SPS-spectrum definition. Although the article also reviews previously reported cases, the original extractable cohort in this paper is one patient; manual review remains appropriate because provenance uncertainty was flagged.",hybrid_v2_gpt-5.4,1,medium,single_case_text_signal,2,1,high,cand01,false,hybrid_local_gpt,llm_candidate_exact,,2026-04-19T10:52:38.836788+00:00
2472,TRUE,batch028,qa\validation\stage07_single_case_codex_gold\batch028\manifest.json,qa\validation\stage07_single_case_codex_gold\batch028\json\papers\2472.json,qa\validation\stage07_single_case_codex_gold\batch028\json\segments\2472.segments.json,qa\validation\stage07_single_case_codex_gold\batch028\json\target_views\2472\p1.json,qa\validation\stage07_single_case_codex_gold\batch028\json\validation\2472.validation.json,qa\validation\stage07_single_case_codex_gold\batch028\xml\2472.annotated.xml,stage06_count_runs,results\stage06_count_runs\stage06_backfill_b004_n100_20260419\candidate_packages\2472.json,results\stage06_count_runs\stage06_backfill_b004_n100_20260419\count_evidence\2472.json,results\stage06_count_runs\stage06_backfill_b004_n100_20260419\results\2472.json,,2472,Stiff man syndrome: a diagnostic dilemma in a young female with diabetes mellitus and thyroiditis.,"Enuh, Hilary; Park, Michael; Ghodasara, Arjun; Arsura, Edward; Nfonoyim, Jay",single_case_report,case_report,data\extraction_json\text\2472.json,full_text,true,1,high,case_report_marker_single_case,false,false,challenge_stage=primary | verification_status=llm_candidate_exact | llm_count_confidence=high | llm_selected_candidate_id=cand01 | This paper is a case report and explicitly states that the authors discuss a single female patient with stiff man/person syndrome. No evidence suggests additional original SPS-spectrum patients were reported.,hybrid_v2_gpt-5.4,1,medium,case_report_marker_single_case,2,1,high,cand01,false,hybrid_local_gpt,llm_candidate_exact,,2026-04-19T10:53:21.768191+00:00
2514,FALSE,batch028,qa\validation\stage07_single_case_codex_gold\batch028\manifest.json,qa\validation\stage07_single_case_codex_gold\batch028\json\papers\2514.json,qa\validation\stage07_single_case_codex_gold\batch028\json\segments\2514.segments.json,qa\validation\stage07_single_case_codex_gold\batch028\json\target_views\2514\p1.json,qa\validation\stage07_single_case_codex_gold\batch028\json\validation\2514.validation.json,qa\validation\stage07_single_case_codex_gold\batch028\xml\2514.annotated.xml,stage06_count_runs,results\stage06_count_runs\stage06_backfill_b004_n100_20260419\candidate_packages\2514.json,results\stage06_count_runs\stage06_backfill_b004_n100_20260419\count_evidence\2514.json,results\stage06_count_runs\stage06_backfill_b004_n100_20260419\results\2514.json,,2514,Stiff-Person Syndrome and Graves' Disease: A Pediatric Case Report.,"Medeiros, Lais Moreira; Morais, Thulio Carvalho; Primo, Arlete Esteves Lopes; Speltri, Valeria Casella; Rocha, Maria Sheila Guimaraes",single_case_report,case_report,data\extraction_json\text\2514.json,full_text,true,1,high,case_report_marker_single_case,false,false,challenge_stage=primary | verification_status=llm_candidate_exact | llm_count_confidence=high | llm_selected_candidate_id=cand01 | This is a single-patient pediatric case report with explicit diagnosis-supported stiff-person syndrome in one 9-year-old girl. The abstract and full-text excerpt consistently describe only one original SPS-spectrum patient.,hybrid_v2_gpt-5.4,1,medium,case_report_marker_single_case,2,1,high,cand01,false,hybrid_local_gpt,llm_candidate_exact,,2026-04-19T10:54:33.002652+00:00
2592,TRUE,batch028,qa\validation\stage07_single_case_codex_gold\batch028\manifest.json,qa\validation\stage07_single_case_codex_gold\batch028\json\papers\2592.json,qa\validation\stage07_single_case_codex_gold\batch028\json\segments\2592.segments.json,qa\validation\stage07_single_case_codex_gold\batch028\json\target_views\2592\p1.json,qa\validation\stage07_single_case_codex_gold\batch028\json\validation\2592.validation.json,qa\validation\stage07_single_case_codex_gold\batch028\xml\2592.annotated.xml,stage06_count_runs,results\stage06_count_runs\stage06_backfill_b004_n100_20260419\candidate_packages\2592.json,results\stage06_count_runs\stage06_backfill_b004_n100_20260419\count_evidence\2592.json,results\stage06_count_runs\stage06_backfill_b004_n100_20260419\results\2592.json,,2592,Therapeutic considerations in a case of progressive encephalomyelitis with rigidity and myoclonus.,"Gluck, Lauren; Hernandez, Amanda L; Wesley, Sarah F; Fulbright, Robert K; Longbrake, Erin E; Stathopoulos, Panos",single_case_report,case_report,data\extraction_json\text\2592.json,full_text,true,1,high,case_report_marker_single_case,false,false,"challenge_stage=primary | verification_status=llm_candidate_exact | llm_count_confidence=high | llm_selected_candidate_id=cand01 | This paper is explicitly framed as a case report of PERM, an SPS-spectrum disorder, and the full text repeatedly describes a single 63-year-old man as the reported patient. The best-supported extractable count is therefore 1 unique SPS-spectrum case.",hybrid_v2_gpt-5.4,1,medium,case_report_marker_single_case,2,1,high,cand01,false,hybrid_local_gpt,llm_candidate_exact,,2026-04-19T10:54:52.818166+00:00
2601,FALSE,batch028,qa\validation\stage07_single_case_codex_gold\batch028\manifest.json,qa\validation\stage07_single_case_codex_gold\batch028\json\papers\2601.json,qa\validation\stage07_single_case_codex_gold\batch028\json\segments\2601.segments.json,qa\validation\stage07_single_case_codex_gold\batch028\json\target_views\2601\p1.json,qa\validation\stage07_single_case_codex_gold\batch028\json\validation\2601.validation.json,qa\validation\stage07_single_case_codex_gold\batch028\xml\2601.annotated.xml,stage06_count_runs,results\stage06_count_runs\stage06_backfill_b004_n100_20260419\candidate_packages\2601.json,results\stage06_count_runs\stage06_backfill_b004_n100_20260419\count_evidence\2601.json,results\stage06_count_runs\stage06_backfill_b004_n100_20260419\results\2601.json,,2601,Progressive Encephalomyelitis with Rigidity and Myoclonus in an Intellectually Disabled Patient Mimicking Neuroleptic Malignant Syndrome.,"Xu, Zheyu; Prasad, Kalpana; Yeo, Tianrong",single_case_report,case_report,data\extraction_json\text\2601.json,full_text,true,1,high,diagnosis_specific_table_row_count,true,true,"challenge_stage=primary | verification_status=llm_candidate_exact | llm_count_confidence=high | llm_selected_candidate_id=cand01 | This is a single-patient case report with explicit text stating the authors present one case that was eventually diagnosed as PERM, which is within the SPS spectrum. Candidate cand01 matches the explicit diagnosis-specific subgroup count of 1; however, manual review remains appropriate because the evidence pack flags original cohort provenance uncertainty.",hybrid_v2_gpt-5.4,1,high,diagnosis_specific_table_row_count,3,1,high,cand01,false,hybrid_local_gpt,llm_candidate_exact,,2026-04-19T10:55:18.563074+00:00
2610,FALSE,batch028,qa\validation\stage07_single_case_codex_gold\batch028\manifest.json,qa\validation\stage07_single_case_codex_gold\batch028\json\papers\2610.json,qa\validation\stage07_single_case_codex_gold\batch028\json\segments\2610.segments.json,qa\validation\stage07_single_case_codex_gold\batch028\json\target_views\2610\p1.json,qa\validation\stage07_single_case_codex_gold\batch028\json\validation\2610.validation.json,qa\validation\stage07_single_case_codex_gold\batch028\xml\2610.annotated.xml,stage06_count_runs,results\stage06_count_runs\stage06_backfill_b004_n100_20260419\candidate_packages\2610.json,results\stage06_count_runs\stage06_backfill_b004_n100_20260419\count_evidence\2610.json,results\stage06_count_runs\stage06_backfill_b004_n100_20260419\results\2610.json,,2610,Why It Is Not Always Anxiety: A Tough Diagnosis of Stiff Person Syndrome.,"Cervantes, Carmen Elena; Lee Lau, Hsien; Binazir, Tina Ataian; O'Brien, Keith O; Cross, Jonathan S",single_case_report,case_report,data\extraction_json\text\2610.json,full_text,true,1,high,single_case_text_signal,false,false,challenge_stage=primary | verification_status=llm_candidate_exact | llm_count_confidence=high | llm_selected_candidate_id=cand01 | This paper is an original single-case report describing one 30-year-old woman with clinically supported and antibody-confirmed stiff person syndrome. The text repeatedly refers to a single patient/case with no indication of additional original SPS-spectrum patients.,hybrid_v2_gpt-5.4,1,medium,single_case_text_signal,3,1,high,cand01,false,hybrid_local_gpt,llm_candidate_exact,,2026-04-19T10:56:02.659383+00:00
2615,FALSE,batch029,qa\validation\stage07_single_case_codex_gold\batch029\manifest.json,qa\validation\stage07_single_case_codex_gold\batch029\json\papers\2615.json,qa\validation\stage07_single_case_codex_gold\batch029\json\segments\2615.segments.json,qa\validation\stage07_single_case_codex_gold\batch029\json\target_views\2615\p1.json,qa\validation\stage07_single_case_codex_gold\batch029\json\validation\2615.validation.json,qa\validation\stage07_single_case_codex_gold\batch029\xml\2615.annotated.xml,stage06_count_runs,results\stage06_count_runs\stage06_backfill_b004_n100_20260419\candidate_packages\2615.json,results\stage06_count_runs\stage06_backfill_b004_n100_20260419\count_evidence\2615.json,results\stage06_count_runs\stage06_backfill_b004_n100_20260419\results\2615.json,,2615,"Difficult to Treat Focal, Stiff Person Syndrome of the Left Upper Extremity.","Esplin, Nathan E; Stelzer, John W; Legare, Timothy B; Ali, Sayed K",single_case_report,case_report,data\extraction_json\text\2615.json,full_text,true,1,high,case_report_marker_single_case,false,false,"challenge_stage=primary | verification_status=llm_candidate_exact | llm_count_confidence=high | llm_selected_candidate_id=cand01 | This paper is a single case report describing one diagnosis-supported focal SPS/stiff limb syndrome patient. The abstract and body both explicitly present one 46-year-old man with anti-GAD65-positive, EMG-supported focal SPS of the left upper extremity.",hybrid_v2_gpt-5.4,1,medium,case_report_marker_single_case,2,1,high,cand01,false,hybrid_local_gpt,llm_candidate_exact,,2026-04-19T10:56:22.458159+00:00
2646,FALSE,batch029,qa\validation\stage07_single_case_codex_gold\batch029\manifest.json,qa\validation\stage07_single_case_codex_gold\batch029\json\papers\2646.json,qa\validation\stage07_single_case_codex_gold\batch029\json\segments\2646.segments.json,qa\validation\stage07_single_case_codex_gold\batch029\json\target_views\2646\p1.json,qa\validation\stage07_single_case_codex_gold\batch029\json\validation\2646.validation.json,qa\validation\stage07_single_case_codex_gold\batch029\xml\2646.annotated.xml,stage06_count_runs,results\stage06_count_runs\stage06_backfill_b004_n100_20260419\candidate_packages\2646.json,results\stage06_count_runs\stage06_backfill_b004_n100_20260419\count_evidence\2646.json,results\stage06_count_runs\stage06_backfill_b004_n100_20260419\results\2646.json,,2646,Anti-glutamate Dehydrogenase Antibody Positive Cerebellar Ataxia and Stiff Person Syndrome Responding to Dual Treatment with Steroids and Intravenous Immunoglobulin: A Case Presentation and Literature Review.,"Yilmaz, Furkan M; Little, Dena; Gallagher, Micheal; Colcher, Amy",single_case_report,case_report,data\extraction_json\text\2646.json,full_text,true,1,medium,case_report_marker_single_case,true,false,"challenge_stage=challenge | verification_status=llm_candidate_exact | llm_count_confidence=medium | challenge_reasons=semantic_validator_reject=COUNT_SPS_STATUS_UNCERTAIN | llm_selected_candidate_id=cand01 | This paper is framed as a single case report and explicitly states that the authors present one 49-year-old man who was found to have anti-GAD antibody positive cerebellar ataxia and stiff person syndrome. Because the SPS diagnosis is directly stated for this individual, the best-supported extractable SPS-spectrum count is 1, but manual review remains appropriate given the upstream SPS-status uncertainty flag.",hybrid_v2_gpt-5.4,1,medium,case_report_marker_single_case,2,1,medium,cand01,false,hybrid_local_gpt,llm_candidate_exact,,2026-04-19T10:57:47.561480+00:00
2655,FALSE,batch029,qa\validation\stage07_single_case_codex_gold\batch029\manifest.json,qa\validation\stage07_single_case_codex_gold\batch029\json\papers\2655.json,qa\validation\stage07_single_case_codex_gold\batch029\json\segments\2655.segments.json,qa\validation\stage07_single_case_codex_gold\batch029\json\target_views\2655\p1.json,qa\validation\stage07_single_case_codex_gold\batch029\json\validation\2655.validation.json,qa\validation\stage07_single_case_codex_gold\batch029\xml\2655.annotated.xml,stage06_count_runs,results\stage06_count_runs\stage06_backfill_b004_n100_20260419\candidate_packages\2655.json,results\stage06_count_runs\stage06_backfill_b004_n100_20260419\count_evidence\2655.json,results\stage06_count_runs\stage06_backfill_b004_n100_20260419\results\2655.json,,2655,Utility of Botulinum Injections in Stiff-Person Syndrome.,"Conners, L M; Betcher, A; Shahinian, A; Janda, P",single_case_report,case_report,data\extraction_json\text\2655.json,full_text,true,1,medium,case_report_marker_single_case,true,false,"challenge_stage=primary | verification_status=llm_candidate_exact | llm_count_confidence=medium | llm_selected_candidate_id=cand01 | The paper is explicitly presented as a 'case report and review of the literature,' and the fixed routing category is single_case_report, supporting a count of 1 original SPS-spectrum patient. However, the provided excerpts do not include the patient-description section itself, so the count is best taken as the single-case candidate with manual review retained.",hybrid_v2_gpt-5.4,1,medium,case_report_marker_single_case,2,1,medium,cand01,false,hybrid_local_gpt,llm_candidate_exact,,2026-04-19T10:58:12.963866+00:00
2658,TRUE,batch029,qa\validation\stage07_single_case_codex_gold\batch029\manifest.json,qa\validation\stage07_single_case_codex_gold\batch029\json\papers\2658.json,qa\validation\stage07_single_case_codex_gold\batch029\json\segments\2658.segments.json,qa\validation\stage07_single_case_codex_gold\batch029\json\target_views\2658\p1.json,qa\validation\stage07_single_case_codex_gold\batch029\json\validation\2658.validation.json,qa\validation\stage07_single_case_codex_gold\batch029\xml\2658.annotated.xml,stage06_count_runs,results\stage06_count_runs\stage06_backfill_b004_n100_20260419\candidate_packages\2658.json,results\stage06_count_runs\stage06_backfill_b004_n100_20260419\count_evidence\2658.json,results\stage06_count_runs\stage06_backfill_b004_n100_20260419\results\2658.json,,2658,"A Case of Anti-glutamic Acid Decarboxylase-65 Antibody Positive Stiff Person Syndrome Presenting Initially as Acute Peripheral Vestibulopathy, Leading to Delayed Diagnosis After Multiple Hospitalizations.","Nene, Yash; Mehta, Tejas; Pawar, Sanjay; Patil, Gajanan; Ichaporia, Nasli R",single_case_report,case_report,data\extraction_json\text\2658.json,full_text,true,1,high,manual_gold_review,false,false,count_basis=manual_gold_review | count_confidence=high | round_id=2026-04-20_stage06_b004_n100_manual_review | selection_bucket=stage06_backfill_batch_review | prediction_correct=true | reviewed_count=1 | reviewed_source_category=single_case_report | predicted_count=1 | predicted_source_category=single_case_report | reviewer_notes=Manual review confirms the extractable SPS-spectrum count is 1.,gold_reviewed_stage06_v1,1,high,abstract_count_signal,3,1,high,cand01,false,manual_gold_review,manual_gold_review,COUNT_SPS_STATUS_UNCERTAIN,2026-04-20T21:48:05Z
2659,FALSE,batch029,qa\validation\stage07_single_case_codex_gold\batch029\manifest.json,qa\validation\stage07_single_case_codex_gold\batch029\json\papers\2659.json,qa\validation\stage07_single_case_codex_gold\batch029\json\segments\2659.segments.json,qa\validation\stage07_single_case_codex_gold\batch029\json\target_views\2659\p1.json,qa\validation\stage07_single_case_codex_gold\batch029\json\validation\2659.validation.json,qa\validation\stage07_single_case_codex_gold\batch029\xml\2659.annotated.xml,stage06_count_runs,results\stage06_count_runs\stage06_backfill_b004_n100_20260419\candidate_packages\2659.json,results\stage06_count_runs\stage06_backfill_b004_n100_20260419\count_evidence\2659.json,results\stage06_count_runs\stage06_backfill_b004_n100_20260419\results\2659.json,,2659,Improving Ambulation and Minimizing Disability with Therapeutic Plasma Exchange in a Stiff-person Syndrome Patient with Recurrent Falls.,"Sanchez, Kyle; Ullah, Aqsa; Waler, Alexandria R; Chakfe, Yassar",single_case_report,case_report,data\extraction_json\text\2659.json,full_text,true,1,high,case_report_marker_single_case,false,false,"challenge_stage=primary | verification_status=llm_candidate_exact | llm_count_confidence=high | llm_selected_candidate_id=cand01 | This is an original single-patient case report of one man with confirmed stiff-person syndrome. The abstract and full-text excerpt consistently describe a single 68-year-old male patient undergoing TPE, with no indication of additional original SPS-spectrum cases.",hybrid_v2_gpt-5.4,1,medium,case_report_marker_single_case,2,1,high,cand01,false,hybrid_local_gpt,llm_candidate_exact,,2026-04-19T10:59:01.603379+00:00
2661,FALSE,batch029,qa\validation\stage07_single_case_codex_gold\batch029\manifest.json,qa\validation\stage07_single_case_codex_gold\batch029\json\papers\2661.json,qa\validation\stage07_single_case_codex_gold\batch029\json\segments\2661.segments.json,qa\validation\stage07_single_case_codex_gold\batch029\json\target_views\2661\p1.json,qa\validation\stage07_single_case_codex_gold\batch029\json\validation\2661.validation.json,qa\validation\stage07_single_case_codex_gold\batch029\xml\2661.annotated.xml,stage06_count_runs,results\stage06_count_runs\stage06_backfill_b004_n100_20260419\candidate_packages\2661.json,results\stage06_count_runs\stage06_backfill_b004_n100_20260419\count_evidence\2661.json,results\stage06_count_runs\stage06_backfill_b004_n100_20260419\results\2661.json,,2661,Stiff-Person Syndrome: A Case Report and Review of the Literature.,"Smith, Joe; Storey, Hayley",single_case_report,case_report,data\extraction_json\text\2661.json,full_text,true,1,high,case_report_marker_single_case,false,false,challenge_stage=primary | verification_status=llm_candidate_exact | llm_count_confidence=high | llm_selected_candidate_id=cand01 | The paper is explicitly a single case report and repeatedly describes one 57-year-old female patient who was diagnosed with stiff-person syndrome. No evidence suggests additional original SPS-spectrum cases beyond this single patient.,hybrid_v2_gpt-5.4,1,medium,case_report_marker_single_case,2,1,high,cand01,false,hybrid_local_gpt,llm_candidate_exact,,2026-04-19T10:59:29.150181+00:00
2836,FALSE,batch029,qa\validation\stage07_single_case_codex_gold\batch029\manifest.json,qa\validation\stage07_single_case_codex_gold\batch029\json\papers\2836.json,qa\validation\stage07_single_case_codex_gold\batch029\json\segments\2836.segments.json,qa\validation\stage07_single_case_codex_gold\batch029\json\target_views\2836\p1.json,qa\validation\stage07_single_case_codex_gold\batch029\json\validation\2836.validation.json,qa\validation\stage07_single_case_codex_gold\batch029\xml\2836.annotated.xml,stage06_count_runs,results\stage06_count_runs\stage06_backfill_b004_n100_20260419\candidate_packages\2836.json,results\stage06_count_runs\stage06_backfill_b004_n100_20260419\count_evidence\2836.json,results\stage06_count_runs\stage06_backfill_b004_n100_20260419\results\2836.json,,2836,Stiff-person syndrome coexisting with critical illness polyneuropathy: A case report.,"Cai, Qiong; Wu, Chao; Xu, Wenxiao; Liang, Yinxing; Liao, Songjie",single_case_report,case_report,data\extraction_json\text\2836.json,full_text,true,1,high,case_report_marker_single_case,false,false,"challenge_stage=primary | verification_status=llm_candidate_exact | llm_count_confidence=high | llm_selected_candidate_id=cand01 | This is a single-patient case report with explicit original clinical data for one 60-year-old man. The paper repeatedly states that it reports a special case and provides diagnosis-supported SPS with anti-GAD65 positivity and EMG findings, so the best-supported extractable SPS-spectrum count is 1.",hybrid_v2_gpt-5.4,1,medium,case_report_marker_single_case,2,1,high,cand01,false,hybrid_local_gpt,llm_candidate_exact,,2026-04-19T11:00:12.563925+00:00
2841,TRUE,batch029,qa\validation\stage07_single_case_codex_gold\batch029\manifest.json,qa\validation\stage07_single_case_codex_gold\batch029\json\papers\2841.json,qa\validation\stage07_single_case_codex_gold\batch029\json\segments\2841.segments.json,qa\validation\stage07_single_case_codex_gold\batch029\json\target_views\2841\p1.json,qa\validation\stage07_single_case_codex_gold\batch029\json\validation\2841.validation.json,qa\validation\stage07_single_case_codex_gold\batch029\xml\2841.annotated.xml,stage06_count_runs,results\stage06_count_runs\stage06_backfill_b004_n100_20260419\candidate_packages\2841.json,results\stage06_count_runs\stage06_backfill_b004_n100_20260419\count_evidence\2841.json,results\stage06_count_runs\stage06_backfill_b004_n100_20260419\results\2841.json,,2841,Spasms and Myoclonus in a Young Woman With Hashimoto Thyroiditis.,"Shen, Dingding; Zhou, Haiyan; Chen, Sheng",single_case_report,case_report,data\extraction_json\text\2841.json,full_text,true,1,high,single_case_text_signal,false,false,"challenge_stage=primary | verification_status=llm_candidate_exact | llm_count_confidence=high | llm_selected_candidate_id=cand01 | This is a single-patient clinical challenge/case report describing one 39-year-old woman, and the paper explicitly diagnoses her with progressive encephalomyelitis with rigidity and myoclonus (PERM), which is within the SPS spectrum. No evidence suggests additional original SPS-spectrum patients.",hybrid_v2_gpt-5.4,1,medium,single_case_text_signal,2,1,high,cand01,false,hybrid_local_gpt,llm_candidate_exact,,2026-04-19T11:00:32.985962+00:00
2843,FALSE,batch029,qa\validation\stage07_single_case_codex_gold\batch029\manifest.json,qa\validation\stage07_single_case_codex_gold\batch029\json\papers\2843.json,qa\validation\stage07_single_case_codex_gold\batch029\json\segments\2843.segments.json,qa\validation\stage07_single_case_codex_gold\batch029\json\target_views\2843\p1.json,qa\validation\stage07_single_case_codex_gold\batch029\json\validation\2843.validation.json,qa\validation\stage07_single_case_codex_gold\batch029\xml\2843.annotated.xml,stage06_count_runs,results\stage06_count_runs\stage06_backfill_b004_n100_20260419\candidate_packages\2843.json,results\stage06_count_runs\stage06_backfill_b004_n100_20260419\count_evidence\2843.json,results\stage06_count_runs\stage06_backfill_b004_n100_20260419\results\2843.json,,2843,Involuntary movement in stiff-person syndrome with amphiphysin antibodies: A case report.,"Xie, Yin-Yin; Meng, Hong-Mei; Zhang, Feng-Xiao; Maimaiti, Buajieerguli; Jiang, Ting; Yang, Yu",single_case_report,case_report,data\extraction_json\text\2843.json,full_text,true,1,high,case_report_marker_single_case,false,false,challenge_stage=primary | verification_status=llm_candidate_exact | llm_count_confidence=high | llm_selected_candidate_id=cand01 | This paper is a single case report describing one 69-year-old man and explicitly states that he was diagnosed with stiff-person syndrome. There is no evidence of additional original SPS-spectrum patients in the report.,hybrid_v2_gpt-5.4,1,medium,case_report_marker_single_case,2,1,high,cand01,false,hybrid_local_gpt,llm_candidate_exact,,2026-04-19T11:00:52.578872+00:00
2845,FALSE,batch029,qa\validation\stage07_single_case_codex_gold\batch029\manifest.json,qa\validation\stage07_single_case_codex_gold\batch029\json\papers\2845.json,qa\validation\stage07_single_case_codex_gold\batch029\json\segments\2845.segments.json,qa\validation\stage07_single_case_codex_gold\batch029\json\target_views\2845\p1.json,qa\validation\stage07_single_case_codex_gold\batch029\json\validation\2845.validation.json,qa\validation\stage07_single_case_codex_gold\batch029\xml\2845.annotated.xml,stage06_count_runs,results\stage06_count_runs\stage06_backfill_b004_n100_20260419\candidate_packages\2845.json,results\stage06_count_runs\stage06_backfill_b004_n100_20260419\count_evidence\2845.json,results\stage06_count_runs\stage06_backfill_b004_n100_20260419\results\2845.json,,2845,Management of refractory pain in Stiff-Person syndrome.,"Cirnigliaro, Frank Arthur; Gauthier, Nicole; Rush, Moira",single_case_report,case_report,data\extraction_json\text\2845.json,full_text,true,1,high,single_case_text_signal,false,false,"challenge_stage=primary | verification_status=llm_candidate_exact | llm_count_confidence=high | llm_selected_candidate_id=cand01 | This is a single case report with explicit language that the authors report one 26-year-old woman with SPS. The full-text excerpt also provides diagnosis-supporting clinical and antibody details for that same patient, supporting a count of 1 unique SPS-spectrum case.",hybrid_v2_gpt-5.4,1,medium,single_case_text_signal,2,1,high,cand01,false,hybrid_local_gpt,llm_candidate_exact,,2026-04-19T11:01:16.921079+00:00
2855,TRUE,batch030,qa\validation\stage07_single_case_codex_gold\batch030\manifest.json,qa\validation\stage07_single_case_codex_gold\batch030\json\papers\2855.json,qa\validation\stage07_single_case_codex_gold\batch030\json\segments\2855.segments.json,qa\validation\stage07_single_case_codex_gold\batch030\json\target_views\2855\p1.json,qa\validation\stage07_single_case_codex_gold\batch030\json\validation\2855.validation.json,qa\validation\stage07_single_case_codex_gold\batch030\xml\2855.annotated.xml,stage06_count_runs,results\stage06_count_runs\stage06_backfill_b004_n100_20260419\candidate_packages\2855.json,results\stage06_count_runs\stage06_backfill_b004_n100_20260419\count_evidence\2855.json,results\stage06_count_runs\stage06_backfill_b004_n100_20260419\results\2855.json,,2855,Stiff-person syndrome in a patient with comorbid bipolar and panic disorders: A case report and literature review.,"Patel, Karishma; Stummer, Lauren; Patel, Krina",single_case_report,case_report,data\extraction_json\text\2855.json,full_text,true,1,high,case_report_marker_single_case,false,false,"challenge_stage=primary | verification_status=llm_candidate_exact | llm_count_confidence=high | llm_selected_candidate_id=cand01 | This paper is explicitly a single-patient case report of a patient with stiff-person syndrome. The abstract and full-text excerpt repeatedly describe one patient's treatment course, supporting a count of 1 unique original SPS-spectrum case.",hybrid_v2_gpt-5.4,1,medium,case_report_marker_single_case,2,1,high,cand01,false,hybrid_local_gpt,llm_candidate_exact,,2026-04-19T11:01:56.049717+00:00
2864,FALSE,batch030,qa\validation\stage07_single_case_codex_gold\batch030\manifest.json,qa\validation\stage07_single_case_codex_gold\batch030\json\papers\2864.json,qa\validation\stage07_single_case_codex_gold\batch030\json\segments\2864.segments.json,qa\validation\stage07_single_case_codex_gold\batch030\json\target_views\2864\p1.json,qa\validation\stage07_single_case_codex_gold\batch030\json\validation\2864.validation.json,qa\validation\stage07_single_case_codex_gold\batch030\xml\2864.annotated.xml,stage06_count_runs,results\stage06_count_runs\stage06_backfill_b004_n100_20260419\candidate_packages\2864.json,results\stage06_count_runs\stage06_backfill_b004_n100_20260419\count_evidence\2864.json,results\stage06_count_runs\stage06_backfill_b004_n100_20260419\results\2864.json,,2864,Anesthetic management of a patient with Stiff-Person Syndrome and endometrial cancer for robotic surgery: A case report.,"Yeoh, Cindy B; Lee, Kathleen J; Tollinche, Luis E",single_case_report,case_report,data\extraction_json\text\2864.json,full_text,true,1,high,case_report_marker_single_case,false,false,"challenge_stage=primary | verification_status=llm_candidate_exact | llm_count_confidence=high | llm_selected_candidate_id=cand01 | This is a single-patient case report with explicit language describing one 53-year-old woman with diagnosed stiff-person syndrome undergoing robotic surgery. The title, abstract, and case section consistently refer to one patient only, with no indication of additional original SPS-spectrum cases.",hybrid_v2_gpt-5.4,1,medium,case_report_marker_single_case,2,1,high,cand01,false,hybrid_local_gpt,llm_candidate_exact,,2026-04-19T11:02:16.221446+00:00
2879,FALSE,batch030,qa\validation\stage07_single_case_codex_gold\batch030\manifest.json,qa\validation\stage07_single_case_codex_gold\batch030\json\papers\2879.json,qa\validation\stage07_single_case_codex_gold\batch030\json\segments\2879.segments.json,qa\validation\stage07_single_case_codex_gold\batch030\json\target_views\2879\p1.json,qa\validation\stage07_single_case_codex_gold\batch030\json\validation\2879.validation.json,qa\validation\stage07_single_case_codex_gold\batch030\xml\2879.annotated.xml,stage06_count_runs,results\stage06_count_runs\stage06_backfill_b004_n100_20260419\candidate_packages\2879.json,results\stage06_count_runs\stage06_backfill_b004_n100_20260419\count_evidence\2879.json,results\stage06_count_runs\stage06_backfill_b004_n100_20260419\results\2879.json,,2879,Stiff-Person Syndrome: Seeing Past Comorbidities to Reach the Correct Diagnosis.,"Hicken, Jared; Ramirez, Daniel; Rigby, Mark; Minasian, Aram",single_case_report,case_report,data\extraction_json\text\2879.json,full_text,true,1,high,single_case_text_signal,false,false,"challenge_stage=primary | verification_status=llm_candidate_exact | llm_count_confidence=high | llm_selected_candidate_id=cand01 | The paper is an original single-case report and explicitly states that it reports the case of one 65-year-old woman. The abstract and case presentation both describe a single patient whose diagnosis of stiff-person syndrome was supported by clinical features, GAD antibodies, and treatment response.",hybrid_v2_gpt-5.4,1,medium,single_case_text_signal,2,1,high,cand01,false,hybrid_local_gpt,llm_candidate_exact,,2026-04-19T11:02:35.341188+00:00
3101,FALSE,batch030,qa\validation\stage07_single_case_codex_gold\batch030\manifest.json,qa\validation\stage07_single_case_codex_gold\batch030\json\papers\3101.json,qa\validation\stage07_single_case_codex_gold\batch030\json\segments\3101.segments.json,qa\validation\stage07_single_case_codex_gold\batch030\json\target_views\3101\p1.json,qa\validation\stage07_single_case_codex_gold\batch030\json\validation\3101.validation.json,qa\validation\stage07_single_case_codex_gold\batch030\xml\3101.annotated.xml,stage06_count_runs,results\stage06_count_runs\stage06_backfill_b004_n100_20260419\candidate_packages\3101.json,results\stage06_count_runs\stage06_backfill_b004_n100_20260419\count_evidence\3101.json,results\stage06_count_runs\stage06_backfill_b004_n100_20260419\results\3101.json,,3101,Stiff-Person Syndrome Associated with Anti-Glutamic Acid Decarboxylase Autoimmune Encephalitis in a Young Woman: A Case Report.,"Gao, Shan Yu; Lu, Jun; Zhao, Chong Bo",single_case_report,case_report,data\extraction_json\text\3101.json,full_text,true,1,medium,diagnosis_specific_patient_case_count,true,false,"challenge_stage=challenge | verification_status=llm_candidate_exact | llm_count_confidence=medium | challenge_reasons=semantic_validator_reject=COUNT_SPS_STATUS_UNCERTAIN | llm_selected_candidate_id=cand03 | This is a single-patient case report with explicit diagnosis-supported SPS in a 34-year-old woman. Because the challenge flag notes SPS-status uncertainty and the safest evidence is the explicit diagnosis-specific SPS patient, the diagnosis-specific subset candidate of 1 is the best-supported choice, with manual review retained conservatively.",hybrid_v2_gpt-5.4,1,medium,case_report_marker_single_case,3,1,medium,cand03,false,hybrid_local_gpt,llm_candidate_exact,,2026-04-19T11:03:55.213349+00:00
3105,FALSE,batch030,qa\validation\stage07_single_case_codex_gold\batch030\manifest.json,qa\validation\stage07_single_case_codex_gold\batch030\json\papers\3105.json,qa\validation\stage07_single_case_codex_gold\batch030\json\segments\3105.segments.json,qa\validation\stage07_single_case_codex_gold\batch030\json\target_views\3105\p1.json,qa\validation\stage07_single_case_codex_gold\batch030\json\validation\3105.validation.json,qa\validation\stage07_single_case_codex_gold\batch030\xml\3105.annotated.xml,stage06_count_runs,results\stage06_count_runs\stage06_backfill_b004_n100_20260419\candidate_packages\3105.json,results\stage06_count_runs\stage06_backfill_b004_n100_20260419\count_evidence\3105.json,results\stage06_count_runs\stage06_backfill_b004_n100_20260419\results\3105.json,,3105,Severe Chin-on-Chest Cervical Spine Deformity in the Setting of Stiff-Person Syndrome: A Case Report.,"Stephan, Stephen R; Ju, Derek G; Ross, Lindsey B; Naruse, Robert T; Kim, Terrence T; Johnson, J Patrick",single_case_report,case_report,data\extraction_json\text\3105.json,full_text,true,1,high,abstract_count_signal,false,false,"challenge_stage=primary | verification_status=llm_candidate_exact | llm_count_confidence=high | llm_selected_candidate_id=cand01 | This paper is a single-patient case report of one diagnosis-supported SPS-spectrum patient. The abstract and full-text excerpt both explicitly describe 'a patient'/'the patient,' including anti-GAD-antibody-positive SPS, with no indication of additional original SPS cases.",hybrid_v2_gpt-5.4,1,medium,abstract_count_signal,3,1,high,cand01,false,hybrid_local_gpt,llm_candidate_exact,,2026-04-19T11:04:14.586802+00:00
3125,TRUE,batch030,qa\validation\stage07_single_case_codex_gold\batch030\manifest.json,qa\validation\stage07_single_case_codex_gold\batch030\json\papers\3125.json,qa\validation\stage07_single_case_codex_gold\batch030\json\segments\3125.segments.json,qa\validation\stage07_single_case_codex_gold\batch030\json\target_views\3125\p1.json,qa\validation\stage07_single_case_codex_gold\batch030\json\validation\3125.validation.json,qa\validation\stage07_single_case_codex_gold\batch030\xml\3125.annotated.xml,stage06_count_runs,results\stage06_count_runs\stage06_backfill_b004_n100_20260419\candidate_packages\3125.json,results\stage06_count_runs\stage06_backfill_b004_n100_20260419\count_evidence\3125.json,results\stage06_count_runs\stage06_backfill_b004_n100_20260419\results\3125.json,,3125,Poster 258 A Novel Approach to the Treatment of Stiff-Person-Syndrome with Botulinum Toxin: A Case Report.,"Shah, Chirag D; Bunzol, Daniel",conference_abstract,single_case_conference_abstract,data\extraction_json\text_proceedings_ready\3125.json,proceedings_ready,true,1,high,case_report_marker_single_case,false,false,"challenge_stage=primary | verification_status=llm_candidate_exact | llm_count_confidence=high | llm_selected_candidate_id=cand01 | This conference abstract is explicitly a case report and describes one 53-year-old man who was diagnosed with SPS and treated with botulinum toxin. The text supports a single unique original SPS-spectrum patient, matching candidate 1.",hybrid_v2_gpt-5.4,1,medium,case_report_marker_single_case,2,1,high,cand01,false,hybrid_local_gpt,llm_candidate_exact,,2026-04-19T11:05:42.643340+00:00
3135,TRUE,batch030,qa\validation\stage07_single_case_codex_gold\batch030\manifest.json,qa\validation\stage07_single_case_codex_gold\batch030\json\papers\3135.json,qa\validation\stage07_single_case_codex_gold\batch030\json\segments\3135.segments.json,qa\validation\stage07_single_case_codex_gold\batch030\json\target_views\3135\p1.json,qa\validation\stage07_single_case_codex_gold\batch030\json\validation\3135.validation.json,qa\validation\stage07_single_case_codex_gold\batch030\xml\3135.annotated.xml,stage06_count_runs,results\stage06_count_runs\stage06_backfill_b005_n100_20260419\candidate_packages\3135.json,results\stage06_count_runs\stage06_backfill_b005_n100_20260419\count_evidence\3135.json,results\stage06_count_runs\stage06_backfill_b005_n100_20260419\results\3135.json,,3135,Progressive Encephalomyelitis with Rigidity and Myoclonus (PERM)-like Symptoms Associated with Anti-ganglionic Acetylcholine Receptor Antibodies.,"Kitazaki, Yuki; Ikawa, Masamichi; Kishitani, Toru; Kamisawa, Tomoko; Nakane, Shunya; Nakamoto, Yasunari; Hamano, Tadanori",single_case_report,case_report,data\extraction_json\text\3135.json,full_text,true,1,high,single_case_text_signal,false,false,"challenge_stage=primary | verification_status=llm_candidate_exact | llm_count_confidence=high | llm_selected_candidate_id=cand01 | The paper is a single case report and explicitly describes one unique patient: a 59-year-old woman with PERM-like symptoms. No evidence suggests additional original SPS-spectrum cases in this paper, so the best-supported extractable count is 1.",hybrid_v2_gpt-5.4,1,medium,single_case_text_signal,3,1,high,cand01,false,hybrid_local_gpt,llm_candidate_exact,,2026-04-19T11:10:28.939795+00:00
3136,TRUE,batch030,qa\validation\stage07_single_case_codex_gold\batch030\manifest.json,qa\validation\stage07_single_case_codex_gold\batch030\json\papers\3136.json,qa\validation\stage07_single_case_codex_gold\batch030\json\segments\3136.segments.json,qa\validation\stage07_single_case_codex_gold\batch030\json\target_views\3136\p1.json,qa\validation\stage07_single_case_codex_gold\batch030\json\validation\3136.validation.json,qa\validation\stage07_single_case_codex_gold\batch030\xml\3136.annotated.xml,stage06_count_runs,results\stage06_count_runs\stage06_backfill_b005_n100_20260419\candidate_packages\3136.json,results\stage06_count_runs\stage06_backfill_b005_n100_20260419\count_evidence\3136.json,results\stage06_count_runs\stage06_backfill_b005_n100_20260419\results\3136.json,,3136,Iliopsoas Hematomas in a Patient with Progressive Encephalomyelitis with Rigidity and Myoclonus.,"Shimazaki, Rui; Mukai, Masako; Nagaoka, Utako; Sugaya, Keizo; Takahashi, Kazushi",single_case_report,case_report,data\extraction_json\text\3136.json,full_text,true,1,high,case_report_marker_single_case,false,false,"challenge_stage=primary | verification_status=llm_candidate_exact | llm_count_confidence=high | llm_selected_candidate_id=cand01 | This paper is a single-patient case report of PERM, which is within the SPS-spectrum. The text explicitly states that the authors present one case and then describes one 63-year-old man throughout the case report.",hybrid_v2_gpt-5.4,1,medium,case_report_marker_single_case,2,1,high,cand01,false,hybrid_local_gpt,llm_candidate_exact,,2026-04-19T11:10:46.363122+00:00
3279,TRUE,batch030,qa\validation\stage07_single_case_codex_gold\batch030\manifest.json,qa\validation\stage07_single_case_codex_gold\batch030\json\papers\3279.json,qa\validation\stage07_single_case_codex_gold\batch030\json\segments\3279.segments.json,qa\validation\stage07_single_case_codex_gold\batch030\json\target_views\3279\p1.json,qa\validation\stage07_single_case_codex_gold\batch030\json\validation\3279.validation.json,qa\validation\stage07_single_case_codex_gold\batch030\xml\3279.annotated.xml,stage06_count_runs,results\stage06_count_runs\stage06_backfill_b005_n100_20260419\candidate_packages\3279.json,results\stage06_count_runs\stage06_backfill_b005_n100_20260419\count_evidence\3279.json,results\stage06_count_runs\stage06_backfill_b005_n100_20260419\results\3279.json,,3279,Stiff-man syndrome in a patient with Hodgkin's disease. An unusual paraneoplastic syndrome.,"Ferrari, P; Federico, M; Grimaldi, L M; Silingardi, V",single_case_report,case_report,data\extraction_json\text\3279.json,full_text,true,1,high,case_report_marker_single_case,false,false,"challenge_stage=primary | verification_status=llm_candidate_exact | llm_count_confidence=high | llm_selected_candidate_id=cand01 | This paper is an original single-case report of one patient with stiff-man syndrome (an older term for SPS). The abstract and full-text excerpt consistently describe a single patient with Hodgkin's disease who developed SMS, with no indication of additional original SPS-spectrum cases.",hybrid_v2_gpt-5.4,1,medium,case_report_marker_single_case,2,1,high,cand01,false,hybrid_local_gpt,llm_candidate_exact,,2026-04-19T11:11:34.771875+00:00
3386,FALSE,batch030,qa\validation\stage07_single_case_codex_gold\batch030\manifest.json,qa\validation\stage07_single_case_codex_gold\batch030\json\papers\3386.json,qa\validation\stage07_single_case_codex_gold\batch030\json\segments\3386.segments.json,qa\validation\stage07_single_case_codex_gold\batch030\json\target_views\3386\p1.json,qa\validation\stage07_single_case_codex_gold\batch030\json\validation\3386.validation.json,qa\validation\stage07_single_case_codex_gold\batch030\xml\3386.annotated.xml,stage06_count_runs,results\stage06_count_runs\stage06_backfill_b005_n100_20260419\candidate_packages\3386.json,results\stage06_count_runs\stage06_backfill_b005_n100_20260419\count_evidence\3386.json,results\stage06_count_runs\stage06_backfill_b005_n100_20260419\results\3386.json,,3386,Anti-Ri antibodies associated with opsoclonus and progressive encephalomyelitis with rigidity.,"Casado, J L; Gil-Peralta, A; Graus, F; Arenas, C; Lopez, J M; Alberca, R",single_case_report,case_report,data\extraction_json\text\3386.json,full_text,true,1,medium,single_case_text_signal,true,true,"challenge_stage=primary | verification_status=llm_candidate_exact | llm_count_confidence=medium | llm_selected_candidate_id=cand01 | The paper is a single-patient case report describing one 57-year-old woman who later developed progressive encephalomyelitis with rigidity (PERM), which is within the SPS spectrum. Candidate 1 matches the explicit patient count, but manual review remains appropriate because provenance uncertainty is flagged upstream.",hybrid_v2_gpt-5.4,1,medium,single_case_text_signal,2,1,medium,cand01,false,hybrid_local_gpt,llm_candidate_exact,,2026-04-19T11:11:57.991585+00:00
3438,TRUE,batch031,qa\validation\stage07_single_case_codex_gold\batch031\manifest.json,qa\validation\stage07_single_case_codex_gold\batch031\json\papers\3438.json,qa\validation\stage07_single_case_codex_gold\batch031\json\segments\3438.segments.json,qa\validation\stage07_single_case_codex_gold\batch031\json\target_views\3438\p1.json,qa\validation\stage07_single_case_codex_gold\batch031\json\validation\3438.validation.json,qa\validation\stage07_single_case_codex_gold\batch031\xml\3438.annotated.xml,stage06_count_runs,results\stage06_count_runs\stage06_backfill_b005_n100_20260419\candidate_packages\3438.json,results\stage06_count_runs\stage06_backfill_b005_n100_20260419\count_evidence\3438.json,results\stage06_count_runs\stage06_backfill_b005_n100_20260419\results\3438.json,,3438,Stiff-man syndrome.,"Sharoqi, I A",single_case_report,case_report,data\extraction_json\text\3438.json,full_text,true,1,medium,source_single_case_default,true,true,"challenge_stage=primary | verification_status=llm_candidate_exact | llm_count_confidence=medium | llm_selected_candidate_id=cand01 | The paper explicitly states it is a report of a patient with stiff-man syndrome and then presents one detailed case report of a 66-year-old man. Although there is a provenance uncertainty signal about anti-GAD findings being previously reported, the clinical case itself is clearly a single original SPS-spectrum patient, so the best-supported count is 1, with manual review retained due to provenance uncertainty.",hybrid_v2_gpt-5.4,1,medium,source_single_case_default,2,1,medium,cand01,false,hybrid_local_gpt,llm_candidate_exact,,2026-04-19T11:12:18.688071+00:00
3699,FALSE,batch031,qa\validation\stage07_single_case_codex_gold\batch031\manifest.json,qa\validation\stage07_single_case_codex_gold\batch031\json\papers\3699.json,qa\validation\stage07_single_case_codex_gold\batch031\json\segments\3699.segments.json,qa\validation\stage07_single_case_codex_gold\batch031\json\target_views\3699\p1.json,qa\validation\stage07_single_case_codex_gold\batch031\json\validation\3699.validation.json,qa\validation\stage07_single_case_codex_gold\batch031\xml\3699.annotated.xml,stage06_count_runs,results\stage06_count_runs\stage06_backfill_b005_n100_20260419\candidate_packages\3699.json,results\stage06_count_runs\stage06_backfill_b005_n100_20260419\count_evidence\3699.json,results\stage06_count_runs\stage06_backfill_b005_n100_20260419\results\3699.json,,3699,Progressive encephalomyelitis with rigidity: a paraneoplastic presentation of oat cell carcinoma of the lung. Case report.,"Spitz, Mariana; Ferraz, Henrique Ballalai; Barsottini, Orlando G P; Gabbai, Alberto Alain",single_case_report,case_report,data\extraction_json\text\3699.json,full_text,true,1,high,case_report_marker_single_case,false,false,"challenge_stage=challenge | verification_status=llm_candidate_exact | llm_count_confidence=high | challenge_reasons=explicit_sps_subgroup_conflict=1 vs 8 | llm_selected_candidate_id=cand02 | This is an original single-patient case report of progressive encephalomyelitis with rigidity/myoclonus, which is within the SPS spectrum. The apparent count of 8 comes from a citation-style sentence about prior reports/anti-GAD prevalence in patients with SPS, not from an original cohort in this paper.",hybrid_v2_gpt-5.4,8,high,diagnosis_specific_table_row_count,3,1,high,cand02,false,hybrid_local_gpt,llm_candidate_exact,,2026-04-19T11:12:48.623434+00:00
4877,FALSE,batch031,qa\validation\stage07_single_case_codex_gold\batch031\manifest.json,qa\validation\stage07_single_case_codex_gold\batch031\json\papers\4877.json,qa\validation\stage07_single_case_codex_gold\batch031\json\segments\4877.segments.json,qa\validation\stage07_single_case_codex_gold\batch031\json\target_views\4877\p1.json,qa\validation\stage07_single_case_codex_gold\batch031\json\validation\4877.validation.json,qa\validation\stage07_single_case_codex_gold\batch031\xml\4877.annotated.xml,stage06_count_runs,results\stage06_count_runs\stage06_backfill_b005_n100_20260419\candidate_packages\4877.json,results\stage06_count_runs\stage06_backfill_b005_n100_20260419\count_evidence\4877.json,results\stage06_count_runs\stage06_backfill_b005_n100_20260419\results\4877.json,,4877,Stiff person syndrome with elevated titers of antibodies against cardiolipin and β2 glycoprotein 1: a case report and literature review.,Tang LY; Yu SY; Huang YH,single_case_report,case_report,data\extraction_json\text\4877.json,full_text,true,1,high,case_report_marker_single_case,false,false,"challenge_stage=primary | verification_status=llm_candidate_exact | llm_count_confidence=high | llm_selected_candidate_id=cand01 | This paper is a single-patient case report. The text explicitly states that the authors reported one SPS patient/a SPS case, with detailed clinical course and follow-up for a 40-year-old male, so the best-supported extractable count is 1.",hybrid_v2_gpt-5.4,1,medium,case_report_marker_single_case,2,1,high,cand01,false,hybrid_local_gpt,llm_candidate_exact,,2026-04-19T11:13:31.301884+00:00
5094,FALSE,batch031,qa\validation\stage07_single_case_codex_gold\batch031\manifest.json,qa\validation\stage07_single_case_codex_gold\batch031\json\papers\5094.json,qa\validation\stage07_single_case_codex_gold\batch031\json\segments\5094.segments.json,qa\validation\stage07_single_case_codex_gold\batch031\json\target_views\5094\p1.json,qa\validation\stage07_single_case_codex_gold\batch031\json\validation\5094.validation.json,qa\validation\stage07_single_case_codex_gold\batch031\xml\5094.annotated.xml,stage06_count_runs,results\stage06_count_runs\stage06_backfill_b005_n100_20260419\candidate_packages\5094.json,results\stage06_count_runs\stage06_backfill_b005_n100_20260419\count_evidence\5094.json,results\stage06_count_runs\stage06_backfill_b005_n100_20260419\results\5094.json,,5094,STIFF-MAN SYNDROME AND ENCEPHALOMYELITIS MAY COEXIST - CLINICAL-PATHOLOGICAL CORRELATIONS,"Armon, C.; Swanson, J. W.; McLean, J. M.; Westbrook, P. R.; Okazaki, H.; Kurtin, P. J.; Kaylanraman, U. P.; Rodriguez, M. R.",single_case_report,case_report,data\extraction_json\text_trimmed\5094.json,trimmed,true,1,medium,source_single_case_default,true,true,"challenge_stage=primary | verification_status=llm_candidate_exact | llm_count_confidence=medium | llm_selected_candidate_id=cand01 | The paper explicitly describes one original SPS-spectrum patient: a 60-year-old woman with stiff-man syndrome, followed longitudinally to autopsy. Although prior rare cases are mentioned in background, the report's extractable original count is one; manual review remains appropriate because provenance uncertainty was flagged upstream.",hybrid_v2_gpt-5.4,1,medium,source_single_case_default,2,1,medium,cand01,false,hybrid_local_gpt,llm_candidate_exact,,2026-04-19T11:15:33.125718+00:00
5153,FALSE,batch031,qa\validation\stage07_single_case_codex_gold\batch031\manifest.json,qa\validation\stage07_single_case_codex_gold\batch031\json\papers\5153.json,qa\validation\stage07_single_case_codex_gold\batch031\json\segments\5153.segments.json,qa\validation\stage07_single_case_codex_gold\batch031\json\target_views\5153\p1.json,qa\validation\stage07_single_case_codex_gold\batch031\json\validation\5153.validation.json,qa\validation\stage07_single_case_codex_gold\batch031\xml\5153.annotated.xml,stage06_count_runs,results\stage06_count_runs\stage06_backfill_b005_n100_20260419\candidate_packages\5153.json,results\stage06_count_runs\stage06_backfill_b005_n100_20260419\count_evidence\5153.json,results\stage06_count_runs\stage06_backfill_b005_n100_20260419\results\5153.json,,5153,A Fatal Case of Neuroleptic Malignant Syndrome in a Patient with Stiff Leg Syndrome,"Baykara, Z. N.; Efendi, H.; Toker, K.",single_case_report,case_report,data\extraction_json\text\5153.json,full_text,true,1,high,case_report_marker_single_case,false,false,"challenge_stage=challenge | verification_status=llm_candidate_exact | llm_count_confidence=high | challenge_reasons=explicit_sps_subgroup_conflict=1 vs 105 | llm_selected_candidate_id=cand02 | This paper is a single case report describing one woman with stiff leg syndrome, a focal SPS-spectrum disorder, who developed neuroleptic malignant syndrome. The apparent count of 105 is a page number/artifact in the extracted text, not an SPS patient count.",hybrid_v2_gpt-5.4,105,high,diagnosis_specific_table_row_count,3,1,high,cand02,false,hybrid_local_gpt,llm_candidate_exact,,2026-04-19T11:16:24.736043+00:00
5212,FALSE,batch031,qa\validation\stage07_single_case_codex_gold\batch031\manifest.json,qa\validation\stage07_single_case_codex_gold\batch031\json\papers\5212.json,qa\validation\stage07_single_case_codex_gold\batch031\json\segments\5212.segments.json,qa\validation\stage07_single_case_codex_gold\batch031\json\target_views\5212\p1.json,qa\validation\stage07_single_case_codex_gold\batch031\json\validation\5212.validation.json,qa\validation\stage07_single_case_codex_gold\batch031\xml\5212.annotated.xml,stage06_count_runs,results\stage06_count_runs\stage06_backfill_b005_n100_20260419\candidate_packages\5212.json,results\stage06_count_runs\stage06_backfill_b005_n100_20260419\count_evidence\5212.json,results\stage06_count_runs\stage06_backfill_b005_n100_20260419\results\5212.json,,5212,STIFF-MAN SYNDROME WITH GAD-LIKE IMMUNOREACTIVITY - RESPONSE OF A PATIENT TO PLASMAPHERESIS AND IMMUNOSUPPRESSION,"Brashear, H. R.; Phillips, L. H.",conference_abstract,single_case_conference_abstract,data\extraction_json\text_proceedings_ready\5212.json,proceedings_ready,true,1,medium,single_case_text_signal,true,true,"challenge_stage=primary | verification_status=llm_candidate_exact | llm_count_confidence=medium | llm_selected_candidate_id=cand01 | The abstract explicitly describes a single original SPS case: 'this woman' with stiff-man syndrome and treatment response. Although it mentions a previously reported patient, the current report is framed as their second patient and appears to present one new case; because provenance overlap is flagged as uncertain, manual review remains required.",hybrid_v2_gpt-5.4,1,medium,single_case_text_signal,2,1,medium,cand01,false,hybrid_local_gpt,llm_candidate_exact,,2026-04-19T11:18:00.322046+00:00
5230,FALSE,batch031,qa\validation\stage07_single_case_codex_gold\batch031\manifest.json,qa\validation\stage07_single_case_codex_gold\batch031\json\papers\5230.json,qa\validation\stage07_single_case_codex_gold\batch031\json\segments\5230.segments.json,qa\validation\stage07_single_case_codex_gold\batch031\json\target_views\5230\p1.json,qa\validation\stage07_single_case_codex_gold\batch031\json\validation\5230.validation.json,qa\validation\stage07_single_case_codex_gold\batch031\xml\5230.annotated.xml,stage06_count_runs,results\stage06_count_runs\stage06_backfill_b005_n100_20260419\candidate_packages\5230.json,results\stage06_count_runs\stage06_backfill_b005_n100_20260419\count_evidence\5230.json,results\stage06_count_runs\stage06_backfill_b005_n100_20260419\results\5230.json,,5230,A CASE OF PROGRESSIVE ENCEPHALOMYELITIS WITH RIGIDITY AND POSITIVE ANTIGLUTAMIC ACID DEHYDROGENASE ANTIBODIES,"Burn, D. J.; Ball, J.; Lees, A. J.; Behan, P. O.; Morganhughes, J. A.",single_case_report,case_report,data\extraction_json\text\5230.json,full_text,true,1,medium,case_report_marker_single_case,true,true,"challenge_stage=primary | verification_status=llm_candidate_exact | llm_count_confidence=medium | llm_selected_candidate_id=cand01 | The paper is explicitly framed as a single case report of progressive encephalomyelitis with rigidity, which is within the SPS-spectrum (PERM/PEWR). The text repeatedly describes one 50-year-old woman, supporting a count of 1 unique original SPS-spectrum patient; however, provenance uncertainty is flagged, so manual review remains appropriate.",hybrid_v2_gpt-5.4,1,medium,case_report_marker_single_case,2,1,medium,cand01,false,hybrid_local_gpt,llm_candidate_exact,,2026-04-19T11:18:19.375822+00:00
5240,FALSE,batch031,qa\validation\stage07_single_case_codex_gold\batch031\manifest.json,qa\validation\stage07_single_case_codex_gold\batch031\json\papers\5240.json,qa\validation\stage07_single_case_codex_gold\batch031\json\segments\5240.segments.json,qa\validation\stage07_single_case_codex_gold\batch031\json\target_views\5240\p1.json,qa\validation\stage07_single_case_codex_gold\batch031\json\validation\5240.validation.json,qa\validation\stage07_single_case_codex_gold\batch031\xml\5240.annotated.xml,stage06_count_runs,results\stage06_count_runs\stage06_backfill_b005_n100_20260419\candidate_packages\5240.json,results\stage06_count_runs\stage06_backfill_b005_n100_20260419\count_evidence\5240.json,results\stage06_count_runs\stage06_backfill_b005_n100_20260419\results\5240.json,,5240,Case 27-2012: A 60-Year-Old Woman with Painful Muscle Spasms and Hyperreflexia,"Byrne, T. N.; Isakoff, S. J.; Rincon, S. P.; Gudewicz, T. M.",single_case_report,case_report,data\extraction_json\text\5240.json,full_text,true,1,medium,single_case_text_signal,true,false,"challenge_stage=primary | verification_status=llm_candidate_exact | llm_count_confidence=medium | llm_selected_candidate_id=cand01 | This paper is presented as a single-patient case record ('A 60-Year-Old Woman') and the full text describes one individual throughout. Given the fixed routing as a single case report and no evidence of additional original SPS-spectrum patients, the best-supported extractable count is 1, though manual review remains appropriate because the candidate support is heuristic and confidence is not high.",hybrid_v2_gpt-5.4,1,medium,single_case_text_signal,2,1,medium,cand01,false,hybrid_local_gpt,llm_candidate_exact,,2026-04-19T11:18:59.900589+00:00
5243,FALSE,batch031,qa\validation\stage07_single_case_codex_gold\batch031\manifest.json,qa\validation\stage07_single_case_codex_gold\batch031\json\papers\5243.json,qa\validation\stage07_single_case_codex_gold\batch031\json\segments\5243.segments.json,qa\validation\stage07_single_case_codex_gold\batch031\json\target_views\5243\p1.json,qa\validation\stage07_single_case_codex_gold\batch031\json\validation\5243.validation.json,qa\validation\stage07_single_case_codex_gold\batch031\xml\5243.annotated.xml,stage06_count_runs,results\stage06_count_runs\stage06_backfill_b005_n100_20260419\candidate_packages\5243.json,results\stage06_count_runs\stage06_backfill_b005_n100_20260419\count_evidence\5243.json,results\stage06_count_runs\stage06_backfill_b005_n100_20260419\results\5243.json,,5243,"Progressive encephalomyelitis with rigidity, diabetes mellitus and retinopathy: An anti-GAD syndrome","Cabre, P.; Smadja, D.; Humbel, R. L.; Merle, H.; Vernant, J. C.",single_case_report,case_report,data\extraction_json\text\5243.json,full_text,true,1,high,single_case_text_signal,false,false,"challenge_stage=primary | verification_status=llm_candidate_exact | llm_count_confidence=high | llm_selected_candidate_id=cand01 | This paper is a single-case report describing one original patient with progressive encephalomyelitis with rigidity (PEWR/PERM-spectrum). The text explicitly reports 'a 59-year-old woman' and refers to 'our patient'/'a new case,' while the mention of 'one previous case' is clearly background literature and not counted.",hybrid_v2_gpt-5.4,1,medium,single_case_text_signal,2,1,high,cand01,false,hybrid_local_gpt,llm_candidate_exact,,2026-04-19T11:19:22.780358+00:00
5254,FALSE,batch031,qa\validation\stage07_single_case_codex_gold\batch031\manifest.json,qa\validation\stage07_single_case_codex_gold\batch031\json\papers\5254.json,qa\validation\stage07_single_case_codex_gold\batch031\json\segments\5254.segments.json,qa\validation\stage07_single_case_codex_gold\batch031\json\target_views\5254\p1.json,qa\validation\stage07_single_case_codex_gold\batch031\json\validation\5254.validation.json,qa\validation\stage07_single_case_codex_gold\batch031\xml\5254.annotated.xml,stage06_count_runs,results\stage06_count_runs\stage06_backfill_b005_n100_20260419\candidate_packages\5254.json,results\stage06_count_runs\stage06_backfill_b005_n100_20260419\count_evidence\5254.json,results\stage06_count_runs\stage06_backfill_b005_n100_20260419\results\5254.json,,5254,Stiff-person syndrome in a woman with breast cancer,"Carluer, L.",single_case_report,case_report,data\extraction_json\text\5254.json,full_text,true,1,medium,single_case_text_signal,true,false,"challenge_stage=primary | verification_status=llm_candidate_exact | llm_count_confidence=medium | llm_selected_candidate_id=cand01 | The paper is routed as a single case report, and the available text repeatedly refers to a single patient/woman with stiff-man syndrome. No evidence in the pack supports more than one original SPS-spectrum case in this paper, though the extracted text is sparse, so manual review remains appropriate.",hybrid_v2_gpt-5.4,1,medium,single_case_text_signal,2,1,medium,cand01,false,hybrid_local_gpt,llm_candidate_exact,,2026-04-19T11:19:40.506178+00:00
5265,FALSE,batch032,qa\validation\stage07_single_case_codex_gold\batch032\manifest.json,qa\validation\stage07_single_case_codex_gold\batch032\json\papers\5265.json,qa\validation\stage07_single_case_codex_gold\batch032\json\segments\5265.segments.json,qa\validation\stage07_single_case_codex_gold\batch032\json\target_views\5265\p1.json,qa\validation\stage07_single_case_codex_gold\batch032\json\validation\5265.validation.json,qa\validation\stage07_single_case_codex_gold\batch032\xml\5265.annotated.xml,stage06_count_runs,results\stage06_count_runs\stage06_backfill_b005_n100_20260419\candidate_packages\5265.json,results\stage06_count_runs\stage06_backfill_b005_n100_20260419\count_evidence\5265.json,results\stage06_count_runs\stage06_backfill_b005_n100_20260419\results\5265.json,,5265,Brainstem involvement as onset of stiff limb syndrome: A case report,"Ceriani, F.; Massetto, N.; Rosci, C.; Pietrogrande, M.",conference_abstract,single_case_conference_abstract,data\extraction_json\text_proceedings_ready\5265.json,full_text,true,1,high,case_report_marker_single_case,false,false,"challenge_stage=primary | verification_status=llm_candidate_exact | llm_count_confidence=high | llm_selected_candidate_id=cand01 | The conference abstract explicitly states ""Case Report"" and describes a single 66-year-old woman with stiff limb syndrome, which is within the SPS spectrum. This supports selecting the single-case candidate count of 1.",hybrid_v2_gpt-5.4,1,medium,case_report_marker_single_case,2,1,high,cand01,false,hybrid_local_gpt,llm_candidate_exact,,2026-04-19T11:20:01.953563+00:00
5315,FALSE,batch032,qa\validation\stage07_single_case_codex_gold\batch032\manifest.json,qa\validation\stage07_single_case_codex_gold\batch032\json\papers\5315.json,qa\validation\stage07_single_case_codex_gold\batch032\json\segments\5315.segments.json,qa\validation\stage07_single_case_codex_gold\batch032\json\target_views\5315\p1.json,qa\validation\stage07_single_case_codex_gold\batch032\json\validation\5315.validation.json,qa\validation\stage07_single_case_codex_gold\batch032\xml\5315.annotated.xml,stage06_count_runs,results\stage06_count_runs\stage06_backfill_b005_n100_20260419\candidate_packages\5315.json,results\stage06_count_runs\stage06_backfill_b005_n100_20260419\count_evidence\5315.json,results\stage06_count_runs\stage06_backfill_b005_n100_20260419\results\5315.json,,5315,Stiff-person syndrome presenting with asymmetric axial muscle spasms and hypertrophy,"Chuang, C.",conference_abstract,single_case_conference_abstract,data\extraction_json\text_proceedings_ready\5315.json,proceedings_ready,true,1,medium,case_report_marker_single_case,true,true,"challenge_stage=primary | verification_status=llm_candidate_exact | llm_count_confidence=medium | llm_selected_candidate_id=cand01 | The abstract reports one original SPS patient: 'the patient is a 37 year-old... woman' with diagnosis confirmed by EMG and diazepam response. Although the abstract also includes a literature review of previously described cases, that appears to be background/context rather than additional original patients, so the best-supported extractable count is 1; manual review remains appropriate because provenance uncertainty was flagged.",hybrid_v2_gpt-5.4,1,medium,case_report_marker_single_case,2,1,medium,cand01,false,hybrid_local_gpt,llm_candidate_exact,,2026-04-19T11:23:16.172063+00:00
5321,FALSE,batch032,qa\validation\stage07_single_case_codex_gold\batch032\manifest.json,qa\validation\stage07_single_case_codex_gold\batch032\json\papers\5321.json,qa\validation\stage07_single_case_codex_gold\batch032\json\segments\5321.segments.json,qa\validation\stage07_single_case_codex_gold\batch032\json\target_views\5321\p1.json,qa\validation\stage07_single_case_codex_gold\batch032\json\validation\5321.validation.json,qa\validation\stage07_single_case_codex_gold\batch032\xml\5321.annotated.xml,stage06_count_runs,results\stage06_count_runs\stage06_backfill_b005_n100_20260419\candidate_packages\5321.json,results\stage06_count_runs\stage06_backfill_b005_n100_20260419\count_evidence\5321.json,results\stage06_count_runs\stage06_backfill_b005_n100_20260419\results\5321.json,,5321,Rehabilitation and orthopedic management of Stiff Person syndrome,"Clairmont, A. C.; Lindberg, K. E.; Goldstein, N.",conference_abstract,single_case_conference_abstract,data\extraction_json\text_proceedings_ready\5321.json,full_text,true,1,high,source_single_case_default,false,false,challenge_stage=primary | verification_status=llm_candidate_exact | llm_count_confidence=high | llm_selected_candidate_id=cand01 | The abstract explicitly reports a single original case: a 71-year-old female with diagnosis-supported stiff person syndrome. This directly supports the single-case candidate count of 1 and there is no evidence of additional SPS-spectrum patients in this paper.,hybrid_v2_gpt-5.4,1,medium,source_single_case_default,2,1,high,cand01,false,hybrid_local_gpt,llm_candidate_exact,,2026-04-19T11:23:34.613895+00:00
5371,FALSE,batch032,qa\validation\stage07_single_case_codex_gold\batch032\manifest.json,qa\validation\stage07_single_case_codex_gold\batch032\json\papers\5371.json,qa\validation\stage07_single_case_codex_gold\batch032\json\segments\5371.segments.json,qa\validation\stage07_single_case_codex_gold\batch032\json\target_views\5371\p1.json,qa\validation\stage07_single_case_codex_gold\batch032\json\validation\5371.validation.json,qa\validation\stage07_single_case_codex_gold\batch032\xml\5371.annotated.xml,stage06_count_runs,results\stage06_count_runs\stage06_backfill_b005_n100_20260419\candidate_packages\5371.json,results\stage06_count_runs\stage06_backfill_b005_n100_20260419\count_evidence\5371.json,results\stage06_count_runs\stage06_backfill_b005_n100_20260419\results\5371.json,,5371,The stiff person syndrome: A single case report of almost complete recovery 12 weeks following immunomodulatory therapy with IVIG and plasmapheresis,"Dalton, C. M.; Lim, E.; Redmond, J.",conference_abstract,single_case_conference_abstract,data\extraction_json\text_proceedings_ready\5371.json,proceedings_ready,true,1,high,case_report_marker_single_case,false,false,challenge_stage=primary | verification_status=llm_candidate_exact | llm_count_confidence=high | llm_selected_candidate_id=cand01 | The conference abstract explicitly describes a single case report and repeatedly refers to one 36-year-old woman diagnosed with stiff person syndrome. This supports counting 1 unique original SPS-spectrum patient.,hybrid_v2_gpt-5.4,1,medium,case_report_marker_single_case,2,1,high,cand01,false,hybrid_local_gpt,llm_candidate_exact,,2026-04-19T11:25:03.719668+00:00
5499,FALSE,batch032,qa\validation\stage07_single_case_codex_gold\batch032\manifest.json,qa\validation\stage07_single_case_codex_gold\batch032\json\papers\5499.json,qa\validation\stage07_single_case_codex_gold\batch032\json\segments\5499.segments.json,qa\validation\stage07_single_case_codex_gold\batch032\json\target_views\5499\p1.json,qa\validation\stage07_single_case_codex_gold\batch032\json\validation\5499.validation.json,qa\validation\stage07_single_case_codex_gold\batch032\xml\5499.annotated.xml,stage06_count_runs,results\stage06_count_runs\stage06_backfill_b005_n100_20260419\candidate_packages\5499.json,results\stage06_count_runs\stage06_backfill_b005_n100_20260419\count_evidence\5499.json,results\stage06_count_runs\stage06_backfill_b005_n100_20260419\results\5499.json,,5499,Progressive Encephalomyelitis With Rigidity: A Case Report,"Baraba, R.; Jusic, A.; Sruk, A.",single_case_report,case_report,data\extraction_json\text\5499.json,full_text,true,1,high,case_report_marker_single_case,false,false,"challenge_stage=primary | verification_status=llm_candidate_exact | llm_count_confidence=high | llm_selected_candidate_id=cand01 | This is an explicit case report of one diagnosis-supported PER patient, which is within the SPS spectrum. The abstract and full-text excerpt consistently describe a single 50-year-old man as the reported patient, with no indication of additional original cases.",hybrid_v2_gpt-5.4,1,medium,case_report_marker_single_case,2,1,high,cand01,false,hybrid_local_gpt,llm_candidate_exact,,2026-04-19T11:26:46.126552+00:00
5529,FALSE,batch032,qa\validation\stage07_single_case_codex_gold\batch032\manifest.json,qa\validation\stage07_single_case_codex_gold\batch032\json\papers\5529.json,qa\validation\stage07_single_case_codex_gold\batch032\json\segments\5529.segments.json,qa\validation\stage07_single_case_codex_gold\batch032\json\target_views\5529\p1.json,qa\validation\stage07_single_case_codex_gold\batch032\json\validation\5529.validation.json,qa\validation\stage07_single_case_codex_gold\batch032\xml\5529.annotated.xml,stage06_count_runs,results\stage06_count_runs\stage06_backfill_b005_n100_20260419\candidate_packages\5529.json,results\stage06_count_runs\stage06_backfill_b005_n100_20260419\count_evidence\5529.json,results\stage06_count_runs\stage06_backfill_b005_n100_20260419\results\5529.json,,5529,A videography documented case report: Antibody-negative stiff-person syndrome,"Fong, J. S.; Krieger, D.",single_case_report,case_report,data\extraction_json\text\5529.json,full_text,true,1,high,case_report_marker_single_case,false,false,challenge_stage=primary | verification_status=llm_candidate_exact | llm_count_confidence=high | llm_selected_candidate_id=cand01 | The paper is explicitly presented as a case report and the text describes one 37-year-old man with clinically diagnosed antibody-negative stiff-person syndrome. No evidence suggests additional original SPS-spectrum patients in this paper.,hybrid_v2_gpt-5.4,1,medium,case_report_marker_single_case,2,1,high,cand01,false,hybrid_local_gpt,llm_candidate_exact,,2026-04-19T11:27:46.201791+00:00
5545,FALSE,batch032,qa\validation\stage07_single_case_codex_gold\batch032\manifest.json,qa\validation\stage07_single_case_codex_gold\batch032\json\papers\5545.json,qa\validation\stage07_single_case_codex_gold\batch032\json\segments\5545.segments.json,qa\validation\stage07_single_case_codex_gold\batch032\json\target_views\5545\p1.json,qa\validation\stage07_single_case_codex_gold\batch032\json\validation\5545.validation.json,qa\validation\stage07_single_case_codex_gold\batch032\xml\5545.annotated.xml,stage06_count_runs,results\stage06_count_runs\stage06_backfill_b005_n100_20260419\candidate_packages\5545.json,results\stage06_count_runs\stage06_backfill_b005_n100_20260419\count_evidence\5545.json,results\stage06_count_runs\stage06_backfill_b005_n100_20260419\results\5545.json,,5545,C-11-Flumazenil positron emission tomography demonstrates reduction of both global and local cerebral benzodiazepine receptor binding in a patient with Stiff Person Syndrome,"Galldiks, N.; Thiel, A.; Haense, C.; Fink, G. R.; Hilker, R.",single_case_report,case_report,data\extraction_json\text\5545.json,full_text,true,1,high,case_report_marker_single_case,false,false,"challenge_stage=primary | verification_status=llm_candidate_exact | llm_count_confidence=high | llm_selected_candidate_id=cand01 | This is a single-case report with explicit text stating that the study performed PET in one female patient with stiff person syndrome, compared against healthy controls. The paper also presents an individual case presentation confirming SPS diagnosis, so the best-supported extractable SPS-spectrum count is 1.",hybrid_v2_gpt-5.4,1,medium,case_report_marker_single_case,3,1,high,cand01,false,hybrid_local_gpt,llm_candidate_exact,,2026-04-19T11:29:17.037591+00:00
5647,TRUE,batch032,qa\validation\stage07_single_case_codex_gold\batch032\manifest.json,qa\validation\stage07_single_case_codex_gold\batch032\json\papers\5647.json,qa\validation\stage07_single_case_codex_gold\batch032\json\segments\5647.segments.json,qa\validation\stage07_single_case_codex_gold\batch032\json\target_views\5647\p1.json,qa\validation\stage07_single_case_codex_gold\batch032\json\validation\5647.validation.json,qa\validation\stage07_single_case_codex_gold\batch032\xml\5647.annotated.xml,stage06_count_runs,results\stage06_count_runs\stage06_backfill_b005_n100_20260419\candidate_packages\5647.json,results\stage06_count_runs\stage06_backfill_b005_n100_20260419\count_evidence\5647.json,results\stage06_count_runs\stage06_backfill_b005_n100_20260419\results\5647.json,,5647,Stiff-Person syndrome and ophthalmoplegia associated with thymoma,"Lai, E. C.; Linfante, I.; Lee, A. G.",conference_abstract,single_case_conference_abstract,data\extraction_json\text_proceedings_ready\5647.json,proceedings_ready,true,1,high,source_single_case_default,false,false,challenge_stage=primary | verification_status=llm_candidate_exact | llm_count_confidence=high | llm_selected_candidate_id=cand01 | The conference abstract explicitly describes a single original SPS-spectrum patient: a 44-year-old woman presented as a 'unique case' and later called the 'first documented case' of stiff-person syndrome with ophthalmoplegia associated with thymoma. This directly supports a count of 1 and matches candidate cand01.,hybrid_v2_gpt-5.4,1,medium,source_single_case_default,2,1,high,cand01,false,hybrid_local_gpt,llm_candidate_exact,,2026-04-19T11:31:36.976011+00:00
5748,TRUE,batch032,qa\validation\stage07_single_case_codex_gold\batch032\manifest.json,qa\validation\stage07_single_case_codex_gold\batch032\json\papers\5748.json,qa\validation\stage07_single_case_codex_gold\batch032\json\segments\5748.segments.json,qa\validation\stage07_single_case_codex_gold\batch032\json\target_views\5748\p1.json,qa\validation\stage07_single_case_codex_gold\batch032\json\validation\5748.validation.json,qa\validation\stage07_single_case_codex_gold\batch032\xml\5748.annotated.xml,stage06_count_runs,results\stage06_count_runs\stage06_backfill_b005_n100_20260419\candidate_packages\5748.json,results\stage06_count_runs\stage06_backfill_b005_n100_20260419\count_evidence\5748.json,results\stage06_count_runs\stage06_backfill_b005_n100_20260419\results\5748.json,,5748,Comorbid Idiopathic Parkinson's Disease and Stiff Person Syndrome Case Report,"Lustig, M.; Blevins, S.",single_case_report,case_report,data\extraction_json\text\5748.json,full_text,true,1,high,case_report_marker_single_case,false,false,challenge_stage=primary | verification_status=llm_candidate_exact | llm_count_confidence=high | llm_selected_candidate_id=cand01 | The paper is explicitly a case report describing one 67-year-old male with comorbid idiopathic Parkinson's disease and stiff person syndrome. The text repeatedly refers to a single patient and provides diagnosis-supported SPS evidence via positive anti-GAD antibodies and SPS-directed treatment response history.,hybrid_v2_gpt-5.4,1,medium,case_report_marker_single_case,2,1,high,cand01,false,hybrid_local_gpt,llm_candidate_exact,,2026-04-19T11:32:52.089852+00:00
5753,FALSE,batch032,qa\validation\stage07_single_case_codex_gold\batch032\manifest.json,qa\validation\stage07_single_case_codex_gold\batch032\json\papers\5753.json,qa\validation\stage07_single_case_codex_gold\batch032\json\segments\5753.segments.json,qa\validation\stage07_single_case_codex_gold\batch032\json\target_views\5753\p1.json,qa\validation\stage07_single_case_codex_gold\batch032\json\validation\5753.validation.json,qa\validation\stage07_single_case_codex_gold\batch032\xml\5753.annotated.xml,stage06_count_runs,results\stage06_count_runs\stage06_backfill_b005_n100_20260419\candidate_packages\5753.json,results\stage06_count_runs\stage06_backfill_b005_n100_20260419\count_evidence\5753.json,results\stage06_count_runs\stage06_backfill_b005_n100_20260419\results\5753.json,,5753,Partial Stiff Person Syndrome as a Stroke Mimic,"Machado, D.; Hodges, K.",single_case_report,case_report,data\extraction_json\text\5753.json,full_text,true,1,high,source_single_case_default,false,false,"challenge_stage=primary | verification_status=llm_candidate_exact | llm_count_confidence=high | llm_selected_candidate_id=cand01 | This single-case report explicitly describes one patient ('our patient') and states that she was diagnosed with partial SPS. That directly supports counting 1 unique original SPS-spectrum case, matching candidate cand01.",hybrid_v2_gpt-5.4,1,medium,source_single_case_default,2,1,high,cand01,false,hybrid_local_gpt,llm_candidate_exact,,2026-04-19T11:33:14.888454+00:00
5803,FALSE,batch033,qa\validation\stage07_single_case_codex_gold\batch033\manifest.json,qa\validation\stage07_single_case_codex_gold\batch033\json\papers\5803.json,qa\validation\stage07_single_case_codex_gold\batch033\json\segments\5803.segments.json,qa\validation\stage07_single_case_codex_gold\batch033\json\target_views\5803\p1.json,qa\validation\stage07_single_case_codex_gold\batch033\json\validation\5803.validation.json,qa\validation\stage07_single_case_codex_gold\batch033\xml\5803.annotated.xml,stage06_count_runs,results\stage06_count_runs\stage06_backfill_b005_n100_20260419\candidate_packages\5803.json,results\stage06_count_runs\stage06_backfill_b005_n100_20260419\count_evidence\5803.json,results\stage06_count_runs\stage06_backfill_b005_n100_20260419\results\5803.json,,5803,A CASE OF UNDIAGNOSED STIFF-PERSON SYNDROME REQUIRING MECHANICAL VENTILATORY SUPPORT,"Mayer, N.; Kretzer, A.; John, S.; Bleck, T.; Garg, R.",conference_abstract,single_case_conference_abstract,data\extraction_json\text_proceedings_ready\5803.json,full_text,true,1,high,case_report_marker_single_case,false,false,challenge_stage=primary | verification_status=llm_candidate_exact | llm_count_confidence=high | llm_selected_candidate_id=cand01 | The conference abstract explicitly describes a single original SPS patient: it repeatedly states this is a case report and then details one 38-year-old woman whose clinical presentation and GAD65 antibody result confirmed SPS. This directly supports the single-case candidate count of 1.,hybrid_v2_gpt-5.4,1,medium,case_report_marker_single_case,2,1,high,cand01,false,hybrid_local_gpt,llm_candidate_exact,,2026-04-19T11:34:02.186435+00:00
5808,FALSE,batch033,qa\validation\stage07_single_case_codex_gold\batch033\manifest.json,qa\validation\stage07_single_case_codex_gold\batch033\json\papers\5808.json,qa\validation\stage07_single_case_codex_gold\batch033\json\segments\5808.segments.json,qa\validation\stage07_single_case_codex_gold\batch033\json\target_views\5808\p1.json,qa\validation\stage07_single_case_codex_gold\batch033\json\validation\5808.validation.json,qa\validation\stage07_single_case_codex_gold\batch033\xml\5808.annotated.xml,stage06_count_runs,results\stage06_count_runs\stage06_backfill_b005_n100_20260419\candidate_packages\5808.json,results\stage06_count_runs\stage06_backfill_b005_n100_20260419\count_evidence\5808.json,results\stage06_count_runs\stage06_backfill_b005_n100_20260419\results\5808.json,,5808,"SEVERE, PROLONGED BACLOFEN WITHDRAWAL FOLLOWING A SECOND CATHETER FAILURE IN A PATIENT WITH STIFF-PERSON SYNDROME","McDaniel, C.",conference_abstract,single_case_conference_abstract,data\extraction_json\text_proceedings_ready\5808.json,proceedings_ready,true,1,medium,case_report_marker_single_case,true,false,"challenge_stage=primary | verification_status=llm_candidate_exact | llm_count_confidence=medium | llm_selected_candidate_id=cand01 | The conference abstract is framed explicitly as a single-patient report: 'a patient with stiff person syndrome' and repeated references to 'this patient' support one original SPS-spectrum case. Because the evidence comes from a brief abstract without fuller case details, the count is best taken as 1 but should still receive manual review.",hybrid_v2_gpt-5.4,1,medium,case_report_marker_single_case,2,1,medium,cand01,false,hybrid_local_gpt,llm_candidate_exact,,2026-04-19T11:34:19.618254+00:00
5831,TRUE,batch033,qa\validation\stage07_single_case_codex_gold\batch033\manifest.json,qa\validation\stage07_single_case_codex_gold\batch033\json\papers\5831.json,qa\validation\stage07_single_case_codex_gold\batch033\json\segments\5831.segments.json,qa\validation\stage07_single_case_codex_gold\batch033\json\target_views\5831\p1.json,qa\validation\stage07_single_case_codex_gold\batch033\json\validation\5831.validation.json,qa\validation\stage07_single_case_codex_gold\batch033\xml\5831.annotated.xml,stage06_count_runs,results\stage06_count_runs\stage06_backfill_b005_n100_20260419\candidate_packages\5831.json,results\stage06_count_runs\stage06_backfill_b005_n100_20260419\count_evidence\5831.json,results\stage06_count_runs\stage06_backfill_b005_n100_20260419\results\5831.json,,5831,A Rare Case of Amphiphysin-associated Stiff Person Syndrome in a Male Patient with Breast Cancer,"Mukharesh, L.; Newsome, S.",single_case_report,case_report,data\extraction_json\text\5831.json,full_text,true,1,high,diagnosis_specific_patient_case_count,false,false,"challenge_stage=primary | verification_status=llm_candidate_exact | llm_count_confidence=high | llm_selected_candidate_id=cand03 | The paper is a single-patient case report with explicit diagnosis-supported SPS language. The text repeatedly states that the report describes a male patient with amphiphysin-associated stiff-person syndrome, supporting a count of 1 unique SPS-spectrum case.",hybrid_v2_gpt-5.4,1,medium,case_report_marker_single_case,3,1,high,cand03,false,hybrid_local_gpt,llm_candidate_exact,,2026-04-19T11:34:38.944583+00:00
5884,FALSE,batch033,qa\validation\stage07_single_case_codex_gold\batch033\manifest.json,qa\validation\stage07_single_case_codex_gold\batch033\json\papers\5884.json,qa\validation\stage07_single_case_codex_gold\batch033\json\segments\5884.segments.json,qa\validation\stage07_single_case_codex_gold\batch033\json\target_views\5884\p1.json,qa\validation\stage07_single_case_codex_gold\batch033\json\validation\5884.validation.json,qa\validation\stage07_single_case_codex_gold\batch033\xml\5884.annotated.xml,stage06_count_runs,results\stage06_count_runs\stage06_backfill_b005_n100_20260419\candidate_packages\5884.json,results\stage06_count_runs\stage06_backfill_b005_n100_20260419\count_evidence\5884.json,results\stage06_count_runs\stage06_backfill_b005_n100_20260419\results\5884.json,,5884,Unable to Relax: A Case of Stiff Person Syndrome,"Ning, W.; Iantorno, S.; Zhong, C.; Li, S.",conference_abstract,single_case_conference_abstract,data\extraction_json\text_proceedings_ready\5884.json,full_text,true,1,high,case_report_marker_single_case,false,false,"challenge_stage=primary | verification_status=llm_candidate_exact | llm_count_confidence=high | llm_selected_candidate_id=cand01 | The conference abstract describes a single original patient: a 49-year-old male who was ultimately diagnosed with stiff person syndrome after elevated anti-GAD65 testing. This directly supports a count of 1 SPS-spectrum case, matching candidate cand01.",hybrid_v2_gpt-5.4,1,medium,case_report_marker_single_case,2,1,high,cand01,false,hybrid_local_gpt,llm_candidate_exact,,2026-04-19T11:36:08.717201+00:00
5985,FALSE,batch033,qa\validation\stage07_single_case_codex_gold\batch033\manifest.json,qa\validation\stage07_single_case_codex_gold\batch033\json\papers\5985.json,qa\validation\stage07_single_case_codex_gold\batch033\json\segments\5985.segments.json,qa\validation\stage07_single_case_codex_gold\batch033\json\target_views\5985\p1.json,qa\validation\stage07_single_case_codex_gold\batch033\json\validation\5985.validation.json,qa\validation\stage07_single_case_codex_gold\batch033\xml\5985.annotated.xml,stage06_count_runs,results\stage06_count_runs\stage06_backfill_b005_n100_20260419\candidate_packages\5985.json,results\stage06_count_runs\stage06_backfill_b005_n100_20260419\count_evidence\5985.json,results\stage06_count_runs\stage06_backfill_b005_n100_20260419\results\5985.json,,5985,Plasmapheresis and immunosuppression in stiff-man syndrome with type 1 diabetes: A two year study,"Hao, W.; Davis, C.; Hirsch, I. B.; Eng, L.; Daniels, T.; Lernmark, A.",single_case_report,case_report,data\extraction_json\text\5985.json,full_text,true,1,medium,source_single_case_default,true,false,"challenge_stage=primary | verification_status=llm_candidate_exact | llm_count_confidence=medium | llm_selected_candidate_id=cand01 | The full-text excerpt explicitly states, ""we report a patient with both SMS and type 1 diabetes,"" and then describes a single 36-year-old woman over a 2-year treatment period. This supports a count of 1 unique original SPS-spectrum patient, but confidence remains medium because the available text is partial and the heuristic basis was initially ambiguous.",hybrid_v2_gpt-5.4,1,medium,source_single_case_default,2,1,medium,cand01,false,hybrid_local_gpt,llm_candidate_exact,,2026-04-19T11:37:06.995510+00:00
5992,TRUE,batch033,qa\validation\stage07_single_case_codex_gold\batch033\manifest.json,qa\validation\stage07_single_case_codex_gold\batch033\json\papers\5992.json,qa\validation\stage07_single_case_codex_gold\batch033\json\segments\5992.segments.json,qa\validation\stage07_single_case_codex_gold\batch033\json\target_views\5992\p1.json,qa\validation\stage07_single_case_codex_gold\batch033\json\validation\5992.validation.json,qa\validation\stage07_single_case_codex_gold\batch033\xml\5992.annotated.xml,stage06_count_runs,results\stage06_count_runs\stage06_backfill_b005_n100_20260419\candidate_packages\5992.json,results\stage06_count_runs\stage06_backfill_b005_n100_20260419\count_evidence\5992.json,results\stage06_count_runs\stage06_backfill_b005_n100_20260419\results\5992.json,,5992,Treatment resistant jerky stiff person syndrome,"Harrower, T. P.; Barker, R.; Baron, J.; Coles, A.",single_case_report,case_report,data\extraction_json\text\5992.json,full_text,true,1,high,source_single_case_override,false,false,"challenge_stage=primary | verification_status=llm_candidate_exact | llm_count_confidence=high | llm_selected_candidate_id=cand01 | The preferred text clearly describes a single original SPS-spectrum patient: 'here we present a case of a 28 male' with jerky SPS. The other numeric signals (e.g., 930 patients, 20 patients, 2 patients) belong to adjacent unrelated abstracts and should not be counted for this paper.",hybrid_v2_gpt-5.4,1,medium,source_single_case_override,3,1,high,cand01,false,hybrid_local_gpt,llm_candidate_exact,,2026-04-19T11:37:29.012543+00:00
6010,TRUE,batch033,qa\validation\stage07_single_case_codex_gold\batch033\manifest.json,qa\validation\stage07_single_case_codex_gold\batch033\json\papers\6010.json,qa\validation\stage07_single_case_codex_gold\batch033\json\segments\6010.segments.json,qa\validation\stage07_single_case_codex_gold\batch033\json\target_views\6010\p1.json,qa\validation\stage07_single_case_codex_gold\batch033\json\validation\6010.validation.json,qa\validation\stage07_single_case_codex_gold\batch033\xml\6010.annotated.xml,stage06_count_runs,results\stage06_count_runs\stage06_backfill_b005_n100_20260419\candidate_packages\6010.json,results\stage06_count_runs\stage06_backfill_b005_n100_20260419\count_evidence\6010.json,results\stage06_count_runs\stage06_backfill_b005_n100_20260419\results\6010.json,,6010,Therapeutic Plasma Exchange in an Uncommon Disease: Stiff-Person Syndrome: Case Report,"Hergunsel, O.; Altun, D.; Cukurova, Z.; Eren, G.; Yayla, V.",single_case_report,case_report,data\extraction_json\text\6010.json,full_text,true,1,high,case_report_marker_single_case,false,false,challenge_stage=primary | verification_status=llm_candidate_exact | llm_count_confidence=high | llm_selected_candidate_id=cand01 | This is a single-patient case report with repeated explicit singular language and detailed clinical information for one man diagnosed with SPS. The evidence supports exactly 1 unique original SPS-spectrum patient.,hybrid_v2_gpt-5.4,1,medium,case_report_marker_single_case,2,1,high,cand01,false,hybrid_local_gpt,llm_candidate_exact,,2026-04-19T11:38:15.945626+00:00
6101,FALSE,batch033,qa\validation\stage07_single_case_codex_gold\batch033\manifest.json,qa\validation\stage07_single_case_codex_gold\batch033\json\papers\6101.json,qa\validation\stage07_single_case_codex_gold\batch033\json\segments\6101.segments.json,qa\validation\stage07_single_case_codex_gold\batch033\json\target_views\6101\p1.json,qa\validation\stage07_single_case_codex_gold\batch033\json\validation\6101.validation.json,qa\validation\stage07_single_case_codex_gold\batch033\xml\6101.annotated.xml,stage06_count_runs,results\stage06_count_runs\stage06_backfill_b005_n100_20260419\candidate_packages\6101.json,results\stage06_count_runs\stage06_backfill_b005_n100_20260419\count_evidence\6101.json,results\stage06_count_runs\stage06_backfill_b005_n100_20260419\results\6101.json,,6101,Stiff as a board: Diagnosis and intravenous immunoglobulin therapy in a teenager with Stiff-person syndrome,"Johnson, N.; Banwell, B.; Schneider, R.; Benseler, S.; Boros, C.; Silverman, E.",single_case_report,case_report,data\extraction_json\text\6101.json,full_text,true,1,high,source_single_case_default,false,false,"challenge_stage=primary | verification_status=llm_candidate_exact | llm_count_confidence=high | llm_selected_candidate_id=cand01 | The paper explicitly describes a single pediatric patient with a diagnosis of stiff-person syndrome. This directly supports the single-case candidate count of 1, with no evidence of additional SPS-spectrum patients.",hybrid_v2_gpt-5.4,1,medium,source_single_case_default,2,1,high,cand01,false,hybrid_local_gpt,llm_candidate_exact,,2026-04-19T11:41:06.074745+00:00
6152,FALSE,batch033,qa\validation\stage07_single_case_codex_gold\batch033\manifest.json,qa\validation\stage07_single_case_codex_gold\batch033\json\papers\6152.json,qa\validation\stage07_single_case_codex_gold\batch033\json\segments\6152.segments.json,qa\validation\stage07_single_case_codex_gold\batch033\json\target_views\6152\p1.json,qa\validation\stage07_single_case_codex_gold\batch033\json\validation\6152.validation.json,qa\validation\stage07_single_case_codex_gold\batch033\xml\6152.annotated.xml,stage06_count_runs,results\stage06_count_runs\stage06_backfill_b005_n100_20260419\candidate_packages\6152.json,results\stage06_count_runs\stage06_backfill_b005_n100_20260419\count_evidence\6152.json,results\stage06_count_runs\stage06_backfill_b005_n100_20260419\results\6152.json,,6152,AUTOIMMUNE MYASTHENIA-GRAVIS WITH THYMOMA FOLLOWING THE SPONTANEOUS REMISSION OF STIFF-MAN SYNDROME,"Piccolo, G.; Martino, G.; Moglia, A.; Arrigo, A.; Cosi, V.",single_case_report,case_report,data\extraction_json\text\6152.json,full_text,true,1,high,source_single_case_override,false,false,"challenge_stage=primary | verification_status=llm_candidate_exact | llm_count_confidence=high | llm_selected_candidate_id=cand01 | This paper is a single-patient case report. The full-text repeatedly describes one male patient with stiff-man syndrome followed longitudinally, while the larger numbers in the introduction refer to prior literature rather than original cases in this paper.",hybrid_v2_gpt-5.4,1,medium,source_single_case_override,3,1,high,cand01,false,hybrid_local_gpt,llm_candidate_exact,,2026-04-19T11:42:34.441119+00:00
6185,TRUE,batch033,qa\validation\stage07_single_case_codex_gold\batch033\manifest.json,qa\validation\stage07_single_case_codex_gold\batch033\json\papers\6185.json,qa\validation\stage07_single_case_codex_gold\batch033\json\segments\6185.segments.json,qa\validation\stage07_single_case_codex_gold\batch033\json\target_views\6185\p1.json,qa\validation\stage07_single_case_codex_gold\batch033\json\validation\6185.validation.json,qa\validation\stage07_single_case_codex_gold\batch033\xml\6185.annotated.xml,stage06_count_runs,results\stage06_count_runs\stage06_backfill_b005_n100_20260419\candidate_packages\6185.json,results\stage06_count_runs\stage06_backfill_b005_n100_20260419\count_evidence\6185.json,results\stage06_count_runs\stage06_backfill_b005_n100_20260419\results\6185.json,,6185,Stiff person syndrome (SPS): Literature review and case report,"Pretorius, E.; Struwig, W.",single_case_report,case_report,data\extraction_json\text\6185.json,full_text,true,1,high,case_report_marker_single_case,false,false,"challenge_stage=primary | verification_status=llm_candidate_exact | llm_count_confidence=high | llm_selected_candidate_id=cand01 | The paper is explicitly a case report and the abstract states, ""We describe a patient with SPS,"" which supports a single original SPS-spectrum patient in this paper. The mention that only one other case has been reported in South Africa refers to prior literature and should not be added.",hybrid_v2_gpt-5.4,1,medium,case_report_marker_single_case,2,1,high,cand01,false,hybrid_local_gpt,llm_candidate_exact,,2026-04-19T11:42:53.528165+00:00
6257,TRUE,batch034,qa\validation\stage07_single_case_codex_gold\batch034\manifest.json,qa\validation\stage07_single_case_codex_gold\batch034\json\papers\6257.json,qa\validation\stage07_single_case_codex_gold\batch034\json\segments\6257.segments.json,qa\validation\stage07_single_case_codex_gold\batch034\json\target_views\6257\p1.json,qa\validation\stage07_single_case_codex_gold\batch034\json\validation\6257.validation.json,qa\validation\stage07_single_case_codex_gold\batch034\xml\6257.annotated.xml,stage06_count_runs,results\stage06_count_runs\stage06_backfill_b005_n100_20260419\candidate_packages\6257.json,results\stage06_count_runs\stage06_backfill_b005_n100_20260419\count_evidence\6257.json,results\stage06_count_runs\stage06_backfill_b005_n100_20260419\results\6257.json,,6257,Stiff person syndrome (SPS): A pediatric case report,"Shah, N. S.; Hahn, A.; Banwell, B.",conference_abstract,single_case_conference_abstract,data\extraction_json\text_proceedings_ready\6257.json,proceedings_ready,true,1,high,case_report_marker_single_case,false,false,"challenge_stage=primary | verification_status=llm_candidate_exact | llm_count_confidence=high | llm_selected_candidate_id=cand01 | The conference abstract explicitly presents an original single pediatric SPS case and separately notes that 8 other pediatric cases are from the literature, which should not be counted. Therefore the best-supported extractable SPS-spectrum count is 1.",hybrid_v2_gpt-5.4,1,medium,case_report_marker_single_case,2,1,high,cand01,false,hybrid_local_gpt,llm_candidate_exact,,2026-04-19T11:44:28.342111+00:00
6310,FALSE,batch034,qa\validation\stage07_single_case_codex_gold\batch034\manifest.json,qa\validation\stage07_single_case_codex_gold\batch034\json\papers\6310.json,qa\validation\stage07_single_case_codex_gold\batch034\json\segments\6310.segments.json,qa\validation\stage07_single_case_codex_gold\batch034\json\target_views\6310\p1.json,qa\validation\stage07_single_case_codex_gold\batch034\json\validation\6310.validation.json,qa\validation\stage07_single_case_codex_gold\batch034\xml\6310.annotated.xml,stage06_count_runs,results\stage06_count_runs\stage06_backfill_b005_n100_20260419\candidate_packages\6310.json,results\stage06_count_runs\stage06_backfill_b005_n100_20260419\count_evidence\6310.json,results\stage06_count_runs\stage06_backfill_b005_n100_20260419\results\6310.json,,6310,"CHARACTERIZATION OF CD4+T CELLS SPECIFIC FOR GLUTAMIC ACID DECARBOXYLASE (GAD65) AND PROINSULIN IN A PATIENT WITH EPILEPSY AND STIFF-PERSON SYNDROME, BUT WITHOUT TYPE 1 DIABETES","Soilu-Hanninen, M.; Hanninen, A.; Hampe, C. S.; Deptula, A.; Geubtner, K.; Knip, M.; Reijonen, H.",single_case_report,case_report,data\extraction_json\text\6310.json,full_text,true,1,medium,case_report_marker_single_case,true,true,"challenge_stage=primary | verification_status=llm_candidate_exact | llm_count_confidence=medium | llm_selected_candidate_id=cand01 | The paper is framed throughout as a single-patient report, with the title and abstract explicitly describing 'a patient with SPS' and follow-up of that individual. This supports a count of 1 unique SPS-spectrum case, but manual review remains appropriate because the evidence pack flags original cohort provenance uncertainty from previously described methods and confidence is not high.",hybrid_v2_gpt-5.4,1,medium,case_report_marker_single_case,2,1,medium,cand01,false,hybrid_local_gpt,llm_candidate_exact,,2026-04-19T11:45:42.967314+00:00
6336,FALSE,batch034,qa\validation\stage07_single_case_codex_gold\batch034\manifest.json,qa\validation\stage07_single_case_codex_gold\batch034\json\papers\6336.json,qa\validation\stage07_single_case_codex_gold\batch034\json\segments\6336.segments.json,qa\validation\stage07_single_case_codex_gold\batch034\json\target_views\6336\p1.json,qa\validation\stage07_single_case_codex_gold\batch034\json\validation\6336.validation.json,qa\validation\stage07_single_case_codex_gold\batch034\xml\6336.annotated.xml,stage06_count_runs,results\stage06_count_runs\stage06_backfill_b005_n100_20260419\candidate_packages\6336.json,results\stage06_count_runs\stage06_backfill_b005_n100_20260419\count_evidence\6336.json,results\stage06_count_runs\stage06_backfill_b005_n100_20260419\results\6336.json,,6336,PURELY TORSIONAL NYSTAGMUS IN A PATIENT WITH THE STIFF-MAN SYNDROME - A CASE-REPORT,"Stearns, M. Q.; Sinoff, S. E.; Rosenberg, M. L.",single_case_report,case_report,data\extraction_json\text\6336.json,full_text,true,1,high,case_report_marker_single_case,false,false,"challenge_stage=primary | verification_status=llm_candidate_exact | llm_count_confidence=high | llm_selected_candidate_id=cand01 | The paper is explicitly a case report of a patient with stiff-man syndrome, which is within the SPS spectrum. The full-text excerpt describes one 36-year-old male with typical stiff-man syndrome, supporting a count of 1 unique original SPS-spectrum case.",hybrid_v2_gpt-5.4,1,medium,case_report_marker_single_case,2,1,high,cand01,false,hybrid_local_gpt,llm_candidate_exact,,2026-04-19T11:46:22.041925+00:00
6423,FALSE,batch034,qa\validation\stage07_single_case_codex_gold\batch034\manifest.json,qa\validation\stage07_single_case_codex_gold\batch034\json\papers\6423.json,qa\validation\stage07_single_case_codex_gold\batch034\json\segments\6423.segments.json,qa\validation\stage07_single_case_codex_gold\batch034\json\target_views\6423\p1.json,qa\validation\stage07_single_case_codex_gold\batch034\json\validation\6423.validation.json,qa\validation\stage07_single_case_codex_gold\batch034\xml\6423.annotated.xml,stage06_count_runs,results\stage06_count_runs\stage06_backfill_b006_n100_20260419\candidate_packages\6423.json,results\stage06_count_runs\stage06_backfill_b006_n100_20260419\count_evidence\6423.json,results\stage06_count_runs\stage06_backfill_b006_n100_20260419\results\6423.json,,6423,"The case of a 30-year-old man with subacute gait instability, weakness, and muscle spasms","Mehta, M. P.; Sokol, L. L.",single_case_report,case_report,data\extraction_json\text\6423.json,full_text,true,1,high,single_case_text_signal,false,false,"challenge_stage=primary | verification_status=llm_candidate_exact | llm_count_confidence=high | llm_selected_candidate_id=cand01 | This paper is a single-case report describing one original patient, explicitly diagnosed as myasthenia gravis–stiff person syndrome in the setting of metastatic thymoma. The text consistently refers to a single 30-year-old man and contrasts him with prior literature cases, supporting an extractable SPS-spectrum count of 1.",hybrid_v2_gpt-5.4,1,medium,single_case_text_signal,2,1,high,cand01,false,hybrid_local_gpt,llm_candidate_exact,,2026-04-19T11:56:35.134534+00:00
6465,FALSE,batch034,qa\validation\stage07_single_case_codex_gold\batch034\manifest.json,qa\validation\stage07_single_case_codex_gold\batch034\json\papers\6465.json,qa\validation\stage07_single_case_codex_gold\batch034\json\segments\6465.segments.json,qa\validation\stage07_single_case_codex_gold\batch034\json\target_views\6465\p1.json,qa\validation\stage07_single_case_codex_gold\batch034\json\validation\6465.validation.json,qa\validation\stage07_single_case_codex_gold\batch034\xml\6465.annotated.xml,stage06_count_runs,results\stage06_count_runs\stage06_backfill_b006_n100_20260419\candidate_packages\6465.json,results\stage06_count_runs\stage06_backfill_b006_n100_20260419\count_evidence\6465.json,results\stage06_count_runs\stage06_backfill_b006_n100_20260419\results\6465.json,,6465,Treatment with intravenous prednisone and immunoglobulin in a case of progressive encephalomyelitis with rigidity,"Molina, J. A.; Porta, J.; Garcia-Morales, I.; Bermejo, F.; Jimenez-Jimenez, F. J.",single_case_report,case_report,data\extraction_json\text\6465.json,full_text,true,1,high,case_report_marker_single_case,false,false,"challenge_stage=primary | verification_status=llm_candidate_exact | llm_count_confidence=high | llm_selected_candidate_id=cand01 | This paper is a single-patient case report describing one 67-year-old woman with progressive encephalomyelitis with rigidity, which is within the SPS-spectrum. The text consistently refers to a single patient throughout admission, treatment, relapse, and follow-up, supporting a count of 1 unique original SPS-spectrum case.",hybrid_v2_gpt-5.4,1,medium,case_report_marker_single_case,2,1,high,cand01,false,hybrid_local_gpt,llm_candidate_exact,,2026-04-19T11:58:03.003074+00:00
6470,FALSE,batch034,qa\validation\stage07_single_case_codex_gold\batch034\manifest.json,qa\validation\stage07_single_case_codex_gold\batch034\json\papers\6470.json,qa\validation\stage07_single_case_codex_gold\batch034\json\segments\6470.segments.json,qa\validation\stage07_single_case_codex_gold\batch034\json\target_views\6470\p1.json,qa\validation\stage07_single_case_codex_gold\batch034\json\validation\6470.validation.json,qa\validation\stage07_single_case_codex_gold\batch034\xml\6470.annotated.xml,stage06_count_runs,results\stage06_count_runs\stage06_backfill_b006_n100_20260419\candidate_packages\6470.json,results\stage06_count_runs\stage06_backfill_b006_n100_20260419\count_evidence\6470.json,results\stage06_count_runs\stage06_backfill_b006_n100_20260419\results\6470.json,,6470,Polysomnagraphy (PSG) study of a patient with Stiff Person Syndrome,"Sun, Y. J.; Walters, A. S.",single_case_report,case_report,data\extraction_json\text\6470.json,full_text,true,1,high,case_report_marker_single_case,false,false,challenge_stage=primary | verification_status=llm_candidate_exact | llm_count_confidence=high | llm_selected_candidate_id=cand01 | The paper is a single case report and the text explicitly describes one 35-year-old man diagnosed with SPS who underwent polysomnography. No evidence suggests additional SPS-spectrum patients were reported.,hybrid_v2_gpt-5.4,1,medium,case_report_marker_single_case,2,1,high,cand01,false,hybrid_local_gpt,llm_candidate_exact,,2026-04-19T11:58:21.545390+00:00
6475,FALSE,batch034,qa\validation\stage07_single_case_codex_gold\batch034\manifest.json,qa\validation\stage07_single_case_codex_gold\batch034\json\papers\6475.json,qa\validation\stage07_single_case_codex_gold\batch034\json\segments\6475.segments.json,qa\validation\stage07_single_case_codex_gold\batch034\json\target_views\6475\p1.json,qa\validation\stage07_single_case_codex_gold\batch034\json\validation\6475.validation.json,qa\validation\stage07_single_case_codex_gold\batch034\xml\6475.annotated.xml,stage06_count_runs,results\stage06_count_runs\stage06_backfill_b006_n100_20260419\candidate_packages\6475.json,results\stage06_count_runs\stage06_backfill_b006_n100_20260419\count_evidence\6475.json,results\stage06_count_runs\stage06_backfill_b006_n100_20260419\results\6475.json,,6475,Stiff limb syndrome: a case report and diagnostic criteria,"Syed, S.",single_case_report,case_report,data\extraction_json\text\6475.json,full_text,true,1,high,case_report_marker_single_case,false,false,"challenge_stage=primary | verification_status=llm_candidate_exact | llm_count_confidence=high | llm_selected_candidate_id=cand01 | This paper is explicitly a case report and the full text describes one 65-year-old female patient with stiff limb syndrome, an SPS-spectrum disorder. No evidence suggests additional original SPS-spectrum patients in this paper.",hybrid_v2_gpt-5.4,1,medium,case_report_marker_single_case,2,1,high,cand01,false,hybrid_local_gpt,llm_candidate_exact,,2026-04-19T11:58:59.797419+00:00
6561,FALSE,batch034,qa\validation\stage07_single_case_codex_gold\batch034\manifest.json,qa\validation\stage07_single_case_codex_gold\batch034\json\papers\6561.json,qa\validation\stage07_single_case_codex_gold\batch034\json\segments\6561.segments.json,qa\validation\stage07_single_case_codex_gold\batch034\json\target_views\6561\p1.json,qa\validation\stage07_single_case_codex_gold\batch034\json\validation\6561.validation.json,qa\validation\stage07_single_case_codex_gold\batch034\xml\6561.annotated.xml,stage06_count_runs,results\stage06_count_runs\stage06_backfill_b006_n100_20260419\candidate_packages\6561.json,results\stage06_count_runs\stage06_backfill_b006_n100_20260419\count_evidence\6561.json,results\stage06_count_runs\stage06_backfill_b006_n100_20260419\results\6561.json,,6561,Anti-GAD antibody-positive myoclonic leg jerks,"Velardo, D.; Nuara, A.; Martinelli, V.; Comi, G.; Fazio, R.",single_case_report,case_report,data\extraction_json\text\6561.json,full_text,true,1,medium,source_single_case_default,true,false,"challenge_stage=primary | verification_status=llm_candidate_exact | llm_count_confidence=medium | llm_selected_candidate_id=cand01 | This paper is written as a single-patient case report and repeatedly refers to one patient throughout the case description. The reported phenotype is anti-GAD-positive myoclonic leg jerks with prior trunk stiffening and discussion of SPS-spectrum hyperexcitability disorders, so the best-supported extractable count is 1, though spectrum placement is not fully explicit enough for high confidence.",hybrid_v2_gpt-5.4,1,medium,source_single_case_default,2,1,medium,cand01,false,hybrid_local_gpt,llm_candidate_exact,,2026-04-19T12:00:28.067585+00:00
6610,FALSE,batch034,qa\validation\stage07_single_case_codex_gold\batch034\manifest.json,qa\validation\stage07_single_case_codex_gold\batch034\json\papers\6610.json,qa\validation\stage07_single_case_codex_gold\batch034\json\segments\6610.segments.json,qa\validation\stage07_single_case_codex_gold\batch034\json\target_views\6610\p1.json,qa\validation\stage07_single_case_codex_gold\batch034\json\validation\6610.validation.json,qa\validation\stage07_single_case_codex_gold\batch034\xml\6610.annotated.xml,stage06_count_runs,results\stage06_count_runs\stage06_backfill_b006_n100_20260419\candidate_packages\6610.json,results\stage06_count_runs\stage06_backfill_b006_n100_20260419\count_evidence\6610.json,results\stage06_count_runs\stage06_backfill_b006_n100_20260419\results\6610.json,,6610,Immune system modulation in a patient with stiff-man syndrome and insulin-dependent diabetes mellitus,"Walsh, D. J.; Davis, C.; Hirsch, I.; Wei, H.; Lernmark, A.",single_case_report,case_report,data\extraction_json\text\6610.json,full_text,true,1,high,diagnosis_specific_patient_case_count,false,false,challenge_stage=primary | verification_status=llm_candidate_exact | llm_count_confidence=high | llm_selected_candidate_id=cand03 | The paper is a single case report and the full-text excerpt explicitly states that the therapies were carried out in a 36-year-old female patient with IDDM and stiff-man syndrome. This supports counting 1 unique original SPS-spectrum patient.,hybrid_v2_gpt-5.4,1,medium,case_report_marker_single_case,3,1,high,cand03,false,hybrid_local_gpt,llm_candidate_exact,,2026-04-19T12:00:48.354844+00:00
6641,FALSE,batch034,qa\validation\stage07_single_case_codex_gold\batch034\manifest.json,qa\validation\stage07_single_case_codex_gold\batch034\json\papers\6641.json,qa\validation\stage07_single_case_codex_gold\batch034\json\segments\6641.segments.json,qa\validation\stage07_single_case_codex_gold\batch034\json\target_views\6641\p1.json,qa\validation\stage07_single_case_codex_gold\batch034\json\validation\6641.validation.json,qa\validation\stage07_single_case_codex_gold\batch034\xml\6641.annotated.xml,stage06_count_runs,results\stage06_count_runs\stage06_backfill_b006_n100_20260419\candidate_packages\6641.json,results\stage06_count_runs\stage06_backfill_b006_n100_20260419\count_evidence\6641.json,results\stage06_count_runs\stage06_backfill_b006_n100_20260419\results\6641.json,,6641,GLYCINE RECEPTOR ANTIBODY MEDIATED PROGRESSIVE ENCEPHALOMYELITIS WITH RIGIDITY AND MYOCLONUS (PERM) PRESENTING WITH RESPIRATORY COMPROMISE IN A 40-YEAR-OLD MALE,"Wickremaratchi, M.; Chalmers, R. M.; Stern, W.; Howard, R.; Woodhall, M. R.; Vincent, A.",single_case_report,case_report,data\extraction_json\text\6641.json,full_text,true,1,high,case_report_marker_single_case,false,false,"challenge_stage=primary | verification_status=llm_candidate_exact | llm_count_confidence=high | llm_selected_candidate_id=cand01 | This is a single-case report describing one 40-year-old man with anti-glycine receptor antibody mediated PERM, which is within the SPS-spectrum. The title and body both consistently describe a single individual, with no evidence of additional original SPS-spectrum cases.",hybrid_v2_gpt-5.4,1,medium,case_report_marker_single_case,2,1,high,cand01,false,hybrid_local_gpt,llm_candidate_exact,,2026-04-19T12:01:56.047470+00:00
6666,FALSE,batch035,qa\validation\stage07_single_case_codex_gold\batch035\manifest.json,qa\validation\stage07_single_case_codex_gold\batch035\json\papers\6666.json,qa\validation\stage07_single_case_codex_gold\batch035\json\segments\6666.segments.json,qa\validation\stage07_single_case_codex_gold\batch035\json\target_views\6666\p1.json,qa\validation\stage07_single_case_codex_gold\batch035\json\validation\6666.validation.json,qa\validation\stage07_single_case_codex_gold\batch035\xml\6666.annotated.xml,stage06_count_runs,results\stage06_count_runs\stage06_backfill_b006_n100_20260419\candidate_packages\6666.json,results\stage06_count_runs\stage06_backfill_b006_n100_20260419\count_evidence\6666.json,results\stage06_count_runs\stage06_backfill_b006_n100_20260419\results\6666.json,,6666,A case of Stiff Person Syndrome associated with an invasive thymoma,"Wong, D. C. T.; Gibson, G.; Stoessl, A. J.",single_case_report,case_report,data\extraction_json\text\6666.json,full_text,true,1,high,case_report_marker_single_case,false,false,"challenge_stage=challenge | verification_status=llm_candidate_exact | llm_count_confidence=high | challenge_reasons=explicit_sps_subgroup_conflict=1 vs 10 | llm_selected_candidate_id=cand02 | This paper is an original single-case report: the title, abstract-style opening, and case report section all describe one 40-year-old woman with stiff-person syndrome associated with invasive thymoma. The competing count of 10 comes from a literature summary/table of previously reported thymoma-associated SPS cases, not an original cohort in this paper, so it should not be counted.",hybrid_v2_gpt-5.4,10,high,diagnosis_specific_table_row_count,3,1,high,cand02,false,hybrid_local_gpt,llm_candidate_exact,,2026-04-19T12:02:57.728509+00:00
6683,FALSE,batch035,qa\validation\stage07_single_case_codex_gold\batch035\manifest.json,qa\validation\stage07_single_case_codex_gold\batch035\json\papers\6683.json,qa\validation\stage07_single_case_codex_gold\batch035\json\segments\6683.segments.json,qa\validation\stage07_single_case_codex_gold\batch035\json\target_views\6683\p1.json,qa\validation\stage07_single_case_codex_gold\batch035\json\validation\6683.validation.json,qa\validation\stage07_single_case_codex_gold\batch035\xml\6683.annotated.xml,stage06_count_runs,results\stage06_count_runs\stage06_backfill_b006_n100_20260419\candidate_packages\6683.json,results\stage06_count_runs\stage06_backfill_b006_n100_20260419\count_evidence\6683.json,results\stage06_count_runs\stage06_backfill_b006_n100_20260419\results\6683.json,,6683,Stiff Person Syndrome Improvement with Chemotherapy in a Patient with Cutaneous T Cell Lymphoma,"Rakocevic, G.; Hussain, A.",single_case_report,case_report,data\extraction_json\text\6683.json,full_text,true,1,high,case_report_marker_single_case,false,false,"challenge_stage=primary | verification_status=llm_candidate_exact | llm_count_confidence=high | llm_selected_candidate_id=cand01 | This is a single-patient case report describing one 57-year-old woman with autoimmune stiff person syndrome in the setting of cutaneous T-cell lymphoma. The title, singular patient narrative, and explicit statement that she was treated for SPS support a count of 1 unique SPS-spectrum patient.",hybrid_v2_gpt-5.4,1,medium,case_report_marker_single_case,2,1,high,cand01,false,hybrid_local_gpt,llm_candidate_exact,,2026-04-19T12:03:40.382034+00:00
6746,FALSE,batch035,qa\validation\stage07_single_case_codex_gold\batch035\manifest.json,qa\validation\stage07_single_case_codex_gold\batch035\json\papers\6746.json,qa\validation\stage07_single_case_codex_gold\batch035\json\segments\6746.segments.json,qa\validation\stage07_single_case_codex_gold\batch035\json\target_views\6746\p1.json,qa\validation\stage07_single_case_codex_gold\batch035\json\validation\6746.validation.json,qa\validation\stage07_single_case_codex_gold\batch035\xml\6746.annotated.xml,stage06_count_runs,results\stage06_count_runs\stage06_backfill_b006_n100_20260419\candidate_packages\6746.json,results\stage06_count_runs\stage06_backfill_b006_n100_20260419\count_evidence\6746.json,results\stage06_count_runs\stage06_backfill_b006_n100_20260419\results\6746.json,,6746,Ophthalmoplegia and Downbeat Nystagmus in Stiff-Person Syndrome,"Rucker, J. C.; Szewka, A.",conference_abstract,single_case_conference_abstract,data\extraction_json\text_proceedings_ready\6746.json,proceedings_ready,true,1,medium,source_single_case_default,true,true,"challenge_stage=primary | verification_status=llm_candidate_exact | llm_count_confidence=medium | llm_selected_candidate_id=cand01 | The abstract explicitly describes a single 19-year-old woman with SPS supported by GAD antibodies, which supports counting 1 original SPS-spectrum case. However, because the evidence pack flags original-cohort provenance uncertainty and the abstract discusses prior reported cases, manual review remains appropriate.",hybrid_v2_gpt-5.4,1,medium,source_single_case_default,2,1,medium,cand01,false,hybrid_local_gpt,llm_candidate_exact,,2026-04-19T12:06:56.926896+00:00
6796,FALSE,batch035,qa\validation\stage07_single_case_codex_gold\batch035\manifest.json,qa\validation\stage07_single_case_codex_gold\batch035\json\papers\6796.json,qa\validation\stage07_single_case_codex_gold\batch035\json\segments\6796.segments.json,qa\validation\stage07_single_case_codex_gold\batch035\json\target_views\6796\p1.json,qa\validation\stage07_single_case_codex_gold\batch035\json\validation\6796.validation.json,qa\validation\stage07_single_case_codex_gold\batch035\xml\6796.annotated.xml,stage06_count_runs,results\stage06_count_runs\stage06_backfill_b006_n100_20260419\candidate_packages\6796.json,results\stage06_count_runs\stage06_backfill_b006_n100_20260419\count_evidence\6796.json,results\stage06_count_runs\stage06_backfill_b006_n100_20260419\results\6796.json,,6796,Clinical and cell biology analysis of stiff person syndrome with eye movement and cerebellar abnormalities. Evidence for degradation of sarcomeric cytoskeletal proteins,"Yakhno, N. N.; Golubeva, V. V.; Mozolevsky, Y. V.; Zinovyeva, O. E.; Katushkina, E. A.; Shenkman, B. S.; Chistiakov, I. N.; Podlubnaya, Z. A.; Vikhliantsev, I. M.",conference_abstract,single_case_conference_abstract,data\extraction_json\text_proceedings_ready\6796.json,proceedings_ready,true,1,high,source_single_case_default,false,false,"challenge_stage=primary | verification_status=llm_candidate_exact | llm_count_confidence=high | llm_selected_candidate_id=cand01 | The abstract explicitly describes a single original SPS-spectrum patient: 'a 49-year-old lady' with clinical features, EMG findings, anti-GAD antibodies, and a stated SPS diagnosis. This directly supports counting 1 unique diagnosis-supported SPS-spectrum case.",hybrid_v2_gpt-5.4,1,medium,source_single_case_default,2,1,high,cand01,false,hybrid_local_gpt,llm_candidate_exact,,2026-04-19T12:09:27.708695+00:00
7716,FALSE,batch035,qa\validation\stage07_single_case_codex_gold\batch035\manifest.json,qa\validation\stage07_single_case_codex_gold\batch035\json\papers\7716.json,qa\validation\stage07_single_case_codex_gold\batch035\json\segments\7716.segments.json,qa\validation\stage07_single_case_codex_gold\batch035\json\target_views\7716\p1.json,qa\validation\stage07_single_case_codex_gold\batch035\json\validation\7716.validation.json,qa\validation\stage07_single_case_codex_gold\batch035\xml\7716.annotated.xml,stage06_count_runs,results\stage06_count_runs\stage06_backfill_b006_n100_20260419\candidate_packages\7716.json,results\stage06_count_runs\stage06_backfill_b006_n100_20260419\count_evidence\7716.json,results\stage06_count_runs\stage06_backfill_b006_n100_20260419\results\7716.json,,7716,Clinical and immunological studies in a 3-generation family with very high titers of anti-GAD antibodies,Tsiortou P.; Alexopoulos H.; Akrivou S.; Barba C.; Kosmidis M.; Dalakas M.,single_case_report,case_report,data\extraction_json\text\7716.json,full_text,true,1,high,source_single_case_default,false,false,"challenge_stage=challenge | verification_status=llm_candidate_exact | llm_count_confidence=high | challenge_reasons=local_safer_abstention_conflict=3 vs 1; local_validation_conflict=3 vs 1 | llm_selected_candidate_id=cand01 | The paper reports three family members with high anti-GAD titers, but only the index patient is explicitly described as developing typical SPS. The father and grandmother are described as having DM1 without neurological disease, so the extractable SPS-spectrum count is 1.",hybrid_v2_gpt-5.4,1,medium,source_single_case_default,2,1,high,cand01,false,hybrid_local_gpt,llm_candidate_exact,,2026-04-19T12:11:44.080934+00:00
7781,FALSE,batch035,qa\validation\stage07_single_case_codex_gold\batch035\manifest.json,qa\validation\stage07_single_case_codex_gold\batch035\json\papers\7781.json,qa\validation\stage07_single_case_codex_gold\batch035\json\segments\7781.segments.json,qa\validation\stage07_single_case_codex_gold\batch035\json\target_views\7781\p1.json,qa\validation\stage07_single_case_codex_gold\batch035\json\validation\7781.validation.json,qa\validation\stage07_single_case_codex_gold\batch035\xml\7781.annotated.xml,stage06_count_runs,results\stage06_count_runs\stage06_backfill_b006_n100_20260419\candidate_packages\7781.json,results\stage06_count_runs\stage06_backfill_b006_n100_20260419\count_evidence\7781.json,results\stage06_count_runs\stage06_backfill_b006_n100_20260419\results\7781.json,,7781,Spinal segmental myoclonus in both legs associated with antibodies to glycine receptors,Nanaura H.; Kataoka H.; Kiriyama T.; Eura N.; Iwasa N.; Shobatake R.; Horikawa H.; Sugie K.,single_case_report,case_report,data\extraction_json\text\7781.json,full_text,true,1,high,source_single_case_default,false,false,"challenge_stage=primary | verification_status=llm_candidate_exact | llm_count_confidence=high | llm_selected_candidate_id=cand01 | This is an original single-patient case report, and the text explicitly describes one patient diagnosed with PERM, which is within the SPS-spectrum definition for this review. No evidence suggests additional SPS-spectrum patients or that the case is literature-only.",hybrid_v2_gpt-5.4,1,medium,source_single_case_default,2,1,high,cand01,false,hybrid_local_gpt,llm_candidate_exact,,2026-04-19T12:12:02.751253+00:00
7896,FALSE,batch035,qa\validation\stage07_single_case_codex_gold\batch035\manifest.json,qa\validation\stage07_single_case_codex_gold\batch035\json\papers\7896.json,qa\validation\stage07_single_case_codex_gold\batch035\json\segments\7896.segments.json,qa\validation\stage07_single_case_codex_gold\batch035\json\target_views\7896\p1.json,qa\validation\stage07_single_case_codex_gold\batch035\json\validation\7896.validation.json,qa\validation\stage07_single_case_codex_gold\batch035\xml\7896.annotated.xml,stage06_count_runs,results\stage06_count_runs\stage06_backfill_b006_n100_20260419\candidate_packages\7896.json,results\stage06_count_runs\stage06_backfill_b006_n100_20260419\count_evidence\7896.json,results\stage06_count_runs\stage06_backfill_b006_n100_20260419\results\7896.json,,7896,"Stiff person syndrome (SPS), a basal ganglia disease? Striatal MRI lesions in a patient with SPS [6]",Guardado Santervas P.L.; Arjona Padillo A.; Serrano Castro P.; Olivares Romero J.; Rubi Callejon J.; Alonso Verdegay G.; Huete Hurtado A.,single_case_report,case_report,data\extraction_json\text\7896.json,full_text,true,1,medium,case_report_marker_single_case,true,true,"challenge_stage=primary | verification_status=llm_candidate_exact | llm_count_confidence=medium | llm_selected_candidate_id=cand01 | The paper is framed as a single-patient case report and the full-text excerpt explicitly describes one 69-year-old woman with SPS. Although there is a provenance uncertainty signal ('first reported case' / previously described association context), the best-supported extractable count is still 1 unique SPS-spectrum patient, with manual review retained because provenance overlap is uncertain.",hybrid_v2_gpt-5.4,1,medium,case_report_marker_single_case,2,1,medium,cand01,false,hybrid_local_gpt,llm_candidate_exact,,2026-04-19T12:12:41.720532+00:00
8088,FALSE,batch035,qa\validation\stage07_single_case_codex_gold\batch035\manifest.json,qa\validation\stage07_single_case_codex_gold\batch035\json\papers\8088.json,qa\validation\stage07_single_case_codex_gold\batch035\json\segments\8088.segments.json,qa\validation\stage07_single_case_codex_gold\batch035\json\target_views\8088\p1.json,qa\validation\stage07_single_case_codex_gold\batch035\json\validation\8088.validation.json,qa\validation\stage07_single_case_codex_gold\batch035\xml\8088.annotated.xml,stage06_count_runs,results\stage06_count_runs\stage06_backfill_b006_n100_20260419\candidate_packages\8088.json,results\stage06_count_runs\stage06_backfill_b006_n100_20260419\count_evidence\8088.json,results\stage06_count_runs\stage06_backfill_b006_n100_20260419\results\8088.json,,8088,Follow-up in Stiff Person Syndrome with immunoglobulin treatment,Pablo M.J.; Bestue M.; Tamargo P.; Romero F.; Benavente I.,conference_abstract,single_case_conference_abstract,data\extraction_json\text_proceedings_ready\8088.json,proceedings_ready,true,1,high,single_case_text_signal,false,false,"challenge_stage=primary | verification_status=llm_candidate_exact | llm_count_confidence=high | llm_selected_candidate_id=cand01 | The abstract explicitly presents the 4-year follow-up of a single 62-year-old patient diagnosed with stiff person syndrome, and repeatedly refers to 'the patient' and 'our patient.' This supports an exact count of 1 unique original SPS-spectrum case.",hybrid_v2_gpt-5.4,1,medium,single_case_text_signal,2,1,high,cand01,false,hybrid_local_gpt,llm_candidate_exact,,2026-04-19T12:14:07.120338+00:00
8097,FALSE,batch035,qa\validation\stage07_single_case_codex_gold\batch035\manifest.json,qa\validation\stage07_single_case_codex_gold\batch035\json\papers\8097.json,qa\validation\stage07_single_case_codex_gold\batch035\json\segments\8097.segments.json,qa\validation\stage07_single_case_codex_gold\batch035\json\target_views\8097\p1.json,qa\validation\stage07_single_case_codex_gold\batch035\json\validation\8097.validation.json,qa\validation\stage07_single_case_codex_gold\batch035\xml\8097.annotated.xml,stage06_count_runs,results\stage06_count_runs\stage06_backfill_b006_n100_20260419\candidate_packages\8097.json,results\stage06_count_runs\stage06_backfill_b006_n100_20260419\count_evidence\8097.json,results\stage06_count_runs\stage06_backfill_b006_n100_20260419\results\8097.json,,8097,Rehabilitation of stiff person syndrome presenting after laminectomy: A case report,Mathur R.; Bunning R.D.; Pineda C.G.; Rajaei N.,conference_abstract,single_case_conference_abstract,data\extraction_json\text_proceedings_ready\8097.json,proceedings_ready,true,1,high,case_report_marker_single_case,false,false,"challenge_stage=primary | verification_status=llm_candidate_exact | llm_count_confidence=high | llm_selected_candidate_id=cand01 | This conference abstract is an original single-patient case report. The text explicitly describes one 39-year-old woman and states that electromyography confirmed the diagnosis of stiff person syndrome, supporting a count of 1 unique SPS-spectrum patient.",hybrid_v2_gpt-5.4,1,medium,case_report_marker_single_case,2,1,high,cand01,false,hybrid_local_gpt,llm_candidate_exact,,2026-04-19T12:14:47.225410+00:00
8098,TRUE,batch035,qa\validation\stage07_single_case_codex_gold\batch035\manifest.json,qa\validation\stage07_single_case_codex_gold\batch035\json\papers\8098.json,qa\validation\stage07_single_case_codex_gold\batch035\json\segments\8098.segments.json,qa\validation\stage07_single_case_codex_gold\batch035\json\target_views\8098\p1.json,qa\validation\stage07_single_case_codex_gold\batch035\json\validation\8098.validation.json,qa\validation\stage07_single_case_codex_gold\batch035\xml\8098.annotated.xml,stage06_count_runs,results\stage06_count_runs\stage06_backfill_b006_n100_20260419\candidate_packages\8098.json,results\stage06_count_runs\stage06_backfill_b006_n100_20260419\count_evidence\8098.json,results\stage06_count_runs\stage06_backfill_b006_n100_20260419\results\8098.json,,8098,Severe spasticity in a patient with stiff person syndrome: A case report,Patel R.; Finch M.; Khan A.; Velez K.A.,conference_abstract,single_case_conference_abstract,data\extraction_json\text_proceedings_ready\8098.json,full_text,true,1,high,case_report_marker_single_case,false,false,"challenge_stage=primary | verification_status=llm_candidate_exact | llm_count_confidence=high | llm_selected_candidate_id=cand01 | This conference abstract is an explicit single-patient case report. The text repeatedly describes one 59-year-old woman with a prior diagnosis of stiff person syndrome, supporting a count of 1 unique SPS-spectrum patient.",hybrid_v2_gpt-5.4,1,medium,case_report_marker_single_case,2,1,high,cand01,false,hybrid_local_gpt,llm_candidate_exact,,2026-04-19T12:15:07.000146+00:00
8181,FALSE,batch036,qa\validation\stage07_single_case_codex_gold\batch036\manifest.json,qa\validation\stage07_single_case_codex_gold\batch036\json\papers\8181.json,qa\validation\stage07_single_case_codex_gold\batch036\json\segments\8181.segments.json,qa\validation\stage07_single_case_codex_gold\batch036\json\target_views\8181\p1.json,qa\validation\stage07_single_case_codex_gold\batch036\json\validation\8181.validation.json,qa\validation\stage07_single_case_codex_gold\batch036\xml\8181.annotated.xml,stage06_count_runs,results\stage06_count_runs\stage06_backfill_b006_n100_20260419\candidate_packages\8181.json,results\stage06_count_runs\stage06_backfill_b006_n100_20260419\count_evidence\8181.json,results\stage06_count_runs\stage06_backfill_b006_n100_20260419\results\8181.json,,8181,Stiff person syndrome associated with autoimmune thyroiditis and sarcoidosis of intrathoracic lymph nodes: Case report,Zalyalova Z.A.; Khasanova D.M.,single_case_report,case_report,data\extraction_json\text\8181.json,full_text,true,1,high,case_report_marker_single_case,false,false,"challenge_stage=challenge | verification_status=llm_candidate_exact | llm_count_confidence=high | challenge_reasons=explicit_sps_subgroup_conflict=1 vs 2 | llm_selected_candidate_id=cand02 | This paper is explicitly a case report and the text describes one identified patient with SPS in detail. The competing count of 2 comes from an adjacent abstract/series in the preferred text excerpt, not from this case report itself, so the best-supported extractable SPS-spectrum count is 1.",hybrid_v2_gpt-5.4,2,high,diagnosis_specific_suffix_count,3,1,high,cand02,false,hybrid_local_gpt,llm_candidate_exact,,2026-04-19T12:15:40.286171+00:00
8188,FALSE,batch036,qa\validation\stage07_single_case_codex_gold\batch036\manifest.json,qa\validation\stage07_single_case_codex_gold\batch036\json\papers\8188.json,qa\validation\stage07_single_case_codex_gold\batch036\json\segments\8188.segments.json,qa\validation\stage07_single_case_codex_gold\batch036\json\target_views\8188\p1.json,qa\validation\stage07_single_case_codex_gold\batch036\json\validation\8188.validation.json,qa\validation\stage07_single_case_codex_gold\batch036\xml\8188.annotated.xml,stage06_count_runs,results\stage06_count_runs\stage06_backfill_b006_n100_20260419\candidate_packages\8188.json,results\stage06_count_runs\stage06_backfill_b006_n100_20260419\count_evidence\8188.json,results\stage06_count_runs\stage06_backfill_b006_n100_20260419\results\8188.json,,8188,Relapsing anti-glycine receptor antibody mediated encephalitis with rigidity and myoclonus,Williams J.; O'Connell K.; Connolly S.; Vincent A.; McGuigan C.; Hutchinson M.; O'Riordan S.,single_case_report,case_report,data\extraction_json\text\8188.json,full_text,true,1,high,case_report_marker_single_case,false,false,"challenge_stage=primary | verification_status=llm_candidate_exact | llm_count_confidence=high | llm_selected_candidate_id=cand01 | This paper reports a single original patient with PERM, an SPS-spectrum disorder. The abstract repeatedly describes 'a clinical case' and 'a 65 year old man,' with later relapse referring to the same patient rather than additional cases.",hybrid_v2_gpt-5.4,1,medium,case_report_marker_single_case,2,1,high,cand01,false,hybrid_local_gpt,llm_candidate_exact,,2026-04-19T12:16:43.210539+00:00
8194,FALSE,batch036,qa\validation\stage07_single_case_codex_gold\batch036\manifest.json,qa\validation\stage07_single_case_codex_gold\batch036\json\papers\8194.json,qa\validation\stage07_single_case_codex_gold\batch036\json\segments\8194.segments.json,qa\validation\stage07_single_case_codex_gold\batch036\json\target_views\8194\p1.json,qa\validation\stage07_single_case_codex_gold\batch036\json\validation\8194.validation.json,qa\validation\stage07_single_case_codex_gold\batch036\xml\8194.annotated.xml,stage06_count_runs,results\stage06_count_runs\stage06_backfill_b006_n100_20260419\candidate_packages\8194.json,results\stage06_count_runs\stage06_backfill_b006_n100_20260419\count_evidence\8194.json,results\stage06_count_runs\stage06_backfill_b006_n100_20260419\results\8194.json,,8194,"Wobbly eyes, wobbly legs",Yap C.; Mollan S.P.; Sivaguru A.,conference_abstract,single_case_conference_abstract,data\extraction_json\text_proceedings_ready\8194.json,proceedings_ready,true,1,high,case_report_marker_single_case,false,false,challenge_stage=primary | verification_status=llm_candidate_exact | llm_count_confidence=high | llm_selected_candidate_id=cand01 | The abstract explicitly states that the authors report a single case of stiff man syndrome and then describes one 42-year-old male patient in detail. The additional mention of 14 historical patients is clearly literature background and should not be counted.,hybrid_v2_gpt-5.4,1,medium,case_report_marker_single_case,2,1,high,cand01,false,hybrid_local_gpt,llm_candidate_exact,,2026-04-19T12:17:00.350784+00:00
8202,FALSE,batch036,qa\validation\stage07_single_case_codex_gold\batch036\manifest.json,qa\validation\stage07_single_case_codex_gold\batch036\json\papers\8202.json,qa\validation\stage07_single_case_codex_gold\batch036\json\segments\8202.segments.json,qa\validation\stage07_single_case_codex_gold\batch036\json\target_views\8202\p1.json,qa\validation\stage07_single_case_codex_gold\batch036\json\validation\8202.validation.json,qa\validation\stage07_single_case_codex_gold\batch036\xml\8202.annotated.xml,stage06_count_runs,results\stage06_count_runs\stage06_backfill_b006_n100_20260419\candidate_packages\8202.json,results\stage06_count_runs\stage06_backfill_b006_n100_20260419\count_evidence\8202.json,results\stage06_count_runs\stage06_backfill_b006_n100_20260419\results\8202.json,,8202,Stiff person syndrome improvement with chemotherapy in a patient with cutaneous T cell lymphoma,Rakocevic G.; Hussain A.,single_case_report,case_report,data\extraction_json\text\8202.json,full_text,true,1,high,case_report_marker_single_case,false,false,"challenge_stage=primary | verification_status=llm_candidate_exact | llm_count_confidence=high | llm_selected_candidate_id=cand01 | This single-case report explicitly describes one 57-year-old woman with GAD-positive stiff person syndrome and cutaneous T cell lymphoma. The abstract and preferred text consistently refer to a single patient, with no indication of additional SPS-spectrum cases.",hybrid_v2_gpt-5.4,1,medium,case_report_marker_single_case,2,1,high,cand01,false,hybrid_local_gpt,llm_candidate_exact,,2026-04-19T12:17:39.140012+00:00
8211,FALSE,batch036,qa\validation\stage07_single_case_codex_gold\batch036\manifest.json,qa\validation\stage07_single_case_codex_gold\batch036\json\papers\8211.json,qa\validation\stage07_single_case_codex_gold\batch036\json\segments\8211.segments.json,qa\validation\stage07_single_case_codex_gold\batch036\json\target_views\8211\p1.json,qa\validation\stage07_single_case_codex_gold\batch036\json\validation\8211.validation.json,qa\validation\stage07_single_case_codex_gold\batch036\xml\8211.annotated.xml,stage06_count_runs,results\stage06_count_runs\stage06_backfill_b006_n100_20260419\candidate_packages\8211.json,results\stage06_count_runs\stage06_backfill_b006_n100_20260419\count_evidence\8211.json,results\stage06_count_runs\stage06_backfill_b006_n100_20260419\results\8211.json,,8211,A young woman with stiff person syndrome: A case report,Waltrous J.D.; Nieves J.,single_case_report,case_report,data\extraction_json\text\8211.json,full_text,true,1,high,case_report_marker_single_case,false,false,challenge_stage=primary | verification_status=llm_candidate_exact | llm_count_confidence=high | llm_selected_candidate_id=cand01 | This is a single-case report describing one 25-year-old woman with diagnosis-supported stiff person syndrome. The abstract and preferred text consistently refer to a single patient and provide diagnostic support via anti-GAD65 positivity and clinical course.,hybrid_v2_gpt-5.4,1,medium,case_report_marker_single_case,2,1,high,cand01,false,hybrid_local_gpt,llm_candidate_exact,,2026-04-19T12:17:58.384491+00:00
8320,FALSE,batch036,qa\validation\stage07_single_case_codex_gold\batch036\manifest.json,qa\validation\stage07_single_case_codex_gold\batch036\json\papers\8320.json,qa\validation\stage07_single_case_codex_gold\batch036\json\segments\8320.segments.json,qa\validation\stage07_single_case_codex_gold\batch036\json\target_views\8320\p1.json,qa\validation\stage07_single_case_codex_gold\batch036\json\validation\8320.validation.json,qa\validation\stage07_single_case_codex_gold\batch036\xml\8320.annotated.xml,stage06_count_runs,results\stage06_count_runs\stage06_backfill_b006_n100_20260419\candidate_packages\8320.json,results\stage06_count_runs\stage06_backfill_b006_n100_20260419\count_evidence\8320.json,results\stage06_count_runs\stage06_backfill_b006_n100_20260419\results\8320.json,,8320,Presentation of rhabdomyolysis in the autoimmune variant of stiff-person syndrome,Zhao X.; Chen H.; Hoang D.; Huang A.,single_case_report,case_report,data\extraction_json\text\8320.json,full_text,true,1,high,case_report_marker_single_case,false,false,"challenge_stage=primary | verification_status=llm_candidate_exact | llm_count_confidence=high | llm_selected_candidate_id=cand01 | This paper is a single-patient case report. The text repeatedly describes one 56-year-old man and states that his markedly elevated anti-GAD antibody titer was consistent with autoimmune stiff-person syndrome, supporting an extractable SPS-spectrum count of 1.",hybrid_v2_gpt-5.4,1,medium,case_report_marker_single_case,2,1,high,cand01,false,hybrid_local_gpt,llm_candidate_exact,,2026-04-19T12:20:16.863448+00:00
8330,FALSE,batch036,qa\validation\stage07_single_case_codex_gold\batch036\manifest.json,qa\validation\stage07_single_case_codex_gold\batch036\json\papers\8330.json,qa\validation\stage07_single_case_codex_gold\batch036\json\segments\8330.segments.json,qa\validation\stage07_single_case_codex_gold\batch036\json\target_views\8330\p1.json,qa\validation\stage07_single_case_codex_gold\batch036\json\validation\8330.validation.json,qa\validation\stage07_single_case_codex_gold\batch036\xml\8330.annotated.xml,stage06_count_runs,results\stage06_count_runs\stage06_backfill_b006_n100_20260419\candidate_packages\8330.json,results\stage06_count_runs\stage06_backfill_b006_n100_20260419\count_evidence\8330.json,results\stage06_count_runs\stage06_backfill_b006_n100_20260419\results\8330.json,,8330,Rash decisions-dermatological manifestations preceding a progressive neurological syndrome,Doherty G.; Vincent A.; Cox A.,conference_abstract,single_case_conference_abstract,data\extraction_json\text_proceedings_ready\8330.json,full_text,true,1,medium,single_case_text_signal,true,true,"challenge_stage=primary | verification_status=llm_candidate_exact | llm_count_confidence=medium | llm_selected_candidate_id=cand01 | The abstract explicitly describes a single original patient and identifies the case as SPS-plus/GlyR antibody-mediated disease, supporting a count of 1 extractable SPS-spectrum case. Manual review remains appropriate because provenance overlap is flagged as uncertain and confidence is not high.",hybrid_v2_gpt-5.4,1,medium,single_case_text_signal,2,1,medium,cand01,false,hybrid_local_gpt,llm_candidate_exact,,2026-04-19T12:20:57.646861+00:00
8335,FALSE,batch036,qa\validation\stage07_single_case_codex_gold\batch036\manifest.json,qa\validation\stage07_single_case_codex_gold\batch036\json\papers\8335.json,qa\validation\stage07_single_case_codex_gold\batch036\json\segments\8335.segments.json,qa\validation\stage07_single_case_codex_gold\batch036\json\target_views\8335\p1.json,qa\validation\stage07_single_case_codex_gold\batch036\json\validation\8335.validation.json,qa\validation\stage07_single_case_codex_gold\batch036\xml\8335.annotated.xml,stage06_count_runs,results\stage06_count_runs\stage06_backfill_b006_n100_20260419\candidate_packages\8335.json,results\stage06_count_runs\stage06_backfill_b006_n100_20260419\count_evidence\8335.json,results\stage06_count_runs\stage06_backfill_b006_n100_20260419\results\8335.json,,8335,A case series of central and peripheral nervous system involvement in paraneoplastic syndromes,Richelli S.; Greco E.; Fabrizi G.M.; Cavallaro T.; Monaco S.; Ferrari S.,conference_abstract,group_conference_abstract,data\extraction_json\text_proceedings_ready\8335.json,proceedings_ready,true,1,high,manual_gold_review,false,false,count_basis=manual_gold_review | count_confidence=high | round_id=2026-04-20_stage06_b006_n100_manual_review | selection_bucket=stage06_backfill_batch_review | prediction_correct=false | reviewed_count=1 | reviewed_source_category=conference_abstract | predicted_count=68 | predicted_source_category=conference_abstract | reviewer_notes=Manual review confirms the extractable SPS-spectrum count is 1.,gold_reviewed_stage06_v1,68,high,abstract_count_signal,2,68,low,,false,manual_gold_review,manual_gold_review,,2026-04-20T21:48:05Z
9111,FALSE,batch036,qa\validation\stage07_single_case_codex_gold\batch036\manifest.json,qa\validation\stage07_single_case_codex_gold\batch036\json\papers\9111.json,qa\validation\stage07_single_case_codex_gold\batch036\json\segments\9111.segments.json,qa\validation\stage07_single_case_codex_gold\batch036\json\target_views\9111\p1.json,qa\validation\stage07_single_case_codex_gold\batch036\json\validation\9111.validation.json,qa\validation\stage07_single_case_codex_gold\batch036\xml\9111.annotated.xml,stage06_count_runs,results\stage06_count_runs\stage06_backfill_b006_n100_20260419\candidate_packages\9111.json,results\stage06_count_runs\stage06_backfill_b006_n100_20260419\count_evidence\9111.json,results\stage06_count_runs\stage06_backfill_b006_n100_20260419\results\9111.json,,9111,A case of stiff-man syndrome with head retraction like reflex myoclonus and jerky myoclonus of bilateral lower extremities which responded well to removement of mediastinal carcinoma,Harada H.; Hayashi A.; Watanabe M.; Tamaoka A.; Shoji S.,single_case_report,case_report,data\extraction_json\text\9111.json,full_text,true,1,high,case_report_marker_single_case,false,false,"challenge_stage=primary | verification_status=llm_candidate_exact | llm_count_confidence=high | llm_selected_candidate_id=cand01 | This is a single-case report describing one 58-year-old male with stiff-man syndrome. The title and abstract consistently refer to one patient, with no indication of additional SPS-spectrum cases.",hybrid_v2_gpt-5.4,1,medium,case_report_marker_single_case,2,1,high,cand01,false,hybrid_local_gpt,llm_candidate_exact,,2026-04-19T12:23:09.723201+00:00
9182,FALSE,batch036,qa\validation\stage07_single_case_codex_gold\batch036\manifest.json,qa\validation\stage07_single_case_codex_gold\batch036\json\papers\9182.json,qa\validation\stage07_single_case_codex_gold\batch036\json\segments\9182.segments.json,qa\validation\stage07_single_case_codex_gold\batch036\json\target_views\9182\p1.json,qa\validation\stage07_single_case_codex_gold\batch036\json\validation\9182.validation.json,qa\validation\stage07_single_case_codex_gold\batch036\xml\9182.annotated.xml,stage06_count_runs,results\stage06_count_runs\stage06_backfill_b006_n100_20260419\candidate_packages\9182.json,results\stage06_count_runs\stage06_backfill_b006_n100_20260419\count_evidence\9182.json,results\stage06_count_runs\stage06_backfill_b006_n100_20260419\results\9182.json,,9182,Stiff man syndrome treated with intravenous immunoglogulins [2],Sevrin C.; Moulin T.; Tatu L.; Monnier G.; Rumbach L.; Sevrin P.,single_case_report,case_report,data\extraction_json\text\9182.json,full_text,true,1,medium,source_single_case_default,true,false,"challenge_stage=primary | verification_status=llm_candidate_exact | llm_count_confidence=medium | llm_selected_candidate_id=cand01 | The paper is routed as a single case report, and the French text explicitly describes one male patient ('Un homme de 48 ans... Le patient...'). The mention of '13 other cases' appears to refer to cited prior literature, not additional original patients in this paper, so the best-supported extractable SPS-spectrum count is 1.",hybrid_v2_gpt-5.4,1,medium,source_single_case_default,2,1,medium,cand01,false,hybrid_local_gpt,llm_candidate_exact,,2026-04-19T12:23:39.947497+00:00
9385,TRUE,batch037,qa\validation\stage07_single_case_codex_gold\batch037\manifest.json,qa\validation\stage07_single_case_codex_gold\batch037\json\papers\9385.json,qa\validation\stage07_single_case_codex_gold\batch037\json\segments\9385.segments.json,qa\validation\stage07_single_case_codex_gold\batch037\json\target_views\9385\p1.json,qa\validation\stage07_single_case_codex_gold\batch037\json\validation\9385.validation.json,qa\validation\stage07_single_case_codex_gold\batch037\xml\9385.annotated.xml,stage06_count_runs,results\stage06_count_runs\stage06_backfill_b006_n100_20260419\candidate_packages\9385.json,results\stage06_count_runs\stage06_backfill_b006_n100_20260419\count_evidence\9385.json,results\stage06_count_runs\stage06_backfill_b006_n100_20260419\results\9385.json,,9385,Stiff-man syndrome: A case report and review of the literature,Sonawalla A.,single_case_report,case_report,data\extraction_json\text\9385.json,full_text,true,1,high,case_report_marker_single_case,false,false,"challenge_stage=primary | verification_status=llm_candidate_exact | llm_count_confidence=high | llm_selected_candidate_id=cand01 | The paper is explicitly presented as a case report and the full text describes one original patient (MAQ, a 50-year-old male) diagnosed with stiff-man syndrome. Other numbers in the text refer to prior literature and should not be counted as original cases from this paper.",hybrid_v2_gpt-5.4,1,medium,case_report_marker_single_case,2,1,high,cand01,false,hybrid_local_gpt,llm_candidate_exact,,2026-04-19T12:24:00.405880+00:00
9424,FALSE,batch037,qa\validation\stage07_single_case_codex_gold\batch037\manifest.json,qa\validation\stage07_single_case_codex_gold\batch037\json\papers\9424.json,qa\validation\stage07_single_case_codex_gold\batch037\json\segments\9424.segments.json,qa\validation\stage07_single_case_codex_gold\batch037\json\target_views\9424\p1.json,qa\validation\stage07_single_case_codex_gold\batch037\json\validation\9424.validation.json,qa\validation\stage07_single_case_codex_gold\batch037\xml\9424.annotated.xml,stage06_count_runs,results\stage06_count_runs\stage06_backfill_b006_n100_20260419\candidate_packages\9424.json,results\stage06_count_runs\stage06_backfill_b006_n100_20260419\count_evidence\9424.json,results\stage06_count_runs\stage06_backfill_b006_n100_20260419\results\9424.json,,9424,"Progressive encephalomyelitis with rigidity, diabetes mellitus and retinopathy: An anti-CAD syndrome",Cabre P.; Smadja D.; Humbel R.L.; Merle H.; Vernant J.C.,single_case_report,case_report,data\extraction_json\text\9424.json,full_text,true,1,high,single_case_text_signal,false,false,"challenge_stage=primary | verification_status=llm_candidate_exact | llm_count_confidence=high | llm_selected_candidate_id=cand01 | This paper is a single-case report describing one original patient, a 59-year-old woman with progressive encephalomyelitis with rigidity (PEWR/PERM-spectrum). The text explicitly states the authors report a new case, while the mention of one previous case refers to prior literature and should not be counted.",hybrid_v2_gpt-5.4,1,medium,single_case_text_signal,2,1,high,cand01,false,hybrid_local_gpt,llm_candidate_exact,,2026-04-19T12:24:21.919496+00:00
9477,FALSE,batch037,qa\validation\stage07_single_case_codex_gold\batch037\manifest.json,qa\validation\stage07_single_case_codex_gold\batch037\json\papers\9477.json,qa\validation\stage07_single_case_codex_gold\batch037\json\segments\9477.segments.json,qa\validation\stage07_single_case_codex_gold\batch037\json\target_views\9477\p1.json,qa\validation\stage07_single_case_codex_gold\batch037\json\validation\9477.validation.json,qa\validation\stage07_single_case_codex_gold\batch037\xml\9477.annotated.xml,stage06_count_runs,results\stage06_count_runs\stage06_backfill_b006_n100_20260419\candidate_packages\9477.json,results\stage06_count_runs\stage06_backfill_b006_n100_20260419\count_evidence\9477.json,results\stage06_count_runs\stage06_backfill_b006_n100_20260419\results\9477.json,,9477,Successful treatment of stiff man syndrome with intravenous immunoglobulin [10],Barker R.A.; Marsden C.D.,single_case_report,case_report,data\extraction_json\text\9477.json,full_text,true,1,medium,source_single_case_default,true,false,"challenge_stage=primary | verification_status=llm_candidate_exact | llm_count_confidence=medium | llm_selected_candidate_id=cand01 | The paper is fixed-routed as a single case report and the title explicitly indicates a report of successful treatment of stiff man syndrome, supporting one original SPS-spectrum patient. However, the extracted full-text evidence is noisy and limited, so this should still receive manual review.",hybrid_v2_gpt-5.4,1,medium,source_single_case_default,2,1,medium,cand01,false,hybrid_local_gpt,llm_candidate_exact,,2026-04-19T12:24:39.304238+00:00
9496,TRUE,batch037,qa\validation\stage07_single_case_codex_gold\batch037\manifest.json,qa\validation\stage07_single_case_codex_gold\batch037\json\papers\9496.json,qa\validation\stage07_single_case_codex_gold\batch037\json\segments\9496.segments.json,qa\validation\stage07_single_case_codex_gold\batch037\json\target_views\9496\p1.json,qa\validation\stage07_single_case_codex_gold\batch037\json\validation\9496.validation.json,qa\validation\stage07_single_case_codex_gold\batch037\xml\9496.annotated.xml,stage06_count_runs,results\stage06_count_runs\stage06_backfill_b006_n100_20260419\candidate_packages\9496.json,results\stage06_count_runs\stage06_backfill_b006_n100_20260419\count_evidence\9496.json,results\stage06_count_runs\stage06_backfill_b006_n100_20260419\results\9496.json,,9496,Stiff-man syndrome in a child,Grandas F.,single_case_report,case_report,data\extraction_json\text\9496.json,full_text,true,1,high,single_case_text_signal,false,false,"challenge_stage=primary | verification_status=llm_candidate_exact | llm_count_confidence=high | llm_selected_candidate_id=cand01 | This paper is an original single-case report of stiff-man syndrome in a child. The text explicitly states 'We report a 6-year-old child' and then presents one detailed case report of 'the patient, a 6-year-old boy,' supporting a count of 1 unique SPS-spectrum patient.",hybrid_v2_gpt-5.4,1,medium,single_case_text_signal,2,1,high,cand01,false,hybrid_local_gpt,llm_candidate_exact,,2026-04-19T12:24:57.794218+00:00
9564,FALSE,batch037,qa\validation\stage07_single_case_codex_gold\batch037\manifest.json,qa\validation\stage07_single_case_codex_gold\batch037\json\papers\9564.json,qa\validation\stage07_single_case_codex_gold\batch037\json\segments\9564.segments.json,qa\validation\stage07_single_case_codex_gold\batch037\json\target_views\9564\p1.json,qa\validation\stage07_single_case_codex_gold\batch037\json\validation\9564.validation.json,qa\validation\stage07_single_case_codex_gold\batch037\xml\9564.annotated.xml,stage06_count_runs,results\stage06_count_runs\stage06_backfill_b006_n100_20260419\candidate_packages\9564.json,results\stage06_count_runs\stage06_backfill_b006_n100_20260419\count_evidence\9564.json,results\stage06_count_runs\stage06_backfill_b006_n100_20260419\results\9564.json,,9564,Stiff person syndrome with atypical features and a favourable outcome with steroids,Turker H.; Cengiz N.; Gungor L.; Onar M.,single_case_report,case_report,data\extraction_json\text\9564.json,full_text,true,1,high,manual_gold_review,false,false,count_basis=manual_gold_review | count_confidence=high | round_id=2026-04-20_stage06_b006_n100_manual_review | selection_bucket=stage06_backfill_batch_review | prediction_correct=false | reviewed_count=1 | reviewed_source_category=single_case_report | predicted_count=3 | predicted_source_category=single_case_report | reviewer_notes=Manual review confirms the extractable SPS-spectrum count is 1.,gold_reviewed_stage06_v1,3,high,diagnosis_specific_table_row_count,4,3,low,,false,manual_gold_review,manual_gold_review,COUNT_SINGLE_CASE_MISMATCH,2026-04-20T21:48:05Z
9720,FALSE,batch037,qa\validation\stage07_single_case_codex_gold\batch037\manifest.json,qa\validation\stage07_single_case_codex_gold\batch037\json\papers\9720.json,qa\validation\stage07_single_case_codex_gold\batch037\json\segments\9720.segments.json,qa\validation\stage07_single_case_codex_gold\batch037\json\target_views\9720\p1.json,qa\validation\stage07_single_case_codex_gold\batch037\json\validation\9720.validation.json,qa\validation\stage07_single_case_codex_gold\batch037\xml\9720.annotated.xml,stage06_count_runs,results\stage06_count_runs\stage06_backfill_b006_n100_20260419\candidate_packages\9720.json,results\stage06_count_runs\stage06_backfill_b006_n100_20260419\count_evidence\9720.json,results\stage06_count_runs\stage06_backfill_b006_n100_20260419\results\9720.json,,9720,Isolated navicular fracture presenting as stiff limb syndrome: A case report [4],Dubow J.S.; Zadikoff C.,single_case_report,case_report,data\extraction_json\text\9720.json,full_text,true,1,medium,case_report_marker_single_case,true,false,"challenge_stage=primary | verification_status=llm_candidate_exact | llm_count_confidence=medium | llm_selected_candidate_id=cand01 | The paper is a single-patient case report describing one 52-year-old woman whose presentation was suggestive of stiff limb syndrome, a recognized SPS-spectrum variant. Although the final article emphasizes an unusual fracture presentation and discusses arguments against true SLS diagnosis, the fixed routing and explicit single-patient report best support a count of 1 with manual review due to diagnostic nuance.",hybrid_v2_gpt-5.4,1,medium,case_report_marker_single_case,2,1,medium,cand01,false,hybrid_local_gpt,llm_candidate_exact,,2026-04-19T12:25:44.356127+00:00
9726,FALSE,batch037,qa\validation\stage07_single_case_codex_gold\batch037\manifest.json,qa\validation\stage07_single_case_codex_gold\batch037\json\papers\9726.json,qa\validation\stage07_single_case_codex_gold\batch037\json\segments\9726.segments.json,qa\validation\stage07_single_case_codex_gold\batch037\json\target_views\9726\p1.json,qa\validation\stage07_single_case_codex_gold\batch037\json\validation\9726.validation.json,qa\validation\stage07_single_case_codex_gold\batch037\xml\9726.annotated.xml,stage06_count_runs,results\stage06_count_runs\stage06_backfill_b006_n100_20260419\candidate_packages\9726.json,results\stage06_count_runs\stage06_backfill_b006_n100_20260419\count_evidence\9726.json,results\stage06_count_runs\stage06_backfill_b006_n100_20260419\results\9726.json,,9726,Clinical approach to a patient presenting with muscle stiffness,Ahmed S.N.; Bertorini T.E.; Narayanaswami P.; Senthilkumar K.,single_case_report,case_report,data\extraction_json\text\9726.json,full_text,true,1,high,case_report_marker_single_case,false,false,"challenge_stage=primary | verification_status=llm_candidate_exact | llm_count_confidence=high | llm_selected_candidate_id=cand02 | The paper is a case-based clinical review centered on one explicitly described SPS patient. The provided full-text excerpt contains a single case presentation of a 41-year-old woman, while the apparent count of 3 is not supported by explicit unique SPS-spectrum patient reporting in the evidence pack.",hybrid_v2_gpt-5.4,3,high,diagnosis_specific_table_row_count,3,1,high,cand02,false,hybrid_local_gpt,llm_candidate_exact,,2026-04-19T12:26:02.823368+00:00
9731,FALSE,batch037,qa\validation\stage07_single_case_codex_gold\batch037\manifest.json,qa\validation\stage07_single_case_codex_gold\batch037\json\papers\9731.json,qa\validation\stage07_single_case_codex_gold\batch037\json\segments\9731.segments.json,qa\validation\stage07_single_case_codex_gold\batch037\json\target_views\9731\p1.json,qa\validation\stage07_single_case_codex_gold\batch037\json\validation\9731.validation.json,qa\validation\stage07_single_case_codex_gold\batch037\xml\9731.annotated.xml,stage06_count_runs,results\stage06_count_runs\stage06_backfill_b006_n100_20260419\candidate_packages\9731.json,results\stage06_count_runs\stage06_backfill_b006_n100_20260419\count_evidence\9731.json,results\stage06_count_runs\stage06_backfill_b006_n100_20260419\results\9731.json,,9731,The stiff limb syndrome - A new case and a literature review [2],Bartsch T.; Herzog J.; Baron R.; Deuschl G.,single_case_report,case_report,data\extraction_json\text\9731.json,full_text,true,1,high,case_report_marker_single_case,false,false,"challenge_stage=primary | verification_status=llm_candidate_exact | llm_count_confidence=high | llm_selected_candidate_id=cand01 | This paper explicitly reports a single new stiff limb syndrome case and separately summarizes prior literature cases in a review table. Only the newly reported original patient should be counted, giving 1 extractable SPS-spectrum case.",hybrid_v2_gpt-5.4,1,medium,case_report_marker_single_case,2,1,high,cand01,false,hybrid_local_gpt,llm_candidate_exact,,2026-04-19T12:26:21.244780+00:00
10691,FALSE,batch037,qa\validation\stage07_single_case_codex_gold\batch037\manifest.json,qa\validation\stage07_single_case_codex_gold\batch037\json\papers\10691.json,qa\validation\stage07_single_case_codex_gold\batch037\json\segments\10691.segments.json,qa\validation\stage07_single_case_codex_gold\batch037\json\target_views\10691\p1.json,qa\validation\stage07_single_case_codex_gold\batch037\json\validation\10691.validation.json,qa\validation\stage07_single_case_codex_gold\batch037\xml\10691.annotated.xml,stage06_count_runs,results\stage06_count_runs\stage06_backfill_b006_n100_20260419\candidate_packages\10691.json,results\stage06_count_runs\stage06_backfill_b006_n100_20260419\count_evidence\10691.json,results\stage06_count_runs\stage06_backfill_b006_n100_20260419\results\10691.json,,10691,VIGABATRIN IMPROVES RIGIDITY IN STIFF-PERSON SYNDROME (SPS),"LIGUORI, R; MEDORI, R; MARCHELLO, L; GRIMALDI, L; LUGARESI, E; MONTAGNA, P",single_case_report,case_report,data\extraction_json\text\10691.json,full_text,true,1,high,source_single_case_default,false,false,"challenge_stage=primary | verification_status=llm_candidate_exact | llm_count_confidence=high | llm_selected_candidate_id=cand01 | The paper explicitly describes a single woman with SPS, confirmed by EMG and high-titer anti-GAD antibodies, who was treated with vigabatrin and followed clinically. This supports counting 1 unique original SPS-spectrum patient.",hybrid_v2_gpt-5.4,1,medium,source_single_case_default,2,1,high,cand01,false,hybrid_local_gpt,llm_candidate_exact,,2026-04-19T11:49:47.996529+00:00
10692,FALSE,batch037,qa\validation\stage07_single_case_codex_gold\batch037\manifest.json,qa\validation\stage07_single_case_codex_gold\batch037\json\papers\10692.json,qa\validation\stage07_single_case_codex_gold\batch037\json\segments\10692.segments.json,qa\validation\stage07_single_case_codex_gold\batch037\json\target_views\10692\p1.json,qa\validation\stage07_single_case_codex_gold\batch037\json\validation\10692.validation.json,qa\validation\stage07_single_case_codex_gold\batch037\xml\10692.annotated.xml,stage06_count_runs,results\stage06_count_runs\stage06_backfill_b006_n100_20260419\candidate_packages\10692.json,results\stage06_count_runs\stage06_backfill_b006_n100_20260419\count_evidence\10692.json,results\stage06_count_runs\stage06_backfill_b006_n100_20260419\results\10692.json,,10692,SIGNIFICANT IMPROVEMENT OF STIFF-PERSON SYNDROME AFTER PARASPINAL INJECTION OF BOTULINUM TOXIN-A,"DAVIS, D; JABBARI, B",single_case_report,case_report,data\extraction_json\text\10692.json,full_text,true,1,high,single_case_text_signal,false,false,"challenge_stage=primary | verification_status=llm_candidate_exact | llm_count_confidence=high | llm_selected_candidate_id=cand01 | This paper is a single-patient case report. The text explicitly reports one 36-year-old man with clinically and electrophysiologically supported stiff-person syndrome, so the best-supported extractable SPS-spectrum count is 1.",hybrid_v2_gpt-5.4,1,medium,single_case_text_signal,2,1,high,cand01,false,hybrid_local_gpt,llm_candidate_exact,,2026-04-19T11:50:10.051637+00:00
10695,FALSE,batch038,qa\validation\stage07_single_case_codex_gold\batch038\manifest.json,qa\validation\stage07_single_case_codex_gold\batch038\json\papers\10695.json,qa\validation\stage07_single_case_codex_gold\batch038\json\segments\10695.segments.json,qa\validation\stage07_single_case_codex_gold\batch038\json\target_views\10695\p1.json,qa\validation\stage07_single_case_codex_gold\batch038\json\validation\10695.validation.json,qa\validation\stage07_single_case_codex_gold\batch038\xml\10695.annotated.xml,stage06_count_runs,results\stage06_count_runs\stage06_backfill_b006_n100_20260419\candidate_packages\10695.json,results\stage06_count_runs\stage06_backfill_b006_n100_20260419\count_evidence\10695.json,results\stage06_count_runs\stage06_backfill_b006_n100_20260419\results\10695.json,,10695,ANESTHETIC IMPLICATIONS IN STIFF-PERSON SYNDROME,"JOHNSON, JO; MILLER, KA",single_case_report,case_report,data\extraction_json\text\10695.json,full_text,true,1,high,source_single_case_default,false,false,challenge_stage=primary | verification_status=llm_candidate_exact | llm_count_confidence=high | llm_selected_candidate_id=cand01 | The paper explicitly states that it is a case report and describes one 46-year-old female patient with a diagnosis of stiff-person syndrome. No evidence suggests additional original SPS-spectrum patients were reported.,hybrid_v2_gpt-5.4,1,medium,source_single_case_default,2,1,high,cand01,false,hybrid_local_gpt,llm_candidate_exact,,2026-04-19T11:50:27.515318+00:00
10697,TRUE,batch038,qa\validation\stage07_single_case_codex_gold\batch038\manifest.json,qa\validation\stage07_single_case_codex_gold\batch038\json\papers\10697.json,qa\validation\stage07_single_case_codex_gold\batch038\json\segments\10697.segments.json,qa\validation\stage07_single_case_codex_gold\batch038\json\target_views\10697\p1.json,qa\validation\stage07_single_case_codex_gold\batch038\json\validation\10697.validation.json,qa\validation\stage07_single_case_codex_gold\batch038\xml\10697.annotated.xml,stage06_count_runs,results\stage06_count_runs\stage06_backfill_b006_n100_20260419\candidate_packages\10697.json,results\stage06_count_runs\stage06_backfill_b006_n100_20260419\count_evidence\10697.json,results\stage06_count_runs\stage06_backfill_b006_n100_20260419\results\10697.json,,10697,STIFF-PERSON SYNDROME WITH ANTI-GLUTAMIC ACID DECARBOXYLASE AUTOANTIBODIES - COMPLETE REMISSION OF SYMPTOMS AFTER INTRATHECAL BACLOFEN ADMINISTRATION,"SEITZ, RJ; BLANK, B; KIWIT, JCW; BENECKE, R",single_case_report,case_report,data\extraction_json\text\10697.json,full_text,true,1,high,single_case_text_signal,false,false,"challenge_stage=primary | verification_status=llm_candidate_exact | llm_count_confidence=high | llm_selected_candidate_id=cand01 | This single-case report explicitly describes one 61-year-old woman with clinically diagnosed stiff-person syndrome, supported by anti-GAD antibodies in serum and CSF. No evidence suggests additional original SPS-spectrum patients in the paper.",hybrid_v2_gpt-5.4,1,medium,single_case_text_signal,2,1,high,cand01,false,hybrid_local_gpt,llm_candidate_exact,,2026-04-19T11:50:45.708422+00:00
11200,FALSE,batch038,qa\validation\stage07_single_case_codex_gold\batch038\manifest.json,qa\validation\stage07_single_case_codex_gold\batch038\json\papers\11200.json,qa\validation\stage07_single_case_codex_gold\batch038\json\segments\11200.segments.json,qa\validation\stage07_single_case_codex_gold\batch038\json\target_views\11200\p1.json,qa\validation\stage07_single_case_codex_gold\batch038\json\validation\11200.validation.json,qa\validation\stage07_single_case_codex_gold\batch038\xml\11200.annotated.xml,stage06_count_runs,results\stage06_count_runs\stage06_backfill_b006_n100_20260419\candidate_packages\11200.json,results\stage06_count_runs\stage06_backfill_b006_n100_20260419\count_evidence\11200.json,results\stage06_count_runs\stage06_backfill_b006_n100_20260419\results\11200.json,,11200,A CASE OF PEDIATRIC STIFF-PERSON SYNDROME IN KENYA,"Lee, S; Oundoh, NL; Mercer, T; Humphrey, J; Oyungu, E",single_case_report,case_report,data\extraction_json\text\11200.json,full_text,true,1,high,case_report_marker_single_case,false,false,"challenge_stage=primary | verification_status=llm_candidate_exact | llm_count_confidence=high | llm_selected_candidate_id=cand01 | This is a single-case report describing one original pediatric patient. The paper explicitly presents a 12-year-old girl and reports diagnostic support with markedly elevated anti-GAD antibodies consistent with SPS-plus, so the best-supported extractable count is 1.",hybrid_v2_gpt-5.4,1,medium,case_report_marker_single_case,2,1,high,cand01,false,hybrid_local_gpt,llm_candidate_exact,,2026-04-19T11:51:56.433556+00:00
11750,FALSE,batch038,qa\validation\stage07_single_case_codex_gold\batch038\manifest.json,qa\validation\stage07_single_case_codex_gold\batch038\json\papers\11750.json,qa\validation\stage07_single_case_codex_gold\batch038\json\segments\11750.segments.json,qa\validation\stage07_single_case_codex_gold\batch038\json\target_views\11750\p1.json,qa\validation\stage07_single_case_codex_gold\batch038\json\validation\11750.validation.json,qa\validation\stage07_single_case_codex_gold\batch038\xml\11750.annotated.xml,stage06_count_runs,results\stage06_count_runs\stage06_backfill_b006_n100_20260419\candidate_packages\11750.json,results\stage06_count_runs\stage06_backfill_b006_n100_20260419\count_evidence\11750.json,results\stage06_count_runs\stage06_backfill_b006_n100_20260419\results\11750.json,,11750,Anti-amphiphysin positive stiff-person syndrome due to invasive ductal carcinoma in a male patient,"Connolly, Christopher; Cobain, Erin; Hughes, Tasha",single_case_report,case_report,data\extraction_json\text\11750.json,full_text,true,1,high,manual_gold_review,false,false,count_basis=manual_gold_review | count_confidence=high | round_id=2026-04-20_stage06_b006_n100_manual_review | selection_bucket=stage06_backfill_batch_review | prediction_correct=false | reviewed_count=1 | reviewed_source_category=single_case_report | predicted_count=3 | predicted_source_category=single_case_report | reviewer_notes=Manual review confirms the extractable SPS-spectrum count is 1.,gold_reviewed_stage06_v1,3,high,diagnosis_specific_table_row_count,3,3,low,,false,manual_gold_review,manual_gold_review,COUNT_SINGLE_CASE_MISMATCH,2026-04-20T21:48:05Z
11789,FALSE,batch038,qa\validation\stage07_single_case_codex_gold\batch038\manifest.json,qa\validation\stage07_single_case_codex_gold\batch038\json\papers\11789.json,qa\validation\stage07_single_case_codex_gold\batch038\json\segments\11789.segments.json,qa\validation\stage07_single_case_codex_gold\batch038\json\target_views\11789\p1.json,qa\validation\stage07_single_case_codex_gold\batch038\json\validation\11789.validation.json,qa\validation\stage07_single_case_codex_gold\batch038\xml\11789.annotated.xml,stage06_count_runs,results\stage06_count_runs\stage06_backfill_b006_n100_20260419\candidate_packages\11789.json,results\stage06_count_runs\stage06_backfill_b006_n100_20260419\count_evidence\11789.json,results\stage06_count_runs\stage06_backfill_b006_n100_20260419\results\11789.json,,11789,Perioperative management and complications of stiff person syndrome,"Garrigan, Ethan; Lee, Howard",single_case_report,case_report,data\extraction_json\text\11789.json,full_text,true,1,medium,case_report_marker_single_case,true,false,"challenge_stage=primary | verification_status=llm_candidate_exact | llm_count_confidence=medium | llm_selected_candidate_id=cand01 | This paper is a single-case report describing one 27-year-old female patient with anti-GAD antibodies and clinical features managed as stiff person syndrome. The evidence supports exactly 1 extractable SPS-spectrum patient, but confidence remains medium because the diagnosis wording includes 'concerning for' SPS rather than a stronger confirmed formulation.",hybrid_v2_gpt-5.4,1,medium,case_report_marker_single_case,2,1,medium,cand01,false,hybrid_local_gpt,llm_candidate_exact,,2026-04-19T11:54:05.846791+00:00
11790,FALSE,batch038,qa\validation\stage07_single_case_codex_gold\batch038\manifest.json,qa\validation\stage07_single_case_codex_gold\batch038\json\papers\11790.json,qa\validation\stage07_single_case_codex_gold\batch038\json\segments\11790.segments.json,qa\validation\stage07_single_case_codex_gold\batch038\json\target_views\11790\p1.json,qa\validation\stage07_single_case_codex_gold\batch038\json\validation\11790.validation.json,qa\validation\stage07_single_case_codex_gold\batch038\xml\11790.annotated.xml,stage06_count_runs,results\stage06_count_runs\stage06_backfill_b006_n100_20260419\candidate_packages\11790.json,results\stage06_count_runs\stage06_backfill_b006_n100_20260419\count_evidence\11790.json,results\stage06_count_runs\stage06_backfill_b006_n100_20260419\results\11790.json,,11790,Efficacy and safety of therapeutic plasma exchange in stiff person syndrome,"Czempik, Piotr F.; Gawryluk, Justyna; Wiorek, Agnieszka; Krzystanek, Ewa; Krzych, Lukasz J.",single_case_report,case_report,data\extraction_json\text\11790.json,full_text,true,1,high,diagnosis_specific_patient_case_count,false,false,challenge_stage=primary | verification_status=llm_candidate_exact | llm_count_confidence=high | llm_selected_candidate_id=cand04 | This paper is a single-patient case report with an explicit SPS diagnosis. The abstract and case-presentation snippet both describe one 49-year-old female patient with SPS who underwent therapeutic plasma exchange; literature-review counts in the paper are background and should not be counted.,hybrid_v2_gpt-5.4,1,medium,case_report_marker_single_case,4,1,high,cand04,false,hybrid_local_gpt,llm_candidate_exact,,2026-04-19T11:54:27.723783+00:00
11798,FALSE,batch038,qa\validation\stage07_single_case_codex_gold\batch038\manifest.json,qa\validation\stage07_single_case_codex_gold\batch038\json\papers\11798.json,qa\validation\stage07_single_case_codex_gold\batch038\json\segments\11798.segments.json,qa\validation\stage07_single_case_codex_gold\batch038\json\target_views\11798\p1.json,qa\validation\stage07_single_case_codex_gold\batch038\json\validation\11798.validation.json,qa\validation\stage07_single_case_codex_gold\batch038\xml\11798.annotated.xml,stage06_count_runs,results\stage06_count_runs\stage06_backfill_b006_n100_20260419\candidate_packages\11798.json,results\stage06_count_runs\stage06_backfill_b006_n100_20260419\count_evidence\11798.json,results\stage06_count_runs\stage06_backfill_b006_n100_20260419\results\11798.json,,11798,"The Dilemma, Conversion Disorder or Stiff Person Syndrome, a Case Report","Jahan, Sultana",conference_abstract,single_case_conference_abstract,data\extraction_json\text_proceedings_ready\11798.json,full_text,true,1,high,case_report_marker_single_case,false,false,"challenge_stage=primary | verification_status=llm_candidate_exact | llm_count_confidence=high | llm_selected_candidate_id=cand01 | This conference abstract is an original single-patient case report. The text explicitly describes one patient ('Patient X') who was later diagnosed with stiff person syndrome after anti-GAD testing, supporting a count of 1 unique SPS-spectrum case.",hybrid_v2_gpt-5.4,1,medium,case_report_marker_single_case,2,1,high,cand01,false,hybrid_local_gpt,llm_candidate_exact,,2026-04-19T11:54:47.029174+00:00
11803,FALSE,batch038,qa\validation\stage07_single_case_codex_gold\batch038\manifest.json,qa\validation\stage07_single_case_codex_gold\batch038\json\papers\11803.json,qa\validation\stage07_single_case_codex_gold\batch038\json\segments\11803.segments.json,qa\validation\stage07_single_case_codex_gold\batch038\json\target_views\11803\p1.json,qa\validation\stage07_single_case_codex_gold\batch038\json\validation\11803.validation.json,qa\validation\stage07_single_case_codex_gold\batch038\xml\11803.annotated.xml,stage06_count_gold,,,,qa\validation\source_categorisation\gold_standard\stage06_count_gold\papers\11803.json,11803,Perm syndrome: A potential mimic of glycine antagonist poisoning,"Scanlon, Matthew P.; Malley, Carin K.; Westover, Rachael C.; Micciche, Andrew F.; Abesamis, Michael G.; Shulman, Joshua A.",single_case_report,case_report,data/extraction_json/text_trimmed/11803.json,trimmed,true,1,high,manual_gold_review,false,false,count_basis=manual_gold_review | count_confidence=high | round_id=stage04_llm_category_2026-04-05_round_01 | selection_bucket=high_confidence_control_overflow | prediction_correct=true | reviewed_count=1 | reviewed_source_category=single_case_report | predicted_count=1 | predicted_source_category=single_case_report,gold_reviewed_stage06_v1,,,,,,,,,manual_gold_review,manual_gold_review,,2026-04-05T18:01:49.534874+00:00
11804,TRUE,batch038,qa\validation\stage07_single_case_codex_gold\batch038\manifest.json,qa\validation\stage07_single_case_codex_gold\batch038\json\papers\11804.json,qa\validation\stage07_single_case_codex_gold\batch038\json\segments\11804.segments.json,qa\validation\stage07_single_case_codex_gold\batch038\json\target_views\11804\p1.json,qa\validation\stage07_single_case_codex_gold\batch038\json\validation\11804.validation.json,qa\validation\stage07_single_case_codex_gold\batch038\xml\11804.annotated.xml,stage06_count_runs,results\stage06_count_runs\stage06_backfill_b006_n100_20260419\candidate_packages\11804.json,results\stage06_count_runs\stage06_backfill_b006_n100_20260419\count_evidence\11804.json,results\stage06_count_runs\stage06_backfill_b006_n100_20260419\results\11804.json,,11804,GAD65 autoimmunity after treatment with nivolumab: a multifocal presentation,"Ranieri, Angelo; Napolitano, Massimo; Manzo, Valentino; Maniscalco, Giorgia Teresa; Allegorico, Lia; Zekeridou, Anastasia; Pezzella, Marianna; Gatta, Luigi Della; Ferrari, Sergio; Mariotto, Sara",single_case_report,case_report,data\extraction_json\text\11804.json,full_text,true,1,medium,single_case_text_signal,true,true,"challenge_stage=primary | verification_status=llm_candidate_exact | llm_count_confidence=medium | llm_selected_candidate_id=cand01 | The paper is a single-patient case report and explicitly states that the authors report a 63-year-old man who developed stiff person syndrome among other GAD65-associated manifestations after nivolumab. This supports a count of 1 extractable SPS-spectrum patient, but manual review remains appropriate because the evidence pack flags possible prior description/provenance uncertainty.",hybrid_v2_gpt-5.4,1,medium,single_case_text_signal,2,1,medium,cand01,false,hybrid_local_gpt,llm_candidate_exact,,2026-04-19T11:55:08.338761+00:00
11813,FALSE,batch038,qa\validation\stage07_single_case_codex_gold\batch038\manifest.json,qa\validation\stage07_single_case_codex_gold\batch038\json\papers\11813.json,qa\validation\stage07_single_case_codex_gold\batch038\json\segments\11813.segments.json,qa\validation\stage07_single_case_codex_gold\batch038\json\target_views\11813\p1.json,qa\validation\stage07_single_case_codex_gold\batch038\json\validation\11813.validation.json,qa\validation\stage07_single_case_codex_gold\batch038\xml\11813.annotated.xml,stage06_count_runs,results\stage06_count_runs\stage06_backfill_b007_n100_20260419\candidate_packages\11813.json,results\stage06_count_runs\stage06_backfill_b007_n100_20260419\count_evidence\11813.json,results\stage06_count_runs\stage06_backfill_b007_n100_20260419\results\11813.json,,11813,Exacerbation of Stiff Person Syndrome by Selective Serotonin Reuptake Inhibitors,"Olszewska, Diana A.; Bhowmick, Suvorit S.; Lang, Anthony E.",single_case_report,case_report,data\extraction_json\text\11813.json,full_text,true,1,high,source_single_case_default,false,false,"challenge_stage=primary | verification_status=llm_candidate_exact | llm_count_confidence=high | llm_selected_candidate_id=cand01 | The paper is explicitly presented as a case report and the full-text excerpt describes one 80-year-old woman with SPS/stiff limb syndrome followed longitudinally. Other counts in the text refer to prior literature reports, not additional original patients in this paper.",hybrid_v2_gpt-5.4,1,medium,source_single_case_default,2,1,high,cand01,false,hybrid_local_gpt,llm_candidate_exact,,2026-04-19T12:29:56.520453+00:00
11814,FALSE,batch039,qa\validation\stage07_single_case_codex_gold\batch039\manifest.json,qa\validation\stage07_single_case_codex_gold\batch039\json\papers\11814.json,qa\validation\stage07_single_case_codex_gold\batch039\json\segments\11814.segments.json,qa\validation\stage07_single_case_codex_gold\batch039\json\target_views\11814\p1.json,qa\validation\stage07_single_case_codex_gold\batch039\json\validation\11814.validation.json,qa\validation\stage07_single_case_codex_gold\batch039\xml\11814.annotated.xml,stage06_count_runs,results\stage06_count_runs\stage06_backfill_b007_n100_20260419\candidate_packages\11814.json,results\stage06_count_runs\stage06_backfill_b007_n100_20260419\count_evidence\11814.json,results\stage06_count_runs\stage06_backfill_b007_n100_20260419\results\11814.json,,11814,Rehabilitation in paraneoplastic stiff-person syndrome-case report,"Karatekin, Bilinc Dogruoz; Sahin, Seyma Nur; Icagasioglu, Afitap",single_case_report,case_report,data\extraction_json\text\11814.json,full_text,true,1,high,case_report_marker_single_case,false,false,challenge_stage=primary | verification_status=llm_candidate_exact | llm_count_confidence=high | llm_selected_candidate_id=cand01 | This is a single-patient case report with repeated singular language and explicit diagnostic support for paraneoplastic SPS. The best-supported extractable count is 1 unique SPS-spectrum patient.,hybrid_v2_gpt-5.4,1,medium,case_report_marker_single_case,2,1,high,cand01,false,hybrid_local_gpt,llm_candidate_exact,,2026-04-19T12:30:15.258956+00:00
11834,FALSE,batch039,qa\validation\stage07_single_case_codex_gold\batch039\manifest.json,qa\validation\stage07_single_case_codex_gold\batch039\json\papers\11834.json,qa\validation\stage07_single_case_codex_gold\batch039\json\segments\11834.segments.json,qa\validation\stage07_single_case_codex_gold\batch039\json\target_views\11834\p1.json,qa\validation\stage07_single_case_codex_gold\batch039\json\validation\11834.validation.json,qa\validation\stage07_single_case_codex_gold\batch039\xml\11834.annotated.xml,stage06_count_runs,results\stage06_count_runs\stage06_backfill_b007_n100_20260419\candidate_packages\11834.json,results\stage06_count_runs\stage06_backfill_b007_n100_20260419\count_evidence\11834.json,results\stage06_count_runs\stage06_backfill_b007_n100_20260419\results\11834.json,,11834,Stiff Person Syndrome: A Case Report with Sudden Onset and Coexistence of Sero-Positive Antibodies to Glutamic Acid Decarboxylase and Anti-SOX1 Antibodies.,Nguyen PM; Vu DD; Vu KD; Nguyen HT; Nguyen DV,single_case_report,case_report,data\extraction_json\text\11834.json,full_text,true,1,high,case_report_marker_single_case,false,false,challenge_stage=primary | verification_status=llm_candidate_exact | llm_count_confidence=high | llm_selected_candidate_id=cand01 | This is a single-patient case report with repeated explicit language that the paper reports one female patient diagnosed with SPS. No evidence suggests additional original SPS-spectrum patients in this paper.,hybrid_v2_gpt-5.4,1,medium,case_report_marker_single_case,3,1,high,cand01,false,hybrid_local_gpt,llm_candidate_exact,,2026-04-19T12:31:02.473733+00:00
11835,FALSE,batch039,qa\validation\stage07_single_case_codex_gold\batch039\manifest.json,qa\validation\stage07_single_case_codex_gold\batch039\json\papers\11835.json,qa\validation\stage07_single_case_codex_gold\batch039\json\segments\11835.segments.json,qa\validation\stage07_single_case_codex_gold\batch039\json\target_views\11835\p1.json,qa\validation\stage07_single_case_codex_gold\batch039\json\validation\11835.validation.json,qa\validation\stage07_single_case_codex_gold\batch039\xml\11835.annotated.xml,stage06_count_runs,results\stage06_count_runs\stage06_backfill_b007_n100_20260419\candidate_packages\11835.json,results\stage06_count_runs\stage06_backfill_b007_n100_20260419\count_evidence\11835.json,results\stage06_count_runs\stage06_backfill_b007_n100_20260419\results\11835.json,,11835,A Rare Case of Stiff Person Syndrome With Pulmonary Complications.,Singh P; Singhvi S; Crestani A; Perez J,single_case_report,case_report,data\extraction_json\text\11835.json,full_text,true,1,high,diagnosis_specific_patient_case_count,false,false,"challenge_stage=primary | verification_status=llm_candidate_exact | llm_count_confidence=high | llm_selected_candidate_id=cand03 | This is a single-patient case report with explicit diagnosis-supported SPS language. The paper repeatedly describes one female patient with SPS/positive anti-GAD antibodies, so the extractable SPS-spectrum count is 1.",hybrid_v2_gpt-5.4,1,medium,case_report_marker_single_case,3,1,high,cand03,false,hybrid_local_gpt,llm_candidate_exact,,2026-04-19T12:31:20.894019+00:00
11849,FALSE,batch039,qa\validation\stage07_single_case_codex_gold\batch039\manifest.json,qa\validation\stage07_single_case_codex_gold\batch039\json\papers\11849.json,qa\validation\stage07_single_case_codex_gold\batch039\json\segments\11849.segments.json,qa\validation\stage07_single_case_codex_gold\batch039\json\target_views\11849\p1.json,qa\validation\stage07_single_case_codex_gold\batch039\json\validation\11849.validation.json,qa\validation\stage07_single_case_codex_gold\batch039\xml\11849.annotated.xml,stage06_count_runs,results\stage06_count_runs\stage06_backfill_b007_n100_20260419\candidate_packages\11849.json,results\stage06_count_runs\stage06_backfill_b007_n100_20260419\count_evidence\11849.json,results\stage06_count_runs\stage06_backfill_b007_n100_20260419\results\11849.json,,11849,Stiff-person syndrome: an atypical presentation and a review of the literature.,Lin BC; Johal J; Sivakumar K; Romano AE; Yacoub HA,single_case_report,case_report,data\extraction_json\text\11849.json,full_text,true,1,high,case_report_marker_single_case,false,false,"challenge_stage=primary | verification_status=llm_candidate_exact | llm_count_confidence=high | llm_selected_candidate_id=cand01 | The paper is a single case report and explicitly states that it presents a rare case of a 79-year-old woman diagnosed with stiff-limb syndrome, which is within the SPS spectrum. No evidence suggests additional original SPS-spectrum patients beyond this one case.",hybrid_v2_gpt-5.4,1,medium,case_report_marker_single_case,2,1,high,cand01,false,hybrid_local_gpt,llm_candidate_exact,,2026-04-19T12:31:40.061128+00:00
11850,TRUE,batch039,qa\validation\stage07_single_case_codex_gold\batch039\manifest.json,qa\validation\stage07_single_case_codex_gold\batch039\json\papers\11850.json,qa\validation\stage07_single_case_codex_gold\batch039\json\segments\11850.segments.json,qa\validation\stage07_single_case_codex_gold\batch039\json\target_views\11850\p1.json,qa\validation\stage07_single_case_codex_gold\batch039\json\validation\11850.validation.json,qa\validation\stage07_single_case_codex_gold\batch039\xml\11850.annotated.xml,stage06_count_runs,results\stage06_count_runs\stage06_backfill_b007_n100_20260419\candidate_packages\11850.json,results\stage06_count_runs\stage06_backfill_b007_n100_20260419\count_evidence\11850.json,results\stage06_count_runs\stage06_backfill_b007_n100_20260419\results\11850.json,,11850,Successful Treatment of Stiff Person Syndrome with Intrathecal Baclofen.,Geffen S; Chiang N,single_case_report,case_report,data\extraction_json\text\11850.json,full_text,true,1,high,case_report_marker_single_case,false,false,challenge_stage=primary | verification_status=llm_candidate_exact | llm_count_confidence=high | llm_selected_candidate_id=cand01 | The paper is an original single-case report and explicitly describes one unique SPS-spectrum patient: a 59-year-old woman diagnosed with sero-negative stiff person syndrome. No evidence suggests additional original SPS-spectrum cases in this paper.,hybrid_v2_gpt-5.4,1,medium,case_report_marker_single_case,2,1,high,cand01,false,hybrid_local_gpt,llm_candidate_exact,,2026-04-19T12:31:57.794570+00:00
11884,FALSE,batch039,qa\validation\stage07_single_case_codex_gold\batch039\manifest.json,qa\validation\stage07_single_case_codex_gold\batch039\json\papers\11884.json,qa\validation\stage07_single_case_codex_gold\batch039\json\segments\11884.segments.json,qa\validation\stage07_single_case_codex_gold\batch039\json\target_views\11884\p1.json,qa\validation\stage07_single_case_codex_gold\batch039\json\validation\11884.validation.json,qa\validation\stage07_single_case_codex_gold\batch039\xml\11884.annotated.xml,stage06_count_runs,results\stage06_count_runs\stage06_backfill_b007_n100_20260419\candidate_packages\11884.json,results\stage06_count_runs\stage06_backfill_b007_n100_20260419\count_evidence\11884.json,results\stage06_count_runs\stage06_backfill_b007_n100_20260419\results\11884.json,,11884,Effectiveness of Intrathecal Baclofen for Intractable Stiffperson Syndrome: a Case Report.,Zhang B; Lau R; van Why D; Saulino M,single_case_report,case_report,data\extraction_json\text\11884.json,full_text,true,1,high,case_report_marker_single_case,false,false,"challenge_stage=primary | verification_status=llm_candidate_exact | llm_count_confidence=high | llm_selected_candidate_id=cand01 | This is a single-patient case report with explicit individual-level description of one 38-year-old woman diagnosed with stiff-person syndrome. The paper discusses prior literature case series separately, but only one original SPS-spectrum patient is reported in this paper.",hybrid_v2_gpt-5.4,1,medium,case_report_marker_single_case,2,1,high,cand01,false,hybrid_local_gpt,llm_candidate_exact,,2026-04-19T12:32:15.440212+00:00
11903,FALSE,batch039,qa\validation\stage07_single_case_codex_gold\batch039\manifest.json,qa\validation\stage07_single_case_codex_gold\batch039\json\papers\11903.json,qa\validation\stage07_single_case_codex_gold\batch039\json\segments\11903.segments.json,qa\validation\stage07_single_case_codex_gold\batch039\json\target_views\11903\p1.json,qa\validation\stage07_single_case_codex_gold\batch039\json\validation\11903.validation.json,qa\validation\stage07_single_case_codex_gold\batch039\xml\11903.annotated.xml,stage06_count_runs,results\stage06_count_runs\stage06_backfill_b007_n100_20260419\candidate_packages\11903.json,results\stage06_count_runs\stage06_backfill_b007_n100_20260419\count_evidence\11903.json,results\stage06_count_runs\stage06_backfill_b007_n100_20260419\results\11903.json,,11903,"Pediatric stiff limb syndrome with polyautoimmunity of anti-GAD-65, anti-islet cell, and thyroid peroxidase antibodies: A case report and review of literature.",Nie DA; Abud A; Serrano-Gonzalez M; Harappanahally G; Patil R,single_case_report,case_report,data\extraction_json\text_trimmed\11903.json,trimmed,true,1,medium,case_report_marker_single_case,true,true,"challenge_stage=primary | verification_status=llm_candidate_exact | llm_count_confidence=medium | llm_selected_candidate_id=cand01 | This paper is a single case report describing one original pediatric stiff limb syndrome patient. The mention of 52 cases refers to previously reported literature cases and should not be counted as original cases in this paper; because provenance uncertainty is flagged, manual review remains appropriate.",hybrid_v2_gpt-5.4,1,medium,case_report_marker_single_case,2,1,medium,cand01,false,hybrid_local_gpt,llm_candidate_exact,,2026-04-19T12:32:37.053322+00:00
11904,FALSE,batch039,qa\validation\stage07_single_case_codex_gold\batch039\manifest.json,qa\validation\stage07_single_case_codex_gold\batch039\json\papers\11904.json,qa\validation\stage07_single_case_codex_gold\batch039\json\segments\11904.segments.json,qa\validation\stage07_single_case_codex_gold\batch039\json\target_views\11904\p1.json,qa\validation\stage07_single_case_codex_gold\batch039\json\validation\11904.validation.json,qa\validation\stage07_single_case_codex_gold\batch039\xml\11904.annotated.xml,stage06_count_runs,results\stage06_count_runs\stage06_backfill_b007_n100_20260419\candidate_packages\11904.json,results\stage06_count_runs\stage06_backfill_b007_n100_20260419\count_evidence\11904.json,results\stage06_count_runs\stage06_backfill_b007_n100_20260419\results\11904.json,,11904,One in a Million: A Case Report of Stiff Person Syndrome.,Yadav R; Abrol N; Terebelo S,single_case_report,case_report,data\extraction_json\text\11904.json,full_text,true,1,high,case_report_marker_single_case,false,false,"challenge_stage=primary | verification_status=llm_candidate_exact | llm_count_confidence=high | llm_selected_candidate_id=cand01 | This paper is a single case report and explicitly describes one 50-year-old woman who was diagnosed with stiff person syndrome and treated successfully. The cited cohort numbers in the text are background literature, not original cases from this paper.",hybrid_v2_gpt-5.4,1,medium,case_report_marker_single_case,2,1,high,cand01,false,hybrid_local_gpt,llm_candidate_exact,,2026-04-19T12:32:55.414635+00:00
11913,TRUE,batch039,qa\validation\stage07_single_case_codex_gold\batch039\manifest.json,qa\validation\stage07_single_case_codex_gold\batch039\json\papers\11913.json,qa\validation\stage07_single_case_codex_gold\batch039\json\segments\11913.segments.json,qa\validation\stage07_single_case_codex_gold\batch039\json\target_views\11913\p1.json,qa\validation\stage07_single_case_codex_gold\batch039\json\validation\11913.validation.json,qa\validation\stage07_single_case_codex_gold\batch039\xml\11913.annotated.xml,stage06_count_runs,results\stage06_count_runs\stage06_backfill_b007_n100_20260419\candidate_packages\11913.json,results\stage06_count_runs\stage06_backfill_b007_n100_20260419\count_evidence\11913.json,results\stage06_count_runs\stage06_backfill_b007_n100_20260419\results\11913.json,,11913,A Case of Anti-GAD 65 Autoimmune Encephalitis Associated with Focal Segmental Stiff-Person Syndrome.,Zhang C; Dai Y; Han B; Peng J; Ma J; Tang Q; Yang L,single_case_report,case_report,data\extraction_json\text\11913.json,full_text,true,1,high,case_report_marker_single_case,false,false,"challenge_stage=primary | verification_status=llm_candidate_exact | llm_count_confidence=high | llm_selected_candidate_id=cand01 | This is a single-case report explicitly describing one middle-aged woman with focal segmental stiff-person syndrome associated with anti-GAD65 autoimmune encephalitis. The title, abstract, and case description consistently indicate one original SPS-spectrum patient.",hybrid_v2_gpt-5.4,1,medium,case_report_marker_single_case,2,1,high,cand01,false,hybrid_local_gpt,llm_candidate_exact,,2026-04-19T12:33:15.948842+00:00
11922,FALSE,batch039,qa\validation\stage07_single_case_codex_gold\batch039\manifest.json,qa\validation\stage07_single_case_codex_gold\batch039\json\papers\11922.json,qa\validation\stage07_single_case_codex_gold\batch039\json\segments\11922.segments.json,qa\validation\stage07_single_case_codex_gold\batch039\json\target_views\11922\p1.json,qa\validation\stage07_single_case_codex_gold\batch039\json\validation\11922.validation.json,qa\validation\stage07_single_case_codex_gold\batch039\xml\11922.annotated.xml,stage06_count_runs,results\stage06_count_runs\stage06_backfill_b007_n100_20260419\candidate_packages\11922.json,results\stage06_count_runs\stage06_backfill_b007_n100_20260419\count_evidence\11922.json,results\stage06_count_runs\stage06_backfill_b007_n100_20260419\results\11922.json,,11922,Case report: Amphiphysin-IgG autoimmunity: a paraneoplastic presentation of appendiceal goblet cell carcinoma.,Lin J; Yu T; Wang M; Wang J; Li J,single_case_report,case_report,data\extraction_json\text\11922.json,full_text,true,1,high,manual_gold_review,false,false,count_basis=manual_gold_review | count_confidence=high | round_id=2026-04-20_stage06_b007_n100_manual_review | selection_bucket=stage06_backfill_batch_review | prediction_correct=true | reviewed_count=1 | reviewed_source_category=single_case_report | predicted_count=1 | predicted_source_category=single_case_report | reviewer_notes=Manual review confirms the extractable SPS-spectrum count is 1.,gold_reviewed_stage06_v1,1,medium,case_report_marker_single_case,2,1,low,,false,manual_gold_review,manual_gold_review,,2026-04-20T21:48:05Z
11923,FALSE,batch040,qa\validation\stage07_single_case_codex_gold\batch040\manifest.json,qa\validation\stage07_single_case_codex_gold\batch040\json\papers\11923.json,qa\validation\stage07_single_case_codex_gold\batch040\json\segments\11923.segments.json,qa\validation\stage07_single_case_codex_gold\batch040\json\target_views\11923\p1.json,qa\validation\stage07_single_case_codex_gold\batch040\json\validation\11923.validation.json,qa\validation\stage07_single_case_codex_gold\batch040\xml\11923.annotated.xml,manual_review_override_run_artifact,results\stage06_count_runs\stage06_pending30_hybrid_20260417_openai\candidate_packages\11923.json,results\stage06_count_runs\stage06_pending30_hybrid_20260417_openai\count_evidence\11923.json,results\stage06_count_runs\stage06_pending30_hybrid_20260417_openai\results\11923.json,,11923,Seizure semiology and predictors of outcomes in Chinese patients with glutamic acid decarboxylase antibody-associated neurological syndrome.,Lin N; Bai L; Liu Q; Chen J; Ren H; Guan H; Lu Q,observational_group_study,retrospective_or_cohort_group_study,data/extraction_json/text/11923.json,full_text,true,1,high,manual_review_override,false,false,manual_review_override_applied=true | source_scope_id=stage06_pending30_hybrid_20260417_openai | predicted_count=22 | prediction_correct=false | reviewed_count=1 | reviewer_notes=User adjudication: only one SPS patient is present within the broader 32-patient mixed GAD-associated seizure cohort.,llm_v1_gpt4.1+manual_review_override,,,,,,,,,manual_review_override,manual_review_override,,2026-04-17T21:59:31.4291891Z
11928,TRUE,batch040,qa\validation\stage07_single_case_codex_gold\batch040\manifest.json,qa\validation\stage07_single_case_codex_gold\batch040\json\papers\11928.json,qa\validation\stage07_single_case_codex_gold\batch040\json\segments\11928.segments.json,qa\validation\stage07_single_case_codex_gold\batch040\json\target_views\11928\p1.json,qa\validation\stage07_single_case_codex_gold\batch040\json\validation\11928.validation.json,qa\validation\stage07_single_case_codex_gold\batch040\xml\11928.annotated.xml,stage06_count_gold,,,,qa\validation\source_categorisation\gold_standard\stage06_count_gold\papers\11928.json,11928,Immunotherapy-Responsive Neuropathic Pain and Allodynia in a Patient With Glycine Receptor Autoantibodies: A Case Report.,"Soleimani, Babak; Board, Callum; Yu, Tony; Tracey, Irene; Irani, Sarosh R; Foley, Peter",single_case_report,case_report,data/extraction_json/text/11928.json,full_text,true,1,high,manual_gold_review,false,false,count_basis=manual_gold_review | count_confidence=high | round_id=stage06_eval_backfill_2026-04-15 | selection_bucket=stage06_eval_backfill | prediction_correct=true | reviewed_count=1 | reviewed_source_category=single_case_report | predicted_count=1 | predicted_source_category=single_case_report,gold_reviewed_stage06_v1,,,,,,,,,manual_gold_review,manual_gold_review,,2026-04-15T00:00:00+00:00
11931,FALSE,batch040,qa\validation\stage07_single_case_codex_gold\batch040\manifest.json,qa\validation\stage07_single_case_codex_gold\batch040\json\papers\11931.json,qa\validation\stage07_single_case_codex_gold\batch040\json\segments\11931.segments.json,qa\validation\stage07_single_case_codex_gold\batch040\json\target_views\11931\p1.json,qa\validation\stage07_single_case_codex_gold\batch040\json\validation\11931.validation.json,qa\validation\stage07_single_case_codex_gold\batch040\xml\11931.annotated.xml,stage06_count_runs,results\stage06_count_runs\stage06_backfill_b007_n100_20260419\candidate_packages\11931.json,results\stage06_count_runs\stage06_backfill_b007_n100_20260419\count_evidence\11931.json,results\stage06_count_runs\stage06_backfill_b007_n100_20260419\results\11931.json,,11931,Progressive encephalomyelitis with rigidity and myoclonus (PERM) associated with anti-glycine receptor antibodies and urothelial carcinoma: a case report.,"Ali, Amanuel Hassen; Benterud, Anna; Holmoy, Trygve; Myro, Aija Zuleron",single_case_report,case_report,data\extraction_json\text_trimmed\11931.json,trimmed,true,1,medium,case_report_marker_single_case,true,true,"challenge_stage=primary | verification_status=llm_candidate_exact | llm_count_confidence=medium | llm_selected_candidate_id=cand01 | This is a single-patient case report of PERM, which is within the SPS spectrum. The abstract explicitly describes one 72-year-old male whose clinical presentation plus anti-GlyR antibodies led to a diagnosis of PERM, but manual review remains appropriate because the package flags original cohort provenance uncertainty and confidence is not high.",hybrid_v2_gpt-5.4,1,medium,case_report_marker_single_case,2,1,medium,cand01,false,hybrid_local_gpt,llm_candidate_exact,,2026-04-19T12:35:25.785598+00:00
11937,TRUE,batch040,qa\validation\stage07_single_case_codex_gold\batch040\manifest.json,qa\validation\stage07_single_case_codex_gold\batch040\json\papers\11937.json,qa\validation\stage07_single_case_codex_gold\batch040\json\segments\11937.segments.json,qa\validation\stage07_single_case_codex_gold\batch040\json\target_views\11937\p1.json,qa\validation\stage07_single_case_codex_gold\batch040\json\validation\11937.validation.json,qa\validation\stage07_single_case_codex_gold\batch040\xml\11937.annotated.xml,stage06_count_runs,results\stage06_count_runs\stage06_backfill_b007_n100_20260419\candidate_packages\11937.json,results\stage06_count_runs\stage06_backfill_b007_n100_20260419\count_evidence\11937.json,results\stage06_count_runs\stage06_backfill_b007_n100_20260419\results\11937.json,,11937,"Centripetal Nystagmus, Slow Saccades, Cerebellar Ataxia, and Parkinsonism in a Patient With Anti-GAD65-Associated Stiff Person Syndrome Spectrum Disorder.","Hac, Nicholas E F; Murphy, Olwen C; Butala, Ankur A; Newsome, Scott D; Gold, Daniel R",single_case_report,case_report,data\extraction_json\text_trimmed\11937.json,trimmed,true,1,high,case_report_marker_single_case,false,false,"challenge_stage=primary | verification_status=llm_candidate_exact | llm_count_confidence=high | llm_selected_candidate_id=cand01 | This is a single-case report describing one 68-year-old woman whose workup and examination were consistent with anti-GAD65-associated stiff person syndrome-plus, which is within the SPS-spectrum definition. The evidence supports exactly 1 unique original SPS-spectrum patient.",hybrid_v2_gpt-5.4,1,medium,case_report_marker_single_case,2,1,high,cand01,false,hybrid_local_gpt,llm_candidate_exact,,2026-04-19T12:36:06.058499+00:00
11940,TRUE,batch040,qa\validation\stage07_single_case_codex_gold\batch040\manifest.json,qa\validation\stage07_single_case_codex_gold\batch040\json\papers\11940.json,qa\validation\stage07_single_case_codex_gold\batch040\json\segments\11940.segments.json,qa\validation\stage07_single_case_codex_gold\batch040\json\target_views\11940\p1.json,qa\validation\stage07_single_case_codex_gold\batch040\json\validation\11940.validation.json,qa\validation\stage07_single_case_codex_gold\batch040\xml\11940.annotated.xml,stage06_count_runs,results\stage06_count_runs\stage06_backfill_b007_n100_20260419\candidate_packages\11940.json,results\stage06_count_runs\stage06_backfill_b007_n100_20260419\count_evidence\11940.json,results\stage06_count_runs\stage06_backfill_b007_n100_20260419\results\11940.json,,11940,Rare Association of Autoimmune Limbic Encephalitis and Stiff Person Syndrome.,"Moustafa, Abdelmoniem; Alsamman, Mohd Amer; Fernandes, Denise",single_case_report,case_report,data\extraction_json\text\11940.json,full_text,true,1,medium,case_report_marker_single_case,true,false,"challenge_stage=challenge | verification_status=llm_candidate_exact | llm_count_confidence=medium | challenge_reasons=semantic_validator_reject=COUNT_SPS_STATUS_UNCERTAIN | llm_selected_candidate_id=cand01 | This is a single-patient case report. The paper explicitly states that the authors present one 48-year-old woman and that she was diagnosed with both limbic encephalitis and SPS; because the challenge flag notes SPS-status uncertainty, the safest resolution is to keep the count at 1 but require manual review.",hybrid_v2_gpt-5.4,1,medium,case_report_marker_single_case,2,1,medium,cand01,false,hybrid_local_gpt,llm_candidate_exact,,2026-04-19T12:37:01.798834+00:00
11943,FALSE,batch040,qa\validation\stage07_single_case_codex_gold\batch040\manifest.json,qa\validation\stage07_single_case_codex_gold\batch040\json\papers\11943.json,qa\validation\stage07_single_case_codex_gold\batch040\json\segments\11943.segments.json,qa\validation\stage07_single_case_codex_gold\batch040\json\target_views\11943\p1.json,qa\validation\stage07_single_case_codex_gold\batch040\json\validation\11943.validation.json,qa\validation\stage07_single_case_codex_gold\batch040\xml\11943.annotated.xml,stage06_count_runs,results\stage06_count_runs\stage06_backfill_b007_n100_20260419\candidate_packages\11943.json,results\stage06_count_runs\stage06_backfill_b007_n100_20260419\count_evidence\11943.json,results\stage06_count_runs\stage06_backfill_b007_n100_20260419\results\11943.json,,11943,"Coexisting Stiff Limb Syndrome, Myositis, and Myasthenia Gravis in a Patient with Thymoma.","Jiang, Yun; Hou, Shifang; Zhang, Hua; Zhang, Jinsong; Guo, Hong",single_case_report,case_report,data\extraction_json\text\11943.json,full_text,true,1,high,case_report_marker_single_case,false,false,"challenge_stage=primary | verification_status=llm_candidate_exact | llm_count_confidence=high | llm_selected_candidate_id=cand01 | This paper is a single-patient case report. The title and body explicitly describe one patient with stiff limb syndrome, and the report states that the authors are presenting the first such triple-combination case, supporting a count of 1 unique SPS-spectrum patient.",hybrid_v2_gpt-5.4,1,medium,case_report_marker_single_case,2,1,high,cand01,false,hybrid_local_gpt,llm_candidate_exact,,2026-04-19T12:37:21.153426+00:00
11954,FALSE,batch040,qa\validation\stage07_single_case_codex_gold\batch040\manifest.json,qa\validation\stage07_single_case_codex_gold\batch040\json\papers\11954.json,qa\validation\stage07_single_case_codex_gold\batch040\json\segments\11954.segments.json,qa\validation\stage07_single_case_codex_gold\batch040\json\target_views\11954\p1.json,qa\validation\stage07_single_case_codex_gold\batch040\json\validation\11954.validation.json,qa\validation\stage07_single_case_codex_gold\batch040\xml\11954.annotated.xml,stage06_count_runs,results\stage06_count_runs\stage06_backfill_b007_n100_20260419\candidate_packages\11954.json,results\stage06_count_runs\stage06_backfill_b007_n100_20260419\count_evidence\11954.json,results\stage06_count_runs\stage06_backfill_b007_n100_20260419\results\11954.json,,11954,Thymoma-Related Stiff-Person Syndrome with Successfully Treated by Surgery.,"Sasaki, Akihiro; Kato, Tatsuya; Ujiie, Hideki; Wakasa, Satoru; Otake, Setsuyuki; Kikuchi, Keisuke; Ohno, Koichi",single_case_report,case_report,data\extraction_json\text\11954.json,full_text,true,1,high,manual_gold_review,false,false,count_basis=manual_gold_review | count_confidence=high | round_id=2026-04-20_stage06_b007_n100_manual_review | selection_bucket=stage06_backfill_batch_review | prediction_correct=false | reviewed_count=1 | reviewed_source_category=single_case_report | predicted_count=4 | predicted_source_category=single_case_report | reviewer_notes=Manual review confirms the extractable SPS-spectrum count is 1.,gold_reviewed_stage06_v1,4,high,diagnosis_specific_table_row_count,4,4,low,,false,manual_gold_review,manual_gold_review,COUNT_SINGLE_CASE_MISMATCH,2026-04-20T21:48:05Z
11956,FALSE,batch040,qa\validation\stage07_single_case_codex_gold\batch040\manifest.json,qa\validation\stage07_single_case_codex_gold\batch040\json\papers\11956.json,qa\validation\stage07_single_case_codex_gold\batch040\json\segments\11956.segments.json,qa\validation\stage07_single_case_codex_gold\batch040\json\target_views\11956\p1.json,qa\validation\stage07_single_case_codex_gold\batch040\json\validation\11956.validation.json,qa\validation\stage07_single_case_codex_gold\batch040\xml\11956.annotated.xml,stage06_count_gold,,,,qa\validation\source_categorisation\gold_standard\stage06_count_gold\papers\11956.json,11956,Teaching Video NeuroImage: Hung-Up Reflex in Stiff Limb Syndrome.,"Lopez-Jimenez, Alejandro; Gutierrez-Gutierrez, Gerardo; Guerra-Hiraldo, Juan Diego; Kurtis, Monica M; Parees, Isabel",single_case_report,case_report,data\extraction_json\text\11956.json,full_text,true,1,high,manual_gold_review,false,false,count_basis=manual_gold_review | count_confidence=high | round_id=2026-04-05_round_03 | selection_bucket=count_ambiguity | prediction_correct=false | reviewed_count=1 | reviewed_source_category=single_case_report | predicted_count=1 | predicted_source_category=interventional_study,gold_reviewed_stage06_v1,,,,,,,,,manual_gold_review,manual_gold_review,,2026-04-05T15:52:34.718452+00:00
11957,TRUE,batch040,qa\validation\stage07_single_case_codex_gold\batch040\manifest.json,qa\validation\stage07_single_case_codex_gold\batch040\json\papers\11957.json,qa\validation\stage07_single_case_codex_gold\batch040\json\segments\11957.segments.json,qa\validation\stage07_single_case_codex_gold\batch040\json\target_views\11957\p1.json,qa\validation\stage07_single_case_codex_gold\batch040\json\validation\11957.validation.json,qa\validation\stage07_single_case_codex_gold\batch040\xml\11957.annotated.xml,stage06_count_runs,results\stage06_count_runs\stage06_backfill_b007_n100_20260419\candidate_packages\11957.json,results\stage06_count_runs\stage06_backfill_b007_n100_20260419\count_evidence\11957.json,results\stage06_count_runs\stage06_backfill_b007_n100_20260419\results\11957.json,,11957,Postoperative hypotonia in a patient with stiff person syndrome: a case report and literature review.,"Elsherbini, Noha; Weingartshofer, Antonio; Backman, Steven B",single_case_report,case_report,data\extraction_json\text\11957.json,full_text,true,1,high,case_report_marker_single_case,false,false,"challenge_stage=primary | verification_status=llm_candidate_exact | llm_count_confidence=high | llm_selected_candidate_id=cand01 | This paper is a single-patient case report with explicit diagnosis-specific wording: the abstract states both that the authors 'present a patient with SPS' and describes 'a 46-yr-old female patient with SPS.' The additional counts in the paper refer to literature-review cases, which should not be counted as original patients from this paper.",hybrid_v2_gpt-5.4,1,medium,case_report_marker_single_case,3,1,high,cand01,false,hybrid_local_gpt,llm_candidate_exact,,2026-04-19T12:38:57.385113+00:00
11960,FALSE,batch040,qa\validation\stage07_single_case_codex_gold\batch040\manifest.json,qa\validation\stage07_single_case_codex_gold\batch040\json\papers\11960.json,qa\validation\stage07_single_case_codex_gold\batch040\json\segments\11960.segments.json,qa\validation\stage07_single_case_codex_gold\batch040\json\target_views\11960\p1.json,qa\validation\stage07_single_case_codex_gold\batch040\json\validation\11960.validation.json,qa\validation\stage07_single_case_codex_gold\batch040\xml\11960.annotated.xml,stage06_count_runs,results\stage06_count_runs\stage06_backfill_b007_n100_20260419\candidate_packages\11960.json,results\stage06_count_runs\stage06_backfill_b007_n100_20260419\count_evidence\11960.json,results\stage06_count_runs\stage06_backfill_b007_n100_20260419\results\11960.json,,11960,Glutamic acid decarboxylase (GAD) antibody-positive paraneoplastic stiff person syndrome associated with mediastinal liposarcoma.,"Yohannan, Binoy; Sridhar, Arthi; Kachira, Johncy John; Jafri, Syed H",single_case_report,case_report,data\extraction_json\text\11960.json,full_text,true,1,medium,case_report_marker_single_case,true,true,"challenge_stage=primary | verification_status=llm_candidate_exact | llm_count_confidence=medium | llm_selected_candidate_id=cand01 | This BMJ case report explicitly describes a single original SPS-spectrum patient: a young woman diagnosed with paraneoplastic SPS. The best-supported count is 1, but manual review remains appropriate because the evidence pack flags original cohort provenance uncertainty.",hybrid_v2_gpt-5.4,1,medium,case_report_marker_single_case,2,1,medium,cand01,false,hybrid_local_gpt,llm_candidate_exact,,2026-04-19T12:39:16.999754+00:00
11966,FALSE,batch041,qa\validation\stage07_single_case_codex_gold\batch041\manifest.json,qa\validation\stage07_single_case_codex_gold\batch041\json\papers\11966.json,qa\validation\stage07_single_case_codex_gold\batch041\json\segments\11966.segments.json,qa\validation\stage07_single_case_codex_gold\batch041\json\target_views\11966\p1.json,qa\validation\stage07_single_case_codex_gold\batch041\json\validation\11966.validation.json,qa\validation\stage07_single_case_codex_gold\batch041\xml\11966.annotated.xml,manual_review_override_run_artifact,results\stage06_count_runs\stage06_pending30_hybrid_20260417_openai\candidate_packages\11966.json,results\stage06_count_runs\stage06_pending30_hybrid_20260417_openai\count_evidence\11966.json,results\stage06_count_runs\stage06_pending30_hybrid_20260417_openai\results\11966.json,,11966,Pilomotor seizures in autoimmune limbic encephalitis: description of two GAD65 antibodies- related cases and literature review.,"Pondrelli, Federica; Giannoccaro, Maria Pia; Bisulli, Francesca; Ferri, Lorenzo; Menghi, Veronica; Mostacci, Barbara; Avoni, Patrizia; Liguori, Rocco; Tinuper, Paolo; Licchetta, Laura",case_series_or_multi_case,case_series,data/extraction_json/text/11966.json,full_text,true,1,high,manual_review_override,false,false,manual_review_override_applied=true | source_scope_id=stage06_pending30_hybrid_20260417_openai | predicted_count=1 | prediction_correct=true | reviewed_count=1 | reviewer_notes=User adjudication: one original SPS-spectrum patient is extractable.,llm_v1_gpt4.1+manual_review_override,,,,,,,,,manual_review_override,manual_review_override,,2026-04-17T21:59:31.4291891Z
11972,TRUE,batch041,qa\validation\stage07_single_case_codex_gold\batch041\manifest.json,qa\validation\stage07_single_case_codex_gold\batch041\json\papers\11972.json,qa\validation\stage07_single_case_codex_gold\batch041\json\segments\11972.segments.json,qa\validation\stage07_single_case_codex_gold\batch041\json\target_views\11972\p1.json,qa\validation\stage07_single_case_codex_gold\batch041\json\validation\11972.validation.json,qa\validation\stage07_single_case_codex_gold\batch041\xml\11972.annotated.xml,stage06_count_runs,results\stage06_count_runs\stage06_backfill_b007_n100_20260419\candidate_packages\11972.json,results\stage06_count_runs\stage06_backfill_b007_n100_20260419\count_evidence\11972.json,results\stage06_count_runs\stage06_backfill_b007_n100_20260419\results\11972.json,,11972,Unusual presentation of stiff-person syndrome in a patient with type 1 diabetes mellitus.,"Munipalli, Bala; Shah, Jaimin S",single_case_report,case_report,data\extraction_json\text\11972.json,full_text,true,1,high,case_report_marker_single_case,false,false,"challenge_stage=primary | verification_status=llm_candidate_exact | llm_count_confidence=high | llm_selected_candidate_id=cand01 | This is a single-patient case report describing one woman with stiff-limb syndrome, which is within the SPS spectrum. The abstract and full-text excerpt consistently refer to a single patient and provide diagnosis-supporting clinical and antibody findings.",hybrid_v2_gpt-5.4,1,medium,case_report_marker_single_case,2,1,high,cand01,false,hybrid_local_gpt,llm_candidate_exact,,2026-04-19T12:40:06.053285+00:00
11974,FALSE,batch041,qa\validation\stage07_single_case_codex_gold\batch041\manifest.json,qa\validation\stage07_single_case_codex_gold\batch041\json\papers\11974.json,qa\validation\stage07_single_case_codex_gold\batch041\json\segments\11974.segments.json,qa\validation\stage07_single_case_codex_gold\batch041\json\target_views\11974\p1.json,qa\validation\stage07_single_case_codex_gold\batch041\json\validation\11974.validation.json,qa\validation\stage07_single_case_codex_gold\batch041\xml\11974.annotated.xml,stage06_count_runs,results\stage06_count_runs\stage06_backfill_b007_n100_20260419\candidate_packages\11974.json,results\stage06_count_runs\stage06_backfill_b007_n100_20260419\count_evidence\11974.json,results\stage06_count_runs\stage06_backfill_b007_n100_20260419\results\11974.json,,11974,Inspiratory laryngeal stridor as the main feature of progressive encephalomyelitis with rigidity and myoclonus: a case report and literature review.,"Yao, Qingyang; Fu, Maolin; Ren, Lijie; Lin, Caihong; Cao, Liming",single_case_report,case_report,data\extraction_json\text\11974.json,full_text,true,1,high,case_report_marker_single_case,false,false,"challenge_stage=primary | verification_status=llm_candidate_exact | llm_count_confidence=high | llm_selected_candidate_id=cand01 | This paper is an original single-patient case report of progressive encephalomyelitis with rigidity and myoclonus (PERM), which is within the SPS-spectrum definition. The text consistently describes one 52-year-old man as the reported patient, with diagnosis-supported clinical features and anti-GlyR antibody positivity.",hybrid_v2_gpt-5.4,1,medium,case_report_marker_single_case,2,1,high,cand01,false,hybrid_local_gpt,llm_candidate_exact,,2026-04-19T12:40:23.661667+00:00
11975,TRUE,batch041,qa\validation\stage07_single_case_codex_gold\batch041\manifest.json,qa\validation\stage07_single_case_codex_gold\batch041\json\papers\11975.json,qa\validation\stage07_single_case_codex_gold\batch041\json\segments\11975.segments.json,qa\validation\stage07_single_case_codex_gold\batch041\json\target_views\11975\p1.json,qa\validation\stage07_single_case_codex_gold\batch041\json\validation\11975.validation.json,qa\validation\stage07_single_case_codex_gold\batch041\xml\11975.annotated.xml,stage06_count_runs,results\stage06_count_runs\stage06_backfill_b007_n100_20260419\candidate_packages\11975.json,results\stage06_count_runs\stage06_backfill_b007_n100_20260419\count_evidence\11975.json,results\stage06_count_runs\stage06_backfill_b007_n100_20260419\results\11975.json,,11975,Stiff Person Syndrome and Encephalitis with GAD Antibodies with Severe Anterograde Amnesia in an Adolescent: A Case Study and Literature Review.,"Herbulot, Lea; Bost, Chloe; Viguier, Agnes; Faure-Marie, Nathalie; Baudou, Eloise; Cheuret, Emmanuel",single_case_report,case_report,data\extraction_json\text\11975.json,full_text,true,1,medium,single_case_text_signal,true,true,"challenge_stage=primary | verification_status=llm_candidate_exact | llm_count_confidence=medium | llm_selected_candidate_id=cand01 | This paper is a single-patient case report describing one original adolescent patient managed by the authors, with explicit clinical stiff person syndrome plus GAD-positive encephalitis. The count is best supported as 1, but manual review remains appropriate because the evidence pack flags original cohort provenance uncertainty and the article also includes a literature review component.",hybrid_v2_gpt-5.4,1,medium,single_case_text_signal,3,1,medium,cand01,false,hybrid_local_gpt,llm_candidate_exact,,2026-04-19T12:40:41.423563+00:00
11976,FALSE,batch041,qa\validation\stage07_single_case_codex_gold\batch041\manifest.json,qa\validation\stage07_single_case_codex_gold\batch041\json\papers\11976.json,qa\validation\stage07_single_case_codex_gold\batch041\json\segments\11976.segments.json,qa\validation\stage07_single_case_codex_gold\batch041\json\target_views\11976\p1.json,qa\validation\stage07_single_case_codex_gold\batch041\json\validation\11976.validation.json,qa\validation\stage07_single_case_codex_gold\batch041\xml\11976.annotated.xml,stage06_count_runs,results\stage06_count_runs\stage06_backfill_b007_n100_20260419\candidate_packages\11976.json,results\stage06_count_runs\stage06_backfill_b007_n100_20260419\count_evidence\11976.json,results\stage06_count_runs\stage06_backfill_b007_n100_20260419\results\11976.json,,11976,Severe dysautonomia in glycine receptor antibody-positive progressive encephalomyelitis with rigidity and myoclonus (PERM): A case report.,"Mizutani, Yasuaki; Adachi, Shunsuke; Nakano, Shoko; Hayashi, Kazutaka; Higashi, Atsuhiro; Kikuchi, Kouichi; Maeda, Toshiki; Murate, Kenichiro; Shima, Sayuri; Iizuka, Takahiro; Ueda, Akihiro; Ito, Mizuki; Watanabe, Hirohisa",single_case_report,case_report,data\extraction_json\text\11976.json,full_text,true,1,high,case_report_marker_single_case,false,false,"challenge_stage=primary | verification_status=llm_candidate_exact | llm_count_confidence=high | llm_selected_candidate_id=cand01 | This is an explicit single-patient case report of a confirmed SPS-spectrum disorder, PERM. The title and abstract both indicate one original 59-year-old man, with glycine receptor antibodies identified in serum and CSF, supporting a count of 1.",hybrid_v2_gpt-5.4,1,medium,case_report_marker_single_case,2,1,high,cand01,false,hybrid_local_gpt,llm_candidate_exact,,2026-04-19T12:41:01.685928+00:00
11979,TRUE,batch041,qa\validation\stage07_single_case_codex_gold\batch041\manifest.json,qa\validation\stage07_single_case_codex_gold\batch041\json\papers\11979.json,qa\validation\stage07_single_case_codex_gold\batch041\json\segments\11979.segments.json,qa\validation\stage07_single_case_codex_gold\batch041\json\target_views\11979\p1.json,qa\validation\stage07_single_case_codex_gold\batch041\json\validation\11979.validation.json,qa\validation\stage07_single_case_codex_gold\batch041\xml\11979.annotated.xml,stage06_count_runs,results\stage06_count_runs\stage06_backfill_b007_n100_20260419\candidate_packages\11979.json,results\stage06_count_runs\stage06_backfill_b007_n100_20260419\count_evidence\11979.json,results\stage06_count_runs\stage06_backfill_b007_n100_20260419\results\11979.json,,11979,Progressive encephalomyelitis with rigidity and myoclonus (PERM).,"Grech, Neil; Caruana Galizia, John Paul; Pace, Adrian",single_case_report,case_report,data\extraction_json\text\11979.json,full_text,true,1,high,single_case_text_signal,false,false,"challenge_stage=primary | verification_status=llm_candidate_exact | llm_count_confidence=high | llm_selected_candidate_id=cand01 | This single-case report explicitly describes one original patient, a 65-year-old man, who was diagnosed with antiglycine receptor antibody-positive PERM. PERM is within the SPS-spectrum, and no evidence suggests additional original SPS-spectrum cases in this paper.",hybrid_v2_gpt-5.4,1,medium,single_case_text_signal,2,1,high,cand01,false,hybrid_local_gpt,llm_candidate_exact,,2026-04-19T12:41:22.910721+00:00
11981,FALSE,batch041,qa\validation\stage07_single_case_codex_gold\batch041\manifest.json,qa\validation\stage07_single_case_codex_gold\batch041\json\papers\11981.json,qa\validation\stage07_single_case_codex_gold\batch041\json\segments\11981.segments.json,qa\validation\stage07_single_case_codex_gold\batch041\json\target_views\11981\p1.json,qa\validation\stage07_single_case_codex_gold\batch041\json\validation\11981.validation.json,qa\validation\stage07_single_case_codex_gold\batch041\xml\11981.annotated.xml,stage06_count_runs,results\stage06_count_runs\stage06_backfill_b007_n100_20260419\candidate_packages\11981.json,results\stage06_count_runs\stage06_backfill_b007_n100_20260419\count_evidence\11981.json,results\stage06_count_runs\stage06_backfill_b007_n100_20260419\results\11981.json,,11981,Serum glutamate decarboxylase antibodies and neurological disorders: when to suspect their association?.,"Lacruz Ballester, Laura; Fernandez-Fournier, Mireya; Puertas Munoz, Inmaculada; Rodriguez Fraga, Olaia; Lastras Fernandez-Escandon, Clara; Rodriguez de Rivera Garrido, Francisco Javier; Alba Suarez, Elda Maria; Tallon Barranco, Antonio",observational_group_study,retrospective_or_cohort_group_study,data\extraction_json\text\11981.json,full_text,true,1,medium,diagnosis_specific_table_row_count,true,false,"challenge_stage=challenge | verification_status=llm_candidate_exact | llm_count_confidence=medium | challenge_reasons=semantic_validator_reject=COUNT_SPS_STATUS_UNCERTAIN | llm_selected_candidate_id=cand01 | The paper studies a broad cohort of 173 patients tested for GAD antibodies, not an all-SPSD cohort. The clearest extractable SPS-spectrum count is the diagnosis-specific table row showing 1 patient with stiff-person syndrome; because the broader anti-GAD/neurology cohort creates some SPS-status ambiguity, this should remain flagged for manual review.",hybrid_v2_gpt-5.4,1,high,diagnosis_specific_table_row_count,2,1,medium,cand01,false,hybrid_local_gpt,llm_candidate_exact,,2026-04-19T12:41:53.553290+00:00
11988,FALSE,batch041,qa\validation\stage07_single_case_codex_gold\batch041\manifest.json,qa\validation\stage07_single_case_codex_gold\batch041\json\papers\11988.json,qa\validation\stage07_single_case_codex_gold\batch041\json\segments\11988.segments.json,qa\validation\stage07_single_case_codex_gold\batch041\json\target_views\11988\p1.json,qa\validation\stage07_single_case_codex_gold\batch041\json\validation\11988.validation.json,qa\validation\stage07_single_case_codex_gold\batch041\xml\11988.annotated.xml,stage06_count_runs,results\stage06_count_runs\stage06_backfill_b007_n100_20260419\candidate_packages\11988.json,results\stage06_count_runs\stage06_backfill_b007_n100_20260419\count_evidence\11988.json,results\stage06_count_runs\stage06_backfill_b007_n100_20260419\results\11988.json,,11988,Progressive encephalomyelitis with rigidity: A Taiwanese case and review of literature.,"Chang, Anna; Lin, Kuan-Yu; Chuang, Kai-Ju; Waters, Patrick; Irani, Sarosh; Mgbachi, Victor; Yeh, Hsu-Ling; Lien, Li-Ming; Chiu, Hou-Chang; Chen, Wei-Hung",case_series_or_multi_case,case_series,data\extraction_json\text\11988.json,full_text,true,13,medium,diagnosis_specific_fraction_suffix_count,true,true,"challenge_stage=primary | verification_status=llm_candidate_exact | llm_count_confidence=medium | llm_selected_candidate_id=cand01 | The paper is primarily a Taiwanese case report plus a literature review of previously reported PERM cases, so the abstract total of 81 is not an original extractable cohort from this paper. The clearest SPS-spectrum count tied to original data in the evidence pack is the explicit PERM subgroup count of 13, but provenance and context are uncertain, so this should remain flagged for manual review.",hybrid_v2_gpt-5.4,13,high,diagnosis_specific_fraction_suffix_count,3,13,medium,cand01,false,hybrid_local_gpt,llm_candidate_exact,,2026-04-19T12:42:47.282492+00:00
12013,TRUE,batch041,qa\validation\stage07_single_case_codex_gold\batch041\manifest.json,qa\validation\stage07_single_case_codex_gold\batch041\json\papers\12013.json,qa\validation\stage07_single_case_codex_gold\batch041\json\segments\12013.segments.json,qa\validation\stage07_single_case_codex_gold\batch041\json\target_views\12013\p1.json,qa\validation\stage07_single_case_codex_gold\batch041\json\validation\12013.validation.json,qa\validation\stage07_single_case_codex_gold\batch041\xml\12013.annotated.xml,stage06_count_runs,results\stage06_count_runs\stage06_backfill_b007_n100_20260419\candidate_packages\12013.json,results\stage06_count_runs\stage06_backfill_b007_n100_20260419\count_evidence\12013.json,results\stage06_count_runs\stage06_backfill_b007_n100_20260419\results\12013.json,,12013,The effect of clinical pilates-based physiotherapy program for a Stiff Person Syndrome patient: a case report.,"Belgen Kaygisiz, Beliz; Coban, Fahriye; Selcuk, Ferda",single_case_report,case_report,data\extraction_json\text\12013.json,full_text,true,1,high,case_report_marker_single_case,false,false,"challenge_stage=primary | verification_status=llm_candidate_exact | llm_count_confidence=high | llm_selected_candidate_id=cand01 | This is an explicit single-patient case report of SPS. The title, abstract, and full-text excerpt all describe one 43-year-old female patient with a 3-year history of SPS who underwent the intervention, so candidate 1 is directly supported.",hybrid_v2_gpt-5.4,1,medium,case_report_marker_single_case,2,1,high,cand01,false,hybrid_local_gpt,llm_candidate_exact,,2026-04-19T12:43:52.812324+00:00
12094,FALSE,batch041,qa\validation\stage07_single_case_codex_gold\batch041\manifest.json,qa\validation\stage07_single_case_codex_gold\batch041\json\papers\12094.json,qa\validation\stage07_single_case_codex_gold\batch041\json\segments\12094.segments.json,qa\validation\stage07_single_case_codex_gold\batch041\json\target_views\12094\p1.json,qa\validation\stage07_single_case_codex_gold\batch041\json\validation\12094.validation.json,qa\validation\stage07_single_case_codex_gold\batch041\xml\12094.annotated.xml,stage06_count_runs,results\stage06_count_runs\stage06_backfill_b007_n100_20260419\candidate_packages\12094.json,results\stage06_count_runs\stage06_backfill_b007_n100_20260419\count_evidence\12094.json,results\stage06_count_runs\stage06_backfill_b007_n100_20260419\results\12094.json,,12094,Diplopia management in a patient with stiff person syndrome,"Skiadopoulos, D",single_case_report,case_report,data\extraction_json\text\12094.json,full_text,true,1,high,case_report_marker_single_case,false,false,"challenge_stage=primary | verification_status=llm_candidate_exact | llm_count_confidence=high | llm_selected_candidate_id=cand01 | This is a single-case report, and the full-text excerpt explicitly describes one 43-year-old male patient who was diagnosed with stiff person syndrome by a neurologist. No evidence suggests additional original SPS-spectrum patients in this paper.",hybrid_v2_gpt-5.4,1,medium,case_report_marker_single_case,2,1,high,cand01,false,hybrid_local_gpt,llm_candidate_exact,,2026-04-19T12:44:48.703080+00:00
12114,TRUE,batch042,qa\validation\stage07_single_case_codex_gold\batch042\manifest.json,qa\validation\stage07_single_case_codex_gold\batch042\json\papers\12114.json,qa\validation\stage07_single_case_codex_gold\batch042\json\segments\12114.segments.json,qa\validation\stage07_single_case_codex_gold\batch042\json\target_views\12114\p1.json,qa\validation\stage07_single_case_codex_gold\batch042\json\validation\12114.validation.json,qa\validation\stage07_single_case_codex_gold\batch042\xml\12114.annotated.xml,stage06_count_runs,results\stage06_count_runs\stage06_backfill_b007_n100_20260419\candidate_packages\12114.json,results\stage06_count_runs\stage06_backfill_b007_n100_20260419\count_evidence\12114.json,results\stage06_count_runs\stage06_backfill_b007_n100_20260419\results\12114.json,,12114,Case Report: Amphiphysin Antibody-Associated Stiff-Limb Syndrome and Myelopathy: An Unusual Presentation of Breast Cancer in an Elderly Woman,"Gogia, B; Shanina, E; Fang, X; He, J; Li, XP",single_case_report,case_report,data\extraction_json\text\12114.json,full_text,true,1,medium,case_report_marker_single_case,true,false,"challenge_stage=challenge | verification_status=llm_candidate_exact | llm_count_confidence=medium | challenge_reasons=semantic_validator_reject=COUNT_SPS_STATUS_UNCERTAIN | llm_selected_candidate_id=cand01 | This is a single-patient case report with explicit wording that the authors present one case of anti-amphiphysin antibody-associated paraneoplastic stiff-limb syndrome, which is within the SPS spectrum. Although the paper mentions myelopathy and broader SPS-spectrum entities in background text, the reported original patient is clearly one diagnosis-supported SLS case; because of the validator uncertainty flag, manual review remains appropriate.",hybrid_v2_gpt-5.4,1,medium,case_report_marker_single_case,2,1,medium,cand01,false,hybrid_local_gpt,llm_candidate_exact,,2026-04-19T12:45:14.208598+00:00
12117,FALSE,batch042,qa\validation\stage07_single_case_codex_gold\batch042\manifest.json,qa\validation\stage07_single_case_codex_gold\batch042\json\papers\12117.json,qa\validation\stage07_single_case_codex_gold\batch042\json\segments\12117.segments.json,qa\validation\stage07_single_case_codex_gold\batch042\json\target_views\12117\p1.json,qa\validation\stage07_single_case_codex_gold\batch042\json\validation\12117.validation.json,qa\validation\stage07_single_case_codex_gold\batch042\xml\12117.annotated.xml,stage06_count_runs,results\stage06_count_runs\stage06_backfill_b007_n100_20260419\candidate_packages\12117.json,results\stage06_count_runs\stage06_backfill_b007_n100_20260419\count_evidence\12117.json,results\stage06_count_runs\stage06_backfill_b007_n100_20260419\results\12117.json,,12117,Stiff-person syndrome with sensorimotor polyneuropathy - case report,"Jastrzebski, K; Romanowska, N; Rek-Paczes, M; Kepczynski, L; Plucinska, A; Galecka-Kowalska, M; Paczes, K",single_case_report,case_report,data\extraction_json\text\12117.json,full_text,true,1,high,source_single_case_override,false,false,"challenge_stage=primary | verification_status=llm_candidate_exact | llm_count_confidence=high | llm_selected_candidate_id=cand01 | This paper is explicitly a single case report and repeatedly states that the authors present a case report of a patient diagnosed with stiff-person syndrome. The numeric signal of 50 comes from background age/prevalence text, not an SPS cohort count, so the best-supported extractable count is 1.",hybrid_v2_gpt-5.4,1,medium,source_single_case_override,4,1,high,cand01,false,hybrid_local_gpt,llm_candidate_exact,,2026-04-19T12:45:39.840960+00:00
12137,FALSE,batch042,qa\validation\stage07_single_case_codex_gold\batch042\manifest.json,qa\validation\stage07_single_case_codex_gold\batch042\json\papers\12137.json,qa\validation\stage07_single_case_codex_gold\batch042\json\segments\12137.segments.json,qa\validation\stage07_single_case_codex_gold\batch042\json\target_views\12137\p1.json,qa\validation\stage07_single_case_codex_gold\batch042\json\validation\12137.validation.json,qa\validation\stage07_single_case_codex_gold\batch042\xml\12137.annotated.xml,stage06_count_gold,,,,qa\validation\source_categorisation\gold_standard\stage06_count_gold\papers\12137.json,12137,THERAPEUTIC TRIAL OF MILACEMIDE IN PATIENTS WITH MYOCLONUS AND OTHER INTRACTABLE MOVEMENT-DISORDERS,"GORDON, MF; DIAZOLIVO, R; HUNT, AL; FAHN, S",interventional_study,controlled_or_therapeutic_group_study,data\extraction_json\text\12137.json,full_text,true,1,high,manual_gold_review,false,false,count_basis=manual_gold_review | count_confidence=high | round_id=2026-04-05_round_03 | selection_bucket=count_ambiguity | prediction_correct=true | reviewed_count=1 | reviewed_source_category=interventional_study | predicted_count=10 | predicted_source_category=interventional_study | reviewer_notes=Only one current-paper SPS patient; cited Brown trial counts excluded.,gold_reviewed_stage06_v1,,,,,,,,,manual_gold_review,manual_gold_review,,2026-04-05T15:53:04.387853+00:00
12138,TRUE,batch042,qa\validation\stage07_single_case_codex_gold\batch042\manifest.json,qa\validation\stage07_single_case_codex_gold\batch042\json\papers\12138.json,qa\validation\stage07_single_case_codex_gold\batch042\json\segments\12138.segments.json,qa\validation\stage07_single_case_codex_gold\batch042\json\target_views\12138\p1.json,qa\validation\stage07_single_case_codex_gold\batch042\json\validation\12138.validation.json,qa\validation\stage07_single_case_codex_gold\batch042\xml\12138.annotated.xml,stage06_count_runs,results\stage06_count_runs\stage06_backfill_b007_n100_20260419\candidate_packages\12138.json,results\stage06_count_runs\stage06_backfill_b007_n100_20260419\count_evidence\12138.json,results\stage06_count_runs\stage06_backfill_b007_n100_20260419\results\12138.json,,12138,Glycine Receptor Antibody-Associated Progressive Encephalomyelitis with Rigidity and Myoclonus (PERM) During SARS-CoV-2 Infection: a Video-Case Report,"Giacomozzi, S; Barone, V; Merli, E; Contardi, S; Ricciardiello, F; Giannoccaro, MP; Liguori, R; Zini, A",single_case_report,case_report,data\extraction_json\text\12138.json,full_text,true,1,medium,case_report_marker_single_case,true,true,"challenge_stage=primary | verification_status=llm_candidate_exact | llm_count_confidence=medium | llm_selected_candidate_id=cand01 | This is a single-patient PERM video-case report with explicit diagnosis of progressive encephalomyelitis with rigidity and myoclonus, so the best-supported extractable count is 1. However, the evidence pack notes the patient 'has been previously reported during SARS-CoV-2 infection,' so provenance overlap is uncertain and manual review is required.",hybrid_v2_gpt-5.4,1,medium,case_report_marker_single_case,2,1,medium,cand01,false,hybrid_local_gpt,llm_candidate_exact,,2026-04-19T12:45:59.518292+00:00
12141,TRUE,batch042,qa\validation\stage07_single_case_codex_gold\batch042\manifest.json,qa\validation\stage07_single_case_codex_gold\batch042\json\papers\12141.json,qa\validation\stage07_single_case_codex_gold\batch042\json\segments\12141.segments.json,qa\validation\stage07_single_case_codex_gold\batch042\json\target_views\12141\p1.json,qa\validation\stage07_single_case_codex_gold\batch042\json\validation\12141.validation.json,qa\validation\stage07_single_case_codex_gold\batch042\xml\12141.annotated.xml,stage06_count_runs,results\stage06_count_runs\stage06_backfill_b007_n100_20260419\candidate_packages\12141.json,results\stage06_count_runs\stage06_backfill_b007_n100_20260419\count_evidence\12141.json,results\stage06_count_runs\stage06_backfill_b007_n100_20260419\results\12141.json,,12141,Paraneoplastic Stiff Person Syndrome With Anti-amphiphysin Antibodies Presenting With Pruritus as the Initial Manifestation: An Unusual Case,"Raj, A; Alapatt, P; Johny, P; Ashraf, VV",single_case_report,case_report,data\extraction_json\text\12141.json,full_text,true,1,high,diagnosis_specific_patient_case_count,false,false,"challenge_stage=primary | verification_status=llm_candidate_exact | llm_count_confidence=high | llm_selected_candidate_id=cand03 | This is a single-patient case report with explicit diagnosis-supported language for one woman with paraneoplastic stiff person syndrome. The abstract and full-text excerpt both describe one unique SPS-spectrum patient, so the diagnosis-specific 1-patient candidate is best supported.",hybrid_v2_gpt-5.4,1,medium,case_report_marker_single_case,3,1,high,cand03,false,hybrid_local_gpt,llm_candidate_exact,,2026-04-19T12:46:18.181399+00:00
12202,TRUE,batch042,qa\validation\stage07_single_case_codex_gold\batch042\manifest.json,qa\validation\stage07_single_case_codex_gold\batch042\json\papers\12202.json,qa\validation\stage07_single_case_codex_gold\batch042\json\segments\12202.segments.json,qa\validation\stage07_single_case_codex_gold\batch042\json\target_views\12202\p1.json,qa\validation\stage07_single_case_codex_gold\batch042\json\validation\12202.validation.json,qa\validation\stage07_single_case_codex_gold\batch042\xml\12202.annotated.xml,stage06_count_runs,results\stage06_count_runs\stage06_backfill_b007_n100_20260419\candidate_packages\12202.json,results\stage06_count_runs\stage06_backfill_b007_n100_20260419\count_evidence\12202.json,results\stage06_count_runs\stage06_backfill_b007_n100_20260419\results\12202.json,,12202,Progressive Encephalomyelitis with Rigidity and Myoclonus with an Aggressive Presentation Mimicking Septic Shock: A Pediatric Case Report and Literature Review,"Ho, SCS; Leung, KY; Ng, GSF; Yiu, WL; Yau, EKC; Fong, NC",single_case_report,case_report,data\extraction_json\text\12202.json,full_text,true,1,medium,diagnosis_specific_table_row_count,true,true,"challenge_stage=primary | verification_status=llm_candidate_exact | llm_count_confidence=medium | llm_selected_candidate_id=cand02 | This is a pediatric single-case report with explicit text stating the authors report one 16-year-old girl diagnosed with PERM. The competing count of 2 is not supported by clear original-patient evidence and likely reflects heuristic misreading of surrounding review/table material; because provenance uncertainty signals are present, human review is still warranted.",hybrid_v2_gpt-5.4,2,high,diagnosis_specific_table_row_count,4,1,medium,cand02,false,hybrid_local_gpt,llm_candidate_exact,,2026-04-19T12:46:46.122449+00:00
12219,FALSE,batch042,qa\validation\stage07_single_case_codex_gold\batch042\manifest.json,qa\validation\stage07_single_case_codex_gold\batch042\json\papers\12219.json,qa\validation\stage07_single_case_codex_gold\batch042\json\segments\12219.segments.json,qa\validation\stage07_single_case_codex_gold\batch042\json\target_views\12219\p1.json,qa\validation\stage07_single_case_codex_gold\batch042\json\validation\12219.validation.json,qa\validation\stage07_single_case_codex_gold\batch042\xml\12219.annotated.xml,stage06_count_runs,results\stage06_count_runs\stage06_backfill_b007_n100_20260419\candidate_packages\12219.json,results\stage06_count_runs\stage06_backfill_b007_n100_20260419\count_evidence\12219.json,results\stage06_count_runs\stage06_backfill_b007_n100_20260419\results\12219.json,,12219,Stiff person syndrome associated with dermatitis herpetiformis: a case report,"Tayebi, L; Keita, AM; Louhab, N; Zahlane, M; Benjilali, L; Essaadouni, L",single_case_report,case_report,data\extraction_json\text\12219.json,full_text,true,1,high,case_report_marker_single_case,false,false,challenge_stage=primary | verification_status=llm_candidate_exact | llm_count_confidence=high | llm_selected_candidate_id=cand01 | This paper is explicitly a case report and repeatedly states that it reports one 46-year-old patient with classic autoimmune stiff person syndrome. The evidence supports a single unique SPS-spectrum case with no indication of additional original patients.,hybrid_v2_gpt-5.4,1,medium,case_report_marker_single_case,2,1,high,cand01,false,hybrid_local_gpt,llm_candidate_exact,,2026-04-19T12:47:03.721958+00:00
12234,FALSE,batch042,qa\validation\stage07_single_case_codex_gold\batch042\manifest.json,qa\validation\stage07_single_case_codex_gold\batch042\json\papers\12234.json,qa\validation\stage07_single_case_codex_gold\batch042\json\segments\12234.segments.json,qa\validation\stage07_single_case_codex_gold\batch042\json\target_views\12234\p1.json,qa\validation\stage07_single_case_codex_gold\batch042\json\validation\12234.validation.json,qa\validation\stage07_single_case_codex_gold\batch042\xml\12234.annotated.xml,stage06_count_runs,results\stage06_count_runs\stage06_backfill_b007_n100_20260419\candidate_packages\12234.json,results\stage06_count_runs\stage06_backfill_b007_n100_20260419\count_evidence\12234.json,results\stage06_count_runs\stage06_backfill_b007_n100_20260419\results\12234.json,,12234,Anti-glycine receptor antibody-positive progressive encephalomyelitis with rigidity and myoclonus initially presenting with one-sided stiff face: A case report,"Irie, KI; Tateishi, T; Moritaka, T; Sakurada, N; Kikuchi, S; Taniwaki, T",single_case_report,case_report,data\extraction_json\text\12234.json,full_text,true,1,high,manual_gold_review,false,false,count_basis=manual_gold_review | count_confidence=high | round_id=2026-04-20_stage06_b007_n100_manual_review | selection_bucket=stage06_backfill_batch_review | prediction_correct=true | reviewed_count=1 | reviewed_source_category=single_case_report | predicted_count=1 | predicted_source_category=single_case_report | reviewer_notes=Manual review confirms the extractable SPS-spectrum count is 1.,gold_reviewed_stage06_v1,1,medium,case_report_marker_single_case,2,1,high,cand01,false,manual_gold_review,manual_gold_review,COUNT_SPS_STATUS_UNCERTAIN,2026-04-20T21:48:05Z
12236,FALSE,batch042,qa\validation\stage07_single_case_codex_gold\batch042\manifest.json,qa\validation\stage07_single_case_codex_gold\batch042\json\papers\12236.json,qa\validation\stage07_single_case_codex_gold\batch042\json\segments\12236.segments.json,qa\validation\stage07_single_case_codex_gold\batch042\json\target_views\12236\p1.json,qa\validation\stage07_single_case_codex_gold\batch042\json\validation\12236.validation.json,qa\validation\stage07_single_case_codex_gold\batch042\xml\12236.annotated.xml,stage06_count_runs,results\stage06_count_runs\stage06_backfill_b007_n100_20260419\candidate_packages\12236.json,results\stage06_count_runs\stage06_backfill_b007_n100_20260419\count_evidence\12236.json,results\stage06_count_runs\stage06_backfill_b007_n100_20260419\results\12236.json,,12236,Stiff person syndrome in a Nepalese man with uncontrolled diabetes mellitus and ketonuria: A rare case report,"Kharel, S; Ojha, R; Bhandari, S; Sharma, A; Parajuli, N; Karn, R; Gajurel, BP; Rajbhandari, R; Gautam, N; Shrestha, A",single_case_report,case_report,data\extraction_json\text\12236.json,full_text,true,1,high,case_report_marker_single_case,false,false,"challenge_stage=primary | verification_status=llm_candidate_exact | llm_count_confidence=high | llm_selected_candidate_id=cand01 | This is a single-case report with explicit language stating that the paper reports a rare case of SPS in one middle-aged Nepalese man. The full-text excerpt also consistently describes one patient and provides diagnosis-supporting clinical, EMG, and GAD65 antibody findings.",hybrid_v2_gpt-5.4,1,medium,case_report_marker_single_case,2,1,high,cand01,false,hybrid_local_gpt,llm_candidate_exact,,2026-04-19T12:48:20.512552+00:00
12244,FALSE,batch042,qa\validation\stage07_single_case_codex_gold\batch042\manifest.json,qa\validation\stage07_single_case_codex_gold\batch042\json\papers\12244.json,qa\validation\stage07_single_case_codex_gold\batch042\json\segments\12244.segments.json,qa\validation\stage07_single_case_codex_gold\batch042\json\target_views\12244\p1.json,qa\validation\stage07_single_case_codex_gold\batch042\json\validation\12244.validation.json,qa\validation\stage07_single_case_codex_gold\batch042\xml\12244.annotated.xml,stage06_count_runs,results\stage06_count_runs\stage06_backfill_b007_n100_20260419\candidate_packages\12244.json,results\stage06_count_runs\stage06_backfill_b007_n100_20260419\count_evidence\12244.json,results\stage06_count_runs\stage06_backfill_b007_n100_20260419\results\12244.json,,12244,Successful management of dyspnea in a patient with stiff person syndrome with noninvasive positive-pressure ventilation: A case report,"Kim, D; Chang, MC",single_case_report,case_report,data\extraction_json\text\12244.json,full_text,true,1,high,case_report_marker_single_case,false,false,"challenge_stage=primary | verification_status=llm_candidate_exact | llm_count_confidence=high | llm_selected_candidate_id=cand01 | This is a single-patient case report with explicit diagnosis-supported SPS language. The paper repeatedly states that it presents one patient with SPS and then describes a 38-year-old female patient in detail, supporting a count of 1 unique SPS-spectrum case.",hybrid_v2_gpt-5.4,1,medium,case_report_marker_single_case,3,1,high,cand01,false,hybrid_local_gpt,llm_candidate_exact,,2026-04-19T12:48:42.386753+00:00
12262,FALSE,batch043,qa\validation\stage07_single_case_codex_gold\batch043\manifest.json,qa\validation\stage07_single_case_codex_gold\batch043\json\papers\12262.json,qa\validation\stage07_single_case_codex_gold\batch043\json\segments\12262.segments.json,qa\validation\stage07_single_case_codex_gold\batch043\json\target_views\12262\p1.json,qa\validation\stage07_single_case_codex_gold\batch043\json\validation\12262.validation.json,qa\validation\stage07_single_case_codex_gold\batch043\xml\12262.annotated.xml,stage06_count_runs,results\stage06_count_runs\stage06_backfill_b007_n100_20260419\candidate_packages\12262.json,results\stage06_count_runs\stage06_backfill_b007_n100_20260419\count_evidence\12262.json,results\stage06_count_runs\stage06_backfill_b007_n100_20260419\results\12262.json,,12262,STIFF-MAN SYNDROME - REPORT OF A CASE,"TARSY, D; MIYAWAKI, EK",single_case_report,case_report,data\extraction_json\text\12262.json,full_text,true,1,medium,case_report_marker_single_case,true,true,"challenge_stage=primary | verification_status=llm_candidate_exact | llm_count_confidence=medium | llm_selected_candidate_id=cand01 | This paper is explicitly a case report and the abstract/full-text excerpt describe one woman with stiff-man syndrome. The cited larger patient numbers are background literature, not original cases from this paper; however, provenance uncertainty is flagged, so human review remains appropriate.",hybrid_v2_gpt-5.4,1,medium,case_report_marker_single_case,2,1,medium,cand01,false,hybrid_local_gpt,llm_candidate_exact,,2026-04-19T12:49:30.089559+00:00
12305,FALSE,batch043,qa\validation\stage07_single_case_codex_gold\batch043\manifest.json,qa\validation\stage07_single_case_codex_gold\batch043\json\papers\12305.json,qa\validation\stage07_single_case_codex_gold\batch043\json\segments\12305.segments.json,qa\validation\stage07_single_case_codex_gold\batch043\json\target_views\12305\p1.json,qa\validation\stage07_single_case_codex_gold\batch043\json\validation\12305.validation.json,qa\validation\stage07_single_case_codex_gold\batch043\xml\12305.annotated.xml,stage06_count_runs,results\stage06_count_runs\stage06_backfill_b007_n100_20260419\candidate_packages\12305.json,results\stage06_count_runs\stage06_backfill_b007_n100_20260419\count_evidence\12305.json,results\stage06_count_runs\stage06_backfill_b007_n100_20260419\results\12305.json,,12305,Breast Carcinoma Presenting with Anti-amphiphysin Antibody-associated Stiff-limb Syndrome,"Closas, AMD; Tan, AH; Goh, KJ; Schee, JP; See, MH; Tai, SML; Lim, SY",single_case_report,case_report,data\extraction_json\text\12305.json,full_text,true,1,medium,case_report_marker_single_case,true,false,"challenge_stage=challenge | verification_status=llm_candidate_exact | llm_count_confidence=medium | challenge_reasons=semantic_validator_reject=COUNT_SPS_STATUS_UNCERTAIN | llm_selected_candidate_id=cand01 | This is an original single-patient case report describing an 83-year-old woman with anti-amphiphysin antibody-associated paraneoplastic stiff-limb syndrome, which is within the SPS spectrum. Although the paper also contains background discussion of broader SPS-spectrum entities, the extractable original data support one unique SPS-spectrum patient; due to the validator's SPS-status uncertainty flag, manual review remains appropriate.",hybrid_v2_gpt-5.4,1,medium,case_report_marker_single_case,2,1,medium,cand01,false,hybrid_local_gpt,llm_candidate_exact,,2026-04-19T12:51:32.246339+00:00
12328,FALSE,batch043,qa\validation\stage07_single_case_codex_gold\batch043\manifest.json,qa\validation\stage07_single_case_codex_gold\batch043\json\papers\12328.json,qa\validation\stage07_single_case_codex_gold\batch043\json\segments\12328.segments.json,qa\validation\stage07_single_case_codex_gold\batch043\json\target_views\12328\p1.json,qa\validation\stage07_single_case_codex_gold\batch043\json\validation\12328.validation.json,qa\validation\stage07_single_case_codex_gold\batch043\xml\12328.annotated.xml,stage06_count_runs,results\stage06_count_runs\stage06_backfill_b007_n100_20260419\candidate_packages\12328.json,results\stage06_count_runs\stage06_backfill_b007_n100_20260419\count_evidence\12328.json,results\stage06_count_runs\stage06_backfill_b007_n100_20260419\results\12328.json,,12328,Painful spasms during childhood: Stiff-person syndrome,"Curado, A; Rosário, M; Gonçalves, C; Silva, D; Conceiçao, I; Coelho, J; Santos, T; Moreno, T",single_case_report,case_report,data\extraction_json\text\12328.json,full_text,true,1,high,source_single_case_default,false,false,"challenge_stage=primary | verification_status=llm_candidate_exact | llm_count_confidence=high | llm_selected_candidate_id=cand01 | The preferred text explicitly describes a single original pediatric SPS patient: 'a 10-year-old boy' whose clinical course, EMG findings, treatment, and follow-up are presented. This directly supports the single-case candidate count of 1.",hybrid_v2_gpt-5.4,1,medium,source_single_case_default,2,1,high,cand01,false,hybrid_local_gpt,llm_candidate_exact,,2026-04-19T12:52:08.887969+00:00
12412,TRUE,batch043,qa\validation\stage07_single_case_codex_gold\batch043\manifest.json,qa\validation\stage07_single_case_codex_gold\batch043\json\papers\12412.json,qa\validation\stage07_single_case_codex_gold\batch043\json\segments\12412.segments.json,qa\validation\stage07_single_case_codex_gold\batch043\json\target_views\12412\p1.json,qa\validation\stage07_single_case_codex_gold\batch043\json\validation\12412.validation.json,qa\validation\stage07_single_case_codex_gold\batch043\xml\12412.annotated.xml,stage06_count_runs,results\stage06_count_runs\stage06_backfill_b007_n100_20260419\candidate_packages\12412.json,results\stage06_count_runs\stage06_backfill_b007_n100_20260419\count_evidence\12412.json,results\stage06_count_runs\stage06_backfill_b007_n100_20260419\results\12412.json,,12412,Long-term effect of gabapentin in stiff limb syndrome: A case report,"Holmoy, T",single_case_report,case_report,data\extraction_json\text\12412.json,full_text,true,1,high,case_report_marker_single_case,false,false,"challenge_stage=primary | verification_status=llm_candidate_exact | llm_count_confidence=high | llm_selected_candidate_id=cand01 | This paper is an explicit single-patient case report of stiff limb syndrome within the SPS spectrum. The text repeatedly refers to one patient and confirms the diagnosis with clinical features, EMG findings, and anti-GAD65 antibodies.",hybrid_v2_gpt-5.4,1,medium,case_report_marker_single_case,2,1,high,cand01,false,hybrid_local_gpt,llm_candidate_exact,,2026-04-19T12:54:36.411646+00:00
12414,FALSE,batch043,qa\validation\stage07_single_case_codex_gold\batch043\manifest.json,qa\validation\stage07_single_case_codex_gold\batch043\json\papers\12414.json,qa\validation\stage07_single_case_codex_gold\batch043\json\segments\12414.segments.json,qa\validation\stage07_single_case_codex_gold\batch043\json\target_views\12414\p1.json,qa\validation\stage07_single_case_codex_gold\batch043\json\validation\12414.validation.json,qa\validation\stage07_single_case_codex_gold\batch043\xml\12414.annotated.xml,stage06_count_runs,results\stage06_count_runs\stage06_backfill_b007_n100_20260419\candidate_packages\12414.json,results\stage06_count_runs\stage06_backfill_b007_n100_20260419\count_evidence\12414.json,results\stage06_count_runs\stage06_backfill_b007_n100_20260419\results\12414.json,,12414,The stiff limb syndrome - a new case and a literature review,"Bartsch, T; Herzog, J; Baron, R; Deuschl, G",single_case_report,case_report,data\extraction_json\text\12414.json,full_text,true,1,high,case_report_marker_single_case,false,false,challenge_stage=primary | verification_status=llm_candidate_exact | llm_count_confidence=high | llm_selected_candidate_id=cand01 | This paper explicitly reports one new original stiff limb syndrome case: a 69-year-old woman. The additional table and discussion summarize previously published literature and should not be counted as original cases from this paper.,hybrid_v2_gpt-5.4,1,medium,case_report_marker_single_case,2,1,high,cand01,false,hybrid_local_gpt,llm_candidate_exact,,2026-04-19T12:54:53.479076+00:00
12433,FALSE,batch043,qa\validation\stage07_single_case_codex_gold\batch043\manifest.json,qa\validation\stage07_single_case_codex_gold\batch043\json\papers\12433.json,qa\validation\stage07_single_case_codex_gold\batch043\json\segments\12433.segments.json,qa\validation\stage07_single_case_codex_gold\batch043\json\target_views\12433\p1.json,qa\validation\stage07_single_case_codex_gold\batch043\json\validation\12433.validation.json,qa\validation\stage07_single_case_codex_gold\batch043\xml\12433.annotated.xml,stage06_count_runs,results\stage06_count_runs\stage06_backfill_b007_n100_20260419\candidate_packages\12433.json,results\stage06_count_runs\stage06_backfill_b007_n100_20260419\count_evidence\12433.json,results\stage06_count_runs\stage06_backfill_b007_n100_20260419\results\12433.json,,12433,AUTOANTIBODIES TO GABAERGIC NEURONS AND RESPONSE TO PLASMAPHERESIS IN STIFF-MAN SYNDROME,"BRASHEAR, HR; PHILLIPS, LH",single_case_report,case_report,data\extraction_json\text\12433.json,full_text,true,1,medium,source_single_case_override,true,true,"challenge_stage=primary | verification_status=llm_candidate_exact | llm_count_confidence=medium | llm_selected_candidate_id=cand01 | This paper is framed as a single case report and explicitly states 'We describe a patient with progressive stiff-man syndrome.' The 'more than 200 other patients' refers to comparison samples, not original extractable SPS-spectrum cases reported in this paper; however, provenance overlap signals warrant manual review.",hybrid_v2_gpt-5.4,1,medium,source_single_case_override,3,1,medium,cand01,false,hybrid_local_gpt,llm_candidate_exact,,2026-04-19T12:55:48.191098+00:00
12465,FALSE,batch043,qa\validation\stage07_single_case_codex_gold\batch043\manifest.json,qa\validation\stage07_single_case_codex_gold\batch043\json\papers\12465.json,qa\validation\stage07_single_case_codex_gold\batch043\json\segments\12465.segments.json,qa\validation\stage07_single_case_codex_gold\batch043\json\target_views\12465\p1.json,qa\validation\stage07_single_case_codex_gold\batch043\json\validation\12465.validation.json,qa\validation\stage07_single_case_codex_gold\batch043\xml\12465.annotated.xml,stage06_count_runs,results\stage06_count_runs\stage06_backfill_b007_n100_20260419\candidate_packages\12465.json,results\stage06_count_runs\stage06_backfill_b007_n100_20260419\count_evidence\12465.json,results\stage06_count_runs\stage06_backfill_b007_n100_20260419\results\12465.json,,12465,Successful treatment of stiff man syndrome with intravenous immunoglobulin,"Barker, RA; Marsden, CD",single_case_report,case_report,data\extraction_json\text\12465.json,full_text,true,1,medium,source_single_case_default,true,true,"challenge_stage=primary | verification_status=llm_candidate_exact | llm_count_confidence=medium | llm_selected_candidate_id=cand01 | The paper text describes one original SPS/SMS patient in detail: a 43-year-old man with classic stiff-man syndrome features treated with IVIG. Although the article cites prior IVIG-treated patients from earlier studies, those are clearly background literature rather than additional original cases; however, provenance uncertainty signals warrant manual review.",hybrid_v2_gpt-5.4,1,medium,source_single_case_default,2,1,medium,cand01,false,hybrid_local_gpt,llm_candidate_exact,,2026-04-19T12:57:32.283356+00:00
12484,FALSE,batch043,qa\validation\stage07_single_case_codex_gold\batch043\manifest.json,qa\validation\stage07_single_case_codex_gold\batch043\json\papers\12484.json,qa\validation\stage07_single_case_codex_gold\batch043\json\segments\12484.segments.json,qa\validation\stage07_single_case_codex_gold\batch043\json\target_views\12484\p1.json,qa\validation\stage07_single_case_codex_gold\batch043\json\validation\12484.validation.json,qa\validation\stage07_single_case_codex_gold\batch043\xml\12484.annotated.xml,stage06_count_runs,results\stage06_count_runs\stage06_backfill_b007_n100_20260419\candidate_packages\12484.json,results\stage06_count_runs\stage06_backfill_b007_n100_20260419\count_evidence\12484.json,results\stage06_count_runs\stage06_backfill_b007_n100_20260419\results\12484.json,,12484,Stiff-person Syndrome Associated with Anti-Yo1 Antibodies: A Case Report,"Chekanova, E; Luneva, I; Kozlova, A; Smetanina, O; Zakharova, M",single_case_report,case_report,data\extraction_json\text\12484.json,full_text,true,1,high,case_report_marker_single_case,false,false,"challenge_stage=primary | verification_status=llm_candidate_exact | llm_count_confidence=high | llm_selected_candidate_id=cand01 | The paper is explicitly a case report of one woman with clinically and EMG-supported stiff-person syndrome. The title, methods, and results all indicate a single original SPS-spectrum patient.",hybrid_v2_gpt-5.4,1,medium,case_report_marker_single_case,2,1,high,cand01,false,hybrid_local_gpt,llm_candidate_exact,,2026-04-19T12:58:36.563134+00:00
12515,FALSE,batch043,qa\validation\stage07_single_case_codex_gold\batch043\manifest.json,qa\validation\stage07_single_case_codex_gold\batch043\json\papers\12515.json,qa\validation\stage07_single_case_codex_gold\batch043\json\segments\12515.segments.json,qa\validation\stage07_single_case_codex_gold\batch043\json\target_views\12515\p1.json,qa\validation\stage07_single_case_codex_gold\batch043\json\validation\12515.validation.json,qa\validation\stage07_single_case_codex_gold\batch043\xml\12515.annotated.xml,stage06_count_runs,results\stage06_count_runs\stage06_backfill_b007_n100_20260419\candidate_packages\12515.json,results\stage06_count_runs\stage06_backfill_b007_n100_20260419\count_evidence\12515.json,results\stage06_count_runs\stage06_backfill_b007_n100_20260419\results\12515.json,,12515,Stiff-Person Syndrome <i>Persistent Elevation of Glutamic Acid Decarboxylase Antibodies Despite Successful Treatment With Rituximab</i>,"Bacorro, EA; Tehrani, R",single_case_report,case_report,data\extraction_json\text\12515.json,full_text,true,1,high,case_report_marker_single_case,false,false,challenge_stage=primary | verification_status=llm_candidate_exact | llm_count_confidence=high | llm_selected_candidate_id=cand01 | This paper is a single case report and explicitly states that the authors report one case of stiff-person syndrome. The text consistently describes a single 62-year-old male patient with diagnosis-supported SPS features and treatment course.,hybrid_v2_gpt-5.4,1,medium,case_report_marker_single_case,2,1,high,cand01,false,hybrid_local_gpt,llm_candidate_exact,,2026-04-19T13:00:45.996115+00:00
12531,FALSE,batch043,qa\validation\stage07_single_case_codex_gold\batch043\manifest.json,qa\validation\stage07_single_case_codex_gold\batch043\json\papers\12531.json,qa\validation\stage07_single_case_codex_gold\batch043\json\segments\12531.segments.json,qa\validation\stage07_single_case_codex_gold\batch043\json\target_views\12531\p1.json,qa\validation\stage07_single_case_codex_gold\batch043\json\validation\12531.validation.json,qa\validation\stage07_single_case_codex_gold\batch043\xml\12531.annotated.xml,stage06_count_runs,results\stage06_count_runs\stage06_backfill_b007_n100_20260419\candidate_packages\12531.json,results\stage06_count_runs\stage06_backfill_b007_n100_20260419\count_evidence\12531.json,results\stage06_count_runs\stage06_backfill_b007_n100_20260419\results\12531.json,,12531,STIFF-MAN SYNDROME AND ENCEPHALOMYELITIS MAY COEXIST - CLINICAL-PATHOLOGICAL CORRELATIONS,"ARMON, C; SWANSON, JW; MCLEAN, JM; WESTBROOK, PR; OKAZAKI, H; KURTIN, PJ; KAYLANRAMAN, UP; RODRIGUEZ, MR",single_case_report,case_report,data\extraction_json\text_trimmed\12531.json,trimmed,true,1,medium,source_single_case_default,true,true,"challenge_stage=primary | verification_status=llm_candidate_exact | llm_count_confidence=medium | llm_selected_candidate_id=cand01 | The paper text describes one original individual patient with stiff-man syndrome and subsequent encephalomyelitis, consistent with a single-case report. Although prior similar cases are mentioned in the background, the report's extractable original SPS-spectrum count is 1; manual review remains appropriate because provenance uncertainty was flagged upstream.",hybrid_v2_gpt-5.4,1,medium,source_single_case_default,2,1,medium,cand01,false,hybrid_local_gpt,llm_candidate_exact,,2026-04-19T13:01:23.729149+00:00
12532,TRUE,batch044,qa\validation\stage07_single_case_codex_gold\batch044\manifest.json,qa\validation\stage07_single_case_codex_gold\batch044\json\papers\12532.json,qa\validation\stage07_single_case_codex_gold\batch044\json\segments\12532.segments.json,qa\validation\stage07_single_case_codex_gold\batch044\json\target_views\12532\p1.json,qa\validation\stage07_single_case_codex_gold\batch044\json\validation\12532.validation.json,qa\validation\stage07_single_case_codex_gold\batch044\xml\12532.annotated.xml,stage06_count_runs,results\stage06_count_runs\stage06_backfill_b007_n100_20260419\candidate_packages\12532.json,results\stage06_count_runs\stage06_backfill_b007_n100_20260419\count_evidence\12532.json,results\stage06_count_runs\stage06_backfill_b007_n100_20260419\results\12532.json,,12532,Standing Still: A Case of Stiff-person Syndrome and Common Variable Immunodeficiency,"Escobar, S; Khazar, V; Szema, A",conference_abstract,single_case_conference_abstract,data\extraction_json\text_proceedings_ready\12532.json,full_text,true,1,high,case_report_marker_single_case,false,false,"challenge_stage=primary | verification_status=llm_candidate_exact | llm_count_confidence=high | llm_selected_candidate_id=cand01 | The conference abstract explicitly presents a single patient: a 54-year-old man with a history of stiff-person syndrome and CVID. This directly supports a count of 1 unique original SPS-spectrum case, matching candidate cand01.",hybrid_v2_gpt-5.4,1,medium,case_report_marker_single_case,2,1,high,cand01,false,hybrid_local_gpt,llm_candidate_exact,,2026-04-19T13:01:41.188354+00:00
12537,FALSE,batch044,qa\validation\stage07_single_case_codex_gold\batch044\manifest.json,qa\validation\stage07_single_case_codex_gold\batch044\json\papers\12537.json,qa\validation\stage07_single_case_codex_gold\batch044\json\segments\12537.segments.json,qa\validation\stage07_single_case_codex_gold\batch044\json\target_views\12537\p1.json,qa\validation\stage07_single_case_codex_gold\batch044\json\validation\12537.validation.json,qa\validation\stage07_single_case_codex_gold\batch044\xml\12537.annotated.xml,stage06_count_runs,results\stage06_count_runs\stage06_backfill_b007_n100_20260419\candidate_packages\12537.json,results\stage06_count_runs\stage06_backfill_b007_n100_20260419\count_evidence\12537.json,results\stage06_count_runs\stage06_backfill_b007_n100_20260419\results\12537.json,,12537,Caesarean section under spinal anaesthesia for a patient with stiff person syndrome,"Forbes, A; Skelton, V",single_case_report,case_report,data\extraction_json\text\12537.json,full_text,true,1,high,case_report_marker_single_case,false,false,"challenge_stage=primary | verification_status=llm_candidate_exact | llm_count_confidence=high | llm_selected_candidate_id=cand01 | This is a single-patient case report of one woman with confirmed stiff person syndrome undergoing caesarean section. The title and case description both explicitly indicate one SPS patient, with diagnostic support from prior diagnosis and anti-GAD antibodies.",hybrid_v2_gpt-5.4,1,medium,case_report_marker_single_case,2,1,high,cand01,false,hybrid_local_gpt,llm_candidate_exact,,2026-04-19T13:02:20.602629+00:00
12567,FALSE,batch044,qa\validation\stage07_single_case_codex_gold\batch044\manifest.json,qa\validation\stage07_single_case_codex_gold\batch044\json\papers\12567.json,qa\validation\stage07_single_case_codex_gold\batch044\json\segments\12567.segments.json,qa\validation\stage07_single_case_codex_gold\batch044\json\target_views\12567\p1.json,qa\validation\stage07_single_case_codex_gold\batch044\json\validation\12567.validation.json,qa\validation\stage07_single_case_codex_gold\batch044\xml\12567.annotated.xml,stage06_count_runs,results\stage06_count_runs\stage06_backfill_b007_n100_20260419\candidate_packages\12567.json,results\stage06_count_runs\stage06_backfill_b007_n100_20260419\count_evidence\12567.json,results\stage06_count_runs\stage06_backfill_b007_n100_20260419\results\12567.json,,12567,A Case of Stiff Person Syndrome with Response to Methotrexate Therapy for Lymphoma,"Birjandian, Z; Graber, J",conference_abstract,single_case_conference_abstract,data\extraction_json\text_proceedings_ready\12567.json,full_text,true,1,medium,case_report_marker_single_case,true,false,"challenge_stage=challenge | verification_status=llm_candidate_exact | llm_count_confidence=medium | challenge_reasons=semantic_validator_reject=COUNT_SPS_STATUS_UNCERTAIN | llm_selected_candidate_id=cand01 | This conference abstract reports a single original patient: a 57-year-old woman described in case-report format with clinical features and antibody-supported SPS. Although there is an upstream SPS-status uncertainty flag, the text itself explicitly presents one patient as having stiff person syndrome, so the best-supported extractable count is 1, but manual review remains appropriate due to the flagged uncertainty.",hybrid_v2_gpt-5.4,1,medium,case_report_marker_single_case,2,1,medium,cand01,false,hybrid_local_gpt,llm_candidate_exact,,2026-04-19T13:03:57.093390+00:00
12600,FALSE,batch044,qa\validation\stage07_single_case_codex_gold\batch044\manifest.json,qa\validation\stage07_single_case_codex_gold\batch044\json\papers\12600.json,qa\validation\stage07_single_case_codex_gold\batch044\json\segments\12600.segments.json,qa\validation\stage07_single_case_codex_gold\batch044\json\target_views\12600\p1.json,qa\validation\stage07_single_case_codex_gold\batch044\json\validation\12600.validation.json,qa\validation\stage07_single_case_codex_gold\batch044\xml\12600.annotated.xml,stage06_count_runs,results\stage06_count_runs\stage06_backfill_b007_n100_20260419\candidate_packages\12600.json,results\stage06_count_runs\stage06_backfill_b007_n100_20260419\count_evidence\12600.json,results\stage06_count_runs\stage06_backfill_b007_n100_20260419\results\12600.json,,12600,Catatonia or Depression - A Diagnostic Dilemma in Stiff Person Syndrome: A rare case report,"Das, D; Mamtani, H; Prasad, K",single_case_report,case_report,data\extraction_json\text\12600.json,full_text,true,1,high,case_report_marker_single_case,false,false,challenge_stage=primary | verification_status=llm_candidate_exact | llm_count_confidence=high | llm_selected_candidate_id=cand01 | This paper is explicitly presented as a rare case report and the full text describes a single 70-year-old woman with provisionally diagnosed stiff person syndrome supported by classical EMG findings and clinical workup. No evidence suggests additional SPS-spectrum patients were reported.,hybrid_v2_gpt-5.4,1,medium,case_report_marker_single_case,2,1,high,cand01,false,hybrid_local_gpt,llm_candidate_exact,,2026-04-19T13:04:35.074650+00:00
12627,TRUE,batch044,qa\validation\stage07_single_case_codex_gold\batch044\manifest.json,qa\validation\stage07_single_case_codex_gold\batch044\json\papers\12627.json,qa\validation\stage07_single_case_codex_gold\batch044\json\segments\12627.segments.json,qa\validation\stage07_single_case_codex_gold\batch044\json\target_views\12627\p1.json,qa\validation\stage07_single_case_codex_gold\batch044\json\validation\12627.validation.json,qa\validation\stage07_single_case_codex_gold\batch044\xml\12627.annotated.xml,stage06_count_runs,results\stage06_count_runs\stage06_backfill_b007_n100_20260419\candidate_packages\12627.json,results\stage06_count_runs\stage06_backfill_b007_n100_20260419\count_evidence\12627.json,results\stage06_count_runs\stage06_backfill_b007_n100_20260419\results\12627.json,,12627,Coexistence of neuromyelitis optica and stiff person syndrome in a single patient: a case report,"Thuringer, A; Jassam, Y",single_case_report,case_report,data\extraction_json\text\12627.json,full_text,true,1,high,case_report_marker_single_case,false,false,"challenge_stage=primary | verification_status=llm_candidate_exact | llm_count_confidence=high | llm_selected_candidate_id=cand01 | The paper is explicitly a single-patient case report, and the text describes one 47-year-old woman diagnosed with stiff person syndrome who later developed neuromyelitis optica. This supports counting 1 unique original SPS-spectrum patient.",hybrid_v2_gpt-5.4,1,medium,case_report_marker_single_case,2,1,high,cand01,false,hybrid_local_gpt,llm_candidate_exact,,2026-04-19T13:05:24.029911+00:00
12660,FALSE,batch044,qa\validation\stage07_single_case_codex_gold\batch044\manifest.json,qa\validation\stage07_single_case_codex_gold\batch044\json\papers\12660.json,qa\validation\stage07_single_case_codex_gold\batch044\json\segments\12660.segments.json,qa\validation\stage07_single_case_codex_gold\batch044\json\target_views\12660\p1.json,qa\validation\stage07_single_case_codex_gold\batch044\json\validation\12660.validation.json,qa\validation\stage07_single_case_codex_gold\batch044\xml\12660.annotated.xml,stage06_count_runs,results\stage06_count_runs\stage06_backfill_b007_n100_20260419\candidate_packages\12660.json,results\stage06_count_runs\stage06_backfill_b007_n100_20260419\count_evidence\12660.json,results\stage06_count_runs\stage06_backfill_b007_n100_20260419\results\12660.json,,12660,Epilepsia Partialis Continua & Stiff Person Syndrome Occurring Together in a Child with Anti-GAD Antibody Positivity,"Varma-Doyle, A; Vega, J; Wojcicki, K; Weimer, M; Miller, D",single_case_report,case_report,data\extraction_json\text\12660.json,full_text,true,1,high,single_case_text_signal,true,true,"challenge_stage=primary | verification_status=llm_candidate_exact | llm_count_confidence=high | llm_selected_candidate_id=cand01 | This is a case report describing one original child patient with explicit SPS symptoms and a concluding statement that the child had EPC and SPS. The mention of three previously reported EPC cases refers to prior literature, not additional patients in this paper; however, provenance uncertainty is flagged upstream, so manual review should remain required.",hybrid_v2_gpt-5.4,1,medium,single_case_text_signal,2,1,high,cand01,false,hybrid_local_gpt,llm_candidate_exact,,2026-04-19T13:06:48.172094+00:00
12663,FALSE,batch044,qa\validation\stage07_single_case_codex_gold\batch044\manifest.json,qa\validation\stage07_single_case_codex_gold\batch044\json\papers\12663.json,qa\validation\stage07_single_case_codex_gold\batch044\json\segments\12663.segments.json,qa\validation\stage07_single_case_codex_gold\batch044\json\target_views\12663\p1.json,qa\validation\stage07_single_case_codex_gold\batch044\json\validation\12663.validation.json,qa\validation\stage07_single_case_codex_gold\batch044\xml\12663.annotated.xml,stage06_count_runs,results\stage06_count_runs\stage06_backfill_b008_n60_20260419\candidate_packages\12663.json,results\stage06_count_runs\stage06_backfill_b008_n60_20260419\count_evidence\12663.json,results\stage06_count_runs\stage06_backfill_b008_n60_20260419\results\12663.json,,12663,Stiff-person syndrome with paraneoplastic neurological syndrome: a case report and literature review,"Zhang, HW; Wei, WS",single_case_report,case_report,data\extraction_json\text\12663.json,full_text,true,1,high,case_report_marker_single_case,false,false,challenge_stage=primary | verification_status=llm_candidate_exact | llm_count_confidence=high | llm_selected_candidate_id=cand01 | This paper is an original single-case report describing one 67-year-old woman with diagnosis-supported stiff-person syndrome and lung adenocarcinoma. The additional literature review refers to prior published cases and does not add new extractable patients from this paper.,hybrid_v2_gpt-5.4,1,medium,case_report_marker_single_case,2,1,high,cand01,false,hybrid_local_gpt,llm_candidate_exact,,2026-04-19T13:10:11.065488+00:00
12668,FALSE,batch044,qa\validation\stage07_single_case_codex_gold\batch044\manifest.json,qa\validation\stage07_single_case_codex_gold\batch044\json\papers\12668.json,qa\validation\stage07_single_case_codex_gold\batch044\json\segments\12668.segments.json,qa\validation\stage07_single_case_codex_gold\batch044\json\target_views\12668\p1.json,qa\validation\stage07_single_case_codex_gold\batch044\json\validation\12668.validation.json,qa\validation\stage07_single_case_codex_gold\batch044\xml\12668.annotated.xml,stage06_count_runs,results\stage06_count_runs\stage06_backfill_b008_n60_20260419\candidate_packages\12668.json,results\stage06_count_runs\stage06_backfill_b008_n60_20260419\count_evidence\12668.json,results\stage06_count_runs\stage06_backfill_b008_n60_20260419\results\12668.json,,12668,Stiff Person Syndrome <i>Presentation of a Case With Repetitive Complex Discharges in Electromiograms</i>,"Caballero, PEJ",single_case_report,case_report,data\extraction_json\text\12668.json,full_text,true,1,high,case_report_marker_single_case,false,false,challenge_stage=primary | verification_status=llm_candidate_exact | llm_count_confidence=high | llm_selected_candidate_id=cand01 | This paper is an original single-case report describing one 41-year-old woman with clinically described stiff person syndrome and supportive EMG/antibody findings. The evidence supports exactly 1 unique SPS-spectrum patient.,hybrid_v2_gpt-5.4,1,medium,case_report_marker_single_case,3,1,high,cand01,false,hybrid_local_gpt,llm_candidate_exact,,2026-04-19T13:11:04.678094+00:00
12683,FALSE,batch044,qa\validation\stage07_single_case_codex_gold\batch044\manifest.json,qa\validation\stage07_single_case_codex_gold\batch044\json\papers\12683.json,qa\validation\stage07_single_case_codex_gold\batch044\json\segments\12683.segments.json,qa\validation\stage07_single_case_codex_gold\batch044\json\target_views\12683\p1.json,qa\validation\stage07_single_case_codex_gold\batch044\json\validation\12683.validation.json,qa\validation\stage07_single_case_codex_gold\batch044\xml\12683.annotated.xml,stage06_count_runs,results\stage06_count_runs\stage06_backfill_b008_n60_20260419\candidate_packages\12683.json,results\stage06_count_runs\stage06_backfill_b008_n60_20260419\count_evidence\12683.json,results\stage06_count_runs\stage06_backfill_b008_n60_20260419\results\12683.json,,12683,"Stiff person syndrome (SPS), a basal ganglia disease?: Striatal MRI lesions in a patient with SPS","Santervas, PLG; Padillo, AA; Castro, PS; Romero, JO; Callejón, JR; Verdegay, GA; Hurtado, AH",single_case_report,case_report,data\extraction_json\text\12683.json,full_text,true,1,medium,case_report_marker_single_case,true,true,"challenge_stage=primary | verification_status=llm_candidate_exact | llm_count_confidence=medium | llm_selected_candidate_id=cand01 | The paper is explicitly structured as a case report and the full text describes a single SPS patient ('our patient' / 'a 69-year-old woman'). This supports a count of 1 unique original SPS-spectrum case, but manual review remains appropriate because the evidence pack flags possible prior description/provenance uncertainty.",hybrid_v2_gpt-5.4,1,medium,case_report_marker_single_case,2,1,medium,cand01,false,hybrid_local_gpt,llm_candidate_exact,,2026-04-19T13:12:07.416784+00:00
12697,FALSE,batch044,qa\validation\stage07_single_case_codex_gold\batch044\manifest.json,qa\validation\stage07_single_case_codex_gold\batch044\json\papers\12697.json,qa\validation\stage07_single_case_codex_gold\batch044\json\segments\12697.segments.json,qa\validation\stage07_single_case_codex_gold\batch044\json\target_views\12697\p1.json,qa\validation\stage07_single_case_codex_gold\batch044\json\validation\12697.validation.json,qa\validation\stage07_single_case_codex_gold\batch044\xml\12697.annotated.xml,stage06_count_runs,results\stage06_count_runs\stage06_backfill_b008_n60_20260419\candidate_packages\12697.json,results\stage06_count_runs\stage06_backfill_b008_n60_20260419\count_evidence\12697.json,results\stage06_count_runs\stage06_backfill_b008_n60_20260419\results\12697.json,,12697,A Case of Stiff Person Syndrome Complicated by Acute Interstitial Pneumonia: Successful Treatment With IVIG and Glucocorticoids,"Kumar, K; Chung, J",conference_abstract,single_case_conference_abstract,data\extraction_json\text_proceedings_ready\12697.json,full_text,true,1,high,case_report_marker_single_case,false,false,challenge_stage=primary | verification_status=llm_candidate_exact | llm_count_confidence=high | llm_selected_candidate_id=cand01 | This conference abstract is explicitly framed as a single case report and the body describes one 49-year-old female with a history of stiff person syndrome. The best-supported extractable SPS-spectrum count is therefore 1.,hybrid_v2_gpt-5.4,1,medium,case_report_marker_single_case,2,1,high,cand01,false,hybrid_local_gpt,llm_candidate_exact,,2026-04-19T13:13:24.795536+00:00
12700,FALSE,batch045,qa\validation\stage07_single_case_codex_gold\batch045\manifest.json,qa\validation\stage07_single_case_codex_gold\batch045\json\papers\12700.json,qa\validation\stage07_single_case_codex_gold\batch045\json\segments\12700.segments.json,qa\validation\stage07_single_case_codex_gold\batch045\json\target_views\12700\p1.json,qa\validation\stage07_single_case_codex_gold\batch045\json\validation\12700.validation.json,qa\validation\stage07_single_case_codex_gold\batch045\xml\12700.annotated.xml,stage06_count_runs,results\stage06_count_runs\stage06_backfill_b008_n60_20260419\candidate_packages\12700.json,results\stage06_count_runs\stage06_backfill_b008_n60_20260419\count_evidence\12700.json,results\stage06_count_runs\stage06_backfill_b008_n60_20260419\results\12700.json,,12700,GAD65 Antibody-Associated Neurologic Disease Presenting With Hemiparkinsonism at Onset,"Patel, RA; Joyce, J; Witek, N; Afshari, M",single_case_report,case_report,data\extraction_json\text\12700.json,full_text,true,1,medium,case_report_marker_single_case,true,false,"challenge_stage=primary | verification_status=llm_candidate_exact | llm_count_confidence=medium | llm_selected_candidate_id=cand01 | This is a single-patient case report describing one original patient with GAD65-associated neurologic disease who developed features reminiscent of SPS/stiff-limb syndrome and cerebellar ataxia. The paper repeatedly refers to a single patient ('the patient,' 'our case,' 'our patient'), supporting a count of 1 extractable SPS-spectrum case, though the exact SPS-spectrum labeling is somewhat interpretive rather than fully definitive.",hybrid_v2_gpt-5.4,1,medium,case_report_marker_single_case,2,1,medium,cand01,false,hybrid_local_gpt,llm_candidate_exact,,2026-04-19T13:13:47.026338+00:00
12762,FALSE,batch045,qa\validation\stage07_single_case_codex_gold\batch045\manifest.json,qa\validation\stage07_single_case_codex_gold\batch045\json\papers\12762.json,qa\validation\stage07_single_case_codex_gold\batch045\json\segments\12762.segments.json,qa\validation\stage07_single_case_codex_gold\batch045\json\target_views\12762\p1.json,qa\validation\stage07_single_case_codex_gold\batch045\json\validation\12762.validation.json,qa\validation\stage07_single_case_codex_gold\batch045\xml\12762.annotated.xml,stage06_count_runs,results\stage06_count_runs\stage06_backfill_b008_n60_20260419\candidate_packages\12762.json,results\stage06_count_runs\stage06_backfill_b008_n60_20260419\count_evidence\12762.json,results\stage06_count_runs\stage06_backfill_b008_n60_20260419\results\12762.json,,12762,The use of combined therapy with CFPE and IVIG in a patient with refractory standard therapy for stiff person syndrome,"Tkachenko, V; Makaruk, J; Degterev, D; Nikitina, A; Smolentseva, K; Ginzberg, M",single_case_report,case_report,data\extraction_json\text\12762.json,full_text,true,1,high,case_report_marker_single_case,false,false,"challenge_stage=primary | verification_status=llm_candidate_exact | llm_count_confidence=high | llm_selected_candidate_id=cand01 | This paper is a single-patient case report of stiff person syndrome. The title explicitly states 'in a patient,' and the body excerpt describes one 56-year-old female patient diagnosed with stiff-person syndrome.",hybrid_v2_gpt-5.4,1,medium,case_report_marker_single_case,2,1,high,cand01,false,hybrid_local_gpt,llm_candidate_exact,,2026-04-19T13:16:20.908007+00:00
12767,FALSE,batch045,qa\validation\stage07_single_case_codex_gold\batch045\manifest.json,qa\validation\stage07_single_case_codex_gold\batch045\json\papers\12767.json,qa\validation\stage07_single_case_codex_gold\batch045\json\segments\12767.segments.json,qa\validation\stage07_single_case_codex_gold\batch045\json\target_views\12767\p1.json,qa\validation\stage07_single_case_codex_gold\batch045\json\validation\12767.validation.json,qa\validation\stage07_single_case_codex_gold\batch045\xml\12767.annotated.xml,stage06_count_runs,results\stage06_count_runs\stage06_backfill_b008_n60_20260419\candidate_packages\12767.json,results\stage06_count_runs\stage06_backfill_b008_n60_20260419\count_evidence\12767.json,results\stage06_count_runs\stage06_backfill_b008_n60_20260419\results\12767.json,,12767,Brachial monomelic amyotrophy as an initial manifestation of stiff person syndrome,"Ray, S; Kamath, V; Rajesh, KN",single_case_report,case_report,data\extraction_json\text\12767.json,full_text,true,1,medium,case_report_marker_single_case,true,true,"challenge_stage=primary | verification_status=llm_candidate_exact | llm_count_confidence=medium | llm_selected_candidate_id=cand01 | This is a single-patient case report with explicit original reporting of one SPS patient. The diagnosis is clinically supported by rigidity findings and strongly positive GAD65 antibodies, but because the package flags original cohort provenance uncertainty, manual review should remain required.",hybrid_v2_gpt-5.4,1,medium,case_report_marker_single_case,3,1,medium,cand01,false,hybrid_local_gpt,llm_candidate_exact,,2026-04-19T13:16:40.519839+00:00
12785,FALSE,batch045,qa\validation\stage07_single_case_codex_gold\batch045\manifest.json,qa\validation\stage07_single_case_codex_gold\batch045\json\papers\12785.json,qa\validation\stage07_single_case_codex_gold\batch045\json\segments\12785.segments.json,qa\validation\stage07_single_case_codex_gold\batch045\json\target_views\12785\p1.json,qa\validation\stage07_single_case_codex_gold\batch045\json\validation\12785.validation.json,qa\validation\stage07_single_case_codex_gold\batch045\xml\12785.annotated.xml,stage06_count_runs,results\stage06_count_runs\stage06_backfill_b008_n60_20260419\candidate_packages\12785.json,results\stage06_count_runs\stage06_backfill_b008_n60_20260419\count_evidence\12785.json,results\stage06_count_runs\stage06_backfill_b008_n60_20260419\results\12785.json,,12785,STIFF-MAN SYNDROME IN A PATIENT WITH HODGKINS-DISEASE - AN UNUSUAL PARANEOPLASTIC SYNDROME,"FERRARI, P; FEDERICO, M; GRIMALDI, LME; SILINGARDI, V",single_case_report,case_report,data\extraction_json\text\12785.json,full_text,true,1,high,case_report_marker_single_case,false,false,"challenge_stage=primary | verification_status=llm_candidate_exact | llm_count_confidence=high | llm_selected_candidate_id=cand01 | This paper is an original single-case report of one diagnosis-supported stiff-man syndrome patient with Hodgkin's disease. The abstract and case report language consistently describe a single patient, with no evidence of additional original SPS-spectrum cases.",hybrid_v2_gpt-5.4,1,medium,case_report_marker_single_case,2,1,high,cand01,false,hybrid_local_gpt,llm_candidate_exact,,2026-04-19T13:17:18.309682+00:00
12798,FALSE,batch045,qa\validation\stage07_single_case_codex_gold\batch045\manifest.json,qa\validation\stage07_single_case_codex_gold\batch045\json\papers\12798.json,qa\validation\stage07_single_case_codex_gold\batch045\json\segments\12798.segments.json,qa\validation\stage07_single_case_codex_gold\batch045\json\target_views\12798\p1.json,qa\validation\stage07_single_case_codex_gold\batch045\json\validation\12798.validation.json,qa\validation\stage07_single_case_codex_gold\batch045\xml\12798.annotated.xml,stage06_count_runs,results\stage06_count_runs\stage06_backfill_b008_n60_20260419\candidate_packages\12798.json,results\stage06_count_runs\stage06_backfill_b008_n60_20260419\count_evidence\12798.json,results\stage06_count_runs\stage06_backfill_b008_n60_20260419\results\12798.json,,12798,A CASE OF PROGRESSIVE ENCEPHALOMYELITIS WITH RIGIDITY AND POSITIVE ANTIGLUTAMIC ACID DEHYDROGENASE ANTIBODIES,"BURN, DJ; BALL, J; LEES, AJ; BEHAN, PO; MORGANHUGHES, JA",single_case_report,case_report,data\extraction_json\text\12798.json,full_text,true,1,medium,case_report_marker_single_case,true,true,"challenge_stage=primary | verification_status=llm_candidate_exact | llm_count_confidence=medium | llm_selected_candidate_id=cand01 | This is an original single-patient case report of progressive encephalomyelitis with rigidity, which is within the SPS spectrum (PERM/PEWR). The paper explicitly describes one 50-year-old woman, but because original_cohort_provenance_uncertain=true in the evidence pack, manual review should remain required.",hybrid_v2_gpt-5.4,1,medium,case_report_marker_single_case,2,1,medium,cand01,false,hybrid_local_gpt,llm_candidate_exact,,2026-04-19T13:17:38.161786+00:00
12807,FALSE,batch045,qa\validation\stage07_single_case_codex_gold\batch045\manifest.json,qa\validation\stage07_single_case_codex_gold\batch045\json\papers\12807.json,qa\validation\stage07_single_case_codex_gold\batch045\json\segments\12807.segments.json,qa\validation\stage07_single_case_codex_gold\batch045\json\target_views\12807\p1.json,qa\validation\stage07_single_case_codex_gold\batch045\json\validation\12807.validation.json,qa\validation\stage07_single_case_codex_gold\batch045\xml\12807.annotated.xml,stage06_count_runs,results\stage06_count_runs\stage06_backfill_b008_n60_20260419\candidate_packages\12807.json,results\stage06_count_runs\stage06_backfill_b008_n60_20260419\count_evidence\12807.json,results\stage06_count_runs\stage06_backfill_b008_n60_20260419\results\12807.json,,12807,Stiff Person Syndrome in a Patient with Atypical Carcinoid Tumor of the Lung Secondary to Antiamphiphysin Antibodies: A Case Report and Literature Review,"Abusamra, K; Thandampallayam, M; Sudhakar, P; Lukins, D",conference_abstract,single_case_conference_abstract,data\extraction_json\text_proceedings_ready\12807.json,proceedings_ready,true,1,high,case_report_marker_single_case,true,true,"challenge_stage=primary | verification_status=llm_candidate_exact | llm_count_confidence=high | llm_selected_candidate_id=cand01 | The conference abstract explicitly presents a single original patient as a case report: a 48-year-old man diagnosed with paraneoplastic SPS. This supports the single-case candidate, but manual review remains required because the evidence pack flags original cohort provenance uncertainty.",hybrid_v2_gpt-5.4,1,medium,case_report_marker_single_case,2,1,high,cand01,false,hybrid_local_gpt,llm_candidate_exact,,2026-04-19T13:17:58.862667+00:00
12894,TRUE,batch045,qa\validation\stage07_single_case_codex_gold\batch045\manifest.json,qa\validation\stage07_single_case_codex_gold\batch045\json\papers\12894.json,qa\validation\stage07_single_case_codex_gold\batch045\json\segments\12894.segments.json,qa\validation\stage07_single_case_codex_gold\batch045\json\target_views\12894\p1.json,qa\validation\stage07_single_case_codex_gold\batch045\json\validation\12894.validation.json,qa\validation\stage07_single_case_codex_gold\batch045\xml\12894.annotated.xml,stage06_count_runs,results\stage06_count_runs\stage06_backfill_b008_n60_20260419\candidate_packages\12894.json,results\stage06_count_runs\stage06_backfill_b008_n60_20260419\count_evidence\12894.json,results\stage06_count_runs\stage06_backfill_b008_n60_20260419\results\12894.json,,12894,Paraneoplastic stiff-person syndrome with lung cancer: a case report and literature review,"Li, Z; Han, D; Chen, T; Zhang, LF; Wang, Y; Liu, YX; Zhang, XJ",single_case_report,case_report,data\extraction_json\text\12894.json,full_text,true,1,high,case_report_marker_single_case,false,false,challenge_stage=primary | verification_status=llm_candidate_exact | llm_count_confidence=high | llm_selected_candidate_id=cand01 | This paper is explicitly presented as a case report and repeatedly states that the authors reported a single SPS patient. The literature review content refers to prior published cases and does not add original extractable SPS-spectrum patients from this paper.,hybrid_v2_gpt-5.4,1,medium,case_report_marker_single_case,2,1,high,cand01,false,hybrid_local_gpt,llm_candidate_exact,,2026-04-19T13:18:55.399239+00:00
12940,FALSE,batch045,qa\validation\stage07_single_case_codex_gold\batch045\manifest.json,qa\validation\stage07_single_case_codex_gold\batch045\json\papers\12940.json,qa\validation\stage07_single_case_codex_gold\batch045\json\segments\12940.segments.json,qa\validation\stage07_single_case_codex_gold\batch045\json\target_views\12940\p1.json,qa\validation\stage07_single_case_codex_gold\batch045\json\validation\12940.validation.json,qa\validation\stage07_single_case_codex_gold\batch045\xml\12940.annotated.xml,stage06_count_runs,results\stage06_count_runs\stage06_backfill_b008_n60_20260419\candidate_packages\12940.json,results\stage06_count_runs\stage06_backfill_b008_n60_20260419\count_evidence\12940.json,results\stage06_count_runs\stage06_backfill_b008_n60_20260419\results\12940.json,,12940,Stiff-Eye Syndrome-Anti-GAD Ataxia Presenting with Isolated Ophthalmoplegia: A Case Report,"Belém, AD; Vasconcelos, TDF; de Paula, RCD; da Costa, FBS; Rodrigues, PGB; Pereira, ID; Tavares, PRD; Galdino, GS; Dias, DA; Santos, CD; Sobreira-Neto, MA; Braga-Neto, P; Nobrega, PR",single_case_report,case_report,data\extraction_json\text\12940.json,full_text,true,1,high,manual_gold_review,false,false,count_basis=manual_gold_review | count_confidence=high | round_id=2026-04-20_stage06_b008_n60_manual_review | selection_bucket=stage06_backfill_batch_review | prediction_correct=true | reviewed_count=1 | reviewed_source_category=single_case_report | predicted_count=1 | predicted_source_category=single_case_report | reviewer_notes=Manual review confirms the extractable SPS-spectrum count is 1.,gold_reviewed_stage06_v1,1,medium,case_report_marker_single_case,2,1,low,,true,manual_gold_review,manual_gold_review,COUNT_SUSPECTED_COHORT_WITHOUT_CONFIRMED_SUBGROUP,2026-04-20T21:48:05Z
13027,FALSE,batch045,qa\validation\stage07_single_case_codex_gold\batch045\manifest.json,qa\validation\stage07_single_case_codex_gold\batch045\json\papers\13027.json,qa\validation\stage07_single_case_codex_gold\batch045\json\segments\13027.segments.json,qa\validation\stage07_single_case_codex_gold\batch045\json\target_views\13027\p1.json,qa\validation\stage07_single_case_codex_gold\batch045\json\validation\13027.validation.json,qa\validation\stage07_single_case_codex_gold\batch045\xml\13027.annotated.xml,stage06_count_runs,results\stage06_count_runs\stage06_backfill_b008_n60_20260419\candidate_packages\13027.json,results\stage06_count_runs\stage06_backfill_b008_n60_20260419\count_evidence\13027.json,results\stage06_count_runs\stage06_backfill_b008_n60_20260419\results\13027.json,,13027,Stiff-man syndrome:: identification of 17β-hydroxysteroid dehydrogenase type 4 as a novel 80-kDa antineuronal antigen,"Dinkel, K; Rickert, M; Möller, G; Adamski, J; Meinck, HM; Richter, W",lab_heavy_clinical_or_translational,group_or_frequency_focused_lab_clinical_study,data\extraction_json\text\13027.json,full_text,true,1,medium,single_case_text_signal,true,true,"challenge_stage=primary | verification_status=llm_candidate_exact | llm_count_confidence=medium | llm_selected_candidate_id=cand02 | The paper clearly includes original clinically described material from one newly diagnosed SMS patient (HG) from whom peripheral blood mononuclear cells were obtained and whose diagnosis is supported by clinical and EMG findings. Although additional 25 serum and 15 CSF SMS samples are mentioned, these appear primarily as specimen-source assay cohorts with uncertain extractable clinical provenance, so the safest supported candidate is 1 and manual review remains warranted.",hybrid_v2_gpt-5.4,0,low,lab_context_no_extractable_count,4,1,medium,cand02,false,hybrid_local_gpt,llm_candidate_exact,,2026-04-19T13:20:40.456365+00:00
13042,FALSE,batch045,qa\validation\stage07_single_case_codex_gold\batch045\manifest.json,qa\validation\stage07_single_case_codex_gold\batch045\json\papers\13042.json,qa\validation\stage07_single_case_codex_gold\batch045\json\segments\13042.segments.json,qa\validation\stage07_single_case_codex_gold\batch045\json\target_views\13042\p1.json,qa\validation\stage07_single_case_codex_gold\batch045\json\validation\13042.validation.json,qa\validation\stage07_single_case_codex_gold\batch045\xml\13042.annotated.xml,stage06_count_runs,results\stage06_count_runs\stage06_backfill_b008_n60_20260419\candidate_packages\13042.json,results\stage06_count_runs\stage06_backfill_b008_n60_20260419\count_evidence\13042.json,results\stage06_count_runs\stage06_backfill_b008_n60_20260419\results\13042.json,,13042,A Rarity Among the Rare: Psychiatric Manifestations in a Young Woman With Stiff- Person Syndrome,"Sanak, D; Marticorena-Martinez, R; Acosta, E",single_case_report,case_report,data\extraction_json\text\13042.json,full_text,true,1,high,single_case_text_signal,false,false,"challenge_stage=primary | verification_status=llm_candidate_exact | llm_count_confidence=high | llm_selected_candidate_id=cand01 | This is a single-case report explicitly describing one 35-year-old woman with a prior diagnosis of stiff-person syndrome and positive GAD antibodies. The paper repeatedly frames itself as a case report of one patient, so the best-supported extractable SPS-spectrum count is 1.",hybrid_v2_gpt-5.4,1,medium,single_case_text_signal,2,1,high,cand01,false,hybrid_local_gpt,llm_candidate_exact,,2026-04-19T13:21:36.452123+00:00
13049,TRUE,batch046,qa\validation\stage07_single_case_codex_gold\batch046\manifest.json,qa\validation\stage07_single_case_codex_gold\batch046\json\papers\13049.json,qa\validation\stage07_single_case_codex_gold\batch046\json\segments\13049.segments.json,qa\validation\stage07_single_case_codex_gold\batch046\json\target_views\13049\p1.json,qa\validation\stage07_single_case_codex_gold\batch046\json\validation\13049.validation.json,qa\validation\stage07_single_case_codex_gold\batch046\xml\13049.annotated.xml,stage06_count_runs,results\stage06_count_runs\stage06_backfill_b008_n60_20260419\candidate_packages\13049.json,results\stage06_count_runs\stage06_backfill_b008_n60_20260419\count_evidence\13049.json,results\stage06_count_runs\stage06_backfill_b008_n60_20260419\results\13049.json,,13049,Stiff-Leg Syndrome Associated with Autoimmune Retinopathy and Its Treatment with IVIg-A Case Report and Review of the Literature,"Papadopoulos, VE; Papadimas, GK; Androudi, S; Anagnostouli, M; Evangelopoulos, ME",single_case_report,case_report,data\extraction_json\text\13049.json,full_text,true,1,medium,case_report_marker_single_case,true,true,"challenge_stage=primary | verification_status=llm_candidate_exact | llm_count_confidence=medium | llm_selected_candidate_id=cand01 | The paper explicitly presents a rare case of a middle-aged woman with autoimmune retinopathy followed by stiff-leg syndrome, supporting a single original SPS-spectrum patient. Because the article is also framed as a review and the evidence pack flags original cohort provenance uncertainty, the safest decision is the 1-patient candidate with manual review retained.",hybrid_v2_gpt-5.4,1,medium,case_report_marker_single_case,2,1,medium,cand01,false,hybrid_local_gpt,llm_candidate_exact,,2026-04-19T13:21:56.336119+00:00
13056,FALSE,batch046,qa\validation\stage07_single_case_codex_gold\batch046\manifest.json,qa\validation\stage07_single_case_codex_gold\batch046\json\papers\13056.json,qa\validation\stage07_single_case_codex_gold\batch046\json\segments\13056.segments.json,qa\validation\stage07_single_case_codex_gold\batch046\json\target_views\13056\p1.json,qa\validation\stage07_single_case_codex_gold\batch046\json\validation\13056.validation.json,qa\validation\stage07_single_case_codex_gold\batch046\xml\13056.annotated.xml,stage06_count_runs,results\stage06_count_runs\stage06_backfill_b008_n60_20260419\candidate_packages\13056.json,results\stage06_count_runs\stage06_backfill_b008_n60_20260419\count_evidence\13056.json,results\stage06_count_runs\stage06_backfill_b008_n60_20260419\results\13056.json,,13056,<SUP>11</SUP>C-Flumazenil positron emission tomography demonstrates reduction of both global and local cerebral benzodiazepine receptor binding in a patient with Stiff Person Syndrome,"Galldiks, N; Thiel, A; Haense, C; Fink, GR; Hilker, R",single_case_report,case_report,data\extraction_json\text\13056.json,full_text,true,1,high,case_report_marker_single_case,false,false,"challenge_stage=primary | verification_status=llm_candidate_exact | llm_count_confidence=high | llm_selected_candidate_id=cand01 | This is a single-case report with explicit text stating that the study was performed in one female patient with SPS, compared against healthy controls. The full-text case presentation also describes one 53-year-old woman diagnosed with SPS, supporting an extractable count of 1 unique SPS-spectrum patient.",hybrid_v2_gpt-5.4,1,medium,case_report_marker_single_case,3,1,high,cand01,false,hybrid_local_gpt,llm_candidate_exact,,2026-04-19T13:22:14.152796+00:00
13066,FALSE,batch046,qa\validation\stage07_single_case_codex_gold\batch046\manifest.json,qa\validation\stage07_single_case_codex_gold\batch046\json\papers\13066.json,qa\validation\stage07_single_case_codex_gold\batch046\json\segments\13066.segments.json,qa\validation\stage07_single_case_codex_gold\batch046\json\target_views\13066\p1.json,qa\validation\stage07_single_case_codex_gold\batch046\json\validation\13066.validation.json,qa\validation\stage07_single_case_codex_gold\batch046\xml\13066.annotated.xml,stage06_count_runs,results\stage06_count_runs\stage06_backfill_b008_n60_20260419\candidate_packages\13066.json,results\stage06_count_runs\stage06_backfill_b008_n60_20260419\count_evidence\13066.json,results\stage06_count_runs\stage06_backfill_b008_n60_20260419\results\13066.json,,13066,Case Report: Dexmedetomidine for Intractable Clusters of Myoclonic Jerks and Paroxysmal Sympathetic Hyperactivity in Progressive Encephalomyelitis With Rigidity and Myoclonus,"Fujino, Y; Shiga, K; Hori, M; Tamura, A; Iizuka, T",single_case_report,case_report,data\extraction_json\text\13066.json,full_text,true,1,high,case_report_marker_single_case,false,false,"challenge_stage=primary | verification_status=llm_candidate_exact | llm_count_confidence=high | llm_selected_candidate_id=cand01 | This is a single-patient case report of a diagnosis-supported SPS-spectrum disorder, specifically GlyR antibody-positive PERM. The text consistently describes one 62-year-old man and concludes with a confirmed PERM diagnosis, so the best-supported extractable count is 1.",hybrid_v2_gpt-5.4,1,medium,case_report_marker_single_case,2,1,high,cand01,false,hybrid_local_gpt,llm_candidate_exact,,2026-04-19T13:22:33.853688+00:00
13177,FALSE,batch046,qa\validation\stage07_single_case_codex_gold\batch046\manifest.json,qa\validation\stage07_single_case_codex_gold\batch046\json\papers\13177.json,qa\validation\stage07_single_case_codex_gold\batch046\json\segments\13177.segments.json,qa\validation\stage07_single_case_codex_gold\batch046\json\target_views\13177\p1.json,qa\validation\stage07_single_case_codex_gold\batch046\json\validation\13177.validation.json,qa\validation\stage07_single_case_codex_gold\batch046\xml\13177.annotated.xml,stage06_count_runs,results\stage06_count_runs\stage06_backfill_b008_n60_20260419\candidate_packages\13177.json,results\stage06_count_runs\stage06_backfill_b008_n60_20260419\count_evidence\13177.json,results\stage06_count_runs\stage06_backfill_b008_n60_20260419\results\13177.json,,13177,A Case of Stiff Person Syndrome: Immunomodulatory Effect of Benzodiazepines <i>Successful Rituximab and Tizanidine Therapy</i>,"Zdziarski, P",single_case_report,case_report,data\extraction_json\text\13177.json,full_text,true,1,medium,case_report_marker_single_case,true,true,"challenge_stage=primary | verification_status=llm_candidate_exact | llm_count_confidence=medium | llm_selected_candidate_id=cand01 | The paper is explicitly framed as a single case report of SPS, with repeated singular references to one patient/woman diagnosed with autoimmune SPS. The best-supported extractable count is 1, but manual review remains appropriate because the evidence pack flags original cohort provenance uncertainty.",hybrid_v2_gpt-5.4,1,medium,case_report_marker_single_case,2,1,medium,cand01,false,hybrid_local_gpt,llm_candidate_exact,,2026-04-19T13:23:54.613055+00:00
13200,FALSE,batch046,qa\validation\stage07_single_case_codex_gold\batch046\manifest.json,qa\validation\stage07_single_case_codex_gold\batch046\json\papers\13200.json,qa\validation\stage07_single_case_codex_gold\batch046\json\segments\13200.segments.json,qa\validation\stage07_single_case_codex_gold\batch046\json\target_views\13200\p1.json,qa\validation\stage07_single_case_codex_gold\batch046\json\validation\13200.validation.json,qa\validation\stage07_single_case_codex_gold\batch046\xml\13200.annotated.xml,stage06_count_runs,results\stage06_count_runs\stage06_backfill_b008_n60_20260419\candidate_packages\13200.json,results\stage06_count_runs\stage06_backfill_b008_n60_20260419\count_evidence\13200.json,results\stage06_count_runs\stage06_backfill_b008_n60_20260419\results\13200.json,,13200,Proprioceptive Stimuli as a New Type of Trigger for Epilepsy in Stiff Person Syndrome,"Basterra, PP; Nombela, F; Iriarte, P; Del Rincon, CR; Maroto, JA; Quintas, S",single_case_report,case_report,data\extraction_json\text\13200.json,full_text,true,1,medium,source_single_case_default,true,true,"challenge_stage=primary | verification_status=llm_candidate_exact | llm_count_confidence=medium | llm_selected_candidate_id=cand01 | The paper is a single-patient case report describing one 74-year-old woman diagnosed with stiff-person syndrome, so the best-supported extractable SPS-spectrum count is 1. Manual review remains appropriate because the evidence pack flags original cohort provenance uncertainty, although the text itself reads as an original case report.",hybrid_v2_gpt-5.4,1,medium,source_single_case_default,2,1,medium,cand01,false,hybrid_local_gpt,llm_candidate_exact,,2026-04-19T13:24:17.121974+00:00
13202,TRUE,batch046,qa\validation\stage07_single_case_codex_gold\batch046\manifest.json,qa\validation\stage07_single_case_codex_gold\batch046\json\papers\13202.json,qa\validation\stage07_single_case_codex_gold\batch046\json\segments\13202.segments.json,qa\validation\stage07_single_case_codex_gold\batch046\json\target_views\13202\p1.json,qa\validation\stage07_single_case_codex_gold\batch046\json\validation\13202.validation.json,qa\validation\stage07_single_case_codex_gold\batch046\xml\13202.annotated.xml,stage06_count_runs,results\stage06_count_runs\stage06_backfill_b008_n60_20260419\candidate_packages\13202.json,results\stage06_count_runs\stage06_backfill_b008_n60_20260419\count_evidence\13202.json,results\stage06_count_runs\stage06_backfill_b008_n60_20260419\results\13202.json,,13202,Facial Palsy as Initial Symptom in Glycine Receptor Antibody Positive Progressive Encephalomyelitis With Rigidity and Myoclonus: A Case Report,"Wang, L; Zhang, R; Liu, K; Xu, YF; Song, B; Xu, YM",single_case_report,case_report,data\extraction_json\text\13202.json,full_text,true,1,high,manual_gold_review,false,false,count_basis=manual_gold_review | count_confidence=high | round_id=2026-04-20_stage06_b008_n60_manual_review | selection_bucket=stage06_backfill_batch_review | prediction_correct=true | reviewed_count=1 | reviewed_source_category=single_case_report | predicted_count=1 | predicted_source_category=single_case_report | reviewer_notes=Manual review confirms the extractable SPS-spectrum count is 1.,gold_reviewed_stage06_v1,3,high,diagnosis_specific_suffix_count,3,1,high,cand02,false,manual_gold_review,manual_gold_review,COUNT_SPS_STATUS_UNCERTAIN,2026-04-20T21:48:05Z
13267,FALSE,batch046,qa\validation\stage07_single_case_codex_gold\batch046\manifest.json,qa\validation\stage07_single_case_codex_gold\batch046\json\papers\13267.json,qa\validation\stage07_single_case_codex_gold\batch046\json\segments\13267.segments.json,qa\validation\stage07_single_case_codex_gold\batch046\json\target_views\13267\p1.json,qa\validation\stage07_single_case_codex_gold\batch046\json\validation\13267.validation.json,qa\validation\stage07_single_case_codex_gold\batch046\xml\13267.annotated.xml,stage06_count_runs,results\stage06_count_runs\stage06_backfill_b008_n60_20260419\candidate_packages\13267.json,results\stage06_count_runs\stage06_backfill_b008_n60_20260419\count_evidence\13267.json,results\stage06_count_runs\stage06_backfill_b008_n60_20260419\results\13267.json,,13267,A Case of Progressive Encephalomyelitis with Rigidity and Myoclonus (PERM syndrome) in a Patient with Myasthenia Gravis,"Dai, X; Sarezky, J; Stavros, K",single_case_report,case_report,data\extraction_json\text\13267.json,full_text,true,1,high,case_report_marker_single_case,false,false,"challenge_stage=primary | verification_status=llm_candidate_exact | llm_count_confidence=high | llm_selected_candidate_id=cand01 | This is a single case report describing one 58-year-old woman whose clinical picture was explicitly diagnosed as PERM, which is within the SPS-spectrum. The title and case-report methods both support that the paper reports one original SPS-spectrum patient.",hybrid_v2_gpt-5.4,1,medium,case_report_marker_single_case,2,1,high,cand01,false,hybrid_local_gpt,llm_candidate_exact,,2026-04-19T13:27:18.463481+00:00
13339,FALSE,batch046,qa\validation\stage07_single_case_codex_gold\batch046\manifest.json,qa\validation\stage07_single_case_codex_gold\batch046\json\papers\13339.json,qa\validation\stage07_single_case_codex_gold\batch046\json\segments\13339.segments.json,qa\validation\stage07_single_case_codex_gold\batch046\json\target_views\13339\p1.json,qa\validation\stage07_single_case_codex_gold\batch046\json\validation\13339.validation.json,qa\validation\stage07_single_case_codex_gold\batch046\xml\13339.annotated.xml,stage06_count_runs,results\stage06_count_runs\stage06_backfill_b008_n60_20260419\candidate_packages\13339.json,results\stage06_count_runs\stage06_backfill_b008_n60_20260419\count_evidence\13339.json,results\stage06_count_runs\stage06_backfill_b008_n60_20260419\results\13339.json,,13339,Case report: Varicella-zoster virus infection triggering progressive encephalomyelitis with rigidity and myoclonus,"Yuan, J; Wang, AH; Hou, YF; Xu, XX",single_case_report,case_report,data\extraction_json\text\13339.json,full_text,true,1,high,case_report_marker_single_case,false,false,"challenge_stage=primary | verification_status=llm_candidate_exact | llm_count_confidence=high | llm_selected_candidate_id=cand01 | This paper is a single case report and explicitly describes one 75-year-old male patient with anti-GlyR antibody-positive PERM, with the diagnosis confirmed. PERM is within the SPS-spectrum, so the best-supported extractable count is 1.",hybrid_v2_gpt-5.4,1,medium,case_report_marker_single_case,2,1,high,cand01,false,hybrid_local_gpt,llm_candidate_exact,,2026-04-19T13:28:16.735017+00:00
13783,FALSE,batch046,qa\validation\stage07_single_case_codex_gold\batch046\manifest.json,qa\validation\stage07_single_case_codex_gold\batch046\json\papers\13783.json,qa\validation\stage07_single_case_codex_gold\batch046\json\segments\13783.segments.json,qa\validation\stage07_single_case_codex_gold\batch046\json\target_views\13783\p1.json,qa\validation\stage07_single_case_codex_gold\batch046\json\validation\13783.validation.json,qa\validation\stage07_single_case_codex_gold\batch046\xml\13783.annotated.xml,stage06_count_runs,results\stage06_count_runs\stage06_backfill_b008_n60_20260419\candidate_packages\13783.json,results\stage06_count_runs\stage06_backfill_b008_n60_20260419\count_evidence\13783.json,results\stage06_count_runs\stage06_backfill_b008_n60_20260419\results\13783.json,,13783,Brain <SUP>18</SUP>F-FDG-PET characteristics in patients with paraneoplastic neurological syndrome and its correlation with clinical and MRI findings,"Masangkay, N; Basu, S; Moghbel, M; Kwee, T; Alavi, A",observational_group_study,retrospective_or_cohort_group_study,data\extraction_json\text\13783.json,full_text,true,1,high,abstract_count_signal,false,false,"challenge_stage=challenge | verification_status=llm_candidate_exact | llm_count_confidence=high | challenge_reasons=local_safer_abstention_conflict=0 vs 1; local_validation_conflict=0 vs 1 | llm_selected_candidate_id=cand01 | The paper reports a mixed paraneoplastic neurological syndrome cohort of 19 patients and explicitly identifies only one patient with stiff-person syndrome. Because only explicitly labelled SPS-spectrum patients should be counted from a broader mixed cohort, the best-supported extractable SPS-spectrum count is 1.",hybrid_v2_gpt-5.4,1,high,abstract_count_signal,2,1,high,cand01,false,hybrid_local_gpt,llm_candidate_exact,,2026-04-19T13:31:35.536851+00:00
13804,FALSE,batch046,qa\validation\stage07_single_case_codex_gold\batch046\manifest.json,qa\validation\stage07_single_case_codex_gold\batch046\json\papers\13804.json,qa\validation\stage07_single_case_codex_gold\batch046\json\segments\13804.segments.json,qa\validation\stage07_single_case_codex_gold\batch046\json\target_views\13804\p1.json,qa\validation\stage07_single_case_codex_gold\batch046\json\validation\13804.validation.json,qa\validation\stage07_single_case_codex_gold\batch046\xml\13804.annotated.xml,stage06_count_runs,results\stage06_count_runs\stage06_backfill_b008_n60_20260419\candidate_packages\13804.json,results\stage06_count_runs\stage06_backfill_b008_n60_20260419\count_evidence\13804.json,results\stage06_count_runs\stage06_backfill_b008_n60_20260419\results\13804.json,,13804,Successful Autologous Hematopoietic Stem Cell Transplant in a Case of Stiff Person Spectrum Disorder with a positive Glycine Receptor antibody,"Celli, S; Nash, R; McMenamin, C; Garza, M; Von Geldern, G; Georges, G; Piquet, A",single_case_report,case_report,data\extraction_json\text\13804.json,full_text,true,1,high,case_report_marker_single_case,false,false,"challenge_stage=primary | verification_status=llm_candidate_exact | llm_count_confidence=high | llm_selected_candidate_id=cand01 | This paper is explicitly presented as a case report and the text describes a single 59-year-old patient with GlyR antibody-positive SPSD treated with autologous hematopoietic stem cell transplant. References to other cases are background literature, not additional original patients in this paper.",hybrid_v2_gpt-5.4,1,medium,case_report_marker_single_case,2,1,high,cand01,false,hybrid_local_gpt,llm_candidate_exact,,2026-04-19T13:32:18.371293+00:00
