issue_id,paper_id,covidence_id,title,authors,published_year,journal,stage,issue_type,severity,status,source_registry,source_field,revisit_reason,recommended_action,blocking_downstream,detected_at_utc
5|01_pdf_acquisition|pdf_missing|pdf_acquisition_queue.csv,5,5,Autoantibodies to GABAergic neurons and response to plasmapheresis in stiff-man syndrome.,"Brashear, H R; Phillips, L H 2nd",1991,Neurology,01_pdf_acquisition,pdf_missing,medium,missing,pdf_acquisition_queue.csv,download_status,No local PDF is present and the reference still needs acquisition.,"Acquire or retry the PDF, then rebuild PDF, text, source, and artefact registries.",true,2026-05-07T11:48:48.477520+00:00
25|06_sps_case_count|case_count_manual_review_required|source_sps_case_count_registry.csv,25,25,Identification of a dominant epitope of glutamic acid decarboxylase (GAD-65) recognized by autoantibodies in stiff-man syndrome.,"Butler, M H; Solimena, M; Dirkx, R Jr; Hayday, A; De Camilli, P",1993,The Journal of experimental medicine,06_sps_case_count,case_count_manual_review_required,medium,llm_candidate_exact,source_sps_case_count_registry.csv,count_manual_review_required,"challenge_stage=primary | verification_status=llm_candidate_exact | llm_count_confidence=medium | llm_selected_candidate_id=cand01 | The paper explicitly states that autoantibodies from 30 stiff-man syndrome patients were investigated, which supports an extractable SPS-spectrum cohort count of 30. However, provenance signals indicate possible overlap with previously studied cohorts, so the count should be retained with manual review.","Review the count evidence, update the count manual-review ledger or gold corpus, and rerun the stage-06 publish step.",true,2026-04-18T10:59:04.365398+00:00
34|06_sps_case_count|case_count_manual_review_required|source_sps_case_count_registry.csv,34,34,A novel antineuronal antibody in stiff-man syndrome.,"Darnell, R B; Victor, J; Rubin, M; Clouston, P; Plum, F",1993,Neurology,06_sps_case_count,case_count_manual_review_required,medium,llm_candidate_exact,source_sps_case_count_registry.csv,count_manual_review_required,"challenge_stage=primary | verification_status=llm_candidate_exact | llm_count_confidence=medium | llm_selected_candidate_id=cand01 | The paper explicitly reports two patients with stiff-man syndrome diagnosed by typical symptoms and EMG findings, and the abstract independently states that antisera from two SMS patients were assayed. This supports an extractable original SPS-spectrum count of 2, but provenance overlap with previously reported antisera is flagged as uncertain, so manual review remains appropriate.","Review the count evidence, update the count manual-review ledger or gold corpus, and rerun the stage-06 publish step.",true,2026-04-18T10:59:27.063181+00:00
38|04_source_categorisation|source_category_manual_review_required|paper_artifact_registry.csv,38,38,Intravenous methocarbamol in the treatment of stiff-man syndrome.,"Voci, J M; al-Hakim, M; Dokko, Y; Katirji, M B",1993,Muscle & nerve,04_source_categorisation,source_category_manual_review_required,medium,review_source_category,paper_artifact_registry.csv,source_manual_review_required,"The extracted text does not include the letter by Voci et al. on intravenous methocarbamol for stiff-man syndrome. Therefore, it is not possible to classify the source type or determine if original SPS-spectrum patient data is present. Manual review is required to access the correct content.",Review source category/routing and update the source categorisation manual-review ledger.,true,2026-04-05T20:22:29.990194+00:00
41|01_pdf_acquisition|pdf_missing|pdf_acquisition_queue.csv,41,41,Identification of autoantibody epitopes of glutamic acid decarboxylase in stiff-man syndrome patients.,"Li, L; Hagopian, W A; Brashear, H R; Daniels, T; Lernmark, A",1994,"Journal of immunology (Baltimore, Md. : 1950)",01_pdf_acquisition,pdf_missing,medium,missing,pdf_acquisition_queue.csv,download_status,No local PDF is present and the reference still needs acquisition.,"Acquire or retry the PDF, then rebuild PDF, text, source, and artefact registries.",true,2026-05-07T11:48:48.477563+00:00
49|06_sps_case_count|case_count_manual_review_required|source_sps_case_count_registry.csv,49,49,Genetics of susceptibility and resistance to insulin-dependent diabetes in stiff-man syndrome.,"Pugliese, A; Gianani, R; Eisenbarth, G S; De Camilli, P; Solimena, M",1994,"Lancet (London, England)",06_sps_case_count,case_count_manual_review_required,medium,llm_bounded_alternative,source_sps_case_count_registry.csv,count_manual_review_required,"challenge_stage=primary | verification_status=llm_bounded_alternative | llm_count_confidence=medium | The paper explicitly states that the authors HLA typed 18 stiff-man syndrome patients, indicating an original SMS/SPS cohort of 18 unique patients. Because this is a brief letter and some follow-up statements reference prior reports, the count is best treated as 18 with manual review for provenance/overlap caution.","Review the count evidence, update the count manual-review ledger or gold corpus, and rerun the stage-06 publish step.",true,2026-04-18T11:01:10.525393+00:00
52|01_pdf_acquisition|pdf_acquisition_failed|pdf_acquisition_queue.csv,52,52,Treatment of stiff-man syndrome with intravenous immunoglobulin.,"Amato, A A; Cornman, E W; Kissel, J T",1994,Neurology,01_pdf_acquisition,pdf_acquisition_failed,high,failed,pdf_acquisition_queue.csv,download_status,Timed out waiting for the PDF link to appear.,"Acquire or retry the PDF, then rebuild PDF, text, source, and artefact registries.",true,2026-05-07T11:48:48.477583+00:00
55|01_pdf_acquisition|pdf_acquisition_failed|pdf_acquisition_queue.csv,55,55,Intrathecal baclofen treatment for stiff-man syndrome: pump failure may be fatal.,"Meinck, H M; Tronnier, V; Rieke, K; Wirtz, C R; Flugel, D; Schwab, S",1994,Neurology,01_pdf_acquisition,pdf_acquisition_failed,high,failed,pdf_acquisition_queue.csv,download_status,Timed out waiting for the PDF link to appear.,"Acquire or retry the PDF, then rebuild PDF, text, source, and artefact registries.",true,2026-05-07T11:48:48.477599+00:00
58|06_sps_case_count|case_count_manual_review_required|source_sps_case_count_registry.csv,58,58,Treatment of stiff-man syndrome with intravenous immune globulin.,"Karlson, E W; Sudarsky, L; Ruderman, E; Pierson, S; Scott, M; Helfgott, S M",1994,Arthritis and rheumatism,06_sps_case_count,case_count_manual_review_required,medium,llm_candidate_exact,source_sps_case_count_registry.csv,count_manual_review_required,"challenge_stage=primary | verification_status=llm_candidate_exact | llm_count_confidence=high | llm_selected_candidate_id=cand01 | The paper explicitly reports an open, unblinded study of 3 patients with stiff-man syndrome, and the body text/table corroborate 3 SMS case reports. Because the evidence pack flags original cohort provenance as uncertain, the count is best taken as 3 but should remain marked for manual review.","Review the count evidence, update the count manual-review ledger or gold corpus, and rerun the stage-06 publish step.",true,2026-04-18T11:01:36.954374+00:00
65|06_sps_case_count|case_count_manual_review_required|source_sps_case_count_registry.csv,65,65,Stiff man syndrome: clinical and laboratory findings in eight patients.,"Meinck, H M; Ricker, K; Hulser, P J; Schmid, E; Peiffer, J; Solimena, M",1994,Journal of neurology,06_sps_case_count,case_count_manual_review_required,medium,llm_candidate_exact,source_sps_case_count_registry.csv,count_manual_review_required,"challenge_stage=primary | verification_status=llm_candidate_exact | llm_count_confidence=medium | llm_selected_candidate_id=cand02 | The paper explicitly reports an original diagnosis-specific cohort of eight patients with stiff man syndrome/SMS, supported by the title, abstract, and Table 1. However, the text also states that some preliminary findings and at least two patients had been reported previously, so the count is best taken as 8 with manual review required for provenance overlap uncertainty.","Review the count evidence, update the count manual-review ledger or gold corpus, and rerun the stage-06 publish step.",true,2026-04-18T11:02:01.410055+00:00
65|07_case_series_split|case_series_split_manual_review_required|case_series_split_registry.csv,65,65,Stiff man syndrome: clinical and laboratory findings in eight patients.,"Meinck, H M; Ricker, K; Hulser, P J; Schmid, E; Peiffer, J; Solimena, M",1994,Journal of neurology,07_case_series_split,case_series_split_manual_review_required,medium,manual_review_required,case_series_split_registry.csv,split_status,"Case headings do not begin with the first case, so the leading case block is not safely isolated.",Review case boundaries manually or mark the paper unsuitable for case-level splitting.,true,2026-05-07T11:48:48.539687+00:00
95|06_sps_case_count|case_count_manual_review_required|source_sps_case_count_registry.csv,95,95,Psychological factors in the diagnosis and pathogenesis of stiff-man syndrome.,"Henningsen, P; Clement, U; Kuchenhoff, J; Simon, F; Meinck, H M",1996,Neurology,06_sps_case_count,case_count_manual_review_required,medium,llm_candidate_exact,source_sps_case_count_registry.csv,count_manual_review_required,"challenge_stage=primary | verification_status=llm_candidate_exact | llm_count_confidence=medium | llm_selected_candidate_id=cand01 | The paper explicitly reports a retrospective psychological evaluation of nine patients with stiff-man syndrome, and the body text confirms these nine as the study subjects, including two PERM cases counted within the SMS spectrum. However, several patients were previously reported elsewhere, so the cohort is extractable but provenance overlap is uncertain and should be manually checked.","Review the count evidence, update the count manual-review ledger or gold corpus, and rerun the stage-06 publish step.",true,2026-04-18T11:03:18.585921+00:00
95|07_case_series_split|case_series_split_manual_review_required|case_series_split_registry.csv,95,95,Psychological factors in the diagnosis and pathogenesis of stiff-man syndrome.,"Henningsen, P; Clement, U; Kuchenhoff, J; Simon, F; Meinck, H M",1996,Neurology,07_case_series_split,case_series_split_manual_review_required,medium,manual_review_required,case_series_split_registry.csv,split_status,Could not find at least two distinct explicit case/patient headings.,Review case boundaries manually or mark the paper unsuitable for case-level splitting.,true,2026-05-07T11:48:48.539883+00:00
108|06_sps_case_count|reference_heuristic_count_needs_review|source_sps_case_count_registry.csv,108,108,"Total alopecia, diabetes mellitus, and falls.","Mueller-Schoop, J W; Meyer, M",1996,"Lancet (London, England)",06_sps_case_count,reference_heuristic_count_needs_review,medium,reference_heuristic_manual_review_required,source_sps_case_count_registry.csv,count_manual_review_required,"reference_only_publish_fallback=true | count_basis=source_single_case_default | count_confidence=medium | candidate_notes=preferred_text_source=full_text; source_context_adjusted_primary_estimate; distinct_candidate_counts=[0, 1]; count_eligibility_status=extractable","Review the source or restore run artefacts, then replace the reference-only fallback with reviewed evidence.",true,2026-04-26T22:28:09.663705+00:00
114|07_case_series_split|case_series_split_manual_review_required|case_series_split_registry.csv,114,114,The stiff leg syndrome.,"Brown, P; Rothwell, J C; Marsden, C D",1997,"Journal of neurology, neurosurgery, and psychiatry",07_case_series_split,case_series_split_manual_review_required,medium,manual_review_required,case_series_split_registry.csv,split_status,Could not find at least two distinct explicit case/patient headings.,Review case boundaries manually or mark the paper unsuitable for case-level splitting.,true,2026-05-07T11:48:48.538919+00:00
126|06_sps_case_count|case_count_manual_review_required|source_sps_case_count_registry.csv,126,126,Stiff-man syndrome: possible autoimmune etiology targeted against GABA-ergic cells.,"Warich-Kirches, M; Von Bossanyi, P; Treuheit, T; Kirches, E; Dietzmann, K; Feistner, H; Wittig, H",1997,Clinical neuropathology,06_sps_case_count,case_count_manual_review_required,medium,llm_semantic_conflict_manual_review_required,source_sps_case_count_registry.csv,count_manual_review_required,"challenge_stage=challenge | llm_semantic_conflict=COUNT_SPS_STATUS_UNCERTAIN | manual_review_gate=true | llm_count_confidence=high | challenge_reasons=semantic_validator_reject=COUNT_SPS_STATUS_UNCERTAIN | llm_selected_candidate_id=cand01 | validator_flags=COUNT_SPS_STATUS_UNCERTAIN | This is an original single-case report explicitly describing one female patient with stiff-man syndrome (older term for SPS). The additional controls and IDDM patients are comparator material, not SPS-spectrum cases, so the extractable SPS-spectrum count is 1.","Review the count evidence, update the count manual-review ledger or gold corpus, and rerun the stage-06 publish step.",true,2026-04-18T10:42:45.506429+00:00
126|07_case_series_split|case_series_split_manual_review_required|case_series_split_registry.csv,126,126,Stiff-man syndrome: possible autoimmune etiology targeted against GABA-ergic cells.,"Warich-Kirches, M; Von Bossanyi, P; Treuheit, T; Kirches, E; Dietzmann, K; Feistner, H; Wittig, H",1997,Clinical neuropathology,07_case_series_split,case_series_split_manual_review_required,medium,manual_review_required,case_series_split_registry.csv,split_status,Could not find at least two distinct explicit case/patient headings.,Review case boundaries manually or mark the paper unsuitable for case-level splitting.,true,2026-05-07T11:48:48.539050+00:00
134|07_case_series_split|case_series_split_manual_review_required|case_series_split_registry.csv,134,134,Intrathecal baclofen therapy for stiff-man syndrome and progressive encephalomyelopathy with rigidity and myoclonus.,"Stayer, C; Tronnier, V; Dressnandt, J; Mauch, E; Marquardt, G; Rieke, K; Muller-Schwefe, G; Schumm, F; Meinck, H M",1997,Neurology,07_case_series_split,case_series_split_manual_review_required,medium,manual_review_required,case_series_split_registry.csv,split_status,"Case headings do not begin with the first case, so the leading case block is not safely isolated.",Review case boundaries manually or mark the paper unsuitable for case-level splitting.,true,2026-05-07T11:48:48.539140+00:00
155|06_sps_case_count|case_count_manual_review_required|source_sps_case_count_registry.csv,155,155,Humoral and cellular immune parameters before and during immunosuppressive therapy of a patient with stiff-man syndrome and insulin dependent diabetes mellitus.,"Hummel, M; Durinovic-Bello, I; Bonifacio, E; Lampasona, V; Endl, J; Fessele, S; Then Bergh, F; Trenkwalder, C; Standl, E; Ziegler, A G",1998,"Journal of neurology, neurosurgery, and psychiatry",06_sps_case_count,case_count_manual_review_required,medium,llm_candidate_exact,source_sps_case_count_registry.csv,count_manual_review_required,"challenge_stage=primary | verification_status=llm_candidate_exact | llm_count_confidence=medium | llm_selected_candidate_id=cand01 | The paper is a single-case report and repeatedly states that the immune findings were studied in 'a patient' with autoimmune stiff-man syndrome and IDDM, supporting 1 unique SPS-spectrum case. The apparent count of 2 arises from two autoantigens (GAD and IA-2), not two patients; however, provenance signals indicate some methods/samples were previously described, so manual review remains appropriate.","Review the count evidence, update the count manual-review ledger or gold corpus, and rerun the stage-06 publish step.",true,2026-04-18T10:46:55.977203+00:00
175|06_sps_case_count|case_count_manual_review_required|source_sps_case_count_registry.csv,175,175,GAD65-Reactive T cells in a non-diabetic stiff-man syndrome patient.,"Schloot, N C; Batstra, M C; Duinkerken, G; De Vries, R R; Dyrberg, T; Chaudhuri, A; Behan, P O; Roep, B O",1999,Journal of autoimmunity,06_sps_case_count,case_count_manual_review_required,medium,llm_candidate_exact,source_sps_case_count_registry.csv,count_manual_review_required,"challenge_stage=primary | verification_status=llm_candidate_exact | llm_count_confidence=medium | llm_selected_candidate_id=cand01 | The safest extractable SPS-spectrum count is 1, based on the explicit diagnosis-specific table row for the index non-diabetic SMS patient. Although the abstract mentions comparison with 'two other SMS patients,' the evidence pack also flags prior-description/provenance uncertainty, so the broader total may include reused or non-original cases and should not be counted confidently here.","Review the count evidence, update the count manual-review ledger or gold corpus, and rerun the stage-06 publish step.",true,2026-04-18T10:49:26.084166+00:00
180|04_source_categorisation|source_category_manual_review_required|paper_artifact_registry.csv,180,180,Paraneoplastic stiff limb syndrome.,"Silverman, I E",1999,"Journal of neurology, neurosurgery, and psychiatry",04_source_categorisation,source_category_manual_review_required,medium,review_source_category,paper_artifact_registry.csv,source_manual_review_required,The extracted text does not match the title or topic of the target article. No SPS-spectrum patient data or relevant clinical information is present. Manual review is required to confirm the correct text and classification.,Review source category/routing and update the source categorisation manual-review ledger.,true,2026-04-05T19:54:21.916827+00:00
180|07_case_series_split|case_series_split_manual_review_required|case_series_split_registry.csv,180,180,Paraneoplastic stiff limb syndrome.,"Silverman, I E",1999,"Journal of neurology, neurosurgery, and psychiatry",07_case_series_split,case_series_split_manual_review_required,medium,manual_review_required,case_series_split_registry.csv,split_status,Could not find at least two distinct explicit case/patient headings.,Review case boundaries manually or mark the paper unsuitable for case-level splitting.,true,2026-05-07T11:48:48.539280+00:00
185|06_sps_case_count|case_count_manual_review_required|source_sps_case_count_registry.csv,185,185,Stiff-man syndrome with vacuolar degeneration of anterior horn motor neurons.,"Saiz, A; Minguez, A; Graus, F; Marin, C; Tolosa, E; Cruz-Sanchez, F",1999,Journal of neurology,06_sps_case_count,case_count_manual_review_required,medium,llm_candidate_exact,source_sps_case_count_registry.csv,count_manual_review_required,"challenge_stage=primary | verification_status=llm_candidate_exact | llm_count_confidence=medium | llm_selected_candidate_id=cand01 | The paper explicitly describes a single original stiff-man syndrome patient ('we present a SMS patient' followed by an individual case narrative). This supports a count of 1 unique SPS-spectrum case, but manual review remains appropriate because the evidence pack flags original cohort provenance uncertainty.","Review the count evidence, update the count manual-review ledger or gold corpus, and rerun the stage-06 publish step.",true,2026-04-18T10:50:36.261961+00:00
193|06_sps_case_count|case_count_manual_review_required|source_sps_case_count_registry.csv,193,193,Marked improvement in a stiff-limb patient treated with intravenous immunoglobulin.,"Souza-Lima, C F; Ferraz, H B; Braz, C A; Araujo, A M; Manzano, G M",2000,Movement disorders : official journal of the Movement Disorder Society,06_sps_case_count,case_count_manual_review_required,medium,llm_candidate_exact,source_sps_case_count_registry.csv,count_manual_review_required,"challenge_stage=primary | verification_status=llm_candidate_exact | llm_count_confidence=medium | llm_selected_candidate_id=cand01 | The paper is framed as a single case report and the full-text excerpt explicitly describes one patient with stiff-limb syndrome. Although there are upstream provenance uncertainty signals, the extractable original SPS-spectrum count in this paper is best supported as 1, with manual review retained because provenance overlap is flagged as uncertain.","Review the count evidence, update the count manual-review ledger or gold corpus, and rerun the stage-06 publish step.",true,2026-04-18T10:52:38.338633+00:00
193|07_case_series_split|case_series_split_manual_review_required|case_series_split_registry.csv,193,193,Marked improvement in a stiff-limb patient treated with intravenous immunoglobulin.,"Souza-Lima, C F; Ferraz, H B; Braz, C A; Araujo, A M; Manzano, G M",2000,Movement disorders : official journal of the Movement Disorder Society,07_case_series_split,case_series_split_manual_review_required,medium,manual_review_required,case_series_split_registry.csv,split_status,"Case headings do not begin with the first case, so the leading case block is not safely isolated.",Review case boundaries manually or mark the paper unsuitable for case-level splitting.,true,2026-05-07T11:48:48.539329+00:00
197|06_sps_case_count|case_count_manual_review_required|source_sps_case_count_registry.csv,197,197,Autoimmunity to gephyrin in Stiff-Man syndrome.,"Butler, M H; Hayashi, A; Ohkoshi, N; Villmann, C; Becker, C M; Feng, G; De Camilli, P; Solimena, M",2000,Neuron,06_sps_case_count,case_count_manual_review_required,medium,llm_candidate_exact,source_sps_case_count_registry.csv,count_manual_review_required,"challenge_stage=primary | verification_status=llm_candidate_exact | llm_count_confidence=medium | llm_selected_candidate_id=cand01 | The paper is framed as a single case report and explicitly states that the authors report findings in a patient with clinical features of stiff-man syndrome, supporting 1 extractable SPS-spectrum case. Because the evidence pack flags original cohort provenance uncertainty and confidence is not high, this should remain for manual review.","Review the count evidence, update the count manual-review ledger or gold corpus, and rerun the stage-06 publish step.",true,2026-04-18T10:53:02.251482+00:00
208|06_sps_case_count|case_count_manual_review_required|source_sps_case_count_registry.csv,208,208,Stiff-person like syndrome in a patient with multiple pituitary hormone deficiencies.,"Chroni, E; Papadimitriou, A; Avramidis, T; Terentiou, A E; Tzioras, C; Divari, R",2000,Acta neurologica Scandinavica,06_sps_case_count,case_count_manual_review_required,medium,llm_candidate_exact,source_sps_case_count_registry.csv,count_manual_review_required,"challenge_stage=primary | verification_status=llm_candidate_exact | llm_count_confidence=medium | llm_selected_candidate_id=cand01 | This is a single-patient case report describing one original patient in the present paper. The mention of a 'previously reported one' refers to prior literature and should not be counted, but it creates provenance uncertainty, so the count should still be manually checked.","Review the count evidence, update the count manual-review ledger or gold corpus, and rerun the stage-06 publish step.",true,2026-04-18T10:53:58.760953+00:00
211|06_sps_case_count|case_count_manual_review_required|source_sps_case_count_registry.csv,211,211,A case of stiff limb syndrome responsive to plasma exchange.,"Coles, A; Barker, R",2001,"Journal of neurology, neurosurgery, and psychiatry",06_sps_case_count,case_count_manual_review_required,medium,llm_candidate_exact,source_sps_case_count_registry.csv,count_manual_review_required,"challenge_stage=primary | verification_status=llm_candidate_exact | llm_count_confidence=medium | llm_selected_candidate_id=cand01 | The paper is routed as a single case report, and the title explicitly states 'A case of stiff limb syndrome,' which supports one original SPS-spectrum patient. Because the extracted full-text context is noisy and confidence is not high, this should still receive manual review.","Review the count evidence, update the count manual-review ledger or gold corpus, and rerun the stage-06 publish step.",true,2026-04-18T10:54:18.647414+00:00
223|06_sps_case_count|case_count_manual_review_required|source_sps_case_count_registry.csv,223,223,The stiff-person syndrome. Case report.,"Piovano, C; Piattelli, M; Spina, T; Iervese, G; Bosco, G",2002,Minerva anestesiologica,06_sps_case_count,case_count_manual_review_required,medium,llm_candidate_exact,source_sps_case_count_registry.csv,count_manual_review_required,"challenge_stage=primary | verification_status=llm_candidate_exact | llm_count_confidence=medium | llm_selected_candidate_id=cand01 | The paper is explicitly labeled a case report/single-case report, and no evidence in the provided text indicates more than one original SPS-spectrum patient. However, the excerpt is dominated by background discussion and OCR noise rather than a clear patient narrative, so the single-case count should be retained with manual review.","Review the count evidence, update the count manual-review ledger or gold corpus, and rerun the stage-06 publish step.",true,2026-04-18T10:56:37.548453+00:00
228|06_sps_case_count|case_count_manual_review_required|source_sps_case_count_registry.csv,228,228,Intrathecal baclofen for stiff-person syndrome: life-threatening intermittent catheter leakage.,"Bardutzky, J; Tronnier, V; Schwab, S; Meinck, H-M",2003,Neurology,06_sps_case_count,case_count_manual_review_required,medium,llm_candidate_exact,source_sps_case_count_registry.csv,count_manual_review_required,"challenge_stage=primary | verification_status=llm_candidate_exact | llm_count_confidence=medium | llm_selected_candidate_id=cand01 | This is a single-patient SPS case report: both the abstract and case report text describe one man diagnosed with SPS and treated with intrathecal baclofen. Count 1 is best supported, but manual review remains appropriate because the evidence pack flags provenance uncertainty.","Review the count evidence, update the count manual-review ledger or gold corpus, and rerun the stage-06 publish step.",true,2026-04-18T10:57:49.882299+00:00
233|06_sps_case_count|case_count_manual_review_required|source_sps_case_count_registry.csv,233,233,Head retraction reflex in stiff-man syndrome and related disorders.,"Berger, Christian; Meinck, Hans-Michael",2003,Movement disorders : official journal of the Movement Disorder Society,06_sps_case_count,case_count_manual_review_required,medium,llm_candidate_exact,source_sps_case_count_registry.csv,count_manual_review_required,"challenge_stage=challenge | verification_status=llm_candidate_exact | llm_count_confidence=medium | challenge_reasons=local_validation_conflict=28 vs 48 | llm_selected_candidate_id=cand02 | The paper explicitly reports an observational cohort of 50 patients composed of 28 SMS, 2 SLS, and 20 PERM; all three diagnoses are within the review's SPS-spectrum, so the extractable SPS-spectrum count is 48. Manual review remains appropriate because the evidence pack flags uncertain original-cohort provenance ('serum samples as described previously').","Review the count evidence, update the count manual-review ledger or gold corpus, and rerun the stage-06 publish step.",true,2026-04-18T08:43:11.367867+00:00
239|07_case_series_split|case_series_split_manual_review_required|case_series_split_registry.csv,239,239,Clinically disparate stiff-person syndrome with GAD65 autoantibody in a father and daughter.,"Burns, T M; Jones, H R; Phillips, L H 2nd; Bugawan, T L; Erlich, H A; Lennon, V A",2003,Neurology,07_case_series_split,case_series_split_manual_review_required,medium,manual_review_required,case_series_split_registry.csv,split_status,"Case headings do not begin with the first case, so the leading case block is not safely isolated.",Review case boundaries manually or mark the paper unsuitable for case-level splitting.,true,2026-05-07T11:48:48.539342+00:00
242|04_source_categorisation|source_category_manual_review_required|paper_artifact_registry.csv,242,242,Levetiracetam improves paroxysmal symptoms in a patient with stiff-person syndrome.,"Ruegg, Stephan J; Steck, Andreas J; Fuhr, Peter",2004,Neurology,04_source_categorisation,source_category_manual_review_required,medium,review_source_category,paper_artifact_registry.csv,source_manual_review_required,"The extracted text does not match the title or topic of the paper in question. None of the included clinical notes discuss stiff-person syndrome or levetiracetam. As a result, classification and case count are not possible without the correct article content.",Review source category/routing and update the source categorisation manual-review ledger.,true,2026-04-05T20:08:36.306902+00:00
243|06_sps_case_count|case_count_manual_review_required|source_sps_case_count_registry.csv,243,243,Rhabdomyolysis and paraneoplastic stiff-man syndrome with amphiphysin autoimmunity.,"Petzold, Gabor C; Marcucci, Melissa; Butler, Margaret H; van Landeghem, Frank K H; Einhaupl, Karl M; Solimena, Michele; Valdueza, Jose M; De Camilli, Pietro",2004,Annals of neurology,06_sps_case_count,case_count_manual_review_required,medium,llm_candidate_exact,source_sps_case_count_registry.csv,count_manual_review_required,"challenge_stage=primary | verification_status=llm_candidate_exact | llm_count_confidence=medium | llm_selected_candidate_id=cand04 | validator_flags=COUNT_SINGLE_CASE_MISMATCH | Although the abstract emphasizes one index case, the full-text evidence pack explicitly identifies two distinct SPS-spectrum patients: Patient 1 with paraneoplastic SMS and Patient 2 with SMS and antiamphiphysin autoimmunity. Therefore the diagnosis-specific subset count of 2 is the best-supported candidate, but manual review remains appropriate because the paper is routed as a single-case report and the second patient appears in a supporting/comparative context.","Review the count evidence, update the count manual-review ledger or gold corpus, and rerun the stage-06 publish step.",true,2026-04-18T08:45:04.585815+00:00
245|01_pdf_acquisition|pdf_acquisition_failed|pdf_acquisition_queue.csv,245,245,A delayed diagnosis of stiff person syndrome.,"Yeow, Toh Peng; Tomkin, Gerald H",2004,"Hospital medicine (London, England : 1998)",01_pdf_acquisition,pdf_acquisition_failed,high,failed,pdf_acquisition_queue.csv,download_status,Timed out waiting for the PDF link to appear.,"Acquire or retry the PDF, then rebuild PDF, text, source, and artefact registries.",true,2026-05-07T11:48:48.477612+00:00
247|06_sps_case_count|case_count_manual_review_required|source_sps_case_count_registry.csv,247,247,Stiff-person syndromes: motor cortex hyperexcitability correlates with anti-GAD autoimmunity.,"Koerner, Claudia; Wieland, Bettina; Richter, Wiltrud; Meinck, Hans-Michael",2004,Neurology,06_sps_case_count,case_count_manual_review_required,medium,llm_candidate_exact,source_sps_case_count_registry.csv,count_manual_review_required,"challenge_stage=primary | verification_status=llm_candidate_exact | llm_count_confidence=medium | llm_selected_candidate_id=cand01 | The paper explicitly reports a cohort of 21 patients with SPS or PER, comprising 15 SPS and 6 PER, with 7 untreated and 14 treated patients as analysis subgroups. This supports counting 21 unique SPS-spectrum patients, but provenance overlap is flagged as uncertain, so manual review remains appropriate.","Review the count evidence, update the count manual-review ledger or gold corpus, and rerun the stage-06 publish step.",true,2026-04-18T08:45:40.772469+00:00
248|06_sps_case_count|case_count_manual_review_required|source_sps_case_count_registry.csv,248,248,"Paraneoplastic ""stiff person syndrome"" with metastatic adenocarcinoma and anti-Ri antibodies.","McCabe, D J H; Turner, N C; Chao, D; Leff, A; Gregson, N A; Womersley, H J; Mak, I; Perkin, G D; Schapira, A H V",2004,Neurology,06_sps_case_count,case_count_manual_review_required,medium,llm_candidate_exact,source_sps_case_count_registry.csv,count_manual_review_required,"challenge_stage=primary | verification_status=llm_candidate_exact | llm_count_confidence=medium | llm_selected_candidate_id=cand01 | The paper is a single-case report and explicitly describes one 43-year-old woman with clinical and electrophysiologic features of stiff person syndrome. This supports a count of 1 unique SPS-spectrum patient, but manual review remains appropriate because the evidence pack flags original cohort provenance uncertainty and the candidate confidence is not high.","Review the count evidence, update the count manual-review ledger or gold corpus, and rerun the stage-06 publish step.",true,2026-04-18T08:46:02.492597+00:00
258|07_case_series_split|case_series_split_manual_review_required|case_series_split_registry.csv,258,258,Anti-glutamic acid decarboxylase antibodies in the serum and cerebrospinal fluid of patients with stiff-person syndrome: correlation with clinical severity.,"Rakocevic, Goran; Raju, Raghavanpillai; Dalakas, Marinos C",2004,Archives of neurology,07_case_series_split,case_series_split_manual_review_required,medium,manual_review_required,case_series_split_registry.csv,split_status,Could not find at least two distinct explicit case/patient headings.,Review case boundaries manually or mark the paper unsuitable for case-level splitting.,true,2026-05-07T11:48:48.539355+00:00
261|06_sps_case_count|case_count_manual_review_required|source_sps_case_count_registry.csv,261,261,Pregnancy in stiff-limb syndrome.,"Weatherby, Stuart J M; Woolner, Philippa; Clarke, Carl E",2004,Movement disorders : official journal of the Movement Disorder Society,06_sps_case_count,case_count_manual_review_required,medium,llm_candidate_exact,source_sps_case_count_registry.csv,count_manual_review_required,"challenge_stage=primary | verification_status=llm_candidate_exact | llm_count_confidence=medium | llm_selected_candidate_id=cand01 | The abstract explicitly describes a single original patient: 'the case of a woman with SLS.' This supports a count of 1 SPS-spectrum case, but manual review remains warranted because the evidence pack flags possible prior reporting/provenance uncertainty and the preferred full-text excerpt appears contaminated with unrelated article text.","Review the count evidence, update the count manual-review ledger or gold corpus, and rerun the stage-06 publish step.",true,2026-04-18T08:47:08.670658+00:00
263|06_sps_case_count|case_count_manual_review_required|source_sps_case_count_registry.csv,263,263,Primary hypothalamic lymphoma with panhypopituitarism presenting as stiff-man syndrome.,"Lee, May-Tze; Lee, Ting-I; Won, Justin Ging-Shing; Chau, Wing-Keung; Yang, Hong-Jye; Li, Jer-Chuan; Lin, Hong-Da; Tang, Kam-Tsun",2004,The American journal of the medical sciences,06_sps_case_count,case_count_manual_review_required,medium,llm_candidate_exact,source_sps_case_count_registry.csv,count_manual_review_required,"challenge_stage=primary | verification_status=llm_candidate_exact | llm_count_confidence=medium | llm_selected_candidate_id=cand01 | The paper explicitly presents a single original patient: 'We report an unusual case' followed by a detailed description of one 64-year-old man with stiff-man syndrome. This supports a count of 1 SPS-spectrum case, but manual review remains appropriate because the fixed routing is unclear and provenance uncertainty is flagged.","Review the count evidence, update the count manual-review ledger or gold corpus, and rerun the stage-06 publish step.",true,2026-04-18T08:47:35.302444+00:00
266|06_sps_case_count|case_count_manual_review_required|source_sps_case_count_registry.csv,266,266,Stiff-person syndrome: a rare presentation for breast cancer.,"Kocak, Ergun; Abdessalam, Shahab; Walker, Michael J; Nuovo, Gerard J; Kissel, John T",2004,The breast journal,06_sps_case_count,case_count_manual_review_required,medium,llm_candidate_exact,source_sps_case_count_registry.csv,count_manual_review_required,"challenge_stage=primary | verification_status=llm_candidate_exact | llm_count_confidence=medium | llm_selected_candidate_id=cand01 | The paper is a single original case report and explicitly describes one patient with SPS in the setting of breast cancer. The statement about 'five previously reported cases' refers to prior literature rather than additional original patients in this paper, so the best-supported extractable count is 1; manual review remains required because provenance uncertainty is flagged.","Review the count evidence, update the count manual-review ledger or gold corpus, and rerun the stage-06 publish step.",true,2026-04-18T08:48:30.246876+00:00
270|07_case_series_split|case_series_split_manual_review_required|case_series_split_registry.csv,270,270,Markedly elevated GAD antibodies in SPS: effects of age and illness duration.,"Murinson, B B; Butler, M; Marfurt, K; Gleason, S; De Camilli, P; Solimena, M",2004,Neurology,07_case_series_split,case_series_split_manual_review_required,medium,manual_review_required,case_series_split_registry.csv,split_status,Could not find at least two distinct explicit case/patient headings.,Review case boundaries manually or mark the paper unsuitable for case-level splitting.,true,2026-05-07T11:48:48.539392+00:00
272|06_sps_case_count|case_count_manual_review_required|source_sps_case_count_registry.csv,272,272,"Stiff person syndrome with eye movement abnormality, myasthenia gravis, and thymoma.","Thomas, S; Critchley, P; Lawden, M; Farooq, S; Thomas, A; Proudlock, F A; Constantinescu, C S; Gottlob, I",2005,"Journal of neurology, neurosurgery, and psychiatry",06_sps_case_count,case_count_manual_review_required,medium,llm_candidate_exact,source_sps_case_count_registry.csv,count_manual_review_required,"challenge_stage=primary | verification_status=llm_candidate_exact | llm_count_confidence=medium | llm_selected_candidate_id=cand03 | The paper is a single-patient case report and explicitly describes one original patient with SPS. Although the discussion references previously reported similar patients, those are cited literature rather than additional original cases, so the extractable SPS-spectrum count is 1; manual review remains appropriate because provenance uncertainty signals were flagged upstream.","Review the count evidence, update the count manual-review ledger or gold corpus, and rerun the stage-06 publish step.",true,2026-04-18T08:48:55.275376+00:00
272|07_case_series_split|case_series_split_manual_review_required|case_series_split_registry.csv,272,272,"Stiff person syndrome with eye movement abnormality, myasthenia gravis, and thymoma.","Thomas, S; Critchley, P; Lawden, M; Farooq, S; Thomas, A; Proudlock, F A; Constantinescu, C S; Gottlob, I",2005,"Journal of neurology, neurosurgery, and psychiatry",07_case_series_split,case_series_split_manual_review_required,medium,manual_review_required,case_series_split_registry.csv,split_status,"Case headings do not begin with the first case, so the leading case block is not safely isolated.",Review case boundaries manually or mark the paper unsuitable for case-level splitting.,true,2026-05-07T11:48:48.539404+00:00
286|06_sps_case_count|case_count_manual_review_required|source_sps_case_count_registry.csv,286,286,Multiple neurological syndromes during Hodgkin lymphoma remission.,"Werbrouck, Bart; Meire, Veronique; De Bleecker, Jan L",2005,Acta neurologica Belgica,06_sps_case_count,case_count_manual_review_required,medium,llm_candidate_exact,source_sps_case_count_registry.csv,count_manual_review_required,"challenge_stage=primary | verification_status=llm_candidate_exact | llm_count_confidence=medium | llm_selected_candidate_id=cand01 | The paper is framed as a single-patient case report and explicitly states that it reports a young patient who developed stiff man syndrome, with the full text also stating that the diagnosis of stiff man syndrome was made. This supports counting 1 unique SPS-spectrum patient, but manual review remains appropriate because the evidence pack flags provenance uncertainty due to earlier description of another neurological syndrome in the same patient.","Review the count evidence, update the count manual-review ledger or gold corpus, and rerun the stage-06 publish step.",true,2026-04-18T08:49:42.617287+00:00
287|07_case_series_split|case_series_split_manual_review_required|case_series_split_registry.csv,287,287,A neuropsychological assessment of phobias in patients with stiff person syndrome.,"Ameli, Rezvan; Snow, Joseph; Rakocevic, Goran; Dalakas, Marinos C",2005,Neurology,07_case_series_split,case_series_split_manual_review_required,medium,manual_review_required,case_series_split_registry.csv,split_status,Could not find at least two distinct explicit case/patient headings.,Review case boundaries manually or mark the paper unsuitable for case-level splitting.,true,2026-05-07T11:48:48.539428+00:00
294|06_sps_case_count|case_count_manual_review_required|source_sps_case_count_registry.csv,294,294,Graves' disease and stiff-person (stiff-man) syndrome: case report and literature review.,"Orija, Israel B; Gupta, Manjula; Zimmerman, Robert S",2005,Endocrine practice : official journal of the American College of Endocrinology and the American Association of Clinical Endocrinologists,06_sps_case_count,case_count_manual_review_required,medium,llm_candidate_exact,source_sps_case_count_registry.csv,count_manual_review_required,"challenge_stage=primary | verification_status=llm_candidate_exact | llm_count_confidence=medium | llm_selected_candidate_id=cand01 | The paper explicitly presents a single original patient: a 52-year-old woman who was ultimately diagnosed with stiff-person syndrome and whose course is described in detail. This supports a count of 1 SPS-spectrum case, but manual review remains appropriate because the evidence pack flags possible prior description/provenance uncertainty.","Review the count evidence, update the count manual-review ledger or gold corpus, and rerun the stage-06 publish step.",true,2026-04-18T08:52:40.368592+00:00
387|06_sps_case_count|case_count_manual_review_required|source_sps_case_count_registry.csv,387,387,Stiffman syndrome: a rare paraneoplastic disorder?.,"Bateman, D E; Weller, R O; Kennedy, P",1990,"Journal of neurology, neurosurgery, and psychiatry",06_sps_case_count,case_count_manual_review_required,medium,llm_candidate_exact,source_sps_case_count_registry.csv,count_manual_review_required,"challenge_stage=primary | verification_status=llm_candidate_exact | llm_count_confidence=medium | llm_selected_candidate_id=cand01 | The paper is framed as a single case report and explicitly states that an unusual case of stiffman syndrome is reported. Prior cases are discussed only as previously described literature, so the extractable original SPS-spectrum count is best supported as 1, but provenance uncertainty warrants manual review.","Review the count evidence, update the count manual-review ledger or gold corpus, and rerun the stage-06 publish step.",true,2026-04-18T08:54:02.099317+00:00
389|06_sps_case_count|case_count_manual_review_required|source_sps_case_count_registry.csv,389,389,Borrelia burgdorferi myelitis presenting as a partial stiff man syndrome.,"Martin, R; Meinck, H M; Schulte-Mattler, W; Ricker, K; Mertens, H G",1990,Journal of neurology,06_sps_case_count,case_count_manual_review_required,medium,llm_candidate_exact,source_sps_case_count_registry.csv,count_manual_review_required,"challenge_stage=primary | verification_status=llm_candidate_exact | llm_count_confidence=medium | llm_selected_candidate_id=cand03 | This single-case report describes one 33-year-old man with clinically described partial stiff man syndrome/stiff limb phenotype. The paper provides original individual-level data for one diagnosis-specific SPS-spectrum case, but because the wording includes 'resembling stiff man syndrome' and secondary myelitis context, manual review remains appropriate.","Review the count evidence, update the count manual-review ledger or gold corpus, and rerun the stage-06 publish step.",true,2026-04-18T08:54:26.327221+00:00
391|06_sps_case_count|case_count_manual_review_required|source_sps_case_count_registry.csv,391,391,Sudden death and paroxysmal autonomic dysfunction in stiff-man syndrome.,"Mitsumoto, H; Schwartzman, M J; Estes, M L; Chou, S M; La Franchise, E F; De Camilli, P; Solimena, M",1991,Journal of neurology,06_sps_case_count,case_count_manual_review_required,medium,llm_candidate_exact,source_sps_case_count_registry.csv,count_manual_review_required,"challenge_stage=primary | verification_status=llm_candidate_exact | llm_count_confidence=high | llm_selected_candidate_id=cand01 | The paper explicitly reports two original patients with clinically typical stiff-man syndrome/SPS, described as case 1 and case 2. Candidate 2 is clearly supported, while the alternative 9 appears to arise from literature/background text rather than an original SPS cohort in this paper; however, provenance uncertainty signals warrant manual review.","Review the count evidence, update the count manual-review ledger or gold corpus, and rerun the stage-06 publish step.",true,2026-04-18T08:54:49.915766+00:00
395|06_sps_case_count|case_count_manual_review_required|source_sps_case_count_registry.csv,395,395,Stiff man syndrome with thymoma.,"Tanaka, Hisaichi; Matsumura, Akihide; Okumura, Meinoshin; Kitaguchi, Masataka; Yamamoto, Satoru; Iuchi, Keiji",2005,The Annals of thoracic surgery,06_sps_case_count,case_count_manual_review_required,medium,llm_candidate_exact,source_sps_case_count_registry.csv,count_manual_review_required,"challenge_stage=primary | verification_status=llm_candidate_exact | llm_count_confidence=medium | llm_selected_candidate_id=cand01 | The paper is a single original case report of a 57-year-old woman with stiff man syndrome and thymoma. Although it also reviews three previously reported cases, those are cited literature cases and should not be counted as original patients from this paper.","Review the count evidence, update the count manual-review ledger or gold corpus, and rerun the stage-06 publish step.",true,2026-04-18T08:55:17.203112+00:00
415|06_sps_case_count|case_count_manual_review_required|source_sps_case_count_registry.csv,415,415,Antiamphiphysin-positive stiff-person syndrome associated with small cell lung cancer.,"Nguyen-Huu, B K; Urban, P P; Schreckenberger, M; Dieterich, M; Werhahn, Konrad J",2006,Movement disorders : official journal of the Movement Disorder Society,06_sps_case_count,case_count_manual_review_required,medium,llm_candidate_exact,source_sps_case_count_registry.csv,count_manual_review_required,"challenge_stage=primary | verification_status=llm_candidate_exact | llm_count_confidence=high | llm_selected_candidate_id=cand03 | This single-case report explicitly describes one female patient with antiamphiphysin-positive stiff-person syndrome due to small cell lung cancer. The diagnosis-specific SPS evidence supports a count of 1 unique original SPS-spectrum patient, but manual review should remain true because the extracted text is somewhat noisy and the diagnosis-specific candidate already carries review caution.","Review the count evidence, update the count manual-review ledger or gold corpus, and rerun the stage-06 publish step.",true,2026-04-18T08:58:14.647195+00:00
419|06_sps_case_count|case_count_manual_review_required|source_sps_case_count_registry.csv,419,419,A rare saccade velocity profile in Stiff-Person Syndrome with cerebellar degeneration.,"Zivotofsky, Ari Z; Siman-Tov, Tali; Gadoth, Natan; Gordon, Carlos R",2006,Brain research,06_sps_case_count,case_count_manual_review_required,medium,llm_candidate_exact,source_sps_case_count_registry.csv,count_manual_review_required,"challenge_stage=primary | verification_status=llm_candidate_exact | llm_count_confidence=medium | llm_selected_candidate_id=cand01 | The paper is framed as a single-patient case report and explicitly describes detailed assessment of one woman with SPS. Although prior literature is discussed and provenance uncertainty is flagged upstream, the extractable original SPS-spectrum count supported by the text is 1.","Review the count evidence, update the count manual-review ledger or gold corpus, and rerun the stage-06 publish step.",true,2026-04-18T08:58:36.672149+00:00
423|06_sps_case_count|case_count_manual_review_required|source_sps_case_count_registry.csv,423,423,Thymectomy for paraneoplastic stiff-person syndrome associated with invasive thymoma.,"Iwata, Takashi; Inoue, Kiyotoshi; Mizuguchi, Shinjiro; Morita, Ryuhei; Tsukioka, Takuma; Suehiro, Shigefumi",2006,The Journal of thoracic and cardiovascular surgery,06_sps_case_count,case_count_manual_review_required,medium,llm_candidate_exact,source_sps_case_count_registry.csv,count_manual_review_required,"challenge_stage=primary | verification_status=llm_candidate_exact | llm_count_confidence=medium | llm_selected_candidate_id=cand01 | The paper explicitly describes a single original patient with paraneoplastic stiff-person syndrome associated with thymoma: a 79-year-old woman whose clinical course, treatment, surgery, and follow-up are reported. This supports the single-case candidate, but manual review remains appropriate because the evidence pack flags provenance uncertainty.","Review the count evidence, update the count manual-review ledger or gold corpus, and rerun the stage-06 publish step.",true,2026-04-18T09:00:05.952008+00:00
434|06_sps_case_count|case_count_manual_review_required|source_sps_case_count_registry.csv,434,434,Autoimmunity to GABAA-receptor-associated protein in stiff-person syndrome.,"Raju, Raghavan; Rakocevic, Goran; Chen, Ziwei; Hoehn, Gerard; Semino-Mora, Cristina; Shi, Wei; Olsen, Richard; Dalakas, Marinos C",2006,Brain : a journal of neurology,06_sps_case_count,case_count_manual_review_required,medium,llm_candidate_exact,source_sps_case_count_registry.csv,count_manual_review_required,"challenge_stage=primary | verification_status=llm_candidate_exact | llm_count_confidence=medium | llm_selected_candidate_id=cand01 | The paper explicitly reports an SPS-specific subgroup of 25 patients used for the main proteomic comparison, while also mentioning 27 well-characterized SPS patients overall and that 25 of the 27 were tested by SELDI-TOF. Because the extractable diagnosis-specific subgroup count of 25 is the safest supported count, but cohort provenance/overlap is flagged as uncertain, the count should be manually reviewed.","Review the count evidence, update the count manual-review ledger or gold corpus, and rerun the stage-06 publish step.",true,2026-04-18T09:01:27.283527+00:00
436|06_sps_case_count|case_count_manual_review_required|source_sps_case_count_registry.csv,436,436,Stiff person syndrome with cerebellar disease and high-titer anti-GAD antibodies.,"Rakocevic, Goran; Raju, Raghavan; Semino-Mora, Cristina; Dalakas, Marinos C",2006,Neurology,06_sps_case_count,case_count_manual_review_required,medium,llm_candidate_exact,source_sps_case_count_registry.csv,count_manual_review_required,"challenge_stage=primary | verification_status=llm_candidate_exact | llm_count_confidence=medium | llm_selected_candidate_id=cand01 | The paper explicitly states that the authors studied 38 patients with stiff person syndrome, of whom 5 had the cerebellar SPS-Cer subset. Because the full 38 are diagnosis-specific SPS patients, 38 is the best-supported extractable SPS-spectrum cohort count, but provenance overlap is flagged as uncertain so manual review remains appropriate.","Review the count evidence, update the count manual-review ledger or gold corpus, and rerun the stage-06 publish step.",true,2026-04-18T09:01:56.288243+00:00
436|07_case_series_split|case_series_split_manual_review_required|case_series_split_registry.csv,436,436,Stiff person syndrome with cerebellar disease and high-titer anti-GAD antibodies.,"Rakocevic, Goran; Raju, Raghavan; Semino-Mora, Cristina; Dalakas, Marinos C",2006,Neurology,07_case_series_split,case_series_split_manual_review_required,medium,manual_review_required,case_series_split_registry.csv,split_status,"Case headings do not begin with the first case, so the leading case block is not safely isolated.",Review case boundaries manually or mark the paper unsuitable for case-level splitting.,true,2026-05-07T11:48:48.539467+00:00
446|06_sps_case_count|case_count_manual_review_required|source_sps_case_count_registry.csv,446,446,Stiff person syndrome: avoiding misdiagnosis.,"Andreadou, E; Kattoulas, E; Sfagos, C; Vassilopoulos, D",2007,Neurological sciences : official journal of the Italian Neurological Society and of the Italian Society of Clinical Neurophysiology,06_sps_case_count,case_count_manual_review_required,medium,llm_candidate_exact,source_sps_case_count_registry.csv,count_manual_review_required,"challenge_stage=primary | verification_status=llm_candidate_exact | llm_count_confidence=medium | llm_selected_candidate_id=cand01 | The paper is a case report and explicitly states ""we report a patient with SPS,"" with the body describing a single 41-year-old female patient. This supports a count of 1 unique original SPS-spectrum case, but manual review remains appropriate because the evidence pack flags original cohort provenance uncertainty.","Review the count evidence, update the count manual-review ledger or gold corpus, and rerun the stage-06 publish step.",true,2026-04-18T09:03:31.143494+00:00
456|07_case_series_split|case_series_split_manual_review_required|case_series_split_registry.csv,456,456,PET evidence of central GABAergic changes in stiff-person syndrome.,"Perani, Daniela; Garibotto, Valentina; Panzacchi, Andrea; Moresco, Rosa Maria; Ortelli, Paola; Corbo, Massimo; Fazio, Ferruccio; Folli, Franco",2007,Movement disorders : official journal of the Movement Disorder Society,07_case_series_split,case_series_split_manual_review_required,medium,manual_review_required,case_series_split_registry.csv,split_status,Could not find at least two distinct explicit case/patient headings.,Review case boundaries manually or mark the paper unsuitable for case-level splitting.,true,2026-05-07T11:48:48.539479+00:00
477|07_case_series_split|case_series_split_manual_review_required|case_series_split_registry.csv,477,477,The spectrum of disorders presenting as adult-onset focal lower extremity dystonia.,"McKeon, Andrew; Matsumoto, Joseph Y; Bower, James H; Ahlskog, J Eric",2008,Parkinsonism & related disorders,07_case_series_split,case_series_split_manual_review_required,medium,manual_review_required,case_series_split_registry.csv,split_status,"Case headings do not begin with the first case, so the leading case block is not safely isolated.",Review case boundaries manually or mark the paper unsuitable for case-level splitting.,true,2026-05-07T11:48:48.539491+00:00
491|07_case_series_split|case_series_split_manual_review_required|case_series_split_registry.csv,491,491,Spectrum of neurological syndromes associated with glutamic acid decarboxylase antibodies: diagnostic clues for this association.,"Saiz, Albert; Blanco, Yolanda; Sabater, Lidia; Gonzalez, Felix; Bataller, Luis; Casamitjana, Roser; Ramio-Torrenta, Lluis; Graus, Francesc",2008,Brain : a journal of neurology,07_case_series_split,case_series_split_manual_review_required,medium,manual_review_required,case_series_split_registry.csv,split_status,Could not find at least two distinct explicit case/patient headings.,Review case boundaries manually or mark the paper unsuitable for case-level splitting.,true,2026-05-07T11:48:48.539503+00:00
505|06_sps_case_count|case_count_manual_review_required|source_sps_case_count_registry.csv,505,505,Stiff-three limbs syndrome.,"Teive, Helio A G; Munhoz, Renato P; Cardoso, Juliana; Amaral, Vanice C G; Werneck, Lineu C",2009,Movement disorders : official journal of the Movement Disorder Society,06_sps_case_count,case_count_manual_review_required,medium,llm_candidate_exact,source_sps_case_count_registry.csv,count_manual_review_required,"challenge_stage=primary | verification_status=llm_candidate_exact | llm_count_confidence=medium | llm_selected_candidate_id=cand01 | The abstract explicitly states that the paper reports a single patient with stiff-three limbs syndrome, which is within the SPS spectrum. Although this supports a count of 1, the evidence pack flags original-cohort provenance uncertainty and the preferred text excerpt is contaminated by unrelated content, so human review is still warranted.","Review the count evidence, update the count manual-review ledger or gold corpus, and rerun the stage-06 publish step.",true,2026-04-18T21:29:46.599086+00:00
512|06_sps_case_count|case_count_manual_review_required|source_sps_case_count_registry.csv,512,512,"A case of stiff-person syndrome, type 1 diabetes, celiac disease and dermatitis herpetiformis.","O'Sullivan, Eoin P; Behan, Lucy-Ann; King, Tom F J; Hardiman, Orla; Smith, Diarmuid",2009,Clinical neurology and neurosurgery,06_sps_case_count,case_count_manual_review_required,medium,llm_candidate_exact,source_sps_case_count_registry.csv,count_manual_review_required,"challenge_stage=challenge | verification_status=llm_candidate_exact | llm_count_confidence=medium | challenge_reasons=semantic_validator_reject=COUNT_SPS_STATUS_UNCERTAIN | llm_selected_candidate_id=cand01 | This is a single-patient case report with explicit wording that the authors report one 41-year-old man with stiff-person syndrome. Although the diagnosis appears supported by the case description and anti-GAD positivity, the challenge flag indicates SPS-status uncertainty, so the safest resolution is the 1-case candidate with manual review retained.","Review the count evidence, update the count manual-review ledger or gold corpus, and rerun the stage-06 publish step.",true,2026-04-18T21:31:08.601452+00:00
524|06_sps_case_count|case_count_manual_review_required|source_sps_case_count_registry.csv,524,524,Stiff person syndrome associated with lower motor neuron disease and infiltration of cytotoxic T cells in the spinal cord.,"Holmoy, Trygve; Skorstad, Gjertrud; Roste, Line Sveberg; Scheie, David; Alvik, Kirsti",2009,Clinical neurology and neurosurgery,06_sps_case_count,case_count_manual_review_required,medium,llm_candidate_exact,source_sps_case_count_registry.csv,count_manual_review_required,"challenge_stage=primary | verification_status=llm_candidate_exact | llm_count_confidence=medium | llm_selected_candidate_id=cand01 | This paper reports a single original SPS-spectrum patient in a case report format. However, the text also states that this patient was previously reported as 'patient SPS 3 in the original reports,' so the extractable count is best taken as 1 with manual review required for provenance overlap.","Review the count evidence, update the count manual-review ledger or gold corpus, and rerun the stage-06 publish step.",true,2026-04-18T21:33:31.819966+00:00
525|04_source_categorisation|source_category_manual_review_required|paper_artifact_registry.csv,525,525,"Monozygotic twins with stiff person syndrome and autoimmune thyroiditis: rituximab inefficacy in a double-blind, randomised, placebo controlled crossover study.","Venhoff, N; Rizzi, M; Salzer, U; Bossaller, L; Thoden, J; Eibel, H; Walker, U A",2009,Annals of the rheumatic diseases,04_source_categorisation,source_category_manual_review_required,medium,review_source_category,paper_artifact_registry.csv,source_manual_review_required,"validator_flags=GROUP_STUDY_NO_GROUP_DATA; ADJ:GROUP_STUDY_NO_GROUP_DATA | Despite the validator flag, the classification is correct: this is an interventional study (randomised, placebo-controlled crossover) involving two SPS patients, both of whom are described individually. There is no group-level (aggregated) clinical data, only individual-level data for each twin. The study design and data presentation justify the 'interventional_study' category and a case count of 2.",Review source category/routing and update the source categorisation manual-review ledger.,true,2026-04-05T20:35:23.496218+00:00
526|06_sps_case_count|case_count_manual_review_required|source_sps_case_count_registry.csv,526,526,Spinocerebellar ataxia type 1 mimicking stiff person syndrome.,"Singhal, Sumeet; Gontu, Vamsi; Choudhary, Prajendra; Auer, Dorothee; Bajaj, Nin",2009,Movement disorders : official journal of the Movement Disorder Society,06_sps_case_count,case_count_manual_review_required,medium,llm_candidate_exact,source_sps_case_count_registry.csv,count_manual_review_required,"challenge_stage=primary | verification_status=llm_candidate_exact | llm_count_confidence=medium | llm_selected_candidate_id=cand01 | The paper explicitly describes one original patient presented as having features of stiff person syndrome, within a single-case report format. However, because the title and text indicate this is a mimic due to SCA1 rather than confirmed SPS-spectrum disease, and provenance uncertainty signals are present, the safest choice is the 1-case candidate with manual review retained.","Review the count evidence, update the count manual-review ledger or gold corpus, and rerun the stage-06 publish step.",true,2026-04-18T21:34:16.501786+00:00
529|07_case_series_split|case_series_split_manual_review_required|case_series_split_registry.csv,529,529,Finding our way: diagnostic perils and the stiff person syndrome.,"Freeman, Jerome W; Xu, Min; Anderson, Susan; Lindemann, Janet",2009,South Dakota medicine : the journal of the South Dakota State Medical Association,07_case_series_split,case_series_split_manual_review_required,medium,manual_review_required,case_series_split_registry.csv,split_status,Could not find at least two distinct explicit case/patient headings.,Review case boundaries manually or mark the paper unsuitable for case-level splitting.,true,2026-05-07T11:48:48.539539+00:00
536|06_sps_case_count|case_count_manual_review_required|source_sps_case_count_registry.csv,536,536,Characterization of CD4+ T cells specific for glutamic acid decarboxylase (GAD65) and proinsulin in a patient with stiff-person syndrome but without type 1 diabetes.,"Hanninen, Arno; Soilu-Hanninen, Merja; Hampe, Christiane S; Deptula, Angie; Geubtner, Kelly; Ilonen, Jorma; Knip, Mikael; Reijonen, Helena",2010,Diabetes/metabolism research and reviews,06_sps_case_count,case_count_manual_review_required,medium,llm_candidate_exact,source_sps_case_count_registry.csv,count_manual_review_required,"challenge_stage=primary | verification_status=llm_candidate_exact | llm_count_confidence=medium | llm_selected_candidate_id=cand02 | The paper explicitly describes original longitudinal laboratory characterization in a single SPS patient: both the title and abstract state 'a patient with stiff-person syndrome' / 'the patient with SPS' followed over 46 months. This supports 1 unique extractable SPS-spectrum case, but manual review remains appropriate because provenance uncertainty flags are present and the study is highly lab-focused.","Review the count evidence, update the count manual-review ledger or gold corpus, and rerun the stage-06 publish step.",true,2026-04-18T21:36:15.716993+00:00
551|06_sps_case_count|case_count_manual_review_required|source_sps_case_count_registry.csv,551,551,A perplexing consult for pseudoseizures: stiff-man syndrome.,"Prasad, Vivek",2010,The Journal of neuropsychiatry and clinical neurosciences,06_sps_case_count,case_count_manual_review_required,medium,llm_candidate_exact,source_sps_case_count_registry.csv,count_manual_review_required,"challenge_stage=primary | verification_status=llm_candidate_exact | llm_count_confidence=medium | llm_selected_candidate_id=cand01 | The full text explicitly presents 'the following is a case description' and then describes one 51-year-old man with a neurologist diagnosis of stiff-man syndrome. This supports a single original SPS-spectrum patient, but confidence remains medium because the report is framed as a consultation letter and the diagnosis is reported via the treating neurologist rather than extensively re-established in the article.","Review the count evidence, update the count manual-review ledger or gold corpus, and rerun the stage-06 publish step.",true,2026-04-18T21:39:25.143548+00:00
555|06_sps_case_count|case_count_manual_review_required|source_sps_case_count_registry.csv,555,555,Stiff-person syndrome presenting as eating disorder: a case report.,"Cuturic, Miroslav; Harden, Laurie M; Kannaday, Melissa H; Campbell, Nioaka N; Harding, Richard K",2011,The International journal of eating disorders,06_sps_case_count,case_count_manual_review_required,medium,llm_candidate_exact,source_sps_case_count_registry.csv,count_manual_review_required,challenge_stage=primary | verification_status=llm_candidate_exact | llm_count_confidence=medium | llm_selected_candidate_id=cand03 | This paper is a single-patient case report with explicit diagnosis-supported wording for one woman found to have stiff-person syndrome. Candidate cand03 is the safest exact match because it is tied to the explicit SPS-specific patient count and already preserves manual review due to provenance uncertainty signals.,"Review the count evidence, update the count manual-review ledger or gold corpus, and rerun the stage-06 publish step.",true,2026-04-18T21:40:43.747264+00:00
568|06_sps_case_count|case_count_manual_review_required|source_sps_case_count_registry.csv,568,568,Pathological findings in a case of stiff person syndrome with anti-GAD antibodies.,"Witherick, Jonathan; Highley, J Robin; Hadjivassiliou, Marios",2011,Movement disorders : official journal of the Movement Disorder Society,06_sps_case_count,case_count_manual_review_required,medium,llm_candidate_exact,source_sps_case_count_registry.csv,count_manual_review_required,"challenge_stage=primary | verification_status=llm_candidate_exact | llm_count_confidence=medium | llm_selected_candidate_id=cand01 | The paper is framed as a single-patient case report and the full text explicitly describes clinical and postmortem findings from one SPS patient with diagnostic support. Because the evidence pack flags possible prior description/provenance uncertainty, the safest choice is the 1-case candidate with manual review retained.","Review the count evidence, update the count manual-review ledger or gold corpus, and rerun the stage-06 publish step.",true,2026-04-18T21:42:36.989125+00:00
594|04_source_categorisation|source_category_manual_review_required|paper_artifact_registry.csv,594,594,Atypical clinically diagnosed stiff-person syndrome response to dantrolene--a refractory case.,"Schreiber, Adam L; Vasudevan, John M; Fetouh, S Kamal; Ankam, Nethra S; Hussain, Aamir; Rakocevic, Goran",2012,Muscle & nerve,04_source_categorisation,source_category_manual_review_required,medium,review_source_category,paper_artifact_registry.csv,source_manual_review_required,"The extracted text does not match the metadata for the target article (594: 'Atypical clinically diagnosed stiff-person syndrome response to dantrolene--a refractory case.'). No information about SPS, dantrolene, or the listed authors is present. Manual review is required to resolve this discrepancy.",Review source category/routing and update the source categorisation manual-review ledger.,true,2026-04-05T20:44:55.447666+00:00
599|07_case_series_split|case_series_split_manual_review_required|case_series_split_registry.csv,599,599,Electrophysiological characteristics in four patients from Brazil with stiff person syndrome.,"Lorenzoni, Paulo J; Scola, Rosana H; Kay, Claudia S K; Teive, Helio A G; dos Santos, Lucia H Coutinho; Werneck, Lineu C",2012,Journal of clinical neuroscience : official journal of the Neurosurgical Society of Australasia,07_case_series_split,case_series_split_manual_review_required,medium,manual_review_required,case_series_split_registry.csv,split_status,Could not find at least two distinct explicit case/patient headings.,Review case boundaries manually or mark the paper unsuitable for case-level splitting.,true,2026-05-07T11:48:48.539612+00:00
608|06_sps_case_count|case_count_manual_review_required|source_sps_case_count_registry.csv,608,608,Case records of the Massachusetts General Hospital. Case 27-2012. A 60-year-old woman with painful muscle spasms and hyperreflexia.,"Byrne, Thomas N; Isakoff, Steven Jay; Rincon, Sandra P; Gudewicz, Thomas M",2012,The New England journal of medicine,06_sps_case_count,case_count_manual_review_required,medium,llm_candidate_exact,source_sps_case_count_registry.csv,count_manual_review_required,"challenge_stage=primary | verification_status=llm_candidate_exact | llm_count_confidence=medium | llm_selected_candidate_id=cand01 | This paper is presented as a single-patient case report ('A 60-year-old woman') and the clinical description is consistent with a diagnosis-supported SPS-spectrum case. The best-supported extractable count is therefore 1 unique patient, but confidence remains medium because the supplied evidence pack does not include an explicit final diagnostic sentence.","Review the count evidence, update the count manual-review ledger or gold corpus, and rerun the stage-06 publish step.",true,2026-04-18T23:00:42.620720+00:00
621|07_case_series_split|case_series_split_manual_review_required|case_series_split_registry.csv,621,621,Stiff-person syndrome associated with cerebellar ataxia and high glutamic acid decarboxylase antibody titer.,"Kono, S; Miyajima, H; Sugimoto, M; Suzuki, Y; Takahashi, Y; Hishida, A",2001,"Internal medicine (Tokyo, Japan)",07_case_series_split,case_series_split_manual_review_required,medium,manual_review_required,case_series_split_registry.csv,split_status,"Case headings were found, but the segmented case blocks were too short or unstable.",Review case boundaries manually or mark the paper unsuitable for case-level splitting.,true,2026-05-07T11:48:48.539649+00:00
640|07_case_series_split|case_series_split_manual_review_required|case_series_split_registry.csv,640,640,Pathological evidence of encephalomyelitis in the stiff man syndrome with anti-GAD antibodies.,"Warren, Jason D; Scott, Grace; Blumbergs, Peter C; Thompson, Philip D",2002,Journal of clinical neuroscience : official journal of the Neurosurgical Society of Australasia,07_case_series_split,case_series_split_manual_review_required,medium,manual_review_required,case_series_split_registry.csv,split_status,Could not find at least two distinct explicit case/patient headings.,Review case boundaries manually or mark the paper unsuitable for case-level splitting.,true,2026-05-07T11:48:48.539661+00:00
642|07_case_series_split|case_series_split_manual_review_required|case_series_split_registry.csv,642,642,Increased brainstem excitability in stiff-person syndrome.,"Molloy, F M; Dalakas, M C; Floeter, Mary Kay",2002,Neurology,07_case_series_split,case_series_split_manual_review_required,medium,manual_review_required,case_series_split_registry.csv,split_status,Could not find at least two distinct explicit case/patient headings.,Review case boundaries manually or mark the paper unsuitable for case-level splitting.,true,2026-05-07T11:48:48.539673+00:00
663|07_case_series_split|case_series_split_manual_review_required|case_series_split_registry.csv,663,663,Treatment of stiff-person syndrome with chronic plasmapheresis.,"De la Casa-Fages, Beatriz; Anaya, Fernando; Gabriel-Ortemberg, Martin; Grandas, Francisco",2013,Movement disorders : official journal of the Movement Disorder Society,07_case_series_split,case_series_split_manual_review_required,medium,manual_review_required,case_series_split_registry.csv,split_status,Could not find at least two distinct explicit case/patient headings.,Review case boundaries manually or mark the paper unsuitable for case-level splitting.,true,2026-05-07T11:48:48.539710+00:00
737|06_sps_case_count|case_count_manual_review_required|source_sps_case_count_registry.csv,737,737,Autologous stem cell transplantation for stiff person syndrome: two cases from the Ottawa blood and marrow transplant program.,"Sanders, Sheilagh; Bredeson, Christopher; Pringle, C Elizabeth; Martin, Lisa; Allan, David; Bence-Bruckler, Isabelle; Hamelin, Linda; Hopkins, Harry S; Sabloff, Mitchell; Sheppard, Dawn; Tay, Jason; Huebsch, Lothar; Atkins, Harold L",2014,JAMA neurology,06_sps_case_count,case_count_manual_review_required,medium,llm_candidate_exact,source_sps_case_count_registry.csv,count_manual_review_required,"challenge_stage=primary | verification_status=llm_candidate_exact | llm_count_confidence=high | llm_selected_candidate_id=cand02 | The paper explicitly reports an original cohort of 2 patients with severe stiff person syndrome treated at the Ottawa program, and the abstract/title consistently describe 2 SPS cases. Because the evidence pack flags possible provenance overlap/previous description uncertainty, the count is best taken as 2 but should remain flagged for human review.","Review the count evidence, update the count manual-review ledger or gold corpus, and rerun the stage-06 publish step.",true,2026-04-18T23:29:25.281834+00:00
740|07_case_series_split|case_series_split_manual_review_required|case_series_split_registry.csv,740,740,Latent autoimmune diabetes in Stiff-Person Syndrome.,"Fourlanos, Spiros; Neal, Andrew; So, Michelle; Evans, Andrew",2014,Diabetes care,07_case_series_split,case_series_split_manual_review_required,medium,manual_review_required,case_series_split_registry.csv,split_status,Could not find at least two distinct explicit case/patient headings.,Review case boundaries manually or mark the paper unsuitable for case-level splitting.,true,2026-05-07T11:48:48.539738+00:00
765|06_sps_case_count|case_count_manual_review_required|source_sps_case_count_registry.csv,765,765,Gastrointestinal and Urologic Sphincter Dysfunction in Stiff Person Syndrome.,"Dumitrascu, Oana M; Tsimerinov, Evgeny I; Lewis, Richard A",2016,Journal of clinical neuromuscular disease,06_sps_case_count,case_count_manual_review_required,medium,llm_candidate_exact,source_sps_case_count_registry.csv,count_manual_review_required,"challenge_stage=primary | verification_status=llm_candidate_exact | llm_count_confidence=medium | llm_selected_candidate_id=cand01 | The paper explicitly reports 2 original SPS cases and describes them as Case 1 and Case 2, supporting a count of 2 unique SPS-spectrum patients. However, the evidence pack flags possible prior reporting/provenance uncertainty, so the count should be retained with manual review.","Review the count evidence, update the count manual-review ledger or gold corpus, and rerun the stage-06 publish step.",true,2026-04-18T23:32:57.173517+00:00
776|07_case_series_split|case_series_split_manual_review_required|case_series_split_registry.csv,776,776,Stiff person syndrome masquerading as multiple sclerosis.,"Sabatino, Joseph J Jr; Newsome, Scott D",2017,Journal of the neurological sciences,07_case_series_split,case_series_split_manual_review_required,medium,manual_review_required,case_series_split_registry.csv,split_status,Could not find at least two distinct explicit case/patient headings.,Review case boundaries manually or mark the paper unsuitable for case-level splitting.,true,2026-05-07T11:48:48.539754+00:00
788|07_case_series_split|case_series_split_manual_review_required|case_series_split_registry.csv,788,788,Clinical characteristics of patients with cerebellar ataxia associated with anti-GAD antibodies.,"Aguiar, Tiago Silva; Fragoso, Andrea; Albuquerque, Carolina Rouanet de; Teixeira, Patricia de Fatima; Souza, Marcus Vinicius Leitao de; Zajdenverg, Lenita; Alves-Leon, Soniza Vieira; Rodacki, Melanie; Lima, Marco Antonio Sales Dantas de",2017,Arquivos de neuro-psiquiatria,07_case_series_split,case_series_split_manual_review_required,medium,manual_review_required,case_series_split_registry.csv,split_status,"Case headings do not begin with the first case, so the leading case block is not safely isolated.",Review case boundaries manually or mark the paper unsuitable for case-level splitting.,true,2026-05-07T11:48:48.539766+00:00
825|07_case_series_split|case_series_split_manual_review_required|case_series_split_registry.csv,825,825,Practical issues in measuring autoantibodies to neuronal cell-surface antigens in autoimmune neurological disorders: 190 cases.,"Kaneko, Juntaro; Kanazawa, Naomi; Tominaga, Naomi; Kaneko, Atsushi; Suga, Hiroki; Usui, Ryo; Ishima, Daisuke; Kitamura, Eiji; Akutsu, Tsugio; Yoshida, Koji; Nishiyama, Kazutoshi; Iizuka, Takahiro",2018,Journal of the neurological sciences,07_case_series_split,case_series_split_manual_review_required,medium,manual_review_required,case_series_split_registry.csv,split_status,Could not find at least two distinct explicit case/patient headings.,Review case boundaries manually or mark the paper unsuitable for case-level splitting.,true,2026-05-07T11:48:48.539792+00:00
826|07_case_series_split|case_series_split_manual_review_required|case_series_split_registry.csv,826,826,Antiglycine receptor antibody related disease: a case series and literature review.,"Swayne, A; Tjoa, L; Broadley, S; Dionisio, S; Gillis, D; Jacobson, L; Woodhall, M R; McNabb, A; Schweitzer, D; Tsang, B; Vincent, A; Irani, S R; Wong, R; Waters, P; Blum, S",2018,European journal of neurology,07_case_series_split,case_series_split_manual_review_required,medium,manual_review_required,case_series_split_registry.csv,split_status,Could not find at least two distinct explicit case/patient headings.,Review case boundaries manually or mark the paper unsuitable for case-level splitting.,true,2026-05-07T11:48:48.539804+00:00
832|06_sps_case_count|case_count_manual_review_required|source_sps_case_count_registry.csv,832,832,Stiff person syndrome with Anti-GAD65 antibodies within the national veterans affairs health administration.,"Galli, Jonathan R; Austin, Sharon D; Greenlee, John E; Clardy, Stacey L",2018,Muscle & nerve,06_sps_case_count,case_count_manual_review_required,medium,llm_candidate_exact,source_sps_case_count_registry.csv,count_manual_review_required,"challenge_stage=primary | verification_status=llm_candidate_exact | llm_count_confidence=high | llm_selected_candidate_id=cand01 | The paper explicitly reports an original retrospective SPS cohort of 15 anti-GAD65-positive patients who met study criteria. The alternative count of 36 is not supported as an extractable SPS-spectrum case total, while provenance uncertainty signals warrant retaining manual review.","Review the count evidence, update the count manual-review ledger or gold corpus, and rerun the stage-06 publish step.",true,2026-04-18T23:43:22.594857+00:00
834|06_sps_case_count|case_count_manual_review_required|source_sps_case_count_registry.csv,834,834,"A case report of rigidity and recurrent lower limb myoclonus: progressive encephalomyelitis rigidity and myoclonus syndrome, a chameleon.","Degeneffe, Aurelie; Dagonnier, Marie; D'hondt, Alain; Elosegi, Jose Antonio",2018,BMC neurology,06_sps_case_count,case_count_manual_review_required,medium,llm_candidate_exact,source_sps_case_count_registry.csv,count_manual_review_required,"challenge_stage=primary | verification_status=llm_candidate_exact | llm_count_confidence=medium | llm_selected_candidate_id=cand01 | The paper is explicitly framed as a single case report and repeatedly states that the authors report one 62-year-old patient with a diagnosis of PERM, which is within the SPS spectrum. I selected the 1-case candidate, but manual review remains required because the evidence pack flags possible prior reporting/provenance uncertainty.","Review the count evidence, update the count manual-review ledger or gold corpus, and rerun the stage-06 publish step.",true,2026-04-19T09:13:29.237720+00:00
836|06_sps_case_count|case_count_manual_review_required|source_sps_case_count_registry.csv,836,836,Successful Anesthetic Management of Patient with Stiff Person Syndrome.,"Sohaib, Muhammad; Siddiqui, Ali Sarfaraz",2018,Journal of the College of Physicians and Surgeons--Pakistan : JCPSP,06_sps_case_count,case_count_manual_review_required,medium,llm_candidate_exact,source_sps_case_count_registry.csv,count_manual_review_required,"challenge_stage=primary | verification_status=llm_candidate_exact | llm_count_confidence=medium | llm_selected_candidate_id=cand01 | The paper is framed as a single case report and explicitly states that the authors describe anesthetic management of a patient with stiff person syndrome, supporting a count of 1 unique SPS-spectrum patient. Because the evidence pack flags possible provenance uncertainty/non-original signal, this should still receive human review.","Review the count evidence, update the count manual-review ledger or gold corpus, and rerun the stage-06 publish step.",true,2026-04-19T09:13:48.289797+00:00
837|06_sps_case_count|case_count_manual_review_required|source_sps_case_count_registry.csv,837,837,Treatment of Possible PERM Underlying Malignant Catatonia and Accompanying Psychotic Symptoms With Modified Electroconvulsive Therapy: A Case Report.,"Omi, Tsubasa; Matsunaga, Hidenori; Kanai, Koji; Shiraishi, Naoyuki; Miyazato, Yusuke; Sumikura, Hiroyuki",2019,The journal of ECT,06_sps_case_count,case_count_manual_review_required,medium,llm_candidate_exact,source_sps_case_count_registry.csv,count_manual_review_required,"challenge_stage=primary | verification_status=llm_candidate_exact | llm_count_confidence=medium | llm_selected_candidate_id=cand01 | This is explicitly presented as a case report and the text describes a single 47-year-old woman with possible PERM, which falls within the SPS spectrum. Because the OCR/full-text evidence is noisy and the diagnosis is framed as possible PERM, the safest resolution is the single-case candidate with manual review retained.","Review the count evidence, update the count manual-review ledger or gold corpus, and rerun the stage-06 publish step.",true,2026-04-19T09:14:08.080617+00:00
857|06_sps_case_count|case_count_manual_review_required|source_sps_case_count_registry.csv,857,857,Anaesthetic management of a patient with a unique combination of anti-N-methyl-D-aspartate receptor encephalitis and stiff-person syndrome.,"Gharedaghi, Mohammad Hadi; Khorasani, Arjang; Knezevic, Nebojsa Nick; Ebrahimi, Farzad",2018,BMJ case reports,06_sps_case_count,case_count_manual_review_required,medium,llm_candidate_exact,source_sps_case_count_registry.csv,count_manual_review_required,"challenge_stage=challenge | verification_status=llm_candidate_exact | llm_count_confidence=medium | challenge_reasons=semantic_validator_reject=COUNT_SPS_STATUS_UNCERTAIN | llm_selected_candidate_id=cand01 | This is a single-case report describing one 26-year-old woman and explicitly states she was diagnosed with both anti-NMDAR encephalitis and stiff-person syndrome. Because the paper involves a mixed dual-diagnosis presentation and the challenge flag notes SPS-status uncertainty, the safest resolution is to keep the count at 1 but require manual review.","Review the count evidence, update the count manual-review ledger or gold corpus, and rerun the stage-06 publish step.",true,2026-04-19T09:16:48.967435+00:00
859|06_sps_case_count|case_count_manual_review_required|source_sps_case_count_registry.csv,859,859,Anti-GAD Antibody-associated Syndrome Presenting with Limb Myoclonus.,"Manzke, Pedro; Grippe, Talyta; Tavares, Georgia L; Leal, Lucas C; Roze, Emmanuel; Apartis, Emmanuelle; Maciel Dias, Ronaldo; Ferreira, Andre G F",2018,"Tremor and other hyperkinetic movements (New York, N.Y.)",06_sps_case_count,case_count_manual_review_required,medium,llm_candidate_exact,source_sps_case_count_registry.csv,count_manual_review_required,"challenge_stage=primary | verification_status=llm_candidate_exact | llm_count_confidence=medium | llm_selected_candidate_id=cand01 | This paper is a single-patient case report and explicitly describes one 59-year-old female patient. The evidence supports 1 unique original patient, but manual review is still warranted because SPS-spectrum membership is somewhat indirect from the provided excerpts (anti-GAD syndrome with limb myoclonus; SPS mentioned in keywords).","Review the count evidence, update the count manual-review ledger or gold corpus, and rerun the stage-06 publish step.",true,2026-04-19T09:17:10.074533+00:00
861|06_sps_case_count|case_count_manual_review_required|source_sps_case_count_registry.csv,861,861,Stiff-man syndrome in childhood.,"Markandeyulu, V; Joseph, T P; Solomon, T; Jacob, J; Kumar, S; Gnanamuthu, C",2001,Journal of the Royal Society of Medicine,06_sps_case_count,case_count_manual_review_required,medium,llm_candidate_exact,source_sps_case_count_registry.csv,count_manual_review_required,"challenge_stage=primary | verification_status=llm_candidate_exact | llm_count_confidence=medium | llm_selected_candidate_id=cand01 | The paper is presented as a single case report and the full-text excerpt describes one boy aged 11 with clinically supported stiff-man/stiff-limb syndrome. This supports a count of 1 unique SPS-spectrum patient, but manual review remains appropriate because provenance uncertainty is flagged upstream.","Review the count evidence, update the count manual-review ledger or gold corpus, and rerun the stage-06 publish step.",true,2026-04-19T09:17:30.191617+00:00
862|06_sps_case_count|case_count_manual_review_required|source_sps_case_count_registry.csv,862,862,Gravity-Independent Upbeat Nystagmus in Syndrome of Anti-GAD Antibodies.,"Feldman, Daniel; Otero-Millan, Jorge; Shaikh, Aasef G",2019,"Cerebellum (London, England)",06_sps_case_count,case_count_manual_review_required,medium,llm_candidate_exact,source_sps_case_count_registry.csv,count_manual_review_required,"challenge_stage=challenge | verification_status=llm_candidate_exact | llm_count_confidence=medium | challenge_reasons=local_validation_conflict=0 vs 1 | llm_selected_candidate_id=cand01 | The paper is framed as a short report/case report and repeatedly uses singular language ('our patient', 'we describe a patient with SPS'), supporting one original SPS-spectrum case. Because the source routing is unclear and the evidence is largely abstract/excerpt based, the count is best matched to the single-case candidate but should remain flagged for manual review.","Review the count evidence, update the count manual-review ledger or gold corpus, and rerun the stage-06 publish step.",true,2026-04-19T09:17:56.487767+00:00
872|06_sps_case_count|case_count_manual_review_required|source_sps_case_count_registry.csv,872,872,Stiff person syndrome as the initial manifestation of systemic lupus erythematosus.,"Munhoz, Renato P; Fameli, Hudson; Teive, Helio A G",2010,Movement disorders : official journal of the Movement Disorder Society,06_sps_case_count,case_count_manual_review_required,medium,llm_candidate_exact,source_sps_case_count_registry.csv,count_manual_review_required,"challenge_stage=primary | verification_status=llm_candidate_exact | llm_count_confidence=medium | llm_selected_candidate_id=cand01 | The paper is framed as a case report and the full-text excerpt explicitly states, ""Here, we report a case of SPS as the initial manifestation of systemic lupus erythematosus,"" followed by a single patient's clinical description. This supports counting 1 unique original SPS-spectrum patient, but manual review remains appropriate because provenance uncertainty signals are present in the evidence pack.","Review the count evidence, update the count manual-review ledger or gold corpus, and rerun the stage-06 publish step.",true,2026-04-19T09:19:11.334017+00:00
874|06_sps_case_count|case_count_manual_review_required|source_sps_case_count_registry.csv,874,874,Progressive encephalomyelitis with rigidity and myoclonus preceding otherwise asymptomatic Hodgkin's lymphoma.,"Schmidt, Caroline; Freilinger, Tobias; Lieb, M; Remi, J; Klein, M; Straube, A; Pfefferkorn, T",2010,Journal of the neurological sciences,06_sps_case_count,case_count_manual_review_required,medium,llm_candidate_exact,source_sps_case_count_registry.csv,count_manual_review_required,"challenge_stage=primary | verification_status=llm_candidate_exact | llm_count_confidence=medium | llm_selected_candidate_id=cand01 | This paper is framed as a single case report and explicitly states, ""Here, we present a case of PERM associated with HL,"" supporting one original SPS-spectrum patient. Because the evidence pack flags original-cohort provenance uncertainty and confidence is not high, the count should be manually reviewed despite selecting the single-case candidate.","Review the count evidence, update the count manual-review ledger or gold corpus, and rerun the stage-06 publish step.",true,2026-04-19T09:19:31.547537+00:00
881|07_case_series_split|case_series_split_manual_review_required|case_series_split_registry.csv,881,881,Stiff Young Woman.,"Dankerl, P; Rauh, C; Lee, D H; Schulz-Wendtland, R; Uder, M; Hartmann, A; Wenkel, E",2015,RoFo : Fortschritte auf dem Gebiete der Rontgenstrahlen und der Nuklearmedizin,07_case_series_split,case_series_split_manual_review_required,medium,manual_review_required,case_series_split_registry.csv,split_status,Could not find at least two distinct explicit case/patient headings.,Review case boundaries manually or mark the paper unsuitable for case-level splitting.,true,2026-05-07T11:48:48.539858+00:00
890|06_sps_case_count|case_count_manual_review_required|source_sps_case_count_registry.csv,890,890,Role of osteopathic manipulative treatment in the management of stiff person syndrome.,"Rajaii, Roxanne M; Cox, Gregory J; Schneider, Robert P",2015,The Journal of the American Osteopathic Association,06_sps_case_count,case_count_manual_review_required,medium,llm_candidate_exact,source_sps_case_count_registry.csv,count_manual_review_required,"challenge_stage=primary | verification_status=llm_candidate_exact | llm_count_confidence=medium | llm_selected_candidate_id=cand01 | The paper is explicitly labeled a case report and the full-text excerpt describes a single diagnosed SPS patient: a 52-year-old man with a 10-year history of diagnosed SPS. This supports the heuristic single-case count of 1, but manual review remains appropriate because the supplied evidence pack is limited and confidence is not high.","Review the count evidence, update the count manual-review ledger or gold corpus, and rerun the stage-06 publish step.",true,2026-04-19T09:22:35.479201+00:00
891|06_sps_case_count|case_count_manual_review_required|source_sps_case_count_registry.csv,891,891,Stiff person syndrome: a tough and rigid case.,"Liran, Ori; Kots, Eugene; Amital, Howard",2015,The Israel Medical Association journal : IMAJ,06_sps_case_count,case_count_manual_review_required,medium,llm_candidate_exact,source_sps_case_count_registry.csv,count_manual_review_required,"challenge_stage=primary | verification_status=llm_candidate_exact | llm_count_confidence=medium | llm_selected_candidate_id=cand01 | The paper appears to be a case communication centered on an individual diagnosed with stiff person syndrome, which best supports the single-case candidate. However, the provided excerpt is incomplete and mostly contains background discussion, so human review is still warranted.","Review the count evidence, update the count manual-review ledger or gold corpus, and rerun the stage-06 publish step.",true,2026-04-19T09:22:54.824234+00:00
892|06_sps_case_count|case_count_manual_review_required|source_sps_case_count_registry.csv,892,892,A Case of Stiff Person Syndrome: Immunomodulatory Effect of Benzodiazepines: Successful Rituximab and Tizanidine Therapy.,"Zdziarski, Przemyslaw",2015,Medicine,06_sps_case_count,case_count_manual_review_required,medium,llm_candidate_exact,source_sps_case_count_registry.csv,count_manual_review_required,"challenge_stage=primary | verification_status=llm_candidate_exact | llm_count_confidence=medium | llm_selected_candidate_id=cand01 | The paper is framed as a single case report and the full-text excerpt explicitly presents one 39-year-old woman with diagnosis-supported autoimmune SPS. Candidate 1 best matches the evidence, but manual review remains appropriate because the evidence pack flags original cohort provenance uncertainty.","Review the count evidence, update the count manual-review ledger or gold corpus, and rerun the stage-06 publish step.",true,2026-04-19T09:23:13.102018+00:00
893|06_sps_case_count|case_count_manual_review_required|source_sps_case_count_registry.csv,893,893,Elevated Serum GAD65 and GAD65-GADA Immune Complexes in Stiff Person Syndrome.,"Gu Urban, Gucci Jijuan; Friedman, Mikaela; Ren, Ping; Torn, Carina; Fex, Malin; Hampe, Christiane S; Lernmark, Ake; Landegren, Ulf; Kamali-Moghaddam, Masood",2015,Scientific reports,06_sps_case_count,case_count_manual_review_required,medium,llm_candidate_exact,source_sps_case_count_registry.csv,count_manual_review_required,"challenge_stage=primary | verification_status=llm_candidate_exact | llm_count_confidence=medium | llm_selected_candidate_id=cand01 | The paper explicitly reports serum samples from SPS patients with an SPS-specific count of 7, which is the best-supported extractable case count among the candidates. However, provenance/originality is flagged as uncertain, so the count should be retained with manual review.","Review the count evidence, update the count manual-review ledger or gold corpus, and rerun the stage-06 publish step.",true,2026-04-19T09:23:33.207667+00:00
910|06_sps_case_count|case_count_manual_review_required|source_sps_case_count_registry.csv,910,910,Intrathecal-specific glutamic acid decarboxylase antibodies at low titers in autoimmune neurological disorders.,"Sunwoo, Jun-Sang; Chu, Kon; Byun, Jung-Ick; Moon, Jangsup; Lim, Jung-Ah; Kim, Tae-Joon; Lee, Soon-Tae; Jung, Keun-Hwa; Park, Kyung-Il; Jeon, Daejong; Jung, Ki-Young; Kim, Manho; Lee, Sang Kun",2016,Journal of neuroimmunology,06_sps_case_count,case_count_manual_review_required,medium,llm_candidate_exact,source_sps_case_count_registry.csv,count_manual_review_required,"challenge_stage=primary | verification_status=llm_candidate_exact | llm_count_confidence=medium | llm_selected_candidate_id=cand01 | The paper reports a broader cohort of 19 GAD-antibody-positive neurological patients, but the only explicit SPS-spectrum subgroup signal is a diagnosis/symptom row showing stiff-person phenomena in 1 patient. Because the SPS subset is explicitly quantified as 1 while the rest of the cohort includes non-SPSD syndromes, the safest extractable count is 1, though human review is warranted because the wording may reflect a symptom-frequency table rather than a fully adjudicated SPS diagnosis count.","Review the count evidence, update the count manual-review ledger or gold corpus, and rerun the stage-06 publish step.",true,2026-04-19T09:27:04.226422+00:00
919|07_case_series_split|case_series_split_manual_review_required|case_series_split_registry.csv,919,919,Clinical and Immunologic Investigations in Patients With Stiff-Person Spectrum Disorder.,"Martinez-Hernandez, Eugenia; Arino, Helena; McKeon, Andrew; Iizuka, Takahiro; Titulaer, Maarten J; Simabukuro, Mateus M; Lancaster, Eric; Petit-Pedrol, Mar; Planaguma, Jesus; Blanco, Yolanda; Harvey, Robert J; Saiz, Albert; Graus, Francesc; Dalmau, Josep",2016,JAMA neurology,07_case_series_split,case_series_split_manual_review_required,medium,manual_review_required,case_series_split_registry.csv,split_status,Could not find at least two distinct explicit case/patient headings.,Review case boundaries manually or mark the paper unsuitable for case-level splitting.,true,2026-05-07T11:48:48.539870+00:00
929|06_sps_case_count|case_count_manual_review_required|source_sps_case_count_registry.csv,929,929,Utility of ultrasonography in evaluating muscle contractions in stiff-person syndrome.,"Hoshino, Yasunobu; Nishioka, Kenya; Kanai, Kauzuaki; Tanaka, Ryota; Nagaoka, Masanori; Kuwabara, Satoshi; Hattori, Nobutaka",2016,Journal of the neurological sciences,06_sps_case_count,case_count_manual_review_required,medium,llm_candidate_exact,source_sps_case_count_registry.csv,count_manual_review_required,"challenge_stage=primary | verification_status=llm_candidate_exact | llm_count_confidence=medium | llm_selected_candidate_id=cand01 | The full text explicitly reports a single patient with clinically and electrophysiologically supported SPS: 'we observed ... in a patient with SPS' and the case report details one 27-year-old woman diagnosed with SPS. Although the paper notes some measures were 'previously described [4],' that appears to refer to methods rather than indicating multiple cases; however provenance uncertainty remains, so manual review is still warranted.","Review the count evidence, update the count manual-review ledger or gold corpus, and rerun the stage-06 publish step.",true,2026-04-19T09:30:07.869652+00:00
938|06_sps_case_count|case_count_manual_review_required|source_sps_case_count_registry.csv,938,938,Retinal pathology occurs in stiff-person syndrome.,"Lambe, Jeffrey; Rothman, Alissa; Prince, Jerry; Saidha, Shiv; Calabresi, Peter A; Newsome, Scott D",2020,Neurology,06_sps_case_count,case_count_manual_review_required,medium,llm_candidate_exact,source_sps_case_count_registry.csv,count_manual_review_required,"challenge_stage=challenge | verification_status=llm_candidate_exact | llm_count_confidence=medium | challenge_reasons=local_validation_conflict=0 vs 35 | llm_selected_candidate_id=cand01 | The paper explicitly reports a cohort of 35 patients with stiff-person syndrome who underwent OCT, with a smaller subset of 23 undergoing visual acuity testing. This supports counting 35 unique SPS-spectrum patients, but manual review remains appropriate because original cohort provenance is flagged as uncertain upstream.","Review the count evidence, update the count manual-review ledger or gold corpus, and rerun the stage-06 publish step.",true,2026-04-19T09:31:24.747298+00:00
951|06_sps_case_count|case_count_manual_review_required|source_sps_case_count_registry.csv,951,951,Dyspnea in Patients with Stiff-Person Syndrome.,"Sexauer, William; Woodford, Matthew; Pack, Katrina; Allen, Anthony; Crawford, Albert; Rakocevic, Goran",2019,The American journal of the medical sciences,06_sps_case_count,case_count_manual_review_required,medium,llm_candidate_exact,source_sps_case_count_registry.csv,count_manual_review_required,"challenge_stage=primary | verification_status=llm_candidate_exact | llm_count_confidence=medium | llm_selected_candidate_id=cand01 | The paper explicitly reports a prospective SPS cohort of 17 recruited patients, and the methods text further supports that these were diagnosis-confirmed SPS subjects. Although there is a provenance uncertainty signal upstream, no clearer alternative SPS-spectrum count is supported than 17.","Review the count evidence, update the count manual-review ledger or gold corpus, and rerun the stage-06 publish step.",true,2026-04-19T09:32:58.117190+00:00
966|06_sps_case_count|case_count_manual_review_required|source_sps_case_count_registry.csv,966,966,Stiff person spectrum disorders: An illustrative case series of their phenotypic and antibody diversity.,"Bernardo, Francisco; Rebordao, Leonor; Rego, Andre; Machado, Sara; Passos, Joao; Costa, Cristina; Cruz, Simao; Pinto, Amelia Nogueira; Santos, Mariana",2020,Journal of neuroimmunology,06_sps_case_count,case_count_manual_review_required,medium,llm_candidate_exact,source_sps_case_count_registry.csv,count_manual_review_required,"challenge_stage=primary | verification_status=llm_candidate_exact | llm_count_confidence=high | llm_selected_candidate_id=cand01 | The paper explicitly describes an original case series of 3 SPS-spectrum disorder patients, with the body text stating that 3 patients were included and the abstract enumerating three SPSD phenotypes. Because the evidence pack flags original cohort provenance uncertainty, the count is best taken as 3 but should still receive manual review.","Review the count evidence, update the count manual-review ledger or gold corpus, and rerun the stage-06 publish step.",true,2026-04-19T09:36:02.146263+00:00
967|06_sps_case_count|case_count_manual_review_required|source_sps_case_count_registry.csv,967,967,Clinical Heterogeneity in Patients with Glutamate Decarboxylase Antibody.,"Huang, Jiehong; Li, Huilu; Zhou, Ruisi; Huang, Wenyao; Lin, Wenhui; Chen, Ting; Long, Youming",2019,Neuroimmunomodulation,06_sps_case_count,case_count_manual_review_required,medium,llm_candidate_exact,source_sps_case_count_registry.csv,count_manual_review_required,"challenge_stage=challenge | verification_status=llm_candidate_exact | llm_count_confidence=medium | challenge_reasons=local_validation_conflict=5 vs 1 | llm_selected_candidate_id=cand02 | The paper reports a mixed cohort of 5 anti-GAD-positive neurological patients with heterogeneous manifestations, not 5 confirmed SPS-spectrum cases. The only explicitly diagnosis-specific SPS-spectrum patient identified in the provided evidence is Patient 2 with SPS, so the safest supported extractable count is 1.","Review the count evidence, update the count manual-review ledger or gold corpus, and rerun the stage-06 publish step.",true,2026-04-19T09:36:29.206710+00:00
968|06_sps_case_count|case_count_manual_review_required|source_sps_case_count_registry.csv,968,968,A Case of Treatment Resistance and Complications in a Patient with Stiff Person Syndrome and Cerebellar Ataxia.,"Jones, Lliwen A; Baber, Waqaar; Wardle, Mark; Robertson, Neil P; Morris, Huw R; Church, Alistair; Llewelyn, John G; Peall, Kathryn J",2019,"Tremor and other hyperkinetic movements (New York, N.Y.)",06_sps_case_count,case_count_manual_review_required,medium,llm_candidate_exact,source_sps_case_count_registry.csv,count_manual_review_required,"challenge_stage=challenge | verification_status=llm_candidate_exact | llm_count_confidence=medium | challenge_reasons=semantic_validator_reject=COUNT_SPS_STATUS_UNCERTAIN | llm_selected_candidate_id=cand01 | This is a single-patient case report describing one woman with an explicit SPS diagnosis and cerebellar ataxia. The paper repeatedly refers to 'a case' and 'the patient,' supporting a count of 1 unique original SPS-spectrum patient, but because of the validator's SPS-status uncertainty flag, manual review should remain required.","Review the count evidence, update the count manual-review ledger or gold corpus, and rerun the stage-06 publish step.",true,2026-04-19T09:36:54.462347+00:00
970|06_sps_case_count|case_count_manual_review_required|source_sps_case_count_registry.csv,970,970,Stiff Person Syndrome and Type 1 Diabetes Mellitus: a Case of the Chicken or the Egg?.,"Rathbun, John Tyler; Imber, Jacob",2019,Journal of general internal medicine,06_sps_case_count,case_count_manual_review_required,medium,llm_candidate_exact,source_sps_case_count_registry.csv,count_manual_review_required,"challenge_stage=primary | verification_status=llm_candidate_exact | llm_count_confidence=medium | llm_selected_candidate_id=cand01 | The paper explicitly presents a single original case: a 23-year-old woman with known SPS. This supports a count of 1 SPS-spectrum patient, but manual review remains appropriate because the evidence pack flags original cohort provenance uncertainty.","Review the count evidence, update the count manual-review ledger or gold corpus, and rerun the stage-06 publish step.",true,2026-04-19T09:37:15.033303+00:00
972|06_sps_case_count|case_count_manual_review_required|source_sps_case_count_registry.csv,972,972,Severe breathlessness in Stiff person syndrome (SPS). Looking under the bonnet.,"Crescimanno, Grazia; Algeri, Margherita; Canino, Maria; Romano, Marcello; Cosentino, Giuseppe; Marrone, Oreste",2020,Journal of the neurological sciences,06_sps_case_count,case_count_manual_review_required,medium,llm_candidate_exact,source_sps_case_count_registry.csv,count_manual_review_required,"challenge_stage=primary | verification_status=llm_candidate_exact | llm_count_confidence=medium | llm_selected_candidate_id=cand01 | The paper explicitly reports observations in a single 55-year-old woman with SPS, so the best-supported extractable count is 1. However, the text also states that the detailed clinical history was previously reported, making original-cohort provenance uncertain and requiring manual review.","Review the count evidence, update the count manual-review ledger or gold corpus, and rerun the stage-06 publish step.",true,2026-04-19T09:37:35.698580+00:00
973|06_sps_case_count|case_count_manual_review_required|source_sps_case_count_registry.csv,973,973,Clinical characteristics of GAD 65-associated autoimmune encephalitis.,"Zhu, Fei; Shan, Wei; Lv, Ruijuan; Li, Zhimei; Wang, Qun",2020,Acta neurologica Scandinavica,06_sps_case_count,case_count_manual_review_required,medium,llm_candidate_exact,source_sps_case_count_registry.csv,count_manual_review_required,"challenge_stage=primary | verification_status=llm_candidate_exact | llm_count_confidence=medium | llm_selected_candidate_id=cand01 | The paper reports a 7-patient GAD65 autoimmune encephalitis cohort, but only an explicit 3-patient stiff-person syndrome subgroup is directly identifiable from the provided text. Because SPS-spectrum membership is only explicit for those 3 patients and provenance is flagged as uncertain ('as previously reported'), the safest extractable SPS-spectrum count is the candidate 3, with manual review retained.","Review the count evidence, update the count manual-review ledger or gold corpus, and rerun the stage-06 publish step.",true,2026-04-19T09:38:05.384244+00:00
974|06_sps_case_count|case_count_manual_review_required|source_sps_case_count_registry.csv,974,974,Clinical features and immunotherapy outcomes of anti-glutamic acid decarboxylase 65 antibody-associated neurological disorders.,"Chengyu, Li; Weixiong, Shi; Chao, Chen; Songyan, Liu; Lin, Sang; Zhong, Zheng; Hua, Pan; Fan, Jian; Na, Chen; Tao, Cui; Jianwei, Wu; Haitao, Ren; Hongzhi, Guan; Xiaoqiu, Shao",2020,Journal of neuroimmunology,06_sps_case_count,case_count_manual_review_required,medium,llm_candidate_exact,source_sps_case_count_registry.csv,count_manual_review_required,"challenge_stage=challenge | verification_status=llm_candidate_exact | llm_count_confidence=medium | challenge_reasons=local_validation_conflict=7 vs 3 | llm_selected_candidate_id=cand01 | The paper reports a mixed cohort of seven anti-GAD65 neurological disorder patients, not seven SPS-spectrum patients. The evidence pack explicitly states that three patients had typical symptoms of stiff-person syndrome, which is the clearest extractable SPS-spectrum subgroup count available from the provided text.","Review the count evidence, update the count manual-review ledger or gold corpus, and rerun the stage-06 publish step.",true,2026-04-19T09:38:30.411874+00:00
974|07_case_series_split|case_series_split_manual_review_required|case_series_split_registry.csv,974,974,Clinical features and immunotherapy outcomes of anti-glutamic acid decarboxylase 65 antibody-associated neurological disorders.,"Chengyu, Li; Weixiong, Shi; Chao, Chen; Songyan, Liu; Lin, Sang; Zhong, Zheng; Hua, Pan; Fan, Jian; Na, Chen; Tao, Cui; Jianwei, Wu; Haitao, Ren; Hongzhi, Guan; Xiaoqiu, Shao",2020,Journal of neuroimmunology,07_case_series_split,case_series_split_manual_review_required,medium,manual_review_required,case_series_split_registry.csv,split_status,Could not find at least two distinct explicit case/patient headings.,Review case boundaries manually or mark the paper unsuitable for case-level splitting.,true,2026-05-07T11:48:48.539896+00:00
980|04_source_categorisation|source_category_manual_review_required|paper_artifact_registry.csv,980,980,An unusual cause of older adult falls: Stiff Leg Syndrome,Michaud M.; Gaudin C.; Brechemier D.; Cintas P.; Gauchet C.; Moulis G.; Vellas B.; Balardy L.,2013,European Geriatric Medicine,04_source_categorisation,source_category_manual_review_required,medium,review_source_category_then_langextract,paper_artifact_registry.csv,source_manual_review_required,"validator_flags=EVIDENCE_NO_PAGES | The available metadata and extracted text indicate this is likely a conference abstract (proceedings detected, 1 page), but there is no content to confirm the presence or absence of original SPS-spectrum patient data. Manual review is required.",Review source category/routing and update the source categorisation manual-review ledger.,true,2026-04-06T00:37:53.926967+00:00
980|05_proceedings_trim|trim_manual_review_required|text_trim_registry.csv,980,980,An unusual cause of older adult falls: Stiff Leg Syndrome,Michaud M.; Gaudin C.; Brechemier D.; Cintas P.; Gauchet C.; Moulis G.; Vellas B.; Balardy L.,2013,European Geriatric Medicine,05_proceedings_trim,trim_manual_review_required,high,header_only_source,text_trim_registry.csv,trim_status,Matched entry appears to contain header-only listing without abstract body.,Revisit proceedings localisation and publish a safe proceedings-ready text layer.,true,2026-05-07T11:48:48.495940+00:00
980|05b_proceedings_qc|proceedings_qc_follow_up_required|proceedings_text_qc_registry.csv,980,980,An unusual cause of older adult falls: Stiff Leg Syndrome,Michaud M.; Gaudin C.; Brechemier D.; Cintas P.; Gauchet C.; Moulis G.; Vellas B.; Balardy L.,2013,European Geriatric Medicine,05b_proceedings_qc,proceedings_qc_follow_up_required,high,partial_truncated,proceedings_text_qc_registry.csv,qc_status,Trim does not start at a detected proceedings header.,"Review proceedings QC, fix the target span if needed, and rerun proceedings-ready publication.",true,2026-04-06T13:59:01.451356+00:00
1001|05_proceedings_trim|proceedings_manual_review_queue|proceedings_manual_review_queue.csv,1001,1001,Inpatient physiotherapy management for Stiff Person syndrome,Kahraman T.; Balci B.; Sengun I.S.,2014,Journal of Neurology,05_proceedings_trim,proceedings_manual_review_queue,medium,queued,proceedings_manual_review_queue.csv,manual_status,"Proceedings detected, but the best abstract block match is below the auto-trim confidence threshold.","Review target abstract boundaries, record the manual decision, and rerun proceedings-ready publication.",true,2026-05-07T11:48:48.490269+00:00
1001|06_sps_case_count|reference_heuristic_count_needs_review|source_sps_case_count_registry.csv,1001,1001,Inpatient physiotherapy management for Stiff Person syndrome,Kahraman T.; Balci B.; Sengun I.S.,2014,Journal of Neurology,06_sps_case_count,reference_heuristic_count_needs_review,medium,reference_heuristic_manual_review_required,source_sps_case_count_registry.csv,count_manual_review_required,reference_only_publish_fallback=true | count_basis=case_report_marker_single_case | count_confidence=medium | candidate_notes=preferred_text_source=trimmed; body_only_candidate_added; single_case_default_candidate_added; distinct_candidate_counts=[1]; count_eligibility_status=extractable,"Review the source or restore run artefacts, then replace the reference-only fallback with reviewed evidence.",true,2026-04-26T22:28:09.696514+00:00
1011|07_case_series_split|case_series_split_manual_review_required|case_series_split_registry.csv,1011,1011,Two cases of stiff person syndrome treated with intrathecal baclofen pump in an inpatient rehabilitation unit: A case series,Shoval H.A.; Hamer O.; Chantasi K.; Nanda U.,2014,PM and R,07_case_series_split,case_series_split_manual_review_required,medium,manual_review_required,case_series_split_registry.csv,split_status,Could not find at least two distinct explicit case/patient headings.,Review case boundaries manually or mark the paper unsuitable for case-level splitting.,true,2026-05-07T11:48:48.538867+00:00
1031|05_proceedings_trim|proceedings_manual_review_queue|proceedings_manual_review_queue.csv,1031,1031,Autonomic dysfunction in stiff person syndrome (SPS): Observations in 8 cases,Barboi A.,2014,Clinical Autonomic Research,05_proceedings_trim,proceedings_manual_review_queue,medium,queued,proceedings_manual_review_queue.csv,manual_status,No abstract block could be segmented from the proceedings text.,"Review target abstract boundaries, record the manual decision, and rerun proceedings-ready publication.",true,2026-05-07T11:48:48.490306+00:00
1031|05_proceedings_trim|trim_manual_review_required|text_trim_registry.csv,1031,1031,Autonomic dysfunction in stiff person syndrome (SPS): Observations in 8 cases,Barboi A.,2014,Clinical Autonomic Research,05_proceedings_trim,trim_manual_review_required,medium,manual_review_required,text_trim_registry.csv,trim_status,Matched entry appears truncated or lacks sufficient abstract body content.,Revisit proceedings localisation and publish a safe proceedings-ready text layer.,true,2026-05-07T11:48:48.495974+00:00
1031|05b_proceedings_qc|proceedings_qc_follow_up_required|proceedings_text_qc_registry.csv,1031,1031,Autonomic dysfunction in stiff person syndrome (SPS): Observations in 8 cases,Barboi A.,2014,Clinical Autonomic Research,05b_proceedings_qc,proceedings_qc_follow_up_required,medium,untrimmed_localised,proceedings_text_qc_registry.csv,qc_status,Target appears localised in full proceedings text; trimming/manual review is still required.,"Review proceedings QC, fix the target span if needed, and rerun proceedings-ready publication.",true,2026-04-06T13:52:57.989395+00:00
1031|06_sps_case_count|reference_heuristic_count_needs_review|source_sps_case_count_registry.csv,1031,1031,Autonomic dysfunction in stiff person syndrome (SPS): Observations in 8 cases,Barboi A.,2014,Clinical Autonomic Research,06_sps_case_count,reference_heuristic_count_needs_review,medium,reference_heuristic_manual_review_required,source_sps_case_count_registry.csv,count_manual_review_required,reference_only_publish_fallback=true | count_basis=title_count_signal | count_confidence=high | candidate_notes=preferred_text_source=trimmed; distinct_candidate_counts=[8]; count_eligibility_status=extractable,"Review the source or restore run artefacts, then replace the reference-only fallback with reviewed evidence.",true,2026-04-26T22:28:09.712708+00:00
1087|06_sps_case_count|reference_heuristic_count_needs_review|source_sps_case_count_registry.csv,1087,1087,Stiff-person syndrome and myasthenia gravis as a paraneoplastic manifestation of thymoma,Pitha J.; Ehler E.,2014,Clinical and Experimental Neuroimmunology,06_sps_case_count,reference_heuristic_count_needs_review,medium,reference_heuristic_manual_review_required,source_sps_case_count_registry.csv,count_manual_review_required,"reference_only_publish_fallback=true | count_basis=source_single_case_default | count_confidence=medium | candidate_notes=preferred_text_source=full_text; source_context_adjusted_primary_estimate; distinct_candidate_counts=[0, 1]; count_eligibility_status=extractable","Review the source or restore run artefacts, then replace the reference-only fallback with reviewed evidence.",true,2026-04-26T22:28:09.714933+00:00
1098|06_sps_case_count|reference_heuristic_count_needs_review|source_sps_case_count_registry.csv,1098,1098,Spasmodic dysphonia like presentation of stiff person syndrome,Rana A.Q.; Masroor M.S.; Ismail B.,2014,Journal of Neurosciences in Rural Practice,06_sps_case_count,reference_heuristic_count_needs_review,medium,reference_heuristic_manual_review_required,source_sps_case_count_registry.csv,count_manual_review_required,"reference_only_publish_fallback=true | count_basis=source_single_case_default | count_confidence=medium | candidate_notes=preferred_text_source=full_text; source_context_adjusted_primary_estimate; distinct_candidate_counts=[0, 1]; count_eligibility_status=extractable","Review the source or restore run artefacts, then replace the reference-only fallback with reviewed evidence.",true,2026-04-26T22:28:09.717785+00:00
1112|05_proceedings_trim|proceedings_manual_review_queue|proceedings_manual_review_queue.csv,1112,1112,Practical management of stiff person syndrome in a limited resource setting-report of experiences in a two year follow-up,Siddi Ganie N.; Nichol R.; Janse Van Rensberg E.; Smit L.; Kruger A.; Nel M.; Lecuona E.,2015,European Journal of Neurology,05_proceedings_trim,proceedings_manual_review_queue,medium,queued,proceedings_manual_review_queue.csv,manual_status,"Proceedings detected, but the best abstract block match is below the auto-trim confidence threshold.","Review target abstract boundaries, record the manual decision, and rerun proceedings-ready publication.",true,2026-05-07T11:48:48.490339+00:00
1117|05_proceedings_trim|trim_manual_review_required|text_trim_registry.csv,1117,1117,Glycine receptor antibody mediated progressive encephalomyelitis with rigidity and myoclonus (PERM) presenting as an abnormal startle response in an adolescent girl,Patel A.; Boyd S.; Amin B.; Robinson R.; Woodhall M.; Vincent A.; Hemingway C.; Munot P.,2015,European Journal of Paediatric Neurology,05_proceedings_trim,trim_manual_review_required,medium,manual_review_required,text_trim_registry.csv,trim_status,Matched entry appears truncated or lacks sufficient abstract body content.,Revisit proceedings localisation and publish a safe proceedings-ready text layer.,true,2026-05-07T11:48:48.495993+00:00
1117|05b_proceedings_qc|proceedings_qc_follow_up_required|proceedings_text_qc_registry.csv,1117,1117,Glycine receptor antibody mediated progressive encephalomyelitis with rigidity and myoclonus (PERM) presenting as an abnormal startle response in an adolescent girl,Patel A.; Boyd S.; Amin B.; Robinson R.; Woodhall M.; Vincent A.; Hemingway C.; Munot P.,2015,European Journal of Paediatric Neurology,05b_proceedings_qc,proceedings_qc_follow_up_required,medium,untrimmed_localised,proceedings_text_qc_registry.csv,qc_status,Target appears localised in full proceedings text; trimming/manual review is still required.,"Review proceedings QC, fix the target span if needed, and rerun proceedings-ready publication.",true,2026-04-06T13:53:02.345836+00:00
1117|06_sps_case_count|reference_heuristic_count_needs_review|source_sps_case_count_registry.csv,1117,1117,Glycine receptor antibody mediated progressive encephalomyelitis with rigidity and myoclonus (PERM) presenting as an abnormal startle response in an adolescent girl,Patel A.; Boyd S.; Amin B.; Robinson R.; Woodhall M.; Vincent A.; Hemingway C.; Munot P.,2015,European Journal of Paediatric Neurology,06_sps_case_count,reference_heuristic_count_needs_review,medium,reference_heuristic_manual_review_required,source_sps_case_count_registry.csv,count_manual_review_required,reference_only_publish_fallback=true | count_basis=case_report_marker_single_case | count_confidence=medium | candidate_notes=preferred_text_source=trimmed; body_only_candidate_added; single_case_default_candidate_added; distinct_candidate_counts=[1]; count_eligibility_status=extractable,"Review the source or restore run artefacts, then replace the reference-only fallback with reviewed evidence.",true,2026-04-26T22:28:09.760809+00:00
1118|05_proceedings_trim|trim_manual_review_required|text_trim_registry.csv,1118,1118,Prolonged cortical hyperexcitability during burst-suppression associated with glycine receptor antibodies,Patel A.; Janackova S.; Munot P.; Vincent A.; Boyd S.,2015,European Journal of Paediatric Neurology,05_proceedings_trim,trim_manual_review_required,medium,manual_review_required,text_trim_registry.csv,trim_status,Matched entry appears truncated or lacks sufficient abstract body content.,Revisit proceedings localisation and publish a safe proceedings-ready text layer.,true,2026-05-07T11:48:48.496007+00:00
1118|05b_proceedings_qc|proceedings_qc_follow_up_required|proceedings_text_qc_registry.csv,1118,1118,Prolonged cortical hyperexcitability during burst-suppression associated with glycine receptor antibodies,Patel A.; Janackova S.; Munot P.; Vincent A.; Boyd S.,2015,European Journal of Paediatric Neurology,05b_proceedings_qc,proceedings_qc_follow_up_required,medium,untrimmed_localised,proceedings_text_qc_registry.csv,qc_status,Target appears localised in full proceedings text; trimming/manual review is still required.,"Review proceedings QC, fix the target span if needed, and rerun proceedings-ready publication.",true,2026-04-06T13:53:02.358738+00:00
1118|06_sps_case_count|reference_heuristic_count_needs_review|source_sps_case_count_registry.csv,1118,1118,Prolonged cortical hyperexcitability during burst-suppression associated with glycine receptor antibodies,Patel A.; Janackova S.; Munot P.; Vincent A.; Boyd S.,2015,European Journal of Paediatric Neurology,06_sps_case_count,reference_heuristic_count_needs_review,medium,reference_heuristic_manual_review_required,source_sps_case_count_registry.csv,count_manual_review_required,reference_only_publish_fallback=true | count_basis=single_case_text_signal | count_confidence=medium | candidate_notes=preferred_text_source=full_text; body_only_candidate_added; single_case_default_candidate_added; distinct_candidate_counts=[1]; count_eligibility_status=extractable,"Review the source or restore run artefacts, then replace the reference-only fallback with reviewed evidence.",true,2026-04-26T22:28:09.796475+00:00
1119|05_proceedings_trim|proceedings_manual_review_queue|proceedings_manual_review_queue.csv,1119,1119,Antibody spectrum in stiff person syndrome and related disorders,Balint B.; Blocker I.M.; Unger M.; Stocker W.; Probst C.; Komorowski L.; Meinck H.M.,2015,Movement Disorders,05_proceedings_trim,proceedings_manual_review_queue,medium,queued,proceedings_manual_review_queue.csv,manual_status,"Proceedings detected, but the best abstract block match is below the auto-trim confidence threshold.","Review target abstract boundaries, record the manual decision, and rerun proceedings-ready publication.",true,2026-05-07T11:48:48.490352+00:00
1120|05_proceedings_trim|proceedings_manual_review_queue|proceedings_manual_review_queue.csv,1120,1120,Anti-GAD65 negative stiff-person syndrome with a favorable response to pregabalin: A case post-thymoma excision accompanying central sleep apnea,Zhang G.; Liu L.; Xiong N.; Huang J.; Wang T.,2015,Movement Disorders,05_proceedings_trim,proceedings_manual_review_queue,medium,queued,proceedings_manual_review_queue.csv,manual_status,"Proceedings detected, but the best abstract block match is below the auto-trim confidence threshold.","Review target abstract boundaries, record the manual decision, and rerun proceedings-ready publication.",true,2026-05-07T11:48:48.490365+00:00
1120|05_proceedings_trim|trim_manual_review_required|text_trim_registry.csv,1120,1120,Anti-GAD65 negative stiff-person syndrome with a favorable response to pregabalin: A case post-thymoma excision accompanying central sleep apnea,Zhang G.; Liu L.; Xiong N.; Huang J.; Wang T.,2015,Movement Disorders,05_proceedings_trim,trim_manual_review_required,medium,manual_review_required,text_trim_registry.csv,trim_status,Matched entry appears truncated or lacks sufficient abstract body content.,Revisit proceedings localisation and publish a safe proceedings-ready text layer.,true,2026-05-07T11:48:48.496021+00:00
1120|05b_proceedings_qc|proceedings_qc_follow_up_required|proceedings_text_qc_registry.csv,1120,1120,Anti-GAD65 negative stiff-person syndrome with a favorable response to pregabalin: A case post-thymoma excision accompanying central sleep apnea,Zhang G.; Liu L.; Xiong N.; Huang J.; Wang T.,2015,Movement Disorders,05b_proceedings_qc,proceedings_qc_follow_up_required,medium,untrimmed_localised,proceedings_text_qc_registry.csv,qc_status,Target appears localised in full proceedings text; trimming/manual review is still required.,"Review proceedings QC, fix the target span if needed, and rerun proceedings-ready publication.",true,2026-04-06T13:53:14.098475+00:00
1120|06_sps_case_count|reference_heuristic_count_needs_review|source_sps_case_count_registry.csv,1120,1120,Anti-GAD65 negative stiff-person syndrome with a favorable response to pregabalin: A case post-thymoma excision accompanying central sleep apnea,Zhang G.; Liu L.; Xiong N.; Huang J.; Wang T.,2015,Movement Disorders,06_sps_case_count,reference_heuristic_count_needs_review,medium,reference_heuristic_manual_review_required,source_sps_case_count_registry.csv,count_manual_review_required,reference_only_publish_fallback=true | count_basis=case_report_marker_single_case | count_confidence=medium | candidate_notes=preferred_text_source=trimmed; body_only_candidate_added; single_case_default_candidate_added; distinct_candidate_counts=[1]; count_eligibility_status=extractable,"Review the source or restore run artefacts, then replace the reference-only fallback with reviewed evidence.",true,2026-04-26T22:28:09.830918+00:00
1129|05_proceedings_trim|trim_manual_review_required|text_trim_registry.csv,1129,1129,"GAD autoimmunity: Syndromes, comorbidities, and coexisting antibodies in 121 patients",Arino H.; Gresa-Arribas N.; Hoftberger R.; Martinez-Hernandez E.; Armangue T.; Kruer M.C.; Arpa J.; Domingo J.; Rojc B.; Bataller L.; Saiz A.; Dalmau J.; Graus F.,2015,Annals of Neurology,05_proceedings_trim,trim_manual_review_required,high,header_only_source,text_trim_registry.csv,trim_status,Matched entry appears to contain header-only listing without abstract body.,Revisit proceedings localisation and publish a safe proceedings-ready text layer.,true,2026-05-07T11:48:48.496034+00:00
1129|05b_proceedings_qc|proceedings_qc_follow_up_required|proceedings_text_qc_registry.csv,1129,1129,"GAD autoimmunity: Syndromes, comorbidities, and coexisting antibodies in 121 patients",Arino H.; Gresa-Arribas N.; Hoftberger R.; Martinez-Hernandez E.; Armangue T.; Kruer M.C.; Arpa J.; Domingo J.; Rojc B.; Bataller L.; Saiz A.; Dalmau J.; Graus F.,2015,Annals of Neurology,05b_proceedings_qc,proceedings_qc_follow_up_required,high,header_only_source,proceedings_text_qc_registry.csv,qc_status,Matched source appears to be a title/author listing without abstract body text.,"Review proceedings QC, fix the target span if needed, and rerun proceedings-ready publication.",true,2026-04-06T13:53:15.879627+00:00
1133|07_case_series_split|case_series_split_manual_review_required|case_series_split_registry.csv,1133,1133,Favorable response of botulinum toxin to the axial muscle spasms in a patient with stiff-person syndrome autoimmune: A case report,Correa Ospina D.; Paula Andrea Millan Giraldo P.; Jose Mauricio Cardenas Prieto J.; Omar Fredy Buritica O.; Simon Uribe Vargas S.,2015,Journal of the Neurological Sciences,07_case_series_split,case_series_split_manual_review_required,medium,manual_review_required,case_series_split_registry.csv,split_status,"Case headings do not begin with the first case, so the leading case block is not safely isolated.",Review case boundaries manually or mark the paper unsuitable for case-level splitting.,true,2026-05-07T11:48:48.538901+00:00
1150|05b_proceedings_qc|proceedings_qc_follow_up_required|proceedings_text_qc_registry.csv,1150,1150,Stiff person syndrome presenting as 'stiff eyes',Vinjam M.R.; Shanmugarajan P.; Ford H.,2015,"Journal of Neurology, Neurosurgery and Psychiatry",05b_proceedings_qc,proceedings_qc_follow_up_required,medium,untrimmed_localised,proceedings_text_qc_registry.csv,qc_status,Target appears localised in full proceedings text; trimming/manual review is still required.,"Review proceedings QC, fix the target span if needed, and rerun proceedings-ready publication.",true,2026-04-06T13:53:15.913837+00:00
1150|06_sps_case_count|reference_heuristic_count_needs_review|source_sps_case_count_registry.csv,1150,1150,Stiff person syndrome presenting as 'stiff eyes',Vinjam M.R.; Shanmugarajan P.; Ford H.,2015,"Journal of Neurology, Neurosurgery and Psychiatry",06_sps_case_count,reference_heuristic_count_needs_review,medium,reference_heuristic_manual_review_required,source_sps_case_count_registry.csv,count_manual_review_required,"reference_only_publish_fallback=true | count_basis=source_single_case_default | count_confidence=medium | candidate_notes=preferred_text_source=full_text; source_context_adjusted_primary_estimate; distinct_candidate_counts=[0, 1]; count_eligibility_status=extractable","Review the source or restore run artefacts, then replace the reference-only fallback with reviewed evidence.",true,2026-04-26T22:28:09.860309+00:00
1153|05_proceedings_trim|trim_manual_review_required|text_trim_registry.csv,1153,1153,A new clinical tool (BRIT) to monitor IVIg efficacy in patients with stiff person syndrome,Weerasinghe S.; Sadalage G.; Jacob S.,2015,"Journal of Neurology, Neurosurgery and Psychiatry",05_proceedings_trim,trim_manual_review_required,high,header_only_source,text_trim_registry.csv,trim_status,Matched entry appears to contain header-only listing without abstract body.,Revisit proceedings localisation and publish a safe proceedings-ready text layer.,true,2026-05-07T11:48:48.496052+00:00
1153|05b_proceedings_qc|proceedings_qc_follow_up_required|proceedings_text_qc_registry.csv,1153,1153,A new clinical tool (BRIT) to monitor IVIg efficacy in patients with stiff person syndrome,Weerasinghe S.; Sadalage G.; Jacob S.,2015,"Journal of Neurology, Neurosurgery and Psychiatry",05b_proceedings_qc,proceedings_qc_follow_up_required,blocker,mismatch,proceedings_text_qc_registry.csv,qc_status,Title/author alignment is too weak for a reliable proceedings match.,"Review proceedings QC, fix the target span if needed, and rerun proceedings-ready publication.",true,2026-04-06T13:53:15.933245+00:00
1154|05b_proceedings_qc|proceedings_qc_follow_up_required|proceedings_text_qc_registry.csv,1154,1154,Clinical features and treatment response in a large UK cohort of stiff person syndrome patients,Sadalage G.; Karim A.; Jacob S.,2015,"Journal of Neurology, Neurosurgery and Psychiatry",05b_proceedings_qc,proceedings_qc_follow_up_required,medium,untrimmed_localised,proceedings_text_qc_registry.csv,qc_status,Target appears localised in full proceedings text; trimming/manual review is still required.,"Review proceedings QC, fix the target span if needed, and rerun proceedings-ready publication.",true,2026-04-06T13:53:15.936757+00:00
1154|06_sps_case_count|case_count_manual_review_required|source_sps_case_count_registry.csv,1154,1154,Clinical features and treatment response in a large UK cohort of stiff person syndrome patients,Sadalage G.; Karim A.; Jacob S.,2015,"Journal of Neurology, Neurosurgery and Psychiatry",06_sps_case_count,case_count_manual_review_required,medium,llm_candidate_exact,source_sps_case_count_registry.csv,count_manual_review_required,"challenge_stage=primary | verification_status=llm_candidate_exact | llm_count_confidence=medium | llm_selected_candidate_id=cand01 | The abstract explicitly reports that 12 patients with a diagnosis of SPS and positive antibodies were evaluated in detail. This supports an extractable SPS cohort of 12, but because this is a conference abstract and the wording implies a broader looked-at group from which 12 were evaluated in detail, manual review remains appropriate.","Review the count evidence, update the count manual-review ledger or gold corpus, and rerun the stage-06 publish step.",true,2026-04-19T09:06:51.753459+00:00
1215|05_proceedings_trim|trim_manual_review_required|text_trim_registry.csv,1215,1215,Three cases of elevated IL-1beta in common variable immunodeficiency (CVID) with autoimmune complications,Toh J.; Gavrilova T.; Rubinstein A.,2016,Journal of Allergy and Clinical Immunology,05_proceedings_trim,trim_manual_review_required,high,header_only_source,text_trim_registry.csv,trim_status,Matched entry appears to contain header-only listing without abstract body.,Revisit proceedings localisation and publish a safe proceedings-ready text layer.,true,2026-05-07T11:48:48.496066+00:00
1215|05b_proceedings_qc|proceedings_qc_follow_up_required|proceedings_text_qc_registry.csv,1215,1215,Three cases of elevated IL-1beta in common variable immunodeficiency (CVID) with autoimmune complications,Toh J.; Gavrilova T.; Rubinstein A.,2016,Journal of Allergy and Clinical Immunology,05b_proceedings_qc,proceedings_qc_follow_up_required,high,header_only_source,proceedings_text_qc_registry.csv,qc_status,Matched source appears to be a title/author listing without abstract body text.,"Review proceedings QC, fix the target span if needed, and rerun proceedings-ready publication.",true,2026-04-06T13:53:16.151851+00:00
1215|06_sps_case_count|case_count_manual_review_required|source_sps_case_count_registry.csv,1215,1215,Three cases of elevated IL-1beta in common variable immunodeficiency (CVID) with autoimmune complications,Toh J.; Gavrilova T.; Rubinstein A.,2016,Journal of Allergy and Clinical Immunology,06_sps_case_count,case_count_manual_review_required,medium,llm_candidate_exact,source_sps_case_count_registry.csv,count_manual_review_required,"challenge_stage=challenge | verification_status=llm_candidate_exact | llm_count_confidence=medium | challenge_reasons=local_validation_conflict=0 vs 1 | llm_selected_candidate_id=cand02 | Among the 3 CVID cases, only Case 3 is explicitly described as having stiff-person's syndrome, while Cases 1 and 2 have nonspecific stiffness/weakness symptoms that do not safely establish SPS-spectrum diagnoses. Therefore the best-supported extractable SPS-spectrum count is 1 patient.","Review the count evidence, update the count manual-review ledger or gold corpus, and rerun the stage-06 publish step.",true,2026-04-19T09:07:38.749476+00:00
1215|07_case_series_split|case_series_split_manual_review_required|case_series_split_registry.csv,1215,1215,Three cases of elevated IL-1beta in common variable immunodeficiency (CVID) with autoimmune complications,Toh J.; Gavrilova T.; Rubinstein A.,2016,Journal of Allergy and Clinical Immunology,07_case_series_split,case_series_split_manual_review_required,medium,manual_review_required,case_series_split_registry.csv,split_status,"Case headings do not begin with the first case, so the leading case block is not safely isolated.",Review case boundaries manually or mark the paper unsuitable for case-level splitting.,true,2026-05-07T11:48:48.538999+00:00
1216|07_case_series_split|case_series_split_manual_review_required|case_series_split_registry.csv,1216,1216,Two atypical cases of stiff-person syndrome,Pires K.; Amaral C.; Pupe C.; Pessoa B.; Orsini M.; Custodio R.; Andorinho A.; Souza O.; Nascimento O.,2016,Neurology,07_case_series_split,case_series_split_manual_review_required,medium,manual_review_required,case_series_split_registry.csv,split_status,Could not find at least two distinct explicit case/patient headings.,Review case boundaries manually or mark the paper unsuitable for case-level splitting.,true,2026-05-07T11:48:48.539011+00:00
1217|05b_proceedings_qc|proceedings_qc_follow_up_required|proceedings_text_qc_registry.csv,1217,1217,Epidemiology of stiff person syndrome in the United States veterans health administration database,Galli J.; Greenlee J.; Soldan M.P.; Clardy S.,2016,Neurology,05b_proceedings_qc,proceedings_qc_follow_up_required,medium,untrimmed_localised,proceedings_text_qc_registry.csv,qc_status,Target appears localised in full proceedings text; trimming/manual review is still required.,"Review proceedings QC, fix the target span if needed, and rerun proceedings-ready publication.",true,2026-04-06T13:53:16.155577+00:00
1220|07_case_series_split|case_series_split_manual_review_required|case_series_split_registry.csv,1220,1220,Stiff-person syndrome exacerbated with serotonin-norepinephrine reuptake inhibitor use,Benavides D.; Newsome S.,2016,Neurology,07_case_series_split,case_series_split_manual_review_required,medium,manual_review_required,case_series_split_registry.csv,split_status,Could not find at least two distinct explicit case/patient headings.,Review case boundaries manually or mark the paper unsuitable for case-level splitting.,true,2026-05-07T11:48:48.539023+00:00
1227|05_proceedings_trim|proceedings_manual_review_queue|proceedings_manual_review_queue.csv,1227,1227,Role of plasma exchange in stiff person syndrome,Albahra S.; Yates S.; Matevosyan K.; Sarode R.,2016,Journal of Clinical Apheresis,05_proceedings_trim,proceedings_manual_review_queue,medium,queued,proceedings_manual_review_queue.csv,manual_status,"Proceedings detected, but the best abstract block match is below the auto-trim confidence threshold.","Review target abstract boundaries, record the manual decision, and rerun proceedings-ready publication.",true,2026-05-07T11:48:48.490391+00:00
1229|05_proceedings_trim|proceedings_manual_review_queue|proceedings_manual_review_queue.csv,1229,1229,Progressive encephalomyelitis with rigidity and myoclonus (PERM) associated with glycine receptor antibodies as first manifestation of hodgkin's lymphoma: A case report,Borellini L.; Lanfranconi S.; Trezzi I.; Franco G.; Di Fonzo A.; Bonato S.; Bresolin N.,2016,European Journal of Neurology,05_proceedings_trim,proceedings_manual_review_queue,medium,queued,proceedings_manual_review_queue.csv,manual_status,No abstract block could be segmented from the proceedings text.,"Review target abstract boundaries, record the manual decision, and rerun proceedings-ready publication.",true,2026-05-07T11:48:48.490431+00:00
1230|05_proceedings_trim|proceedings_manual_review_queue|proceedings_manual_review_queue.csv,1230,1230,Stiff Person Syndrome: A female case report with focal onset and multiple limb involvement,Vaz S.; Barros A.; Calado A.; Sequeira J.; Melancia D.; Fernandes A.,2016,European Journal of Neurology,05_proceedings_trim,proceedings_manual_review_queue,medium,queued,proceedings_manual_review_queue.csv,manual_status,No abstract block could be segmented from the proceedings text.,"Review target abstract boundaries, record the manual decision, and rerun proceedings-ready publication.",true,2026-05-07T11:48:48.490444+00:00
1231|05_proceedings_trim|proceedings_manual_review_queue|proceedings_manual_review_queue.csv,1231,1231,Therapeutic challenges of stiff person syndrome: A case report,Varga E.T.; Gyorgyi Md T.; Vecsei L.,2016,European Journal of Neurology,05_proceedings_trim,proceedings_manual_review_queue,medium,queued,proceedings_manual_review_queue.csv,manual_status,No abstract block could be segmented from the proceedings text.,"Review target abstract boundaries, record the manual decision, and rerun proceedings-ready publication.",true,2026-05-07T11:48:48.490471+00:00
1233|05_proceedings_trim|proceedings_manual_review_queue|proceedings_manual_review_queue.csv,1233,1233,Stiff person syndrome,Dosekova P.; Krastev G.; Haring J.; Lackovic R.,2016,Movement Disorders,05_proceedings_trim,proceedings_manual_review_queue,medium,queued,proceedings_manual_review_queue.csv,manual_status,"Proceedings detected, but the best abstract block match is below the auto-trim confidence threshold.","Review target abstract boundaries, record the manual decision, and rerun proceedings-ready publication.",true,2026-05-07T11:48:48.490483+00:00
1233|05_proceedings_trim|trim_manual_review_required|text_trim_registry.csv,1233,1233,Stiff person syndrome,Dosekova P.; Krastev G.; Haring J.; Lackovic R.,2016,Movement Disorders,05_proceedings_trim,trim_manual_review_required,medium,manual_review_required,text_trim_registry.csv,trim_status,Matched entry appears truncated or lacks sufficient abstract body content.,Revisit proceedings localisation and publish a safe proceedings-ready text layer.,true,2026-05-07T11:48:48.496081+00:00
1233|05b_proceedings_qc|proceedings_qc_follow_up_required|proceedings_text_qc_registry.csv,1233,1233,Stiff person syndrome,Dosekova P.; Krastev G.; Haring J.; Lackovic R.,2016,Movement Disorders,05b_proceedings_qc,proceedings_qc_follow_up_required,medium,untrimmed_localised,proceedings_text_qc_registry.csv,qc_status,Target appears localised in full proceedings text; trimming/manual review is still required.,"Review proceedings QC, fix the target span if needed, and rerun proceedings-ready publication.",true,2026-04-06T13:53:52.980544+00:00
1237|05_proceedings_trim|proceedings_manual_review_queue|proceedings_manual_review_queue.csv,1237,1237,Stiff person syndrome: Case series,Sasse E.; Amorelli G.; Spitz M.; Germano C.S.B.; Vasconcellos L.F.,2016,Movement Disorders,05_proceedings_trim,proceedings_manual_review_queue,medium,queued,proceedings_manual_review_queue.csv,manual_status,"Proceedings detected, but the best abstract block match is below the auto-trim confidence threshold.","Review target abstract boundaries, record the manual decision, and rerun proceedings-ready publication.",true,2026-05-07T11:48:48.490495+00:00
1239|05_proceedings_trim|proceedings_manual_review_queue|proceedings_manual_review_queue.csv,1239,1239,Stiff-person syndrome and hypogammaglobulinaemia: An unusual combination,Suratannon N.; Dalm V.; Van Bilsen K.; Van Paassen P.; Tervaert J.W.C.; Driessen G.J.; Wentink M.W.; Van Der Burg M.; Van Hagen P.M.,2016,Allergy: European Journal of Allergy and Clinical Immunology,05_proceedings_trim,proceedings_manual_review_queue,medium,queued,proceedings_manual_review_queue.csv,manual_status,"Proceedings detected, but the best abstract block match is below the auto-trim confidence threshold.","Review target abstract boundaries, record the manual decision, and rerun proceedings-ready publication.",true,2026-05-07T11:48:48.490519+00:00
1242|05_proceedings_trim|proceedings_manual_review_queue|proceedings_manual_review_queue.csv,1242,1242,Stiff-person syndrome in association with cerebellar ataxia: Overlapping syndrome: A case report,Chauhan V.H.; Jowkar A.A.,2016,Annals of Neurology,05_proceedings_trim,proceedings_manual_review_queue,medium,queued,proceedings_manual_review_queue.csv,manual_status,"Proceedings detected, but the best abstract block match is below the auto-trim confidence threshold.","Review target abstract boundaries, record the manual decision, and rerun proceedings-ready publication.",true,2026-05-07T11:48:48.490531+00:00
1242|06_sps_case_count|case_count_manual_review_required|source_sps_case_count_registry.csv,1242,1242,Stiff-person syndrome in association with cerebellar ataxia: Overlapping syndrome: A case report,Chauhan V.H.; Jowkar A.A.,2016,Annals of Neurology,06_sps_case_count,case_count_manual_review_required,medium,llm_candidate_exact,source_sps_case_count_registry.csv,count_manual_review_required,"challenge_stage=challenge | verification_status=llm_candidate_exact | llm_count_confidence=medium | challenge_reasons=semantic_validator_reject=COUNT_SPS_STATUS_UNCERTAIN | llm_selected_candidate_id=cand01 | The conference abstract explicitly describes a single original patient: 'one such uncommon case' and 'Our patient,' with diagnosis-supported SPS in association with cerebellar ataxia and anti-GAD65 positivity. Although the abstract contains background wording about SPS-spectrum overlap syndromes, the reported original cohort itself is clearly a single SPS-spectrum case, so candidate 1 is best supported; confidence remains medium because this is a brief abstract and the validator flagged SPS-status uncertainty.","Review the count evidence, update the count manual-review ledger or gold corpus, and rerun the stage-06 publish step.",true,2026-04-19T09:11:00.654166+00:00
1249|05b_proceedings_qc|proceedings_qc_follow_up_required|proceedings_text_qc_registry.csv,1249,1249,Thymic abnormalities and stiff person syndrome,Yanlin R.C.; Kabir T.; Asmat A.; Basheer D.; Aneez A.,2016,Chest,05b_proceedings_qc,proceedings_qc_follow_up_required,medium,untrimmed_localised,proceedings_text_qc_registry.csv,qc_status,Target appears localised in full proceedings text; trimming/manual review is still required.,"Review proceedings QC, fix the target span if needed, and rerun proceedings-ready publication.",true,2026-04-06T13:54:39.581603+00:00
1251|05_proceedings_trim|proceedings_manual_review_queue|proceedings_manual_review_queue.csv,1251,1251,Double trouble: Opisthotonos associated with guillain-barre Syndrome and GAD autoantibody,Alwis A.; Ram D.; Vassallo G.,2016,Developmental Medicine and Child Neurology,05_proceedings_trim,proceedings_manual_review_queue,medium,queued,proceedings_manual_review_queue.csv,manual_status,"Proceedings detected, but the best abstract block match is below the auto-trim confidence threshold.","Review target abstract boundaries, record the manual decision, and rerun proceedings-ready publication.",true,2026-05-07T11:48:48.490581+00:00
1257|05b_proceedings_qc|proceedings_qc_follow_up_required|proceedings_text_qc_registry.csv,1257,1257,Left-side asymmetry in cortical and spinal inhibitory circuits in stiff-person syndrome: A case report,Bocek V.; Cvickova B.; Peisker T.; Stetkarova I.,2016,Clinical Neurophysiology,05b_proceedings_qc,proceedings_qc_follow_up_required,high,partial_truncated,proceedings_text_qc_registry.csv,qc_status,Trim does not start at a detected proceedings header.,"Review proceedings QC, fix the target span if needed, and rerun proceedings-ready publication.",true,2026-04-06T13:54:45.119953+00:00
1291|06_sps_case_count|case_count_manual_review_required|source_sps_case_count_registry.csv,1291,1291,"A unique combination of autoimmune limbic encephalitis, type 1 diabetes, and Stiff person syndrome associated with GAD-65 antibody",Sharma C.M.; Pandey R.K.; Kumawat B.; Khandelwal D.L.; Gandhi P.,2016,Annals of Indian Academy of Neurology,06_sps_case_count,case_count_manual_review_required,medium,llm_candidate_exact,source_sps_case_count_registry.csv,count_manual_review_required,"challenge_stage=challenge | verification_status=llm_candidate_exact | llm_count_confidence=medium | challenge_reasons=semantic_validator_reject=COUNT_SPS_STATUS_UNCERTAIN | llm_selected_candidate_id=cand01 | This is a single-case report and the paper repeatedly states that it presents a rare case/this case with a unique combination including stiff person syndrome. The evidence supports 1 original SPS-spectrum patient, but because the validator flagged SPS-status uncertainty and the excerpt emphasizes mixed autoimmune manifestations, human review is still warranted.","Review the count evidence, update the count manual-review ledger or gold corpus, and rerun the stage-06 publish step.",true,2026-04-19T09:47:21.894839+00:00
1333|05_proceedings_trim|proceedings_manual_review_queue|proceedings_manual_review_queue.csv,1333,1333,Glycine antibody mediated progressive encephalomyelitis with rigidity and myoclonus (PERM): A paediatric presentation,Kariyawasam D.S.T.; Hildebrand D.; Jayawant S.; Palace J.; Leite M.I.; Ramdas S.,2017,Developmental Medicine and Child Neurology,05_proceedings_trim,proceedings_manual_review_queue,medium,queued,proceedings_manual_review_queue.csv,manual_status,"Proceedings detected, but the best abstract block match is below the auto-trim confidence threshold.","Review target abstract boundaries, record the manual decision, and rerun proceedings-ready publication.",true,2026-05-07T11:48:48.490645+00:00
1333|05b_proceedings_qc|proceedings_qc_follow_up_required|proceedings_text_qc_registry.csv,1333,1333,Glycine antibody mediated progressive encephalomyelitis with rigidity and myoclonus (PERM): A paediatric presentation,Kariyawasam D.S.T.; Hildebrand D.; Jayawant S.; Palace J.; Leite M.I.; Ramdas S.,2017,Developmental Medicine and Child Neurology,05b_proceedings_qc,proceedings_qc_follow_up_required,high,partial_truncated,proceedings_text_qc_registry.csv,qc_status,Trim does not start at a detected proceedings header.,"Review proceedings QC, fix the target span if needed, and rerun proceedings-ready publication.",true,2026-04-06T13:55:01.816435+00:00
1339|05b_proceedings_qc|proceedings_qc_follow_up_required|proceedings_text_qc_registry.csv,1339,1339,Anti-GAD65 antibody testing at a tertiary care center,Vodopivec I.; Loomis A.; Baron J.; Cho T.; Bhattacharyya S.,2017,Neurology,05b_proceedings_qc,proceedings_qc_follow_up_required,medium,untrimmed_localised,proceedings_text_qc_registry.csv,qc_status,Target appears localised in full proceedings text; trimming/manual review is still required.,"Review proceedings QC, fix the target span if needed, and rerun proceedings-ready publication.",true,2026-04-06T13:55:01.820257+00:00
1341|07_case_series_split|case_series_split_manual_review_required|case_series_split_registry.csv,1341,1341,Prodromal stiffperson syndrome: Two cases of antibody detection over a decade after symptom onset,Piquet A.; O'Donnell S.; Greenlee J.; Warner J.; Clardy S.,2017,Neurology,07_case_series_split,case_series_split_manual_review_required,medium,manual_review_required,case_series_split_registry.csv,split_status,Could not find at least two distinct explicit case/patient headings.,Review case boundaries manually or mark the paper unsuitable for case-level splitting.,true,2026-05-07T11:48:48.539152+00:00
1343|05b_proceedings_qc|proceedings_qc_follow_up_required|proceedings_text_qc_registry.csv,1343,1343,Case control analysis of glycine receptor autoimmunity,Lopez-Chiriboga A.S.; Hinson S.; Bower J.; Matsumoto J.; Hassan A.; Basal E.; Lennon V.; Pittock S.; McKeon A.,2017,Neurology,05b_proceedings_qc,proceedings_qc_follow_up_required,medium,untrimmed_localised,proceedings_text_qc_registry.csv,qc_status,Target appears localised in full proceedings text; trimming/manual review is still required.,"Review proceedings QC, fix the target span if needed, and rerun proceedings-ready publication.",true,2026-04-06T13:55:01.824380+00:00
1381|05b_proceedings_qc|proceedings_qc_follow_up_required|proceedings_text_qc_registry.csv,1381,1381,Determination of antibodies to GAD67 and other antigens in patients with GAD65 antibody-associated syndromes,Gresa-Arribas N.; Arino H.; Sabater L.; Caballero E.; Alba M.; Martinez-Hernandez E.; Petit M.; Saiz A.; Dalmau J.; Graus F.,2014,Neurology,05b_proceedings_qc,proceedings_qc_follow_up_required,medium,untrimmed_localised,proceedings_text_qc_registry.csv,qc_status,Target appears localised in full proceedings text; trimming/manual review is still required.,"Review proceedings QC, fix the target span if needed, and rerun proceedings-ready publication.",true,2026-04-06T13:55:01.848769+00:00
1382|07_case_series_split|case_series_split_manual_review_required|case_series_split_registry.csv,1382,1382,"Clinical manifestations, imaging findings, and immunomodulatory therapeutic strategies for three patients with concurrent stiff person syndrome and cerebellar ataxia due to Anti-GAD antibodies: A case series",DeNiro L.; Graber J.; Geyer H.; Boro A.,2014,Neurology,07_case_series_split,case_series_split_manual_review_required,medium,manual_review_required,case_series_split_registry.csv,split_status,Could not find at least two distinct explicit case/patient headings.,Review case boundaries manually or mark the paper unsuitable for case-level splitting.,true,2026-05-07T11:48:48.539201+00:00
1388|05b_proceedings_qc|proceedings_qc_follow_up_required|proceedings_text_qc_registry.csv,1388,1388,A retrospective analysis of patient-reported outcomes for 34 patients with stiff person syndrome receiving home IVIg infusions,Ladha S.; Ayer G.; Souayah N.,2014,Neurology,05b_proceedings_qc,proceedings_qc_follow_up_required,medium,untrimmed_localised,proceedings_text_qc_registry.csv,qc_status,Target appears localised in full proceedings text; trimming/manual review is still required.,"Review proceedings QC, fix the target span if needed, and rerun proceedings-ready publication.",true,2026-04-06T13:55:01.852668+00:00
1391|05b_proceedings_llm_validation|llm_trim_validation_fallback|text_trim_llm_registry.csv,1391,1391,Progressive encephalomyelitis with rigidity and myoclonus: A new variant with DPPX antibodies,Balint B.; Jarius S.; Nagel S.; Haberkorn U.; Probst C.; BlOcker I.M.; Bahtz R.; Komorowski L.; StOcker W.; Kastrup A.; Kuthe M.; Meinck H.-M.,2014,European Journal of Neurology,05b_proceedings_llm_validation,llm_trim_validation_fallback,medium,overshoot_contains_resumed_body_after_page_noise,text_trim_llm_registry.csv,llm_validation_reason,LLM output failed validation (overshoot_contains_resumed_body_after_page_noise); used heuristic fallback tail_metadata_trim_end.,Inspect LLM trim validation output and confirm or replace the proceedings-ready boundary.,true,2026-05-07T11:48:48.500311+00:00
1393|05_proceedings_trim|proceedings_manual_review_queue|proceedings_manual_review_queue.csv,1393,1393,Stiff limb syndrome: A case report,Farhat E.; Zouari M.; Beyrouti R.; Sassi S.B.; Hentati F.,2014,European Journal of Neurology,05_proceedings_trim,proceedings_manual_review_queue,medium,queued,proceedings_manual_review_queue.csv,manual_status,No abstract block could be segmented from the proceedings text.,"Review target abstract boundaries, record the manual decision, and rerun proceedings-ready publication.",true,2026-05-07T11:48:48.490657+00:00
1393|05_proceedings_trim|trim_manual_review_required|text_trim_registry.csv,1393,1393,Stiff limb syndrome: A case report,Farhat E.; Zouari M.; Beyrouti R.; Sassi S.B.; Hentati F.,2014,European Journal of Neurology,05_proceedings_trim,trim_manual_review_required,medium,manual_review_required,text_trim_registry.csv,trim_status,Matched entry appears truncated or lacks sufficient abstract body content.,Revisit proceedings localisation and publish a safe proceedings-ready text layer.,true,2026-05-07T11:48:48.496103+00:00
1393|05b_proceedings_qc|proceedings_qc_follow_up_required|proceedings_text_qc_registry.csv,1393,1393,Stiff limb syndrome: A case report,Farhat E.; Zouari M.; Beyrouti R.; Sassi S.B.; Hentati F.,2014,European Journal of Neurology,05b_proceedings_qc,proceedings_qc_follow_up_required,medium,untrimmed_localised,proceedings_text_qc_registry.csv,qc_status,Target appears localised in full proceedings text; trimming/manual review is still required.,"Review proceedings QC, fix the target span if needed, and rerun proceedings-ready publication.",true,2026-04-06T13:55:03.075645+00:00
1394|05_proceedings_trim|trim_manual_review_required|text_trim_registry.csv,1394,1394,Inpatient physiotherapy management for stiff person syndrome,Kahraman T.; Balci B.; Sengun I.S.,2014,European Journal of Neurology,05_proceedings_trim,trim_manual_review_required,high,header_only_source,text_trim_registry.csv,trim_status,Matched entry appears to contain header-only listing without abstract body.,Revisit proceedings localisation and publish a safe proceedings-ready text layer.,true,2026-05-07T11:48:48.496115+00:00
1394|05b_proceedings_qc|proceedings_qc_follow_up_required|proceedings_text_qc_registry.csv,1394,1394,Inpatient physiotherapy management for stiff person syndrome,Kahraman T.; Balci B.; Sengun I.S.,2014,European Journal of Neurology,05b_proceedings_qc,proceedings_qc_follow_up_required,high,partial_truncated,proceedings_text_qc_registry.csv,qc_status,Trim does not start at a detected proceedings header.,"Review proceedings QC, fix the target span if needed, and rerun proceedings-ready publication.",true,2026-04-06T13:55:03.136785+00:00
1395|05_proceedings_trim|proceedings_manual_review_queue|proceedings_manual_review_queue.csv,1395,1395,An atypical Stiff-Person Syndrome associated with type 3 autoimmune polyglandular syndrome,Viana P.; Abreu L.; Fonseca V.R.; Cortes M.; Neutel D.; Pita Lobo P.; Albuquerque L.,2014,European Journal of Neurology,05_proceedings_trim,proceedings_manual_review_queue,medium,queued,proceedings_manual_review_queue.csv,manual_status,"Proceedings detected, but the best abstract block match is below the auto-trim confidence threshold.","Review target abstract boundaries, record the manual decision, and rerun proceedings-ready publication.",true,2026-05-07T11:48:48.490669+00:00
1397|05_proceedings_trim|proceedings_manual_review_queue|proceedings_manual_review_queue.csv,1397,1397,Reducing excess stiffness in stiff-person syndrome using CBT: A case study,Morris L.L.; Dysch L.; Salkovskis P.M.,2014,Movement Disorders,05_proceedings_trim,proceedings_manual_review_queue,medium,queued,proceedings_manual_review_queue.csv,manual_status,"Proceedings detected, but the best abstract block match is below the auto-trim confidence threshold.","Review target abstract boundaries, record the manual decision, and rerun proceedings-ready publication.",true,2026-05-07T11:48:48.490681+00:00
1398|05_proceedings_trim|proceedings_manual_review_queue|proceedings_manual_review_queue.csv,1398,1398,A neurological syndrome in a patient with anti glutamic acid decarboxylase (GAD) antibodies,Rachana G.; Tarannum K.,2014,Movement Disorders,05_proceedings_trim,proceedings_manual_review_queue,medium,queued,proceedings_manual_review_queue.csv,manual_status,"Proceedings detected, but the best abstract block match is below the auto-trim confidence threshold.","Review target abstract boundaries, record the manual decision, and rerun proceedings-ready publication.",true,2026-05-07T11:48:48.490696+00:00
1398|05_proceedings_trim|trim_manual_review_required|text_trim_registry.csv,1398,1398,A neurological syndrome in a patient with anti glutamic acid decarboxylase (GAD) antibodies,Rachana G.; Tarannum K.,2014,Movement Disorders,05_proceedings_trim,trim_manual_review_required,medium,manual_review_required,text_trim_registry.csv,trim_status,Matched entry appears truncated or lacks sufficient abstract body content.,Revisit proceedings localisation and publish a safe proceedings-ready text layer.,true,2026-05-07T11:48:48.496128+00:00
1398|05b_proceedings_qc|proceedings_qc_follow_up_required|proceedings_text_qc_registry.csv,1398,1398,A neurological syndrome in a patient with anti glutamic acid decarboxylase (GAD) antibodies,Rachana G.; Tarannum K.,2014,Movement Disorders,05b_proceedings_qc,proceedings_qc_follow_up_required,medium,untrimmed_localised,proceedings_text_qc_registry.csv,qc_status,Target appears localised in full proceedings text; trimming/manual review is still required.,"Review proceedings QC, fix the target span if needed, and rerun proceedings-ready publication.",true,2026-04-06T13:55:21.929299+00:00
1398|06_sps_case_count|case_count_manual_review_required|source_sps_case_count_registry.csv,1398,1398,A neurological syndrome in a patient with anti glutamic acid decarboxylase (GAD) antibodies,Rachana G.; Tarannum K.,2014,Movement Disorders,06_sps_case_count,case_count_manual_review_required,medium,llm_candidate_exact,source_sps_case_count_registry.csv,count_manual_review_required,"challenge_stage=primary | verification_status=llm_candidate_exact | llm_count_confidence=medium | llm_selected_candidate_id=cand01 | The abstract explicitly describes a single original patient in a case report ('we report a case of 58 years old male patient'). However, SPS-spectrum status is somewhat uncertain because the conclusion frames the presentation as anti-GAD encephalitis with features previously reported in SPS rather than clearly diagnosing SPS/PERM, and provenance uncertainty is flagged; therefore the best-supported count is 1 with manual review required.","Review the count evidence, update the count manual-review ledger or gold corpus, and rerun the stage-06 publish step.",true,2026-04-19T09:56:07.100325+00:00
1400|01_pdf_acquisition|pdf_missing|pdf_acquisition_queue.csv,1400,1400,"Stiff person syndrome in childhood, rarity, recognition and review of the syndrome in children",Lavenstein B.L.; Morazova O.; Evans S.,2014,Movement Disorders,01_pdf_acquisition,pdf_missing,medium,missing,pdf_acquisition_queue.csv,download_status,No local PDF is present and the reference still needs acquisition.,"Acquire or retry the PDF, then rebuild PDF, text, source, and artefact registries.",true,2026-05-07T11:48:48.477630+00:00
1401|05b_proceedings_qc|proceedings_qc_follow_up_required|proceedings_text_qc_registry.csv,1401,1401,Pseudohemidystonia associated with anti-GAD antibodies,Kenda J.; Kojovic M.; Trost M.; Zupancic N.; Pirtosek Z.; Gregoric Kramberger M.,2014,Movement Disorders,05b_proceedings_qc,proceedings_qc_follow_up_required,blocker,mismatch,proceedings_text_qc_registry.csv,qc_status,Title/author alignment is too weak for a reliable proceedings match.,"Review proceedings QC, fix the target span if needed, and rerun proceedings-ready publication.",true,2026-04-06T13:55:21.969260+00:00
1416|05_proceedings_trim|proceedings_manual_review_queue|proceedings_manual_review_queue.csv,1416,1416,Immunomodulatory therapy in stiff-person syndrome (SPS): A controlled Rituximab-randomised study,Amarandei M.,2017,Movement Disorders,05_proceedings_trim,proceedings_manual_review_queue,medium,queued,proceedings_manual_review_queue.csv,manual_status,"Proceedings detected, but the best abstract block match is below the auto-trim confidence threshold.","Review target abstract boundaries, record the manual decision, and rerun proceedings-ready publication.",true,2026-05-07T11:48:48.490708+00:00
1418|05_proceedings_trim|proceedings_manual_review_queue|proceedings_manual_review_queue.csv,1418,1418,Stiff-limb syndrome with cerebellar features and atypical EMG findings responds to IVIG,Rametta S.; Robinson G.; Hellmers N.; Jacoby N.; Sarva H.,2017,Movement Disorders,05_proceedings_trim,proceedings_manual_review_queue,medium,queued,proceedings_manual_review_queue.csv,manual_status,"Proceedings detected, but the best abstract block match is below the auto-trim confidence threshold.","Review target abstract boundaries, record the manual decision, and rerun proceedings-ready publication.",true,2026-05-07T11:48:48.490719+00:00
1418|05_proceedings_trim|trim_manual_review_required|text_trim_registry.csv,1418,1418,Stiff-limb syndrome with cerebellar features and atypical EMG findings responds to IVIG,Rametta S.; Robinson G.; Hellmers N.; Jacoby N.; Sarva H.,2017,Movement Disorders,05_proceedings_trim,trim_manual_review_required,medium,manual_review_required,text_trim_registry.csv,trim_status,Matched entry appears truncated or lacks sufficient abstract body content.,Revisit proceedings localisation and publish a safe proceedings-ready text layer.,true,2026-05-07T11:48:48.496142+00:00
1418|05b_proceedings_qc|proceedings_qc_follow_up_required|proceedings_text_qc_registry.csv,1418,1418,Stiff-limb syndrome with cerebellar features and atypical EMG findings responds to IVIG,Rametta S.; Robinson G.; Hellmers N.; Jacoby N.; Sarva H.,2017,Movement Disorders,05b_proceedings_qc,proceedings_qc_follow_up_required,medium,untrimmed_localised,proceedings_text_qc_registry.csv,qc_status,Target appears localised in full proceedings text; trimming/manual review is still required.,"Review proceedings QC, fix the target span if needed, and rerun proceedings-ready publication.",true,2026-04-06T13:55:33.292364+00:00
1418|06_sps_case_count|case_count_manual_review_required|source_sps_case_count_registry.csv,1418,1418,Stiff-limb syndrome with cerebellar features and atypical EMG findings responds to IVIG,Rametta S.; Robinson G.; Hellmers N.; Jacoby N.; Sarva H.,2017,Movement Disorders,06_sps_case_count,case_count_manual_review_required,medium,llm_candidate_exact,source_sps_case_count_registry.csv,count_manual_review_required,"challenge_stage=challenge | verification_status=llm_candidate_exact | llm_count_confidence=medium | challenge_reasons=semantic_validator_reject=COUNT_SPS_STATUS_UNCERTAIN | llm_selected_candidate_id=cand01 | This conference abstract explicitly describes a single original case report: one 52-year-old woman with stiff-limb syndrome, which is within the SPS spectrum. Although the background mentions broader SPS-spectrum disorders and there was an SPS-status uncertainty flag upstream, the patient herself is presented as the case of stiff-limb syndrome rather than as part of a mixed cohort.","Review the count evidence, update the count manual-review ledger or gold corpus, and rerun the stage-06 publish step.",true,2026-04-19T09:57:36.358370+00:00
1421|05b_proceedings_qc|proceedings_qc_follow_up_required|proceedings_text_qc_registry.csv,1421,1421,Response to IVIG leads to diagnosis of stiff person syndrome in a patient with limbic encephalitis and GAD65 autoantibodies (AB) without diabetes,Khan M.S.; Hao J.B.; Chaudhry F.; Tiwari A.; Sharma H.; Jaume J.C.,2017,Endocrine Reviews,05b_proceedings_qc,proceedings_qc_follow_up_required,blocker,mismatch,proceedings_text_qc_registry.csv,qc_status,Title/author alignment is too weak for a reliable proceedings match.,"Review proceedings QC, fix the target span if needed, and rerun proceedings-ready publication.",true,2026-04-06T13:55:33.299518+00:00
1422|05_proceedings_trim|proceedings_manual_review_queue|proceedings_manual_review_queue.csv,1422,1422,Intrathecal baclofen therapy for GAD(+) stiff-person syndrome: A case series of 4 patients,Ungar L.; Taira T.; Zibly Z.,2017,Stereotactic and Functional Neurosurgery,05_proceedings_trim,proceedings_manual_review_queue,medium,queued,proceedings_manual_review_queue.csv,manual_status,"Proceedings detected, but the best abstract block match is below the auto-trim confidence threshold.","Review target abstract boundaries, record the manual decision, and rerun proceedings-ready publication.",true,2026-05-07T11:48:48.490734+00:00
1422|05_proceedings_trim|trim_manual_review_required|text_trim_registry.csv,1422,1422,Intrathecal baclofen therapy for GAD(+) stiff-person syndrome: A case series of 4 patients,Ungar L.; Taira T.; Zibly Z.,2017,Stereotactic and Functional Neurosurgery,05_proceedings_trim,trim_manual_review_required,high,header_only_source,text_trim_registry.csv,trim_status,Matched entry appears to contain header-only listing without abstract body.,Revisit proceedings localisation and publish a safe proceedings-ready text layer.,true,2026-05-07T11:48:48.496155+00:00
1422|05b_proceedings_qc|proceedings_qc_follow_up_required|proceedings_text_qc_registry.csv,1422,1422,Intrathecal baclofen therapy for GAD(+) stiff-person syndrome: A case series of 4 patients,Ungar L.; Taira T.; Zibly Z.,2017,Stereotactic and Functional Neurosurgery,05b_proceedings_qc,proceedings_qc_follow_up_required,high,header_only_source,proceedings_text_qc_registry.csv,qc_status,Matched source appears to be a title/author listing without abstract body text.,"Review proceedings QC, fix the target span if needed, and rerun proceedings-ready publication.",true,2026-04-06T13:55:35.618835+00:00
1422|07_case_series_split|case_series_split_manual_review_required|case_series_split_registry.csv,1422,1422,Intrathecal baclofen therapy for GAD(+) stiff-person syndrome: A case series of 4 patients,Ungar L.; Taira T.; Zibly Z.,2017,Stereotactic and Functional Neurosurgery,07_case_series_split,case_series_split_manual_review_required,medium,manual_review_required,case_series_split_registry.csv,split_status,Could not find at least two distinct explicit case/patient headings.,Review case boundaries manually or mark the paper unsuitable for case-level splitting.,true,2026-05-07T11:48:48.539214+00:00
1426|05b_proceedings_qc|proceedings_qc_follow_up_required|proceedings_text_qc_registry.csv,1426,1426,Respiratory manifestations of stiff person syndrome (SPS),Woodford M.R.; Pack K.; Allen A.; Rakocevic G.; Sexauer W.P.,2017,American Journal of Respiratory and Critical Care Medicine,05b_proceedings_qc,proceedings_qc_follow_up_required,medium,untrimmed_localised,proceedings_text_qc_registry.csv,qc_status,Target appears localised in full proceedings text; trimming/manual review is still required.,"Review proceedings QC, fix the target span if needed, and rerun proceedings-ready publication.",true,2026-04-06T13:55:35.623759+00:00
1433|05b_proceedings_qc|proceedings_qc_follow_up_required|proceedings_text_qc_registry.csv,1433,1433,Early empirical treatment of antibody-negative autoimmune/paraneoplastic encephalitis with immunosuppression,Dai P.; Lin M.-W.; Mahant N.; Gao B.; Brown D.,2017,Internal Medicine Journal,05b_proceedings_qc,proceedings_qc_follow_up_required,high,partial_truncated,proceedings_text_qc_registry.csv,qc_status,Trim does not start at a detected proceedings header.,"Review proceedings QC, fix the target span if needed, and rerun proceedings-ready publication.",true,2026-04-06T13:55:35.654030+00:00
1433|06_sps_case_count|case_count_manual_review_required|source_sps_case_count_registry.csv,1433,1433,Early empirical treatment of antibody-negative autoimmune/paraneoplastic encephalitis with immunosuppression,Dai P.; Lin M.-W.; Mahant N.; Gao B.; Brown D.,2017,Internal Medicine Journal,06_sps_case_count,case_count_manual_review_required,medium,llm_candidate_exact,source_sps_case_count_registry.csv,count_manual_review_required,"challenge_stage=primary | verification_status=llm_candidate_exact | llm_count_confidence=medium | llm_selected_candidate_id=cand03 | validator_flags=COUNT_SINGLE_CASE_CONFERENCE_MISMATCH | The abstract reports two encephalitis cases, but only Case 1 is explicitly given an SPS-spectrum diagnosis: a presumptive diagnosis of PERM based on clinical phenotype. Case 2 is described as opsoclonus-myoclonus syndrome, not SPS-spectrum, so the best-supported extractable SPS-spectrum count is 1.","Review the count evidence, update the count manual-review ledger or gold corpus, and rerun the stage-06 publish step.",true,2026-04-19T09:58:38.783220+00:00
1433|07_case_series_split|case_series_split_manual_review_required|case_series_split_registry.csv,1433,1433,Early empirical treatment of antibody-negative autoimmune/paraneoplastic encephalitis with immunosuppression,Dai P.; Lin M.-W.; Mahant N.; Gao B.; Brown D.,2017,Internal Medicine Journal,07_case_series_split,case_series_split_manual_review_required,medium,manual_review_required,case_series_split_registry.csv,split_status,Could not find at least two distinct explicit case/patient headings.,Review case boundaries manually or mark the paper unsuitable for case-level splitting.,true,2026-05-07T11:48:48.539227+00:00
1439|05_proceedings_trim|trim_manual_review_required|text_trim_registry.csv,1439,1439,Unrecognized respiratory manifestations of stiff person syndrome (SPS),Rakocevic G.; Woodford M.; Pack K.; Allen A.; Sexaur W.,2017,Annals of Neurology,05_proceedings_trim,trim_manual_review_required,high,header_only_source,text_trim_registry.csv,trim_status,Matched entry appears to contain header-only listing without abstract body.,Revisit proceedings localisation and publish a safe proceedings-ready text layer.,true,2026-05-07T11:48:48.496168+00:00
1439|05b_proceedings_qc|proceedings_qc_follow_up_required|proceedings_text_qc_registry.csv,1439,1439,Unrecognized respiratory manifestations of stiff person syndrome (SPS),Rakocevic G.; Woodford M.; Pack K.; Allen A.; Sexaur W.,2017,Annals of Neurology,05b_proceedings_qc,proceedings_qc_follow_up_required,high,header_only_source,proceedings_text_qc_registry.csv,qc_status,Matched source appears to be a title/author listing without abstract body text.,"Review proceedings QC, fix the target span if needed, and rerun proceedings-ready publication.",true,2026-04-06T13:55:38.975561+00:00
1439|06_sps_case_count|case_count_manual_review_required|source_sps_case_count_registry.csv,1439,1439,Unrecognized respiratory manifestations of stiff person syndrome (SPS),Rakocevic G.; Woodford M.; Pack K.; Allen A.; Sexaur W.,2017,Annals of Neurology,06_sps_case_count,case_count_manual_review_required,medium,llm_candidate_exact,source_sps_case_count_registry.csv,count_manual_review_required,"challenge_stage=primary | verification_status=llm_candidate_exact | llm_count_confidence=medium | llm_selected_candidate_id=cand01 | The abstract describes a prospectively recruited cohort of SPS patients and states that 16 patients were consented, with 15 having evaluable data. Per the counting rule, the unique recruited SPS-spectrum cohort size is the best count unless the excluded participant is explicitly said not to be an SPS case, so 16 is better supported than 15 or 0.","Review the count evidence, update the count manual-review ledger or gold corpus, and rerun the stage-06 publish step.",true,2026-04-19T09:59:23.021543+00:00
1441|05_proceedings_trim|proceedings_manual_review_queue|proceedings_manual_review_queue.csv,1441,1441,Spectrum of stiff person syndrome expands with presence of retinal pathology,Shoemaker T.; Rothman A.; Prince J.; Saidha S.; Calabresi P.A.; Newsome S.D.,2017,Multiple Sclerosis Journal,05_proceedings_trim,proceedings_manual_review_queue,medium,queued,proceedings_manual_review_queue.csv,manual_status,"Proceedings detected, but the best abstract block match is below the auto-trim confidence threshold.","Review target abstract boundaries, record the manual decision, and rerun proceedings-ready publication.",true,2026-05-07T11:48:48.490746+00:00
1441|05_proceedings_trim|trim_manual_review_required|text_trim_registry.csv,1441,1441,Spectrum of stiff person syndrome expands with presence of retinal pathology,Shoemaker T.; Rothman A.; Prince J.; Saidha S.; Calabresi P.A.; Newsome S.D.,2017,Multiple Sclerosis Journal,05_proceedings_trim,trim_manual_review_required,high,header_only_source,text_trim_registry.csv,trim_status,Matched entry appears to contain header-only listing without abstract body.,Revisit proceedings localisation and publish a safe proceedings-ready text layer.,true,2026-05-07T11:48:48.496180+00:00
1441|05b_proceedings_qc|proceedings_qc_follow_up_required|proceedings_text_qc_registry.csv,1441,1441,Spectrum of stiff person syndrome expands with presence of retinal pathology,Shoemaker T.; Rothman A.; Prince J.; Saidha S.; Calabresi P.A.; Newsome S.D.,2017,Multiple Sclerosis Journal,05b_proceedings_qc,proceedings_qc_follow_up_required,high,header_only_source,proceedings_text_qc_registry.csv,qc_status,Matched source appears to be a title/author listing without abstract body text.,"Review proceedings QC, fix the target span if needed, and rerun proceedings-ready publication.",true,2026-04-06T13:55:42.497656+00:00
1447|05_proceedings_trim|proceedings_manual_review_queue|proceedings_manual_review_queue.csv,1447,1447,"Hypokinesia, brainstem involvement, rigidity and exaggerated startle in a child with glycine receptors antibodies",Amin S.; Hameed B.; Babiker M.O.E.,2017,Developmental Medicine and Child Neurology,05_proceedings_trim,proceedings_manual_review_queue,medium,queued,proceedings_manual_review_queue.csv,manual_status,"Proceedings detected, but the best abstract block match is below the auto-trim confidence threshold.","Review target abstract boundaries, record the manual decision, and rerun proceedings-ready publication.",true,2026-05-07T11:48:48.490758+00:00
1458|05_proceedings_trim|proceedings_manual_review_queue|proceedings_manual_review_queue.csv,1458,1458,Unrecognized respiratory manifestations of stiff person syndrome,Rakocevic G.; Allen A.; Pack K.; Woodford M.; Sexauer W.,2017,Muscle and Nerve,05_proceedings_trim,proceedings_manual_review_queue,medium,queued,proceedings_manual_review_queue.csv,manual_status,"Proceedings detected, but the best abstract block match is below the auto-trim confidence threshold.","Review target abstract boundaries, record the manual decision, and rerun proceedings-ready publication.",true,2026-05-07T11:48:48.490788+00:00
1458|05_proceedings_trim|trim_manual_review_required|text_trim_registry.csv,1458,1458,Unrecognized respiratory manifestations of stiff person syndrome,Rakocevic G.; Allen A.; Pack K.; Woodford M.; Sexauer W.,2017,Muscle and Nerve,05_proceedings_trim,trim_manual_review_required,medium,manual_review_required,text_trim_registry.csv,trim_status,Matched entry appears truncated or lacks sufficient abstract body content.,Revisit proceedings localisation and publish a safe proceedings-ready text layer.,true,2026-05-07T11:48:48.496195+00:00
1458|05b_proceedings_qc|proceedings_qc_follow_up_required|proceedings_text_qc_registry.csv,1458,1458,Unrecognized respiratory manifestations of stiff person syndrome,Rakocevic G.; Allen A.; Pack K.; Woodford M.; Sexauer W.,2017,Muscle and Nerve,05b_proceedings_qc,proceedings_qc_follow_up_required,medium,untrimmed_localised,proceedings_text_qc_registry.csv,qc_status,Target appears localised in full proceedings text; trimming/manual review is still required.,"Review proceedings QC, fix the target span if needed, and rerun proceedings-ready publication.",true,2026-04-06T13:55:44.341263+00:00
1458|06_sps_case_count|case_count_manual_review_required|source_sps_case_count_registry.csv,1458,1458,Unrecognized respiratory manifestations of stiff person syndrome,Rakocevic G.; Allen A.; Pack K.; Woodford M.; Sexauer W.,2017,Muscle and Nerve,06_sps_case_count,case_count_manual_review_required,medium,llm_bounded_alternative,source_sps_case_count_registry.csv,count_manual_review_required,"challenge_stage=challenge | verification_status=llm_bounded_alternative | llm_count_confidence=high | challenge_reasons=local_safer_abstention_conflict=0 vs 16; local_validation_conflict=0 vs 16 | validator_flags=COUNT_SINGLE_CASE_CONFERENCE_MISMATCH | The abstract explicitly reports a prospectively recruited cohort of 16 SPS patients and presents group-level outcomes for that cohort, indicating 16 unique original SPS-spectrum patients in this paper. The single-case heuristic candidates are contradicted by the text.","Review the count evidence, update the count manual-review ledger or gold corpus, and rerun the stage-06 publish step.",true,2026-04-19T10:01:44.798244+00:00
1470|07_case_series_split|case_series_split_manual_review_required|case_series_split_registry.csv,1470,1470,DPPX antibody-associated encephalitis Main syndrome and antibody effects,Hara M.; Arino H.; Petit-Pedrol M.; Sabater L.; Titulaer M.J.; Hernandez E.M.; Schreurs M.W.J.; Rosenfeld M.R.; Graus F.; Dalmau J.,2017,Neurology,07_case_series_split,case_series_split_manual_review_required,medium,manual_review_required,case_series_split_registry.csv,split_status,Could not find at least two distinct explicit case/patient headings.,Review case boundaries manually or mark the paper unsuitable for case-level splitting.,true,2026-05-07T11:48:48.539238+00:00
1476|06_sps_case_count|case_count_manual_review_required|source_sps_case_count_registry.csv,1476,1476,Progressive encephalomyelitis with rigidity and myoclonus associated with anti-GlyR antibodies and Hodgkin's lymphoma: A case report,Borellini L.; Lanfranconi S.; Bonato S.; Trezzi I.; Franco G.; Torretta L.; Bresolin N.; Di Fonzo A.B.,2017,Frontiers in Neurology,06_sps_case_count,case_count_manual_review_required,medium,llm_candidate_exact,source_sps_case_count_registry.csv,count_manual_review_required,"challenge_stage=challenge | verification_status=llm_candidate_exact | llm_count_confidence=medium | challenge_reasons=explicit_sps_subgroup_conflict=1 vs 14 | llm_selected_candidate_id=cand02 | This paper is explicitly a case report and the abstract/full-text excerpt describes one original 60-year-old man with anti-GlyR-positive PERM. The competing count of 14 appears to come from background discussion of previously reported non-paraneoplastic PERM cases rather than the paper's original cohort, so the safest extractable count is 1, but manual review remains appropriate because of the conflicting heuristic subgroup signal and provenance uncertainty.","Review the count evidence, update the count manual-review ledger or gold corpus, and rerun the stage-06 publish step.",true,2026-04-19T10:02:37.725456+00:00
1501|05b_proceedings_qc|proceedings_qc_follow_up_required|proceedings_text_qc_registry.csv,1501,1501,Ocular motor function in stiff person syndrome-Role of GABA and beyond,Wang F.; Neilson L.; Wang H.; Wilmot G.; Shaikh A.,2018,Movement Disorders,05b_proceedings_qc,proceedings_qc_follow_up_required,medium,untrimmed_localised,proceedings_text_qc_registry.csv,qc_status,Target appears localised in full proceedings text; trimming/manual review is still required.,"Review proceedings QC, fix the target span if needed, and rerun proceedings-ready publication.",true,2026-04-06T13:55:44.345115+00:00
1504|05_proceedings_trim|trim_manual_review_required|text_trim_registry.csv,1504,1504,"Progressive encephalomyelitis with rigidity and myoclonus (PERM): Phenomenology, investigations and management of two recent cases",Munteanu T.; Lamas-Osorio Y.; Cullinane P.; Lynch T.,2018,Movement Disorders,05_proceedings_trim,trim_manual_review_required,medium,manual_review_required,text_trim_registry.csv,trim_status,Matched entry appears truncated or lacks sufficient abstract body content.,Revisit proceedings localisation and publish a safe proceedings-ready text layer.,true,2026-05-07T11:48:48.496208+00:00
1504|05b_proceedings_qc|proceedings_qc_follow_up_required|proceedings_text_qc_registry.csv,1504,1504,"Progressive encephalomyelitis with rigidity and myoclonus (PERM): Phenomenology, investigations and management of two recent cases",Munteanu T.; Lamas-Osorio Y.; Cullinane P.; Lynch T.,2018,Movement Disorders,05b_proceedings_qc,proceedings_qc_follow_up_required,medium,untrimmed_localised,proceedings_text_qc_registry.csv,qc_status,Target appears localised in full proceedings text; trimming/manual review is still required.,"Review proceedings QC, fix the target span if needed, and rerun proceedings-ready publication.",true,2026-04-06T13:55:44.349682+00:00
1504|06_sps_case_count|case_count_manual_review_required|source_sps_case_count_registry.csv,1504,1504,"Progressive encephalomyelitis with rigidity and myoclonus (PERM): Phenomenology, investigations and management of two recent cases",Munteanu T.; Lamas-Osorio Y.; Cullinane P.; Lynch T.,2018,Movement Disorders,06_sps_case_count,case_count_manual_review_required,medium,llm_candidate_exact,source_sps_case_count_registry.csv,count_manual_review_required,"challenge_stage=primary | verification_status=llm_candidate_exact | llm_count_confidence=medium | llm_selected_candidate_id=cand01 | validator_flags=COUNT_SINGLE_CASE_CONFERENCE_MISMATCH | The abstract explicitly reports two recent anti-GlyR-positive PERM cases and describes them individually as Case 1 and Case 2, so the best-supported extractable SPS-spectrum count is 2. Manual review remains appropriate because the evidence pack flags original cohort provenance uncertainty due to comparison with previously described literature.","Review the count evidence, update the count manual-review ledger or gold corpus, and rerun the stage-06 publish step.",true,2026-04-19T10:03:44.614617+00:00
1505|06_sps_case_count|case_count_manual_review_required|source_sps_case_count_registry.csv,1505,1505,Quantitative clinical and autoimmune assessments in stiff person syndrome: Evidence for a progressive disorder,Rakocevic G.; Alexopoulos H.; Dalakas M.,2018,Muscle and Nerve,06_sps_case_count,case_count_manual_review_required,medium,llm_candidate_exact,source_sps_case_count_registry.csv,count_manual_review_required,"challenge_stage=primary | verification_status=llm_candidate_exact | llm_count_confidence=medium | llm_selected_candidate_id=cand01 | The paper explicitly describes a collective cohort of 57 SPS patients, while 32 is clearly a longitudinally followed subgroup of that cohort rather than the total number of unique SPS-spectrum cases. Because the evidence pack flags possible provenance overlap/uncertainty, the safest decision is the 57-patient candidate with manual review retained.","Review the count evidence, update the count manual-review ledger or gold corpus, and rerun the stage-06 publish step.",true,2026-04-19T10:04:09.448523+00:00
1511|05_proceedings_trim|proceedings_manual_review_queue|proceedings_manual_review_queue.csv,1511,1511,Stiff-limb syndrome: Thinking about that!,Delorme A.; Pencu D.E.; De Saint-Hubert G.,2018,Acta Clinica Belgica: International Journal of Clinical and Laboratory Medicine,05_proceedings_trim,proceedings_manual_review_queue,medium,queued,proceedings_manual_review_queue.csv,manual_status,"Proceedings detected, but the best abstract block match is below the auto-trim confidence threshold.","Review target abstract boundaries, record the manual decision, and rerun proceedings-ready publication.",true,2026-05-07T11:48:48.490803+00:00
1511|05_proceedings_trim|trim_manual_review_required|text_trim_registry.csv,1511,1511,Stiff-limb syndrome: Thinking about that!,Delorme A.; Pencu D.E.; De Saint-Hubert G.,2018,Acta Clinica Belgica: International Journal of Clinical and Laboratory Medicine,05_proceedings_trim,trim_manual_review_required,high,header_only_source,text_trim_registry.csv,trim_status,Matched entry appears to contain header-only listing without abstract body.,Revisit proceedings localisation and publish a safe proceedings-ready text layer.,true,2026-05-07T11:48:48.496220+00:00
1511|05b_proceedings_qc|proceedings_qc_follow_up_required|proceedings_text_qc_registry.csv,1511,1511,Stiff-limb syndrome: Thinking about that!,Delorme A.; Pencu D.E.; De Saint-Hubert G.,2018,Acta Clinica Belgica: International Journal of Clinical and Laboratory Medicine,05b_proceedings_qc,proceedings_qc_follow_up_required,blocker,mismatch,proceedings_text_qc_registry.csv,qc_status,Title/author alignment is too weak for a reliable proceedings match.,"Review proceedings QC, fix the target span if needed, and rerun proceedings-ready publication.",true,2026-04-06T13:55:44.962822+00:00
1540|04_source_categorisation|source_category_manual_review_required|paper_artifact_registry.csv,1540,1540,Multiplex family with GAD65-Abs neurologic syndromes,Belbezier A.; Joubert B.; Montero-Martin G.; Fernandez-Vina M.; Fabien N.; Rogemond V.; Mignot E.; Honnorat J.,2018,Neuroimmunology and Neuroinflammation,04_source_categorisation,source_category_manual_review_required,medium,review_source_category_then_split,paper_artifact_registry.csv,source_manual_review_required,"validator_flags=PROCEEDINGS_TRIM_PENDING | This is a case series describing two original patients from the same family with GAD65-Abs neurologic syndromes, including one with stiff-person syndrome and one with cerebellar ataxia/limbic encephalitis. The paper provides detailed clinical, laboratory, and genetic data for both, qualifying as a case series with original SPS-spectrum data.",Review source category/routing and update the source categorisation manual-review ledger.,true,2026-04-05T19:46:40.022003+00:00
1558|06_sps_case_count|case_count_manual_review_required|source_sps_case_count_registry.csv,1558,1558,Successful anesthetic management of patient with stiff pesrson syndrome,Sohaib M.; Siddiqui A.S.,2018,Journal of the College of Physicians and Surgeons Pakistan,06_sps_case_count,case_count_manual_review_required,medium,llm_candidate_exact,source_sps_case_count_registry.csv,count_manual_review_required,"challenge_stage=primary | verification_status=llm_candidate_exact | llm_count_confidence=medium | llm_selected_candidate_id=cand01 | The paper is framed as a single-patient case report and explicitly states that it describes anesthetic management of a patient with stiff person syndrome undergoing hip replacement. This supports a count of 1 unique SPS-spectrum patient, but manual review remains appropriate because provenance uncertainty/non-original case signals were flagged in the evidence pack.","Review the count evidence, update the count manual-review ledger or gold corpus, and rerun the stage-06 publish step.",true,2026-04-19T10:06:01.523719+00:00
1598|04_source_categorisation|source_category_manual_review_required|paper_artifact_registry.csv,1598,1598,Coexistence of neuromyelitis optica and stiff person syndrome in a single patient: A case report,Thuringer A.J.; Jassam Y.N.,2019,Multiple Sclerosis Journal,04_source_categorisation,source_category_manual_review_required,medium,review_source_category_then_langextract,paper_artifact_registry.csv,source_manual_review_required,"validator_flags=PROCEEDINGS_TRIM_PENDING | This is a conference abstract (supplement issue, short page span, proceedings detected) reporting a single case of SPS in detail, consistent with a single case report presented as a conference abstract. The clinical description is original and individual-level.",Review source category/routing and update the source categorisation manual-review ledger.,true,2026-04-05T19:47:12.743994+00:00
1598|05_proceedings_trim|trim_manual_review_required|text_trim_registry.csv,1598,1598,Coexistence of neuromyelitis optica and stiff person syndrome in a single patient: A case report,Thuringer A.J.; Jassam Y.N.,2019,Multiple Sclerosis Journal,05_proceedings_trim,trim_manual_review_required,medium,manual_review_required,text_trim_registry.csv,trim_status,Matched entry appears truncated or lacks sufficient abstract body content.,Revisit proceedings localisation and publish a safe proceedings-ready text layer.,true,2026-05-07T11:48:48.496231+00:00
1598|05b_proceedings_qc|proceedings_qc_follow_up_required|proceedings_text_qc_registry.csv,1598,1598,Coexistence of neuromyelitis optica and stiff person syndrome in a single patient: A case report,Thuringer A.J.; Jassam Y.N.,2019,Multiple Sclerosis Journal,05b_proceedings_qc,proceedings_qc_follow_up_required,medium,untrimmed_localised,proceedings_text_qc_registry.csv,qc_status,Target appears localised in full proceedings text; trimming/manual review is still required.,"Review proceedings QC, fix the target span if needed, and rerun proceedings-ready publication.",true,2026-04-06T13:55:44.966732+00:00
1602|05_proceedings_trim|proceedings_manual_review_queue|proceedings_manual_review_queue.csv,1602,1602,Progressive encephalomyelitis with rigidity and myoclonus - Case report,Barbov I.; Stojkoska F.; Petovska-Cvetkovska D.; Lazarova S.,2019,European Journal of Neurology,05_proceedings_trim,proceedings_manual_review_queue,medium,queued,proceedings_manual_review_queue.csv,manual_status,No abstract block could be segmented from the proceedings text.,"Review target abstract boundaries, record the manual decision, and rerun proceedings-ready publication.",true,2026-05-07T11:48:48.490814+00:00
1602|06_sps_case_count|case_count_manual_review_required|source_sps_case_count_registry.csv,1602,1602,Progressive encephalomyelitis with rigidity and myoclonus - Case report,Barbov I.; Stojkoska F.; Petovska-Cvetkovska D.; Lazarova S.,2019,European Journal of Neurology,06_sps_case_count,case_count_manual_review_required,medium,llm_candidate_exact,source_sps_case_count_registry.csv,count_manual_review_required,"challenge_stage=challenge | verification_status=llm_candidate_exact | llm_count_confidence=medium | challenge_reasons=semantic_validator_reject=COUNT_SPS_STATUS_UNCERTAIN | llm_selected_candidate_id=cand01 | This conference abstract is an explicit single-patient case report: it states 'The case is presented' and describes one 38-year-old woman with PERM. PERM is within the review's SPS-spectrum definition, so the best-supported extractable count is 1, but manual review remains appropriate because the package flagged SPS-status uncertainty and confidence is not high.","Review the count evidence, update the count manual-review ledger or gold corpus, and rerun the stage-06 publish step.",true,2026-04-19T10:07:03.679607+00:00
1605|05_proceedings_trim|proceedings_manual_review_queue|proceedings_manual_review_queue.csv,1605,1605,A stiff woman,Srinithya F.; Gadde S.,2019,Journal of General Internal Medicine,05_proceedings_trim,proceedings_manual_review_queue,medium,queued,proceedings_manual_review_queue.csv,manual_status,"Proceedings detected, but the best abstract block match is below the auto-trim confidence threshold.","Review target abstract boundaries, record the manual decision, and rerun proceedings-ready publication.",true,2026-05-07T11:48:48.490826+00:00
1609|05b_proceedings_qc|proceedings_qc_follow_up_required|proceedings_text_qc_registry.csv,1609,1609,Unusual respiratory manifestation in a patient with Stiff Person Syndrome (SPS),Lin A.; Arias A.A.; Casul Y.R.; Gupta A.; Calder C.,2019,Neurology,05b_proceedings_qc,proceedings_qc_follow_up_required,medium,untrimmed_localised,proceedings_text_qc_registry.csv,qc_status,Target appears localised in full proceedings text; trimming/manual review is still required.,"Review proceedings QC, fix the target span if needed, and rerun proceedings-ready publication.",true,2026-04-06T13:55:59.247370+00:00
1609|06_sps_case_count|case_count_manual_review_required|source_sps_case_count_registry.csv,1609,1609,Unusual respiratory manifestation in a patient with Stiff Person Syndrome (SPS),Lin A.; Arias A.A.; Casul Y.R.; Gupta A.; Calder C.,2019,Neurology,06_sps_case_count,case_count_manual_review_required,medium,llm_candidate_exact,source_sps_case_count_registry.csv,count_manual_review_required,"challenge_stage=primary | verification_status=llm_candidate_exact | llm_count_confidence=medium | llm_selected_candidate_id=cand01 | The abstract clearly describes one individual patient with GAD antibody-positive stiff person syndrome and a detailed clinical course, supporting a count of 1 extractable SPS-spectrum case. Because the package flags original cohort provenance uncertainty and this is a conference abstract with non-original signals, human review is still warranted.","Review the count evidence, update the count manual-review ledger or gold corpus, and rerun the stage-06 publish step.",true,2026-04-19T10:08:14.298690+00:00
1611|05b_proceedings_qc|proceedings_qc_follow_up_required|proceedings_text_qc_registry.csv,1611,1611,Presence of systemic autoantibodies and associated comorbid conditions in a large cohort of stiff person syndrome,Comisac M.; Wang Y.; Aljarallah S.; Lukish N.; Newsome S.,2019,Neurology,05b_proceedings_qc,proceedings_qc_follow_up_required,medium,untrimmed_localised,proceedings_text_qc_registry.csv,qc_status,Target appears localised in full proceedings text; trimming/manual review is still required.,"Review proceedings QC, fix the target span if needed, and rerun proceedings-ready publication.",true,2026-04-06T13:55:59.251125+00:00
1611|06_sps_case_count|case_count_manual_review_required|source_sps_case_count_registry.csv,1611,1611,Presence of systemic autoantibodies and associated comorbid conditions in a large cohort of stiff person syndrome,Comisac M.; Wang Y.; Aljarallah S.; Lukish N.; Newsome S.,2019,Neurology,06_sps_case_count,case_count_manual_review_required,medium,llm_candidate_exact,source_sps_case_count_registry.csv,count_manual_review_required,"challenge_stage=challenge | verification_status=llm_candidate_exact | llm_count_confidence=medium | challenge_reasons=local_safer_abstention_conflict=25 vs 39 | llm_selected_candidate_id=cand01 | The abstract describes 125 antiGAD65-positive SPS patients identified in records, but only 39 were eligible for this specific autoantibody study after exclusions. Because the paper explicitly states the broader identified cohort consisted of SPS patients and the excluded patients were omitted for assay/timing reasons rather than lack of SPS diagnosis, the safest extractable SPS-spectrum case count is the identified cohort count represented by candidate 25, while keeping manual review due to the mismatch between the explicit text (125/39) and the heuristic candidate list.","Review the count evidence, update the count manual-review ledger or gold corpus, and rerun the stage-06 publish step.",true,2026-04-19T10:09:06.786103+00:00
1614|05b_proceedings_qc|proceedings_qc_follow_up_required|proceedings_text_qc_registry.csv,1614,1614,Long-term rituximab use benefits patients with stiff person syndrome,Aljarallah S.; Wang Y.; Shoemaker T.; Newsome S.,2019,Neurology,05b_proceedings_qc,proceedings_qc_follow_up_required,medium,untrimmed_localised,proceedings_text_qc_registry.csv,qc_status,Target appears localised in full proceedings text; trimming/manual review is still required.,"Review proceedings QC, fix the target span if needed, and rerun proceedings-ready publication.",true,2026-04-06T13:55:59.254528+00:00
1625|05b_proceedings_qc|proceedings_qc_follow_up_required|proceedings_text_qc_registry.csv,1625,1625,Neuronal autoantibodies and clinical significance in stiff-person spectrum disorder,Kaneko J.; Iizuka T.; Kondo Y.; Abe Y.; Kaneko A.; Hattori K.; Kobayashi S.; Ugawa Y.; Sekiguchi K.; Maeda K.; Matsumoto Y.; Kanazawa N.; Kitamura E.; Dalmau J.; Nishiyama K.,2019,Neurology,05b_proceedings_qc,proceedings_qc_follow_up_required,high,partial_truncated,proceedings_text_qc_registry.csv,qc_status,Trim does not start at a detected proceedings header.,"Review proceedings QC, fix the target span if needed, and rerun proceedings-ready publication.",true,2026-04-06T13:55:59.273022+00:00
1628|06_sps_case_count|case_count_manual_review_required|source_sps_case_count_registry.csv,1628,1628,Stiff person syndrome as a mimic of Parkinsonism,Diaz M.; Ratliff J.,2019,Neurology,06_sps_case_count,case_count_manual_review_required,medium,llm_candidate_exact,source_sps_case_count_registry.csv,count_manual_review_required,"challenge_stage=primary | verification_status=llm_candidate_exact | llm_count_confidence=medium | llm_selected_candidate_id=cand01 | The paper is a single-case report and explicitly describes one original patient: a 44-year-old woman with unilateral rigidity and positive GAD65 testing, discussed by the authors as 'our case' of SPS. Although prior literature is cited for similar presentations, that citation appears contextual rather than indicating reuse of the reported patient, so the best-supported extractable count is 1; however, provenance uncertainty warrants manual review.","Review the count evidence, update the count manual-review ledger or gold corpus, and rerun the stage-06 publish step.",true,2026-04-19T10:11:55.978909+00:00
1640|06_sps_case_count|case_count_manual_review_required|source_sps_case_count_registry.csv,1640,1640,"Anti-GAD antibody syndrome with concomitant cerebellar ataxia, stiff person syndrome, and limbic encephalitis",Schaefer S.M.; Moeller J.J.,2015,Neurology: Clinical Practice,06_sps_case_count,case_count_manual_review_required,medium,llm_candidate_exact,source_sps_case_count_registry.csv,count_manual_review_required,"challenge_stage=primary | verification_status=llm_candidate_exact | llm_count_confidence=high | llm_selected_candidate_id=cand01 | This paper reports one original individual patient, a 42-year-old man explicitly diagnosed with stiff person syndrome along with cerebellar ataxia and later limbic encephalitis. The fixed source category is single_case_report and the text consistently describes a single longitudinal case, but manual review remains warranted because provenance uncertainty is flagged upstream.","Review the count evidence, update the count manual-review ledger or gold corpus, and rerun the stage-06 publish step.",true,2026-04-19T10:12:44.721101+00:00
1658|06_sps_case_count|case_count_manual_review_required|source_sps_case_count_registry.csv,1658,1658,Neonatal hyperekplexia (the stiff baby syndrome),Saeed M.; Al-Dhalaan H.; Wali A.; Ahmad W.,2015,Pakistan Paediatric Journal,06_sps_case_count,case_count_manual_review_required,medium,llm_candidate_exact,source_sps_case_count_registry.csv,count_manual_review_required,"challenge_stage=primary | verification_status=llm_candidate_exact | llm_count_confidence=medium | llm_selected_candidate_id=cand01 | The paper is a case report and explicitly states that the authors report a sporadic case of neonatal hyperekplexia. The full text then presents one individual infant under a single 'Case report' section, supporting a count of 1 extractable original patient, though manual review remains appropriate because confidence is not high and hyperekplexia is an SPS-spectrum edge entity.","Review the count evidence, update the count manual-review ledger or gold corpus, and rerun the stage-06 publish step.",true,2026-04-19T10:13:29.894684+00:00
1661|06_sps_case_count|case_count_manual_review_required|source_sps_case_count_registry.csv,1661,1661,Anti-GAD65 positive stiff-person syndrome: Novel association with common variable immune deficiency,Ghably J.G.; Guido M.; Atwater S.; Krishnaswamy G.,2016,Journal of Allergy and Clinical Immunology,06_sps_case_count,case_count_manual_review_required,medium,llm_candidate_exact,source_sps_case_count_registry.csv,count_manual_review_required,"challenge_stage=primary | verification_status=llm_candidate_exact | llm_count_confidence=medium | llm_selected_candidate_id=cand01 | The abstract explicitly describes a single original SPS case: a middle-aged female patient with EMG findings indicative of SPS and positive GAD65 antibodies. This supports the single-case candidate, but manual review remains appropriate because the package flags original cohort provenance uncertainty and the preferred text appears to come from conference abstracts context.","Review the count evidence, update the count manual-review ledger or gold corpus, and rerun the stage-06 publish step.",true,2026-04-19T10:13:50.920399+00:00
1662|05_proceedings_trim|trim_manual_review_required|text_trim_registry.csv,1662,1662,Progressive encephalomyelitis with rigidity and myoclonus with antibodies to glycine receptor presenting with temporomandibular joint dislocation,Mahdi Aljedani R.; Meyer I.; Novy J.; Pagani J.-L.; Arlettaz L.; Ribi C.,2019,Swiss Medical Weekly,05_proceedings_trim,trim_manual_review_required,high,header_only_source,text_trim_registry.csv,trim_status,Matched entry appears to contain header-only listing without abstract body.,Revisit proceedings localisation and publish a safe proceedings-ready text layer.,true,2026-05-07T11:48:48.496247+00:00
1662|05b_proceedings_qc|proceedings_qc_follow_up_required|proceedings_text_qc_registry.csv,1662,1662,Progressive encephalomyelitis with rigidity and myoclonus with antibodies to glycine receptor presenting with temporomandibular joint dislocation,Mahdi Aljedani R.; Meyer I.; Novy J.; Pagani J.-L.; Arlettaz L.; Ribi C.,2019,Swiss Medical Weekly,05b_proceedings_qc,proceedings_qc_follow_up_required,high,header_only_source,proceedings_text_qc_registry.csv,qc_status,Matched source appears to be a title/author listing without abstract body text.,"Review proceedings QC, fix the target span if needed, and rerun proceedings-ready publication.",true,2026-04-06T13:55:59.737687+00:00
1664|05_proceedings_trim|proceedings_manual_review_queue|proceedings_manual_review_queue.csv,1664,1664,A rare person with Stiff Person syndrome,Suciu R.; Stoicanescu D.; Cevei M.; Bodog F.,2019,European Journal of Human Genetics,05_proceedings_trim,proceedings_manual_review_queue,medium,queued,proceedings_manual_review_queue.csv,manual_status,"Proceedings detected, but the best abstract block match is below the auto-trim confidence threshold.","Review target abstract boundaries, record the manual decision, and rerun proceedings-ready publication.",true,2026-05-07T11:48:48.490840+00:00
1668|05b_proceedings_qc|proceedings_qc_follow_up_required|proceedings_text_qc_registry.csv,1668,1668,Botulinum toxin for the treatment of muscle spasms associated with stiff person syndrome,Moukheiber E.; Comisac M.; Newsome S.,2019,Neurology,05b_proceedings_qc,proceedings_qc_follow_up_required,medium,untrimmed_localised,proceedings_text_qc_registry.csv,qc_status,Target appears localised in full proceedings text; trimming/manual review is still required.,"Review proceedings QC, fix the target span if needed, and rerun proceedings-ready publication.",true,2026-04-06T13:56:02.221074+00:00
1674|05b_proceedings_qc|proceedings_qc_follow_up_required|proceedings_text_qc_registry.csv,1674,1674,Anti-glutamic acid decarboxylase associated neurologic disorders referred from neuro-ophthalmology and neurotology: A case series with characterization of vestibulo-ocular function,Wang Y.; Tourkevich R.; Gold D.; Newsome S.D.,2019,Neurology,05b_proceedings_qc,proceedings_qc_follow_up_required,high,partial_truncated,proceedings_text_qc_registry.csv,qc_status,Trim does not start at a detected proceedings header.,"Review proceedings QC, fix the target span if needed, and rerun proceedings-ready publication.",true,2026-04-06T13:56:02.238704+00:00
1694|06_sps_case_count|case_count_manual_review_required|source_sps_case_count_registry.csv,1694,1694,Anti-glutamic acid decarboxylase antibody (GAD) syndromes may have more aggressive disease course in African Americans and early onset of presentation compare to Caucasians group,Sriwastava S.; Srinivas M.; Kanna A.; Yarraguntla K.; Jowkar A.; George E.,2019,eNeurologicalSci,06_sps_case_count,case_count_manual_review_required,medium,llm_candidate_exact,source_sps_case_count_registry.csv,count_manual_review_required,"challenge_stage=challenge | verification_status=llm_candidate_exact | llm_count_confidence=medium | challenge_reasons=semantic_validator_reject=COUNT_SPS_STATUS_UNCERTAIN | llm_selected_candidate_id=cand01 | The paper reports a broader cohort of 40 anti-GAD-positive patients with mixed phenotypes, but the evidence pack includes an explicit diagnosis-specific subgroup breakdown listing 3 SPS in one racial group and 4 SPS in the other, for 7 SPS-spectrum patients total. Because the source cohort is mixed and the validator flagged SPS-status uncertainty, the safest resolution is the explicit SPS subgroup count with manual review retained.","Review the count evidence, update the count manual-review ledger or gold corpus, and rerun the stage-06 publish step.",true,2026-04-19T10:17:19.180163+00:00
1722|05b_proceedings_qc|proceedings_qc_follow_up_required|proceedings_text_qc_registry.csv,1722,1722,Stiff person syndrome - An unusual paraneoplastic neurological phenomenon in carcinoid tumour,Sahathevan V.; Herath T.; Gamlaksha D.; Yogendranathan N.; Kulatunga A.; Senanayake B.,2019,Journal of the Neurological Sciences,05b_proceedings_qc,proceedings_qc_follow_up_required,high,spillover_detected,proceedings_text_qc_registry.csv,qc_status,Trim starts before the detected proceedings header.,"Review proceedings QC, fix the target span if needed, and rerun proceedings-ready publication.",true,2026-04-06T13:56:02.316142+00:00
1722|06_sps_case_count|case_count_manual_review_required|source_sps_case_count_registry.csv,1722,1722,Stiff person syndrome - An unusual paraneoplastic neurological phenomenon in carcinoid tumour,Sahathevan V.; Herath T.; Gamlaksha D.; Yogendranathan N.; Kulatunga A.; Senanayake B.,2019,Journal of the Neurological Sciences,06_sps_case_count,case_count_manual_review_required,medium,llm_candidate_exact,source_sps_case_count_registry.csv,count_manual_review_required,"challenge_stage=challenge | verification_status=llm_candidate_exact | llm_count_confidence=medium | challenge_reasons=semantic_validator_reject=COUNT_SPS_STATUS_UNCERTAIN | llm_selected_candidate_id=cand01 | The conference abstract explicitly reports a single original patient: 'We report a 58 year old Sri Lankan male with SPS' and provides diagnostic support with high GAD antibody titre and classical EMG changes. This supports the single-case candidate, but because the challenge flags SPS-status uncertainty and confidence is not high, manual review remains appropriate.","Review the count evidence, update the count manual-review ledger or gold corpus, and rerun the stage-06 publish step.",true,2026-04-19T10:19:14.067769+00:00
1739|06_sps_case_count|case_count_manual_review_required|source_sps_case_count_registry.csv,1739,1739,Case report: Stiff person syndrome with thymoma,Sonokawa T.; Shizukawa H.; Ichihara S.; Muraoka S.; Usuda J.; Tanaka K.,2019,Japanese Journal of Lung Cancer,06_sps_case_count,case_count_manual_review_required,medium,llm_candidate_exact,source_sps_case_count_registry.csv,count_manual_review_required,"challenge_stage=primary | verification_status=llm_candidate_exact | llm_count_confidence=high | llm_selected_candidate_id=cand01 | This paper is an explicit single-patient case report of a 68-year-old man with diagnosis-supported stiff person syndrome associated with thymoma. Although the article cites prior literature and provenance uncertainty is flagged upstream, the original extractable SPS-spectrum count within this paper is clearly one patient.","Review the count evidence, update the count manual-review ledger or gold corpus, and rerun the stage-06 publish step.",true,2026-04-19T10:19:34.491814+00:00
1759|07_case_series_split|case_series_split_manual_review_required|case_series_split_registry.csv,1759,1759,Stiff person-syndrome IgG affects presynaptic GABAergic release mechanisms,Werner C.; Haselmann H.; Weishaupt A.; Toyka K.V.; Sommer C.; Geis C.,2014,Journal of Neural Transmission,07_case_series_split,case_series_split_manual_review_required,medium,manual_review_required,case_series_split_registry.csv,split_status,Could not find at least two distinct explicit case/patient headings.,Review case boundaries manually or mark the paper unsuitable for case-level splitting.,true,2026-05-07T11:48:48.539253+00:00
1768|06_sps_case_count|case_count_manual_review_required|source_sps_case_count_registry.csv,1768,1768,Cerebellar Ataxia Followed by Stiff Person Syndrome in a Patient with Anti-GAD Antibodies,Seneviratne S.O.; Buzzard K.A.; Cruse B.; Monif M.,2020,Case Reports in Immunology,06_sps_case_count,case_count_manual_review_required,medium,llm_candidate_exact,source_sps_case_count_registry.csv,count_manual_review_required,"challenge_stage=challenge | verification_status=llm_candidate_exact | llm_count_confidence=medium | challenge_reasons=semantic_validator_reject=COUNT_SPS_STATUS_UNCERTAIN | llm_selected_candidate_id=cand01 | The paper is a single-patient case report and explicitly states that the authors present one patient who later developed stiff person syndrome. Because the text also contains some uncertainty signals around anti-GAD syndrome manifestations, the safest resolution is the 1-case candidate with manual review retained.","Review the count evidence, update the count manual-review ledger or gold corpus, and rerun the stage-06 publish step.",true,2026-04-19T10:21:36.299385+00:00
1770|06_sps_case_count|case_count_manual_review_required|source_sps_case_count_registry.csv,1770,1770,Neurologic syndromes related to anti-GAD65: Clinical and serologic response to treatment,Munoz-Lopetegi A.; de Bruijn M.A.A.M.; Boukhrissi S.; Bastiaansen A.E.M.; Nagtzaam M.M.P.; Hulsenboom E.S.P.; Boon A.J.W.; Neuteboom R.F.; de Vries J.M.; Sillevis Smitt P.A.E.; Schreurs M.W.J.; Titulaer M.J.,2020,Neurology(R) neuroimmunology & neuroinflammation,06_sps_case_count,case_count_manual_review_required,medium,llm_candidate_exact,source_sps_case_count_registry.csv,count_manual_review_required,"challenge_stage=primary | verification_status=llm_candidate_exact | llm_count_confidence=medium | llm_selected_candidate_id=cand01 | The paper reports a broader anti-GAD65 neurologic cohort, but the extractable SPS-spectrum subset is explicitly supported only for patients described as having SPS within the overlap narrative/table-derived subgroup. The best-supported candidate is 5 SPS-spectrum patients, though the abstract also mentions 7 SPS and creates some unresolved ambiguity about whether additional non-overlap SPS cases are separately extractable from the provided evidence.","Review the count evidence, update the count manual-review ledger or gold corpus, and rerun the stage-06 publish step.",true,2026-04-19T10:22:32.995389+00:00
1772|06_sps_case_count|case_count_manual_review_required|source_sps_case_count_registry.csv,1772,1772,Autoimmune musicogenic epilepsy associated with anti-glutamic acid decarboxylase antibodies and Stiff-person syndrome,Jesus-Ribeiro J.; Bozorgi A.; Alkhaldi M.; Shaqfeh M.; Fernandez-Baca Vaca G.; Katirji B.,2020,Clinical Case Reports,06_sps_case_count,case_count_manual_review_required,medium,llm_candidate_exact,source_sps_case_count_registry.csv,count_manual_review_required,"challenge_stage=primary | verification_status=llm_candidate_exact | llm_count_confidence=medium | llm_selected_candidate_id=cand01 | This paper is routed as a single case report and the text repeatedly refers to a single index patient with SPS, epilepsy, and anti-GAD antibodies (eg, 'our patient' and 'this case'). No explicit evidence supports more than one original SPS-spectrum patient in the paper, so the best-supported extractable count is 1, but manual review remains appropriate because provenance uncertainty is flagged.","Review the count evidence, update the count manual-review ledger or gold corpus, and rerun the stage-06 publish step.",true,2026-04-19T10:22:52.354276+00:00
1774|05_proceedings_trim|proceedings_manual_review_queue|proceedings_manual_review_queue.csv,1774,1774,An unusual presentation of stiff-person syndrome,Saengphatrachai W.; Wantaneeyawong C.; Pitakpatapee Y.; Srivanitchapoom P.,2019,Clinical Neurology,05_proceedings_trim,proceedings_manual_review_queue,medium,queued,proceedings_manual_review_queue.csv,manual_status,No abstract block could be segmented from the proceedings text.,"Review target abstract boundaries, record the manual decision, and rerun proceedings-ready publication.",true,2026-05-07T11:48:48.490852+00:00
1774|05_proceedings_trim|trim_manual_review_required|text_trim_registry.csv,1774,1774,An unusual presentation of stiff-person syndrome,Saengphatrachai W.; Wantaneeyawong C.; Pitakpatapee Y.; Srivanitchapoom P.,2019,Clinical Neurology,05_proceedings_trim,trim_manual_review_required,high,header_only_source,text_trim_registry.csv,trim_status,Matched entry appears to contain header-only listing without abstract body.,Revisit proceedings localisation and publish a safe proceedings-ready text layer.,true,2026-05-07T11:48:48.496263+00:00
1774|05b_proceedings_qc|proceedings_qc_follow_up_required|proceedings_text_qc_registry.csv,1774,1774,An unusual presentation of stiff-person syndrome,Saengphatrachai W.; Wantaneeyawong C.; Pitakpatapee Y.; Srivanitchapoom P.,2019,Clinical Neurology,05b_proceedings_qc,proceedings_qc_follow_up_required,high,header_only_source,proceedings_text_qc_registry.csv,qc_status,Matched source appears to be a title/author listing without abstract body text.,"Review proceedings QC, fix the target span if needed, and rerun proceedings-ready publication.",true,2026-04-06T13:56:05.449228+00:00
1774|06_sps_case_count|case_count_manual_review_required|source_sps_case_count_registry.csv,1774,1774,An unusual presentation of stiff-person syndrome,Saengphatrachai W.; Wantaneeyawong C.; Pitakpatapee Y.; Srivanitchapoom P.,2019,Clinical Neurology,06_sps_case_count,case_count_manual_review_required,medium,llm_candidate_exact,source_sps_case_count_registry.csv,count_manual_review_required,"challenge_stage=challenge | verification_status=llm_candidate_exact | llm_count_confidence=medium | challenge_reasons=semantic_validator_reject=COUNT_SPS_STATUS_UNCERTAIN | llm_selected_candidate_id=cand01 | This conference abstract reports a single original patient: it explicitly says the objective is to report ""the anti-GAD Ab positive patient"" and then describes ""a 66-year-old Thai woman"" throughout. The patient is directly labeled as having parkinsonism and SPS, so the best-supported extractable count is 1, but because of the validator's SPS-status uncertainty flag and single-case abstract brevity, manual review remains appropriate.","Review the count evidence, update the count manual-review ledger or gold corpus, and rerun the stage-06 publish step.",true,2026-04-19T10:23:37.393865+00:00
1782|05_proceedings_trim|trim_manual_review_required|text_trim_registry.csv,1782,1782,Stiff Limb Syndrome Masquerading As a Focal Limb Dystonia,Morrison P.; Barbano R.,2019,Movement Disorder,05_proceedings_trim,trim_manual_review_required,medium,manual_review_required,text_trim_registry.csv,trim_status,Matched entry appears truncated or lacks sufficient abstract body content.,Revisit proceedings localisation and publish a safe proceedings-ready text layer.,true,2026-05-07T11:48:48.496277+00:00
1782|05b_proceedings_qc|proceedings_qc_follow_up_required|proceedings_text_qc_registry.csv,1782,1782,Stiff Limb Syndrome Masquerading As a Focal Limb Dystonia,Morrison P.; Barbano R.,2019,Movement Disorder,05b_proceedings_qc,proceedings_qc_follow_up_required,medium,untrimmed_localised,proceedings_text_qc_registry.csv,qc_status,Target appears localised in full proceedings text; trimming/manual review is still required.,"Review proceedings QC, fix the target span if needed, and rerun proceedings-ready publication.",true,2026-04-06T13:56:05.453324+00:00
1784|06_sps_case_count|case_count_manual_review_required|source_sps_case_count_registry.csv,1784,1784,Stiff-person syndrome and limbic encephalopathy associated with GAD-antibody: A case report,Li S.L.; Yang Y.M.; Guan H.Z.; Wan X.H.; Ren H.T.,2019,Movement Disorder,06_sps_case_count,case_count_manual_review_required,medium,llm_candidate_exact,source_sps_case_count_registry.csv,count_manual_review_required,"challenge_stage=challenge | verification_status=llm_candidate_exact | llm_count_confidence=medium | challenge_reasons=semantic_validator_reject=COUNT_SPS_STATUS_UNCERTAIN | llm_selected_candidate_id=cand01 | This is an original single-patient case report: the paper explicitly says it is reporting a case, describes one 29-year-old woman, and states that she was diagnosed with stiff-person syndrome plus limbic encephalitis. Because the package flags SPS-status uncertainty and the diagnosis is framed within a broader GAD-associated neurological syndrome, the safest resolution is the 1-patient candidate with manual review retained.","Review the count evidence, update the count manual-review ledger or gold corpus, and rerun the stage-06 publish step.",true,2026-04-19T10:24:26.422530+00:00
1787|05b_proceedings_qc|proceedings_qc_follow_up_required|proceedings_text_qc_registry.csv,1787,1787,Functional stiff person like disorders: Clinical features and red flags,Balint B.; Jha A.; Edwards M.; Meinck H.M.; Bhatia K.,2019,Movement Disorder,05b_proceedings_qc,proceedings_qc_follow_up_required,medium,untrimmed_localised,proceedings_text_qc_registry.csv,qc_status,Target appears localised in full proceedings text; trimming/manual review is still required.,"Review proceedings QC, fix the target span if needed, and rerun proceedings-ready publication.",true,2026-04-06T13:56:05.456418+00:00
1793|05_proceedings_trim|proceedings_manual_review_queue|proceedings_manual_review_queue.csv,1793,1793,Stiff-person syndrome: The analyses of 15 cases and their prognosises,Wei X.; Cai J.; Zhang C.; Lin H.,2019,Basic and Clinical Pharmacology and Toxicology,05_proceedings_trim,proceedings_manual_review_queue,medium,queued,proceedings_manual_review_queue.csv,manual_status,"Proceedings detected, but the best abstract block match is below the auto-trim confidence threshold.","Review target abstract boundaries, record the manual decision, and rerun proceedings-ready publication.",true,2026-05-07T11:48:48.490866+00:00
1793|07_case_series_split|case_series_split_manual_review_required|case_series_split_registry.csv,1793,1793,Stiff-person syndrome: The analyses of 15 cases and their prognosises,Wei X.; Cai J.; Zhang C.; Lin H.,2019,Basic and Clinical Pharmacology and Toxicology,07_case_series_split,case_series_split_manual_review_required,medium,manual_review_required,case_series_split_registry.csv,split_status,Conference abstract proceedings QC status 'trimmed_mismatch_suspected' is not safe for auto-splitting.,Review case boundaries manually or mark the paper unsuitable for case-level splitting.,true,2026-05-07T11:48:48.539268+00:00
1802|05_proceedings_trim|proceedings_manual_review_queue|proceedings_manual_review_queue.csv,1802,1802,Advanced progression of scoliosis after intrathecal baclofen in an adult with stiff person syndrome: A case report,Oh D.C.; LaGrant B.; Sein M.,2019,PM and R,05_proceedings_trim,proceedings_manual_review_queue,medium,queued,proceedings_manual_review_queue.csv,manual_status,"Proceedings detected, but the best abstract block match is below the auto-trim confidence threshold.","Review target abstract boundaries, record the manual decision, and rerun proceedings-ready publication.",true,2026-05-07T11:48:48.490878+00:00
1807|05_proceedings_trim|proceedings_manual_review_queue|proceedings_manual_review_queue.csv,1807,1807,Anti-GAD65 antibody mediated systemic small vessel vasculitis with CNS involvement presenting as refractory status epilepticus and stiff-limb syndrome,Neupert D.; Leibu N.; Aysenne A.; Dunn C.R.,2019,Neurocritical Care,05_proceedings_trim,proceedings_manual_review_queue,medium,queued,proceedings_manual_review_queue.csv,manual_status,"Proceedings detected, but the best abstract block match is below the auto-trim confidence threshold.","Review target abstract boundaries, record the manual decision, and rerun proceedings-ready publication.",true,2026-05-07T11:48:48.490890+00:00
1807|05_proceedings_trim|trim_manual_review_required|text_trim_registry.csv,1807,1807,Anti-GAD65 antibody mediated systemic small vessel vasculitis with CNS involvement presenting as refractory status epilepticus and stiff-limb syndrome,Neupert D.; Leibu N.; Aysenne A.; Dunn C.R.,2019,Neurocritical Care,05_proceedings_trim,trim_manual_review_required,high,header_only_source,text_trim_registry.csv,trim_status,Matched entry appears to contain header-only listing without abstract body.,Revisit proceedings localisation and publish a safe proceedings-ready text layer.,true,2026-05-07T11:48:48.496291+00:00
1807|05b_proceedings_qc|proceedings_qc_follow_up_required|proceedings_text_qc_registry.csv,1807,1807,Anti-GAD65 antibody mediated systemic small vessel vasculitis with CNS involvement presenting as refractory status epilepticus and stiff-limb syndrome,Neupert D.; Leibu N.; Aysenne A.; Dunn C.R.,2019,Neurocritical Care,05b_proceedings_qc,proceedings_qc_follow_up_required,high,partial_truncated,proceedings_text_qc_registry.csv,qc_status,Trim does not start at a detected proceedings header.,"Review proceedings QC, fix the target span if needed, and rerun proceedings-ready publication.",true,2026-04-06T13:56:11.741449+00:00
1807|06_sps_case_count|case_count_manual_review_required|source_sps_case_count_registry.csv,1807,1807,Anti-GAD65 antibody mediated systemic small vessel vasculitis with CNS involvement presenting as refractory status epilepticus and stiff-limb syndrome,Neupert D.; Leibu N.; Aysenne A.; Dunn C.R.,2019,Neurocritical Care,06_sps_case_count,case_count_manual_review_required,medium,llm_candidate_exact,source_sps_case_count_registry.csv,count_manual_review_required,"challenge_stage=primary | verification_status=llm_candidate_exact | llm_count_confidence=medium | llm_selected_candidate_id=cand01 | This conference abstract is explicitly a case report and describes one 62-year-old woman, supporting a single original patient. The title names stiff-limb syndrome, which is within the SPS spectrum, but because the abstract body emphasizes anti-GAD65 vasculitis/status epilepticus and gives limited explicit SPS diagnostic detail, manual review remains appropriate.","Review the count evidence, update the count manual-review ledger or gold corpus, and rerun the stage-06 publish step.",true,2026-04-19T10:30:28.519783+00:00
1812|06_sps_case_count|case_count_manual_review_required|source_sps_case_count_registry.csv,1812,1812,Effectiveness of Combined Immunoglobulin and Glucocorticoid Treatments in a Patient With Stiff Limb Syndrome: Case Report and Review of the Literature,Huang J.; Meng H.-Y.; Duan X.; Li W.-W.; Xu H.-W.; Zhou Y.-F.; Zhou L.,2020,Frontiers in Neurology,06_sps_case_count,case_count_manual_review_required,medium,llm_candidate_exact,source_sps_case_count_registry.csv,count_manual_review_required,"challenge_stage=challenge | verification_status=llm_candidate_exact | llm_count_confidence=medium | challenge_reasons=explicit_sps_subgroup_conflict=1 vs 6 | llm_selected_candidate_id=cand02 | This paper is a single case report with one original SLS patient explicitly described. The competing count of 6 refers to background epidemiology ('SLS occurs in 13% of SPS patients') rather than an original cohort in this paper, so the extractable original SPS-spectrum case count is 1.","Review the count evidence, update the count manual-review ledger or gold corpus, and rerun the stage-06 publish step.",true,2026-04-19T10:31:09.945783+00:00
1838|05_proceedings_trim|proceedings_manual_review_queue|proceedings_manual_review_queue.csv,1838,1838,Progressive encephalomyelitis with rigidity and myoclonus with multiple autoantibodies as a first manifestation of thymoma,Florea A.; Matei A.; Mitu C.E.; Popescu B.O.,2020,European Journal of Neurology,05_proceedings_trim,proceedings_manual_review_queue,medium,queued,proceedings_manual_review_queue.csv,manual_status,"Proceedings detected, but the best abstract block match is below the auto-trim confidence threshold.","Review target abstract boundaries, record the manual decision, and rerun proceedings-ready publication.",true,2026-05-07T11:48:48.490902+00:00
1877|05b_proceedings_qc|proceedings_qc_follow_up_required|proceedings_text_qc_registry.csv,1877,1877,Can certain baseline characteristics in patients with stiff person syndrome (SPS) predict disease burden and functional outcomes?,Mukharesh L.; Fitzgerald K.; Wang Y.; Newsome S.,2020,Neurology,05b_proceedings_qc,proceedings_qc_follow_up_required,medium,untrimmed_localised,proceedings_text_qc_registry.csv,qc_status,Target appears localised in full proceedings text; trimming/manual review is still required.,"Review proceedings QC, fix the target span if needed, and rerun proceedings-ready publication.",true,2026-04-06T13:56:17.457941+00:00
1877|06_sps_case_count|case_count_manual_review_required|source_sps_case_count_registry.csv,1877,1877,Can certain baseline characteristics in patients with stiff person syndrome (SPS) predict disease burden and functional outcomes?,Mukharesh L.; Fitzgerald K.; Wang Y.; Newsome S.,2020,Neurology,06_sps_case_count,case_count_manual_review_required,medium,llm_candidate_exact,source_sps_case_count_registry.csv,count_manual_review_required,"challenge_stage=challenge | verification_status=llm_candidate_exact | llm_count_confidence=medium | challenge_reasons=semantic_validator_reject=COUNT_SPS_STATUS_UNCERTAIN | llm_selected_candidate_id=cand02 | The abstract explicitly reports a retrospective Johns Hopkins cohort of 186 patients with SPS-spectrum disorders, which directly supports an extractable SPS-spectrum cohort count of 186. However, because the phenotype list includes a 'pure cerebellar' subgroup without musculoskeletal symptoms/signs, SPS-spectrum membership may not be fully aligned with the review definition, so human review is warranted.","Review the count evidence, update the count manual-review ledger or gold corpus, and rerun the stage-06 publish step.",true,2026-04-19T10:35:02.564102+00:00
1898|05_proceedings_trim|proceedings_manual_review_queue|proceedings_manual_review_queue.csv,1898,1898,"Anti-gad positive syndrome (stiff-man): A 9-years-case report of treatment, evolution and a review",De Camargo Carmello J.F.; Oliveira A.S.B.,2018,Diabetology and Metabolic Syndrome,05_proceedings_trim,proceedings_manual_review_queue,medium,queued,proceedings_manual_review_queue.csv,manual_status,"Proceedings detected, but the best abstract block match is below the auto-trim confidence threshold.","Review target abstract boundaries, record the manual decision, and rerun proceedings-ready publication.",true,2026-05-07T11:48:48.490914+00:00
1899|05_proceedings_trim|proceedings_manual_review_queue|proceedings_manual_review_queue.csv,1899,1899,Stiff-person syndrome and type 1 diabetes mellitus: Report of a family,Faro F.N.; Bussular T.C.; Feder C.K.R.; Salles J.E.N.; Scalissi N.M.; Pereira M.V.,2018,Diabetology and Metabolic Syndrome,05_proceedings_trim,proceedings_manual_review_queue,medium,queued,proceedings_manual_review_queue.csv,manual_status,"Proceedings detected, but the best abstract block match is below the auto-trim confidence threshold.","Review target abstract boundaries, record the manual decision, and rerun proceedings-ready publication.",true,2026-05-07T11:48:48.490925+00:00
1899|05_proceedings_trim|trim_manual_review_required|text_trim_registry.csv,1899,1899,Stiff-person syndrome and type 1 diabetes mellitus: Report of a family,Faro F.N.; Bussular T.C.; Feder C.K.R.; Salles J.E.N.; Scalissi N.M.; Pereira M.V.,2018,Diabetology and Metabolic Syndrome,05_proceedings_trim,trim_manual_review_required,medium,manual_review_required,text_trim_registry.csv,trim_status,"Proceedings detected, but the candidate did not match title/authors strongly enough.",Revisit proceedings localisation and publish a safe proceedings-ready text layer.,true,2026-05-07T11:48:48.496308+00:00
1899|05b_proceedings_qc|proceedings_qc_follow_up_required|proceedings_text_qc_registry.csv,1899,1899,Stiff-person syndrome and type 1 diabetes mellitus: Report of a family,Faro F.N.; Bussular T.C.; Feder C.K.R.; Salles J.E.N.; Scalissi N.M.; Pereira M.V.,2018,Diabetology and Metabolic Syndrome,05b_proceedings_qc,proceedings_qc_follow_up_required,medium,untrimmed_localised,proceedings_text_qc_registry.csv,qc_status,Target appears localised in full proceedings text; trimming/manual review is still required.,"Review proceedings QC, fix the target span if needed, and rerun proceedings-ready publication.",true,2026-04-06T13:56:20.943697+00:00
1900|05_proceedings_trim|proceedings_manual_review_queue|proceedings_manual_review_queue.csv,1900,1900,Stiff person syndrome exacerbations & therapeutic plasma exchange,Stiefel E.; Leeper J.; Alquist C.,2018,Journal of Clinical Apheresis,05_proceedings_trim,proceedings_manual_review_queue,medium,queued,proceedings_manual_review_queue.csv,manual_status,"Proceedings detected, but the best abstract block match is below the auto-trim confidence threshold.","Review target abstract boundaries, record the manual decision, and rerun proceedings-ready publication.",true,2026-05-07T11:48:48.490937+00:00
1901|05_proceedings_trim|proceedings_manual_review_queue|proceedings_manual_review_queue.csv,1901,1901,Iatrogenic hypoglobulinemia due to the therapeutic plasma exchange: Managing the patient with allergies to blood products,Linnik Y.A.; Moiseff R.; Thomasson R.; Szczepiorkowski Z.; Dunbar N.,2018,Journal of Clinical Apheresis,05_proceedings_trim,proceedings_manual_review_queue,medium,queued,proceedings_manual_review_queue.csv,manual_status,"Proceedings detected, but the best abstract block match is below the auto-trim confidence threshold.","Review target abstract boundaries, record the manual decision, and rerun proceedings-ready publication.",true,2026-05-07T11:48:48.490949+00:00
1903|05_proceedings_trim|proceedings_manual_review_queue|proceedings_manual_review_queue.csv,1903,1903,Stiff person's syndrome: Challenging symptom control,Thakolkaran N.T.; Kaur R.,2018,Journal of the American Geriatrics Society,05_proceedings_trim,proceedings_manual_review_queue,medium,queued,proceedings_manual_review_queue.csv,manual_status,"Proceedings detected, but the best abstract block match is below the auto-trim confidence threshold.","Review target abstract boundaries, record the manual decision, and rerun proceedings-ready publication.",true,2026-05-07T11:48:48.490963+00:00
1904|05b_proceedings_qc|proceedings_qc_follow_up_required|proceedings_text_qc_registry.csv,1904,1904,Serial CSF studies of anti-GAD antibodies and GAD-IgG intrathecal synthesis in stiff-person syndrome (SPS): Correlation with disease severity and progression,Alexopoulos H.; Akrivou S.; Rakocevic G.; Dalakas M.,2018,Neurology,05b_proceedings_qc,proceedings_qc_follow_up_required,medium,untrimmed_localised,proceedings_text_qc_registry.csv,qc_status,Target appears localised in full proceedings text; trimming/manual review is still required.,"Review proceedings QC, fix the target span if needed, and rerun proceedings-ready publication.",true,2026-04-06T13:56:28.097272+00:00
1904|06_sps_case_count|case_count_manual_review_required|source_sps_case_count_registry.csv,1904,1904,Serial CSF studies of anti-GAD antibodies and GAD-IgG intrathecal synthesis in stiff-person syndrome (SPS): Correlation with disease severity and progression,Alexopoulos H.; Akrivou S.; Rakocevic G.; Dalakas M.,2018,Neurology,06_sps_case_count,case_count_manual_review_required,medium,llm_candidate_exact,source_sps_case_count_registry.csv,count_manual_review_required,"challenge_stage=challenge | verification_status=llm_candidate_exact | llm_count_confidence=medium | challenge_reasons=local_safer_abstention_conflict=32 vs 37; local_validation_conflict=32 vs 37 | llm_selected_candidate_id=cand01 | The abstract explicitly reports 5 patients with SPS and cerebellar disease (SPS-Cer), which is an SPS-spectrum subgroup and therefore safely countable. Although the text also mentions 32 typical SPS patients, the challenge note indicates unresolved conflict between counting only the explicit subgroup versus the broader combined cohort; under the instruction to prefer manual review when that conflict is not fully resolved, the safest supported listed candidate is 5.","Review the count evidence, update the count manual-review ledger or gold corpus, and rerun the stage-06 publish step.",true,2026-04-19T10:37:47.380454+00:00
1907|05b_proceedings_qc|proceedings_qc_follow_up_required|proceedings_text_qc_registry.csv,1907,1907,Unrecognized respiratory manifestations of stiff person syndrome (SPS),Allen A.; Rakocevic G.; Woodford M.; Pack K.; Sexauer W.,2018,Neurology,05b_proceedings_qc,proceedings_qc_follow_up_required,medium,untrimmed_localised,proceedings_text_qc_registry.csv,qc_status,Target appears localised in full proceedings text; trimming/manual review is still required.,"Review proceedings QC, fix the target span if needed, and rerun proceedings-ready publication.",true,2026-04-06T13:56:28.100497+00:00
1908|06_sps_case_count|case_count_manual_review_required|source_sps_case_count_registry.csv,1908,1908,Multiple antibody positive autoimmune encephalomyelitis; Role of immunosuppression in relapsing disease,Hussaini S.; Elwan S.; Singh G.; Simionescu L.; Beach R.,2018,Neurology,06_sps_case_count,case_count_manual_review_required,medium,llm_candidate_exact,source_sps_case_count_registry.csv,count_manual_review_required,"challenge_stage=primary | verification_status=llm_candidate_exact | llm_count_confidence=medium | llm_selected_candidate_id=cand01 | The paper explicitly describes a single original patient with GlyR antibody-associated PERM, which is within the SPS spectrum. Because provenance uncertainty is flagged and confidence is not high, the count should still be manually reviewed.","Review the count evidence, update the count manual-review ledger or gold corpus, and rerun the stage-06 publish step.",true,2026-04-19T10:38:27.358782+00:00
1909|05b_proceedings_qc|proceedings_qc_follow_up_required|proceedings_text_qc_registry.csv,1909,1909,"Autologous hematopoietic stem cell transplantation may be highly effective treatment for severe, treatment refractory stiff person syndrome",Georges G.; McSweeney P.; Bowen J.; Pearlman M.; Wundes A.; Von Geldern G.; Kraft G.; Weiss M.; Sytsma J.; McLaughlin B.; Nash R.,2018,Neurology,05b_proceedings_qc,proceedings_qc_follow_up_required,high,partial_truncated,proceedings_text_qc_registry.csv,qc_status,Trim does not start at a detected proceedings header.,"Review proceedings QC, fix the target span if needed, and rerun proceedings-ready publication.",true,2026-04-06T13:56:28.166215+00:00
1911|05b_proceedings_qc|proceedings_qc_follow_up_required|proceedings_text_qc_registry.csv,1911,1911,Anti-GAD-65 associated progressive encephalomyelitis with rigidity and myoclonus following west NILE virus encephalitis,Loeb J.S.; Devine M.; Perven G.,2018,Neurology,05b_proceedings_qc,proceedings_qc_follow_up_required,medium,untrimmed_localised,proceedings_text_qc_registry.csv,qc_status,Target appears localised in full proceedings text; trimming/manual review is still required.,"Review proceedings QC, fix the target span if needed, and rerun proceedings-ready publication.",true,2026-04-06T13:56:28.169652+00:00
1912|05b_proceedings_qc|proceedings_qc_follow_up_required|proceedings_text_qc_registry.csv,1912,1912,Defining the clinical spectrum of variant-stiff person syndrome: A case series,Shoemaker T.; Aljarallah S.; Lukish N.; Comisac M.; Saylor D.; Newsome S.,2018,Neurology,05b_proceedings_qc,proceedings_qc_follow_up_required,medium,untrimmed_localised,proceedings_text_qc_registry.csv,qc_status,Target appears localised in full proceedings text; trimming/manual review is still required.,"Review proceedings QC, fix the target span if needed, and rerun proceedings-ready publication.",true,2026-04-06T13:56:28.172938+00:00
1912|07_case_series_split|case_series_split_manual_review_required|case_series_split_registry.csv,1912,1912,Defining the clinical spectrum of variant-stiff person syndrome: A case series,Shoemaker T.; Aljarallah S.; Lukish N.; Comisac M.; Saylor D.; Newsome S.,2018,Neurology,07_case_series_split,case_series_split_manual_review_required,medium,manual_review_required,case_series_split_registry.csv,split_status,Could not find at least two distinct explicit case/patient headings.,Review case boundaries manually or mark the paper unsuitable for case-level splitting.,true,2026-05-07T11:48:48.539292+00:00
1913|07_case_series_split|case_series_split_manual_review_required|case_series_split_registry.csv,1913,1913,Improvement of stiff person syndrome symptoms during pregnancy,Esch M.; Newsome S.,2018,Neurology,07_case_series_split,case_series_split_manual_review_required,medium,manual_review_required,case_series_split_registry.csv,split_status,Could not find at least two distinct explicit case/patient headings.,Review case boundaries manually or mark the paper unsuitable for case-level splitting.,true,2026-05-07T11:48:48.539304+00:00
1916|05_proceedings_trim|proceedings_manual_review_queue|proceedings_manual_review_queue.csv,1916,1916,A rare cause of progressive encephalopathy - PERM,Hartigan S.; Turner R.; Hastings J.,2018,Irish Journal of Medical Science,05_proceedings_trim,proceedings_manual_review_queue,medium,queued,proceedings_manual_review_queue.csv,manual_status,"Proceedings detected, but the best abstract block match is below the auto-trim confidence threshold.","Review target abstract boundaries, record the manual decision, and rerun proceedings-ready publication.",true,2026-05-07T11:48:48.490974+00:00
1918|06_sps_case_count|case_count_manual_review_required|source_sps_case_count_registry.csv,1918,1918,Spasmodic reflex myoclonus-an characteristic electrophysiological manifestation for the diagnosis of Stiff-person syndrome,Tsai C.-H.,2018,Clinical Neurophysiology,06_sps_case_count,case_count_manual_review_required,medium,llm_candidate_exact,source_sps_case_count_registry.csv,count_manual_review_required,"challenge_stage=primary | verification_status=llm_candidate_exact | llm_count_confidence=medium | llm_selected_candidate_id=cand01 | This conference abstract reads as a single-patient electrophysiologic case description: it reports one SPS patient with specific EMG findings and a single anti-GAD65 value. Although the abstract does not explicitly state 'one patient,' the single-case conference routing and singular patient-level wording best support the 1-case candidate, but manual review is still warranted because the count is inferred rather than directly enumerated.","Review the count evidence, update the count manual-review ledger or gold corpus, and rerun the stage-06 publish step.",true,2026-04-19T10:40:52.704764+00:00
1921|05_proceedings_trim|proceedings_manual_review_queue|proceedings_manual_review_queue.csv,1921,1921,Refractory anti-gad positive stiff-person syndrome controlled after rituximab therapy,Aragao V.; Braga E.; Marinho A.R.; Nobrega P.; Simabukuro M.; Ferreira G.; Maia F.,2018,Movement Disorders,05_proceedings_trim,proceedings_manual_review_queue,medium,queued,proceedings_manual_review_queue.csv,manual_status,"Proceedings detected, but the best abstract block match is below the auto-trim confidence threshold.","Review target abstract boundaries, record the manual decision, and rerun proceedings-ready publication.",true,2026-05-07T11:48:48.490986+00:00
1922|05_proceedings_trim|proceedings_manual_review_queue|proceedings_manual_review_queue.csv,1922,1922,Stiff person syndrome presenting with spastic dysarthria,Persaud A.; Shneyder N.; Pulley M.; Giles S.,2018,Movement Disorders,05_proceedings_trim,proceedings_manual_review_queue,medium,queued,proceedings_manual_review_queue.csv,manual_status,"Proceedings detected, but the best abstract block match is below the auto-trim confidence threshold.","Review target abstract boundaries, record the manual decision, and rerun proceedings-ready publication.",true,2026-05-07T11:48:48.490998+00:00
1922|05_proceedings_trim|trim_manual_review_required|text_trim_registry.csv,1922,1922,Stiff person syndrome presenting with spastic dysarthria,Persaud A.; Shneyder N.; Pulley M.; Giles S.,2018,Movement Disorders,05_proceedings_trim,trim_manual_review_required,medium,manual_review_required,text_trim_registry.csv,trim_status,Matched entry appears truncated or lacks sufficient abstract body content.,Revisit proceedings localisation and publish a safe proceedings-ready text layer.,true,2026-05-07T11:48:48.496326+00:00
1922|05b_proceedings_qc|proceedings_qc_follow_up_required|proceedings_text_qc_registry.csv,1922,1922,Stiff person syndrome presenting with spastic dysarthria,Persaud A.; Shneyder N.; Pulley M.; Giles S.,2018,Movement Disorders,05b_proceedings_qc,proceedings_qc_follow_up_required,medium,untrimmed_localised,proceedings_text_qc_registry.csv,qc_status,Target appears localised in full proceedings text; trimming/manual review is still required.,"Review proceedings QC, fix the target span if needed, and rerun proceedings-ready publication.",true,2026-04-06T13:56:31.609090+00:00
1923|05_proceedings_trim|proceedings_manual_review_queue|proceedings_manual_review_queue.csv,1923,1923,Intrathecal baclofen effects in stiff person syndrome: Clinical and instrumented gait analysis,Rocha M.S.; Terzian P.R.; Ferreira R.; Majdoub A.A.; Barbosa J.; Godinho F.,2018,Movement Disorders,05_proceedings_trim,proceedings_manual_review_queue,medium,queued,proceedings_manual_review_queue.csv,manual_status,"Proceedings detected, but the best abstract block match is below the auto-trim confidence threshold.","Review target abstract boundaries, record the manual decision, and rerun proceedings-ready publication.",true,2026-05-07T11:48:48.491010+00:00
1923|07_case_series_split|case_series_split_manual_review_required|case_series_split_registry.csv,1923,1923,Intrathecal baclofen effects in stiff person syndrome: Clinical and instrumented gait analysis,Rocha M.S.; Terzian P.R.; Ferreira R.; Majdoub A.A.; Barbosa J.; Godinho F.,2018,Movement Disorders,07_case_series_split,case_series_split_manual_review_required,medium,manual_review_required,case_series_split_registry.csv,split_status,Could not find at least two distinct explicit case/patient headings.,Review case boundaries manually or mark the paper unsuitable for case-level splitting.,true,2026-05-07T11:48:48.539316+00:00
1924|05_proceedings_trim|proceedings_manual_review_queue|proceedings_manual_review_queue.csv,1924,1924,Status dystonicus in a young person as an unusual presentation of stiff person syndrome: A case report,Di Luca D.G.; Bette S.; Luca C.; Singer C.,2018,Movement Disorders,05_proceedings_trim,proceedings_manual_review_queue,medium,queued,proceedings_manual_review_queue.csv,manual_status,"Proceedings detected, but the best abstract block match is below the auto-trim confidence threshold.","Review target abstract boundaries, record the manual decision, and rerun proceedings-ready publication.",true,2026-05-07T11:48:48.491021+00:00
1924|05_proceedings_trim|trim_manual_review_required|text_trim_registry.csv,1924,1924,Status dystonicus in a young person as an unusual presentation of stiff person syndrome: A case report,Di Luca D.G.; Bette S.; Luca C.; Singer C.,2018,Movement Disorders,05_proceedings_trim,trim_manual_review_required,medium,manual_review_required,text_trim_registry.csv,trim_status,Matched entry appears truncated or lacks sufficient abstract body content.,Revisit proceedings localisation and publish a safe proceedings-ready text layer.,true,2026-05-07T11:48:48.496339+00:00
1924|05b_proceedings_qc|proceedings_qc_follow_up_required|proceedings_text_qc_registry.csv,1924,1924,Status dystonicus in a young person as an unusual presentation of stiff person syndrome: A case report,Di Luca D.G.; Bette S.; Luca C.; Singer C.,2018,Movement Disorders,05b_proceedings_qc,proceedings_qc_follow_up_required,medium,untrimmed_localised,proceedings_text_qc_registry.csv,qc_status,Target appears localised in full proceedings text; trimming/manual review is still required.,"Review proceedings QC, fix the target span if needed, and rerun proceedings-ready publication.",true,2026-04-06T13:56:33.536442+00:00
1931|05b_proceedings_qc|proceedings_qc_follow_up_required|proceedings_text_qc_registry.csv,1931,1931,"""Stiff young woman"": Case report",Sousa M.; Varela R.; Carneiro D.; Januario C.; Morgadinho A.,2018,Movement Disorders,05b_proceedings_qc,proceedings_qc_follow_up_required,medium,untrimmed_localised,proceedings_text_qc_registry.csv,qc_status,Target appears localised in full proceedings text; trimming/manual review is still required.,"Review proceedings QC, fix the target span if needed, and rerun proceedings-ready publication.",true,2026-04-06T13:56:33.541556+00:00
1932|05b_proceedings_qc|proceedings_qc_follow_up_required|proceedings_text_qc_registry.csv,1932,1932,An international survey of stiff person spectrum disorders: Exploring the clinical spectrum and unmet needs,Balint B.; Gatto E.; Etcheverry J.; Cesarini M.; Virginia Parisi V.; Rodriguez Violante M.; Garcia Ruiz P.; Bhatia K.,2018,Movement Disorders,05b_proceedings_qc,proceedings_qc_follow_up_required,medium,untrimmed_localised,proceedings_text_qc_registry.csv,qc_status,Target appears localised in full proceedings text; trimming/manual review is still required.,"Review proceedings QC, fix the target span if needed, and rerun proceedings-ready publication.",true,2026-04-06T13:56:33.548433+00:00
1937|05b_proceedings_qc|proceedings_qc_follow_up_required|proceedings_text_qc_registry.csv,1937,1937,Prevalence of neurological anti-gad autoimmunity in martinique,Duclos S.; Cabre P.; Deligny C.; Signate A.,2020,Neurology,05b_proceedings_qc,proceedings_qc_follow_up_required,medium,untrimmed_localised,proceedings_text_qc_registry.csv,qc_status,Target appears localised in full proceedings text; trimming/manual review is still required.,"Review proceedings QC, fix the target span if needed, and rerun proceedings-ready publication.",true,2026-04-06T13:56:33.552271+00:00
1938|05b_proceedings_qc|proceedings_qc_follow_up_required|proceedings_text_qc_registry.csv,1938,1938,Stiff-person spectrum disorders can be highly underdiagnosed in Russia: A retrospective analysis,Seliverstov Y.; Melnik E.; Fominykh V.; Skalnaya A.; Brylev L.,2020,Neurology,05b_proceedings_qc,proceedings_qc_follow_up_required,medium,untrimmed_localised,proceedings_text_qc_registry.csv,qc_status,Target appears localised in full proceedings text; trimming/manual review is still required.,"Review proceedings QC, fix the target span if needed, and rerun proceedings-ready publication.",true,2026-04-06T13:56:33.555502+00:00
1947|05_proceedings_trim|trim_manual_review_required|text_trim_registry.csv,1947,1947,AN INTERESTING PRESENTATION OF STIFF-PERSON SYNDROME,Lezama K.; Hudey S.; Glaum M.,2020,"Annals of Allergy, Asthma and Immunology",05_proceedings_trim,trim_manual_review_required,medium,manual_review_required,text_trim_registry.csv,trim_status,Matched entry appears truncated or lacks sufficient abstract body content.,Revisit proceedings localisation and publish a safe proceedings-ready text layer.,true,2026-05-07T11:48:48.496352+00:00
1947|05b_proceedings_qc|proceedings_qc_follow_up_required|proceedings_text_qc_registry.csv,1947,1947,AN INTERESTING PRESENTATION OF STIFF-PERSON SYNDROME,Lezama K.; Hudey S.; Glaum M.,2020,"Annals of Allergy, Asthma and Immunology",05b_proceedings_qc,proceedings_qc_follow_up_required,medium,untrimmed_localised,proceedings_text_qc_registry.csv,qc_status,Target appears localised in full proceedings text; trimming/manual review is still required.,"Review proceedings QC, fix the target span if needed, and rerun proceedings-ready publication.",true,2026-04-06T13:56:33.562379+00:00
1949|06_sps_case_count|case_count_manual_review_required|source_sps_case_count_registry.csv,1949,1949,Ocular Motor and Vestibular Characteristics of Antiglutamic Acid Decarboxylase-Associated Neurologic Disorders,Wang Y.; Tourkevich R.; Bosley J.; Gold D.R.; Newsome S.D.,2020,Journal of neuro-ophthalmology : the official journal of the North American Neuro-Ophthalmology Society,06_sps_case_count,case_count_manual_review_required,medium,llm_candidate_exact,source_sps_case_count_registry.csv,count_manual_review_required,"challenge_stage=primary | verification_status=llm_candidate_exact | llm_count_confidence=medium | llm_selected_candidate_id=cand01 | The paper reports a mixed anti-GAD cohort of 22 patients with SPS or cerebellar ataxia, not an all-SPSD cohort. The only explicit SPS-spectrum subgroup count stated numerically is that 4 of the 8 early-dominant patients had additional features of SPS; although the 14 nondominant patients are described as 'most' having an SPS phenotype, that does not provide an exact extractable SPS count, so the safest supported candidate is 4. Provenance uncertainty and the likely larger but unquantified SPS subset require manual review.","Review the count evidence, update the count manual-review ledger or gold corpus, and rerun the stage-06 publish step.",true,2026-04-19T10:45:41.068251+00:00
2318|06_sps_case_count|case_count_manual_review_required|source_sps_case_count_registry.csv,2318,2318,Progressive encephalomyelitis with rigidity and myoclonus: resolution after thymectomy.,"Clerinx, K; Breban, T; Schrooten, M; Leite, M I; Vincent, A; Verschakelen, J; Tousseyn, T; Vandenberghe, W",2011,Neurology,06_sps_case_count,case_count_manual_review_required,medium,llm_candidate_exact,source_sps_case_count_registry.csv,count_manual_review_required,"challenge_stage=primary | verification_status=llm_candidate_exact | llm_count_confidence=high | llm_selected_candidate_id=cand01 | This is an original single-patient case report of PERM, which is within the SPS-spectrum. The full text repeatedly describes one individual patient in detail; however, because the evidence pack flags possible provenance uncertainty, manual review should remain required.","Review the count evidence, update the count manual-review ledger or gold corpus, and rerun the stage-06 publish step.",true,2026-04-19T10:48:47.357873+00:00
2346|06_sps_case_count|case_count_manual_review_required|source_sps_case_count_registry.csv,2346,2346,Thymoma-associated progressive encephalomyelitis with rigidity and myoclonus successfully treated with thymectomy and intravenous immunoglobulin.,"Uehara, Taira; Murai, Hiroyuki; Yamasaki, Ryo; Kikuchi, Hitoshi; Shigeto, Hiroshi; Ohyagi, Yasumasa; Kira, Jun-Ichi",2011,European neurology,06_sps_case_count,case_count_manual_review_required,medium,llm_candidate_exact,source_sps_case_count_registry.csv,count_manual_review_required,"challenge_stage=primary | verification_status=llm_candidate_exact | llm_count_confidence=medium | llm_selected_candidate_id=cand01 | This is presented as an original single-patient PERM case report: the title and body explicitly describe 'a case' and then detail one 52-year-old woman. Because the evidence pack flags possible prior description/provenance uncertainty, the safest choice is the 1-case candidate with manual review retained.","Review the count evidence, update the count manual-review ledger or gold corpus, and rerun the stage-06 publish step.",true,2026-04-19T10:49:08.838418+00:00
2442|06_sps_case_count|case_count_manual_review_required|source_sps_case_count_registry.csv,2442,2442,Supranuclear gaze palsy in glycine receptor antibody-positive progressive encephalomyelitis with rigidity and myoclonus.,"Peeters, Elke; Vanacker, Peter; Woodhall, Mark; Vincent, Angela; Schrooten, Maarten; Vandenberghe, Wim",2012,Movement disorders : official journal of the Movement Disorder Society,06_sps_case_count,case_count_manual_review_required,medium,llm_candidate_exact,source_sps_case_count_registry.csv,count_manual_review_required,"challenge_stage=primary | verification_status=llm_candidate_exact | llm_count_confidence=medium | llm_selected_candidate_id=cand01 | The paper is framed as a single-patient case report and explicitly presents one 37-year-old man with glycine receptor antibody-positive PERM, which is within the SPS spectrum. Because the evidence pack flags original cohort provenance uncertainty ('performed as previously described'), the safest choice is the 1-case candidate with manual review retained.","Review the count evidence, update the count manual-review ledger or gold corpus, and rerun the stage-06 publish step.",true,2026-04-19T10:52:18.139327+00:00
2461|06_sps_case_count|case_count_manual_review_required|source_sps_case_count_registry.csv,2461,2461,Anti-glycine receptor antibody mediated progressive encephalomyelitis with rigidity and myoclonus associated with breast cancer.,"De Blauwe, Sofie N; Santens, Patrick; Vanopdenbosch, Ludo J",2013,Case reports in neurological medicine,06_sps_case_count,case_count_manual_review_required,medium,llm_candidate_exact,source_sps_case_count_registry.csv,count_manual_review_required,"challenge_stage=primary | verification_status=llm_candidate_exact | llm_count_confidence=high | llm_selected_candidate_id=cand01 | This paper is a single case report and explicitly describes one 66-year-old woman with PERM, which is within the SPS-spectrum definition. Although the article also reviews previously reported cases, the original extractable cohort in this paper is one patient; manual review remains appropriate because provenance uncertainty was flagged.","Review the count evidence, update the count manual-review ledger or gold corpus, and rerun the stage-06 publish step.",true,2026-04-19T10:52:38.836788+00:00
2601|06_sps_case_count|case_count_manual_review_required|source_sps_case_count_registry.csv,2601,2601,Progressive Encephalomyelitis with Rigidity and Myoclonus in an Intellectually Disabled Patient Mimicking Neuroleptic Malignant Syndrome.,"Xu, Zheyu; Prasad, Kalpana; Yeo, Tianrong",2017,Journal of movement disorders,06_sps_case_count,case_count_manual_review_required,medium,llm_candidate_exact,source_sps_case_count_registry.csv,count_manual_review_required,"challenge_stage=primary | verification_status=llm_candidate_exact | llm_count_confidence=high | llm_selected_candidate_id=cand01 | This is a single-patient case report with explicit text stating the authors present one case that was eventually diagnosed as PERM, which is within the SPS spectrum. Candidate cand01 matches the explicit diagnosis-specific subgroup count of 1; however, manual review remains appropriate because the evidence pack flags original cohort provenance uncertainty.","Review the count evidence, update the count manual-review ledger or gold corpus, and rerun the stage-06 publish step.",true,2026-04-19T10:55:18.563074+00:00
2606|07_case_series_split|case_series_split_manual_review_required|case_series_split_registry.csv,2606,2606,Evaluation of Treatment Outcomes in Patients with Stiff Person Syndrome with Rituximab vs. Standard of Care.,"Rineer, Stephen; Fretwell, Timothy",2017,Cureus,07_case_series_split,case_series_split_manual_review_required,medium,manual_review_required,case_series_split_registry.csv,split_status,Could not find at least two distinct explicit case/patient headings.,Review case boundaries manually or mark the paper unsuitable for case-level splitting.,true,2026-05-07T11:48:48.539367+00:00
2617|06_sps_case_count|case_count_manual_review_required|source_sps_case_count_registry.csv,2617,2617,Paraneoplastic Stiff Person Syndrome Secondary to Pancreatic Adenocarcinoma.,"Yong, Stephanie Yu Shan; Teo, Jin Yao; Yong, Kok Pin; Goh, Brian K P",2018,Journal of gastrointestinal surgery : official journal of the Society for Surgery of the Alimentary Tract,06_sps_case_count,case_count_manual_review_required,medium,llm_candidate_exact,source_sps_case_count_registry.csv,count_manual_review_required,"challenge_stage=primary | verification_status=llm_candidate_exact | llm_count_confidence=medium | llm_selected_candidate_id=cand01 | This is an original single-patient case report of paraneoplastic stiff person syndrome secondary to pancreatic adenocarcinoma. The text repeatedly describes one female patient with diagnosis-supported SPS, but because provenance is flagged uncertain, manual review should remain required.","Review the count evidence, update the count manual-review ledger or gold corpus, and rerun the stage-06 publish step.",true,2026-04-19T10:56:57.800054+00:00
2646|06_sps_case_count|case_count_manual_review_required|source_sps_case_count_registry.csv,2646,2646,Anti-glutamate Dehydrogenase Antibody Positive Cerebellar Ataxia and Stiff Person Syndrome Responding to Dual Treatment with Steroids and Intravenous Immunoglobulin: A Case Presentation and Literature Review.,"Yilmaz, Furkan M; Little, Dena; Gallagher, Micheal; Colcher, Amy",2019,Cureus,06_sps_case_count,case_count_manual_review_required,medium,llm_candidate_exact,source_sps_case_count_registry.csv,count_manual_review_required,"challenge_stage=challenge | verification_status=llm_candidate_exact | llm_count_confidence=medium | challenge_reasons=semantic_validator_reject=COUNT_SPS_STATUS_UNCERTAIN | llm_selected_candidate_id=cand01 | This paper is framed as a single case report and explicitly states that the authors present one 49-year-old man who was found to have anti-GAD antibody positive cerebellar ataxia and stiff person syndrome. Because the SPS diagnosis is directly stated for this individual, the best-supported extractable SPS-spectrum count is 1, but manual review remains appropriate given the upstream SPS-status uncertainty flag.","Review the count evidence, update the count manual-review ledger or gold corpus, and rerun the stage-06 publish step.",true,2026-04-19T10:57:47.561480+00:00
2655|06_sps_case_count|case_count_manual_review_required|source_sps_case_count_registry.csv,2655,2655,Utility of Botulinum Injections in Stiff-Person Syndrome.,"Conners, L M; Betcher, A; Shahinian, A; Janda, P",2019,Case reports in neurological medicine,06_sps_case_count,case_count_manual_review_required,medium,llm_candidate_exact,source_sps_case_count_registry.csv,count_manual_review_required,"challenge_stage=primary | verification_status=llm_candidate_exact | llm_count_confidence=medium | llm_selected_candidate_id=cand01 | The paper is explicitly presented as a 'case report and review of the literature,' and the fixed routing category is single_case_report, supporting a count of 1 original SPS-spectrum patient. However, the provided excerpts do not include the patient-description section itself, so the count is best taken as the single-case candidate with manual review retained.","Review the count evidence, update the count manual-review ledger or gold corpus, and rerun the stage-06 publish step.",true,2026-04-19T10:58:12.963866+00:00
2659|07_case_series_split|case_series_split_manual_review_required|case_series_split_registry.csv,2659,2659,Improving Ambulation and Minimizing Disability with Therapeutic Plasma Exchange in a Stiff-person Syndrome Patient with Recurrent Falls.,"Sanchez, Kyle; Ullah, Aqsa; Waler, Alexandria R; Chakfe, Yassar",2019,Cureus,07_case_series_split,case_series_split_manual_review_required,medium,manual_review_required,case_series_split_registry.csv,split_status,Could not find at least two distinct explicit case/patient headings.,Review case boundaries manually or mark the paper unsuitable for case-level splitting.,true,2026-05-07T11:48:48.539379+00:00
2855|07_case_series_split|case_series_split_manual_review_required|case_series_split_registry.csv,2855,2855,Stiff-person syndrome in a patient with comorbid bipolar and panic disorders: A case report and literature review.,"Patel, Karishma; Stummer, Lauren; Patel, Krina",2020,The mental health clinician,07_case_series_split,case_series_split_manual_review_required,medium,manual_review_required,case_series_split_registry.csv,split_status,Could not find at least two distinct explicit case/patient headings.,Review case boundaries manually or mark the paper unsuitable for case-level splitting.,true,2026-05-07T11:48:48.539416+00:00
2885|06_sps_case_count|case_count_manual_review_required|source_sps_case_count_registry.csv,2885,2885,Progressive encephalomyelitis with rigidity and myoclonus: the first pediatric case with glycine receptor antibodies.,"Damasio, Joana; Leite, M Isabel; Coutinho, Ester; Waters, Patrick; Woodhall, Mark; Santos, Manuela A; Carrilho, Ines; Vincent, Angela",2013,JAMA neurology,06_sps_case_count,case_count_manual_review_required,medium,llm_candidate_exact,source_sps_case_count_registry.csv,count_manual_review_required,"challenge_stage=primary | verification_status=llm_candidate_exact | llm_count_confidence=medium | llm_selected_candidate_id=cand01 | The paper is a single-case report and explicitly states that the authors describe a pediatric case of PERM, which is within the SPS spectrum. Prior adult cases are cited as background rather than additional original patients in this paper, so the best-supported extractable count is 1, though manual review remains appropriate because provenance uncertainty was flagged upstream.","Review the count evidence, update the count manual-review ledger or gold corpus, and rerun the stage-06 publish step.",true,2026-04-19T11:02:54.830577+00:00
2952|07_case_series_split|case_series_split_manual_review_required|case_series_split_registry.csv,2952,2952,"Hypoventilation in glycine-receptor antibody related progressive encephalomyelitis, rigidity and myoclonus.","Bourke, David; Roxburgh, Richard; Vincent, Angela; Cleland, James; Jeffery, Oliver; Dugan, Niels; Abernethy, David; King, Allison; Anderson, Neil",2014,Journal of clinical neuroscience : official journal of the Neurosurgical Society of Australasia,07_case_series_split,case_series_split_manual_review_required,medium,manual_review_required,case_series_split_registry.csv,split_status,Could not find at least two distinct explicit case/patient headings.,Review case boundaries manually or mark the paper unsuitable for case-level splitting.,true,2026-05-07T11:48:48.539440+00:00
3100|01_pdf_acquisition|pdf_acquisition_failed|pdf_acquisition_queue.csv,3100,3100,A Stiff Person Syndrome Misdiagnosed as a Psychiatric Illness: A Case Report.,"Souissi, Mohamed-Anis; Bellakhal, Syrine; Gharbi, Emna; Abdelkefi, Istabrak; Douggui, Mohamed-Hedi",2020,Current rheumatology reviews,01_pdf_acquisition,pdf_acquisition_failed,high,failed,pdf_acquisition_queue.csv,download_status,Timed out waiting for the PDF link to appear.,"Acquire or retry the PDF, then rebuild PDF, text, source, and artefact registries.",true,2026-05-07T11:48:48.477644+00:00
3101|06_sps_case_count|case_count_manual_review_required|source_sps_case_count_registry.csv,3101,3101,Stiff-Person Syndrome Associated with Anti-Glutamic Acid Decarboxylase Autoimmune Encephalitis in a Young Woman: A Case Report.,"Gao, Shan Yu; Lu, Jun; Zhao, Chong Bo",2020,Chinese medical sciences journal = Chung-kuo i hsueh k'o hsueh tsa chih,06_sps_case_count,case_count_manual_review_required,medium,llm_candidate_exact,source_sps_case_count_registry.csv,count_manual_review_required,"challenge_stage=challenge | verification_status=llm_candidate_exact | llm_count_confidence=medium | challenge_reasons=semantic_validator_reject=COUNT_SPS_STATUS_UNCERTAIN | llm_selected_candidate_id=cand03 | This is a single-patient case report with explicit diagnosis-supported SPS in a 34-year-old woman. Because the challenge flag notes SPS-status uncertainty and the safest evidence is the explicit diagnosis-specific SPS patient, the diagnosis-specific subset candidate of 1 is the best-supported choice, with manual review retained conservatively.","Review the count evidence, update the count manual-review ledger or gold corpus, and rerun the stage-06 publish step.",true,2026-04-19T11:03:55.213349+00:00
3135|07_case_series_split|case_series_split_manual_review_required|case_series_split_registry.csv,3135,3135,Progressive Encephalomyelitis with Rigidity and Myoclonus (PERM)-like Symptoms Associated with Anti-ganglionic Acetylcholine Receptor Antibodies.,"Kitazaki, Yuki; Ikawa, Masamichi; Kishitani, Toru; Kamisawa, Tomoko; Nakane, Shunya; Nakamoto, Yasunari; Hamano, Tadanori",2021,"Internal medicine (Tokyo, Japan)",07_case_series_split,case_series_split_manual_review_required,medium,manual_review_required,case_series_split_registry.csv,split_status,Could not find at least two distinct explicit case/patient headings.,Review case boundaries manually or mark the paper unsuitable for case-level splitting.,true,2026-05-07T11:48:48.539453+00:00
3386|06_sps_case_count|case_count_manual_review_required|source_sps_case_count_registry.csv,3386,3386,Anti-Ri antibodies associated with opsoclonus and progressive encephalomyelitis with rigidity.,"Casado, J L; Gil-Peralta, A; Graus, F; Arenas, C; Lopez, J M; Alberca, R",1994,Neurology,06_sps_case_count,case_count_manual_review_required,medium,llm_candidate_exact,source_sps_case_count_registry.csv,count_manual_review_required,"challenge_stage=primary | verification_status=llm_candidate_exact | llm_count_confidence=medium | llm_selected_candidate_id=cand01 | The paper is a single-patient case report describing one 57-year-old woman who later developed progressive encephalomyelitis with rigidity (PERM), which is within the SPS spectrum. Candidate 1 matches the explicit patient count, but manual review remains appropriate because provenance uncertainty is flagged upstream.","Review the count evidence, update the count manual-review ledger or gold corpus, and rerun the stage-06 publish step.",true,2026-04-19T11:11:57.991585+00:00
3438|06_sps_case_count|case_count_manual_review_required|source_sps_case_count_registry.csv,3438,3438,Stiff-man syndrome.,"Sharoqi, I A",1998,Annals of Saudi medicine,06_sps_case_count,case_count_manual_review_required,medium,llm_candidate_exact,source_sps_case_count_registry.csv,count_manual_review_required,"challenge_stage=primary | verification_status=llm_candidate_exact | llm_count_confidence=medium | llm_selected_candidate_id=cand01 | The paper explicitly states it is a report of a patient with stiff-man syndrome and then presents one detailed case report of a 66-year-old man. Although there is a provenance uncertainty signal about anti-GAD findings being previously reported, the clinical case itself is clearly a single original SPS-spectrum patient, so the best-supported count is 1, with manual review retained due to provenance uncertainty.","Review the count evidence, update the count manual-review ledger or gold corpus, and rerun the stage-06 publish step.",true,2026-04-19T11:12:18.688071+00:00
5029|04_source_categorisation|source_category_manual_review_required|paper_artifact_registry.csv,5029,5029,Anti-Amphiphysin Positive Partial Stiff Person Syndrome in an Elderly Woman with a Breast Mass,"Abu El-Haija, H.; Gogia, B.; Shanina, E.; He, J.; Fang, X.; Li, X. P.",2020,Annals of Neurology,04_source_categorisation,source_category_manual_review_required,medium,review_source_category_then_langextract,paper_artifact_registry.csv,source_manual_review_required,"validator_flags=COUNT_WITHOUT_ORIGINAL_DATA; COUNT_WITHOUT_DATA_LEVEL_SIGNAL | This is a conference abstract (proceedings detected, S-page numbering, 1-page span, and abstract-style title). The title indicates a single case of partial SPS, but no further details are available, so the presence of original patient data is inferred but not confirmed.",Review source category/routing and update the source categorisation manual-review ledger.,true,2026-04-05T20:31:13.333982+00:00
5029|05_proceedings_trim|trim_manual_review_required|text_trim_registry.csv,5029,5029,Anti-Amphiphysin Positive Partial Stiff Person Syndrome in an Elderly Woman with a Breast Mass,"Abu El-Haija, H.; Gogia, B.; Shanina, E.; He, J.; Fang, X.; Li, X. P.",2020,Annals of Neurology,05_proceedings_trim,trim_manual_review_required,high,header_only_source,text_trim_registry.csv,trim_status,Matched entry appears to contain header-only listing without abstract body.,Revisit proceedings localisation and publish a safe proceedings-ready text layer.,true,2026-05-07T11:48:48.496365+00:00
5029|05b_proceedings_qc|proceedings_qc_follow_up_required|proceedings_text_qc_registry.csv,5029,5029,Anti-Amphiphysin Positive Partial Stiff Person Syndrome in an Elderly Woman with a Breast Mass,"Abu El-Haija, H.; Gogia, B.; Shanina, E.; He, J.; Fang, X.; Li, X. P.",2020,Annals of Neurology,05b_proceedings_qc,proceedings_qc_follow_up_required,high,header_only_source,proceedings_text_qc_registry.csv,qc_status,Matched source appears to be a title/author listing without abstract body text.,"Review proceedings QC, fix the target span if needed, and rerun proceedings-ready publication.",true,2026-04-06T13:56:37.110708+00:00
5048|07_case_series_split|case_series_split_manual_review_required|case_series_split_registry.csv,5048,5048,Search for Anti-Glycine Receptor Antibodies in Stiff-Person Syndrome (SPS),"Alexopoulos, H.; Akrivou, S.; Dalakas, M.",2013,Neurology,07_case_series_split,case_series_split_manual_review_required,medium,manual_review_required,case_series_split_registry.csv,split_status,Could not find at least two distinct explicit case/patient headings.,Review case boundaries manually or mark the paper unsuitable for case-level splitting.,true,2026-05-07T11:48:48.539515+00:00
5079|05_proceedings_trim|proceedings_manual_review_queue|proceedings_manual_review_queue.csv,5079,5079,Stiff-person syndrome positive for anti-amphyphisin antibodies: The presenting feature of a neuroendocrine lung cancer,"Andrade, K.; Carvalho, L.; Martins, A.; Barros, J.",2005,European Journal of Neurology,05_proceedings_trim,proceedings_manual_review_queue,medium,queued,proceedings_manual_review_queue.csv,manual_status,"Proceedings detected, but the best abstract block match is below the auto-trim confidence threshold.","Review target abstract boundaries, record the manual decision, and rerun proceedings-ready publication.",true,2026-05-07T11:48:48.491035+00:00
5079|05_proceedings_trim|trim_manual_review_required|text_trim_registry.csv,5079,5079,Stiff-person syndrome positive for anti-amphyphisin antibodies: The presenting feature of a neuroendocrine lung cancer,"Andrade, K.; Carvalho, L.; Martins, A.; Barros, J.",2005,European Journal of Neurology,05_proceedings_trim,trim_manual_review_required,medium,manual_review_required,text_trim_registry.csv,trim_status,Matched entry appears truncated or lacks sufficient abstract body content.,Revisit proceedings localisation and publish a safe proceedings-ready text layer.,true,2026-05-07T11:48:48.496377+00:00
5079|05b_proceedings_qc|proceedings_qc_follow_up_required|proceedings_text_qc_registry.csv,5079,5079,Stiff-person syndrome positive for anti-amphyphisin antibodies: The presenting feature of a neuroendocrine lung cancer,"Andrade, K.; Carvalho, L.; Martins, A.; Barros, J.",2005,European Journal of Neurology,05b_proceedings_qc,proceedings_qc_follow_up_required,medium,untrimmed_localised,proceedings_text_qc_registry.csv,qc_status,Target appears localised in full proceedings text; trimming/manual review is still required.,"Review proceedings QC, fix the target span if needed, and rerun proceedings-ready publication.",true,2026-04-06T13:56:38.552296+00:00
5087|05_proceedings_trim|proceedings_manual_review_queue|proceedings_manual_review_queue.csv,5087,5087,A CASE REPORT OF ATYPICAL STIFF PERSON SYNDROME WITH CRANIAL NERVE INVOLVEMENT PRECEEDING THE DIAGNOSIS OF A HIGH GRADE LYMPHOMA,"Aquilina, N.; Vella, M.; Debono, A. G.; Camilleri, D. J.",2011,European Journal of Neurology,05_proceedings_trim,proceedings_manual_review_queue,medium,queued,proceedings_manual_review_queue.csv,manual_status,"Proceedings detected, but the best abstract block match is below the auto-trim confidence threshold.","Review target abstract boundaries, record the manual decision, and rerun proceedings-ready publication.",true,2026-05-07T11:48:48.491047+00:00
5094|06_sps_case_count|case_count_manual_review_required|source_sps_case_count_registry.csv,5094,5094,STIFF-MAN SYNDROME AND ENCEPHALOMYELITIS MAY COEXIST - CLINICAL-PATHOLOGICAL CORRELATIONS,"Armon, C.; Swanson, J. W.; McLean, J. M.; Westbrook, P. R.; Okazaki, H.; Kurtin, P. J.; Kaylanraman, U. P.; Rodriguez, M. R.",1993,Annals of Neurology,06_sps_case_count,case_count_manual_review_required,medium,llm_candidate_exact,source_sps_case_count_registry.csv,count_manual_review_required,"challenge_stage=primary | verification_status=llm_candidate_exact | llm_count_confidence=medium | llm_selected_candidate_id=cand01 | The paper explicitly describes one original SPS-spectrum patient: a 60-year-old woman with stiff-man syndrome, followed longitudinally to autopsy. Although prior rare cases are mentioned in background, the report's extractable original count is one; manual review remains appropriate because provenance uncertainty was flagged upstream.","Review the count evidence, update the count manual-review ledger or gold corpus, and rerun the stage-06 publish step.",true,2026-04-19T11:15:33.125718+00:00
5158|04_source_categorisation|source_category_manual_review_required|paper_artifact_registry.csv,5158,5158,A case of Type 1 diabetes with stiff person syndrome and coeliac disease,"Behan, L. A.; O'Sullivan, E. P.; King, T. J. F.; Hardiman, O.; Agha, A.; Thompson, C. J.; Smith, D.",2007,Diabetic Medicine,04_source_categorisation,source_category_manual_review_required,medium,review_source_category_then_langextract,paper_artifact_registry.csv,source_manual_review_required,"The extracted text is from a conference supplement (Diabetic Medicine, 24 Suppl. 1), and contains only basic science and clinical trial abstracts, none of which mention SPS or any case report. The title and metadata suggest a case report, but the provided text does not match. Manual review is required to resolve this discrepancy.",Review source category/routing and update the source categorisation manual-review ledger.,true,2026-04-05T20:32:55.883561+00:00
5191|06_sps_case_count|case_count_manual_review_required|source_sps_case_count_registry.csv,5191,5191,PCR detected hepatitis C virus genome in the brain of a case with progressive encephalomyelitis with rigidity,"Bolay, H.; Soylemezoglu, F.; Nurlu, G.; Tuncer, S.; Varli, K.",1996,Clinical Neurology and Neurosurgery,06_sps_case_count,case_count_manual_review_required,medium,llm_candidate_exact,source_sps_case_count_registry.csv,count_manual_review_required,"challenge_stage=primary | verification_status=llm_candidate_exact | llm_count_confidence=medium | llm_selected_candidate_id=cand01 | The paper explicitly reports a single original patient with progressive encephalomyelitis with rigidity, which is within the SPS-spectrum. Although the count is best supported as 1, the evidence pack flags possible prior reporting/provenance uncertainty, so human review is still warranted.","Review the count evidence, update the count manual-review ledger or gold corpus, and rerun the stage-06 publish step.",true,2026-04-19T11:17:39.718567+00:00
5212|05_proceedings_trim|trim_manual_review_required|text_trim_registry.csv,5212,5212,STIFF-MAN SYNDROME WITH GAD-LIKE IMMUNOREACTIVITY - RESPONSE OF A PATIENT TO PLASMAPHERESIS AND IMMUNOSUPPRESSION,"Brashear, H. R.; Phillips, L. H.",1993,Neurology,05_proceedings_trim,trim_manual_review_required,medium,manual_review_required,text_trim_registry.csv,trim_status,Matched entry appears truncated or lacks sufficient abstract body content.,Revisit proceedings localisation and publish a safe proceedings-ready text layer.,true,2026-05-07T11:48:48.496389+00:00
5212|05b_proceedings_qc|proceedings_qc_follow_up_required|proceedings_text_qc_registry.csv,5212,5212,STIFF-MAN SYNDROME WITH GAD-LIKE IMMUNOREACTIVITY - RESPONSE OF A PATIENT TO PLASMAPHERESIS AND IMMUNOSUPPRESSION,"Brashear, H. R.; Phillips, L. H.",1993,Neurology,05b_proceedings_qc,proceedings_qc_follow_up_required,medium,untrimmed_localised,proceedings_text_qc_registry.csv,qc_status,Target appears localised in full proceedings text; trimming/manual review is still required.,"Review proceedings QC, fix the target span if needed, and rerun proceedings-ready publication.",true,2026-04-06T13:56:41.478237+00:00
5212|06_sps_case_count|case_count_manual_review_required|source_sps_case_count_registry.csv,5212,5212,STIFF-MAN SYNDROME WITH GAD-LIKE IMMUNOREACTIVITY - RESPONSE OF A PATIENT TO PLASMAPHERESIS AND IMMUNOSUPPRESSION,"Brashear, H. R.; Phillips, L. H.",1993,Neurology,06_sps_case_count,case_count_manual_review_required,medium,llm_candidate_exact,source_sps_case_count_registry.csv,count_manual_review_required,"challenge_stage=primary | verification_status=llm_candidate_exact | llm_count_confidence=medium | llm_selected_candidate_id=cand01 | The abstract explicitly describes a single original SPS case: 'this woman' with stiff-man syndrome and treatment response. Although it mentions a previously reported patient, the current report is framed as their second patient and appears to present one new case; because provenance overlap is flagged as uncertain, manual review remains required.","Review the count evidence, update the count manual-review ledger or gold corpus, and rerun the stage-06 publish step.",true,2026-04-19T11:18:00.322046+00:00
5219|01_pdf_acquisition|pdf_acquisition_failed|pdf_acquisition_queue.csv,5219,5219,A patient with stiff person syndrome and negative anti-GAD antibodies,"Brinar, V.; Honnorat, J.; Petelin, Z.; Budisic, Z.; Podolski, P.",2006,Neurologia Croatica,01_pdf_acquisition,pdf_acquisition_failed,high,failed,pdf_acquisition_queue.csv,download_status,Timed out waiting for the PDF link to appear.,"Acquire or retry the PDF, then rebuild PDF, text, source, and artefact registries.",true,2026-05-07T11:48:48.477656+00:00
5230|06_sps_case_count|case_count_manual_review_required|source_sps_case_count_registry.csv,5230,5230,A CASE OF PROGRESSIVE ENCEPHALOMYELITIS WITH RIGIDITY AND POSITIVE ANTIGLUTAMIC ACID DEHYDROGENASE ANTIBODIES,"Burn, D. J.; Ball, J.; Lees, A. J.; Behan, P. O.; Morganhughes, J. A.",1991,Journal of Neurology Neurosurgery and Psychiatry,06_sps_case_count,case_count_manual_review_required,medium,llm_candidate_exact,source_sps_case_count_registry.csv,count_manual_review_required,"challenge_stage=primary | verification_status=llm_candidate_exact | llm_count_confidence=medium | llm_selected_candidate_id=cand01 | The paper is explicitly framed as a single case report of progressive encephalomyelitis with rigidity, which is within the SPS-spectrum (PERM/PEWR). The text repeatedly describes one 50-year-old woman, supporting a count of 1 unique original SPS-spectrum patient; however, provenance uncertainty is flagged, so manual review remains appropriate.","Review the count evidence, update the count manual-review ledger or gold corpus, and rerun the stage-06 publish step.",true,2026-04-19T11:18:19.375822+00:00
5240|06_sps_case_count|case_count_manual_review_required|source_sps_case_count_registry.csv,5240,5240,Case 27-2012: A 60-Year-Old Woman with Painful Muscle Spasms and Hyperreflexia,"Byrne, T. N.; Isakoff, S. J.; Rincon, S. P.; Gudewicz, T. M.",2012,New England Journal of Medicine,06_sps_case_count,case_count_manual_review_required,medium,llm_candidate_exact,source_sps_case_count_registry.csv,count_manual_review_required,"challenge_stage=primary | verification_status=llm_candidate_exact | llm_count_confidence=medium | llm_selected_candidate_id=cand01 | This paper is presented as a single-patient case record ('A 60-Year-Old Woman') and the full text describes one individual throughout. Given the fixed routing as a single case report and no evidence of additional original SPS-spectrum patients, the best-supported extractable count is 1, though manual review remains appropriate because the candidate support is heuristic and confidence is not high.","Review the count evidence, update the count manual-review ledger or gold corpus, and rerun the stage-06 publish step.",true,2026-04-19T11:18:59.900589+00:00
5254|06_sps_case_count|case_count_manual_review_required|source_sps_case_count_registry.csv,5254,5254,Stiff-person syndrome in a woman with breast cancer,"Carluer, L.",2006,Movement Disorders,06_sps_case_count,case_count_manual_review_required,medium,llm_candidate_exact,source_sps_case_count_registry.csv,count_manual_review_required,"challenge_stage=primary | verification_status=llm_candidate_exact | llm_count_confidence=medium | llm_selected_candidate_id=cand01 | The paper is routed as a single case report, and the available text repeatedly refers to a single patient/woman with stiff-man syndrome. No evidence in the pack supports more than one original SPS-spectrum case in this paper, though the extracted text is sparse, so manual review remains appropriate.","Review the count evidence, update the count manual-review ledger or gold corpus, and rerun the stage-06 publish step.",true,2026-04-19T11:19:40.506178+00:00
5254|07_case_series_split|case_series_split_manual_review_required|case_series_split_registry.csv,5254,5254,Stiff-person syndrome in a woman with breast cancer,"Carluer, L.",2006,Movement Disorders,07_case_series_split,case_series_split_manual_review_required,medium,manual_review_required,case_series_split_registry.csv,split_status,Could not find at least two distinct explicit case/patient headings.,Review case boundaries manually or mark the paper unsuitable for case-level splitting.,true,2026-05-07T11:48:48.539527+00:00
5265|05_proceedings_trim|trim_manual_review_required|text_trim_registry.csv,5265,5265,Brainstem involvement as onset of stiff limb syndrome: A case report,"Ceriani, F.; Massetto, N.; Rosci, C.; Pietrogrande, M.",2002,Movement Disorders,05_proceedings_trim,trim_manual_review_required,medium,manual_review_required,text_trim_registry.csv,trim_status,Matched entry appears truncated or lacks sufficient abstract body content.,Revisit proceedings localisation and publish a safe proceedings-ready text layer.,true,2026-05-07T11:48:48.496402+00:00
5265|05b_proceedings_qc|proceedings_qc_follow_up_required|proceedings_text_qc_registry.csv,5265,5265,Brainstem involvement as onset of stiff limb syndrome: A case report,"Ceriani, F.; Massetto, N.; Rosci, C.; Pietrogrande, M.",2002,Movement Disorders,05b_proceedings_qc,proceedings_qc_follow_up_required,medium,untrimmed_localised,proceedings_text_qc_registry.csv,qc_status,Target appears localised in full proceedings text; trimming/manual review is still required.,"Review proceedings QC, fix the target span if needed, and rerun proceedings-ready publication.",true,2026-04-06T13:56:41.557800+00:00
5268|05b_proceedings_qc|proceedings_qc_follow_up_required|proceedings_text_qc_registry.csv,5268,5268,The treatment of Moersch-Woltman syndrome,"Cerimagic, D.; Relja, M.; Telarovic, S.; Glavic, J.; Ivankovic, M.; Bogoje, A.; Vodopic, M.; Dzamonja, G.",2005,European Journal of Neurology,05b_proceedings_qc,proceedings_qc_follow_up_required,blocker,mismatch,proceedings_text_qc_registry.csv,qc_status,Title/author alignment is too weak for a reliable proceedings match.,"Review proceedings QC, fix the target span if needed, and rerun proceedings-ready publication.",true,2026-04-06T13:56:41.560397+00:00
5268|06_sps_case_count|case_count_manual_review_required|source_sps_case_count_registry.csv,5268,5268,The treatment of Moersch-Woltman syndrome,"Cerimagic, D.; Relja, M.; Telarovic, S.; Glavic, J.; Ivankovic, M.; Bogoje, A.; Vodopic, M.; Dzamonja, G.",2005,European Journal of Neurology,06_sps_case_count,case_count_manual_review_required,medium,llm_candidate_exact,source_sps_case_count_registry.csv,count_manual_review_required,"challenge_stage=primary | verification_status=llm_candidate_exact | llm_count_confidence=medium | llm_selected_candidate_id=cand01 | The conference abstract text consistently refers to a single patient with Moersch-Woltman/stiff person syndrome, using singular language throughout ('the patient', 'patient is bedridden now'). This supports the single-case candidate rather than zero, but confidence remains medium because the abstract is sparse and the heuristic basis is partly defaulted.","Review the count evidence, update the count manual-review ledger or gold corpus, and rerun the stage-06 publish step.",true,2026-04-19T11:20:21.473506+00:00
5270|05_proceedings_trim|proceedings_manual_review_queue|proceedings_manual_review_queue.csv,5270,5270,"STIFF PERSON SYNDROME, ABOUT A CASE","Chahrazed, R.",2019,Muscle & Nerve,05_proceedings_trim,proceedings_manual_review_queue,medium,queued,proceedings_manual_review_queue.csv,manual_status,"Proceedings detected, but the best abstract block match is below the auto-trim confidence threshold.","Review target abstract boundaries, record the manual decision, and rerun proceedings-ready publication.",true,2026-05-07T11:48:48.491059+00:00
5270|05_proceedings_trim|trim_manual_review_required|text_trim_registry.csv,5270,5270,"STIFF PERSON SYNDROME, ABOUT A CASE","Chahrazed, R.",2019,Muscle & Nerve,05_proceedings_trim,trim_manual_review_required,medium,manual_review_required,text_trim_registry.csv,trim_status,Matched entry appears truncated or lacks sufficient abstract body content.,Revisit proceedings localisation and publish a safe proceedings-ready text layer.,true,2026-05-07T11:48:48.496417+00:00
5270|05b_proceedings_qc|proceedings_qc_follow_up_required|proceedings_text_qc_registry.csv,5270,5270,"STIFF PERSON SYNDROME, ABOUT A CASE","Chahrazed, R.",2019,Muscle & Nerve,05b_proceedings_qc,proceedings_qc_follow_up_required,medium,untrimmed_localised,proceedings_text_qc_registry.csv,qc_status,Target appears localised in full proceedings text; trimming/manual review is still required.,"Review proceedings QC, fix the target span if needed, and rerun proceedings-ready publication.",true,2026-04-06T13:56:42.062291+00:00
5280|05_proceedings_trim|proceedings_manual_review_queue|proceedings_manual_review_queue.csv,5280,5280,Autoantibodies in stiff-person syndrome,"Chang, T.; Brown, P.; Vincent, A.",2006,Journal of Neurology,05_proceedings_trim,proceedings_manual_review_queue,medium,queued,proceedings_manual_review_queue.csv,manual_status,"Proceedings detected, but the best abstract block match is below the auto-trim confidence threshold.","Review target abstract boundaries, record the manual decision, and rerun proceedings-ready publication.",true,2026-05-07T11:48:48.491071+00:00
5282|05_proceedings_trim|proceedings_manual_review_queue|proceedings_manual_review_queue.csv,5282,5282,Pathogenicity of autoantibodies in stiff-person syndrome,"Chang, T.; Lang, B.; Brown, P.; Vincent, A.",2008,Journal of Neurology,05_proceedings_trim,proceedings_manual_review_queue,medium,queued,proceedings_manual_review_queue.csv,manual_status,"Proceedings detected, but the best abstract block match is below the auto-trim confidence threshold.","Review target abstract boundaries, record the manual decision, and rerun proceedings-ready publication.",true,2026-05-07T11:48:48.491084+00:00
5283|05b_proceedings_qc|proceedings_qc_follow_up_required|proceedings_text_qc_registry.csv,5283,5283,Autoantibodies to GAD and Cell Surface Determinants in Stiff Person Syndrome,"Chang, T.; Pettingill, P.; Alexopoulos, H.; Jacobson, L. W.; Brown, P.; Vincent, A.",2009,Neurology,05b_proceedings_qc,proceedings_qc_follow_up_required,high,partial_truncated,proceedings_text_qc_registry.csv,qc_status,Trim does not start at a detected proceedings header.,"Review proceedings QC, fix the target span if needed, and rerun proceedings-ready publication.",true,2026-04-06T13:56:42.097278+00:00
5283|06_sps_case_count|case_count_manual_review_required|source_sps_case_count_registry.csv,5283,5283,Autoantibodies to GAD and Cell Surface Determinants in Stiff Person Syndrome,"Chang, T.; Pettingill, P.; Alexopoulos, H.; Jacobson, L. W.; Brown, P.; Vincent, A.",2009,Neurology,06_sps_case_count,case_count_manual_review_required,medium,llm_bounded_alternative,source_sps_case_count_registry.csv,count_manual_review_required,"challenge_stage=primary | verification_status=llm_bounded_alternative | llm_count_confidence=medium | The abstract explicitly states that sera from 25 SPS patients were studied, which is a clearer original SPS cohort count than the forced-zero candidate. Because this is a conference abstract focused on sera and assay findings, and the clinically well-defined classical SPS subset is mentioned without a numeric breakdown, the count is best treated as 25 with manual review retained.","Review the count evidence, update the count manual-review ledger or gold corpus, and rerun the stage-06 publish step.",true,2026-04-19T11:22:33.238166+00:00
5315|06_sps_case_count|case_count_manual_review_required|source_sps_case_count_registry.csv,5315,5315,Stiff-person syndrome presenting with asymmetric axial muscle spasms and hypertrophy,"Chuang, C.",2002,Movement Disorders,06_sps_case_count,case_count_manual_review_required,medium,llm_candidate_exact,source_sps_case_count_registry.csv,count_manual_review_required,"challenge_stage=primary | verification_status=llm_candidate_exact | llm_count_confidence=medium | llm_selected_candidate_id=cand01 | The abstract reports one original SPS patient: 'the patient is a 37 year-old... woman' with diagnosis confirmed by EMG and diazepam response. Although the abstract also includes a literature review of previously described cases, that appears to be background/context rather than additional original patients, so the best-supported extractable count is 1; manual review remains appropriate because provenance uncertainty was flagged.","Review the count evidence, update the count manual-review ledger or gold corpus, and rerun the stage-06 publish step.",true,2026-04-19T11:23:16.172063+00:00
5321|05_proceedings_trim|trim_manual_review_required|text_trim_registry.csv,5321,5321,Rehabilitation and orthopedic management of Stiff Person syndrome,"Clairmont, A. C.; Lindberg, K. E.; Goldstein, N.",2009,Movement Disorders,05_proceedings_trim,trim_manual_review_required,medium,manual_review_required,text_trim_registry.csv,trim_status,Matched entry appears truncated or lacks sufficient abstract body content.,Revisit proceedings localisation and publish a safe proceedings-ready text layer.,true,2026-05-07T11:48:48.496431+00:00
5321|05b_proceedings_qc|proceedings_qc_follow_up_required|proceedings_text_qc_registry.csv,5321,5321,Rehabilitation and orthopedic management of Stiff Person syndrome,"Clairmont, A. C.; Lindberg, K. E.; Goldstein, N.",2009,Movement Disorders,05b_proceedings_qc,proceedings_qc_follow_up_required,medium,untrimmed_localised,proceedings_text_qc_registry.csv,qc_status,Target appears localised in full proceedings text; trimming/manual review is still required.,"Review proceedings QC, fix the target span if needed, and rerun proceedings-ready publication.",true,2026-04-06T13:56:42.232739+00:00
5365|05_proceedings_trim|trim_manual_review_required|text_trim_registry.csv,5365,5365,"A Double-Blind, Placebo-Cotrolled Study of Rituximab in Patients with Stiff-Person Syndrome (SPS)","Dalakas, M. C.; Rakocevic, G.; Dambrosia, J.; McElroy, B.",2009,Annals of Neurology,05_proceedings_trim,trim_manual_review_required,medium,manual_review_required,text_trim_registry.csv,trim_status,Matched entry appears truncated or lacks sufficient abstract body content.,Revisit proceedings localisation and publish a safe proceedings-ready text layer.,true,2026-05-07T11:48:48.496444+00:00
5365|05b_proceedings_qc|proceedings_qc_follow_up_required|proceedings_text_qc_registry.csv,5365,5365,"A Double-Blind, Placebo-Cotrolled Study of Rituximab in Patients with Stiff-Person Syndrome (SPS)","Dalakas, M. C.; Rakocevic, G.; Dambrosia, J.; McElroy, B.",2009,Annals of Neurology,05b_proceedings_qc,proceedings_qc_follow_up_required,medium,untrimmed_localised,proceedings_text_qc_registry.csv,qc_status,Target appears localised in full proceedings text; trimming/manual review is still required.,"Review proceedings QC, fix the target span if needed, and rerun proceedings-ready publication.",true,2026-04-06T13:56:42.697921+00:00
5373|06_sps_case_count|case_count_manual_review_required|source_sps_case_count_registry.csv,5373,5373,PROGRESSIVE ENCEPHALOMYELITIS WITH RIGIDITY AND MYOCLONUS: THE FIRST PAEDIATRIC CASE WITH GLYCINE RECEPTOR ANTIBODIES,"Damasio, J.; Leite, M. I.; Coutinho, E.; Waters, P.; Woodhall, M.; Santos, M. A.; Carrilho, I.; Vincent, A.",2011,European Journal of Neurology,06_sps_case_count,case_count_manual_review_required,medium,llm_candidate_exact,source_sps_case_count_registry.csv,count_manual_review_required,"challenge_stage=primary | verification_status=llm_candidate_exact | llm_count_confidence=medium | llm_selected_candidate_id=cand01 | This paper is framed and written as a single pediatric case report of PERM, which is within the SPS spectrum. Although adult cases are discussed in background citations, the original extractable cohort in this paper is one child; provenance uncertainty warrants manual review.","Review the count evidence, update the count manual-review ledger or gold corpus, and rerun the stage-06 publish step.",true,2026-04-19T11:25:22.264255+00:00
5381|05_proceedings_trim|proceedings_manual_review_queue|proceedings_manual_review_queue.csv,5381,5381,STIFF-MAN-SYNDROME-80 - A VARIANT ASSOCIATED WITH ABNORMAL VISUAL PROCESSING AND A NEW ANTINEURONAL ANTIBODY,"Darnell, R. B.; Rubin, M.; Victor, J.; Plum, F.",1990,Annals of Neurology,05_proceedings_trim,proceedings_manual_review_queue,medium,queued,proceedings_manual_review_queue.csv,manual_status,"Proceedings detected, but the best abstract block match is below the auto-trim confidence threshold.","Review target abstract boundaries, record the manual decision, and rerun proceedings-ready publication.",true,2026-05-07T11:48:48.491096+00:00
5381|06_sps_case_count|case_count_manual_review_required|source_sps_case_count_registry.csv,5381,5381,STIFF-MAN-SYNDROME-80 - A VARIANT ASSOCIATED WITH ABNORMAL VISUAL PROCESSING AND A NEW ANTINEURONAL ANTIBODY,"Darnell, R. B.; Rubin, M.; Victor, J.; Plum, F.",1990,Annals of Neurology,06_sps_case_count,case_count_manual_review_required,medium,llm_candidate_exact,source_sps_case_count_registry.csv,count_manual_review_required,"challenge_stage=primary | verification_status=llm_candidate_exact | llm_count_confidence=medium | llm_selected_candidate_id=cand01 | The paper is fixed-routed as a single_case_report and the available text consistently frames the subject as stiff-man syndrome, supporting a count of 1 SPS-spectrum patient. However, the trimmed evidence is sparse and does not explicitly state the patient count in full text, so this should still be checked manually.","Review the count evidence, update the count manual-review ledger or gold corpus, and rerun the stage-06 publish step.",true,2026-04-19T11:25:48.215090+00:00
5398|05_proceedings_trim|proceedings_manual_review_queue|proceedings_manual_review_queue.csv,5398,5398,Treatment of stiff person syndrome with chronic plasmapheresis,"De la Casa-Fages, B.; Anaya, F.; Grandas, F.",2011,Movement Disorders,05_proceedings_trim,proceedings_manual_review_queue,medium,queued,proceedings_manual_review_queue.csv,manual_status,"Proceedings detected, but the best abstract block match is below the auto-trim confidence threshold.","Review target abstract boundaries, record the manual decision, and rerun proceedings-ready publication.",true,2026-05-07T11:48:48.491109+00:00
5398|07_case_series_split|case_series_split_manual_review_required|case_series_split_registry.csv,5398,5398,Treatment of stiff person syndrome with chronic plasmapheresis,"De la Casa-Fages, B.; Anaya, F.; Grandas, F.",2011,Movement Disorders,07_case_series_split,case_series_split_manual_review_required,medium,manual_review_required,case_series_split_registry.csv,split_status,Could not find at least two distinct explicit case/patient headings.,Review case boundaries manually or mark the paper unsuitable for case-level splitting.,true,2026-05-07T11:48:48.539551+00:00
5472|05_proceedings_trim|trim_manual_review_required|text_trim_registry.csv,5472,5472,HIGH AMPLITUDE F WAVES AND STIFF-PERSON SYNDROME,"Espinosa, P.; Ryan, S.",2013,Muscle & Nerve,05_proceedings_trim,trim_manual_review_required,medium,manual_review_required,text_trim_registry.csv,trim_status,No abstract block could be segmented from the proceedings text.,Revisit proceedings localisation and publish a safe proceedings-ready text layer.,true,2026-05-07T11:48:48.496457+00:00
5472|05b_proceedings_qc|proceedings_qc_follow_up_required|proceedings_text_qc_registry.csv,5472,5472,HIGH AMPLITUDE F WAVES AND STIFF-PERSON SYNDROME,"Espinosa, P.; Ryan, S.",2013,Muscle & Nerve,05b_proceedings_qc,proceedings_qc_follow_up_required,blocker,mismatch,proceedings_text_qc_registry.csv,qc_status,Title/author alignment is too weak for a reliable proceedings match.,"Review proceedings QC, fix the target span if needed, and rerun proceedings-ready publication.",true,2026-04-06T13:56:48.581870+00:00
5472|06_sps_case_count|case_count_manual_review_required|source_sps_case_count_registry.csv,5472,5472,HIGH AMPLITUDE F WAVES AND STIFF-PERSON SYNDROME,"Espinosa, P.; Ryan, S.",2013,Muscle & Nerve,06_sps_case_count,case_count_manual_review_required,medium,llm_candidate_exact,source_sps_case_count_registry.csv,count_manual_review_required,"challenge_stage=primary | verification_status=llm_candidate_exact | llm_count_confidence=medium | llm_selected_candidate_id=cand01 | The fixed routing identifies this as a single-case conference abstract, and no text evidence suggests more than one SPS-spectrum patient. However, the provided excerpt is essentially header/download boilerplate without patient-level details, so the single-case count is only moderately supported and should be manually checked.","Review the count evidence, update the count manual-review ledger or gold corpus, and rerun the stage-06 publish step.",true,2026-04-19T11:26:28.928698+00:00
5502|05_proceedings_trim|proceedings_manual_review_queue|proceedings_manual_review_queue.csv,5502,5502,"GLUTAMIC ACID DECARBOXYLASE ANTIBODY: A LINK FOR LOCALISATION RELATED EPILEPSY, STIFF-PERSON SYNDROME AND TYPE I DIABETES MELLITUS? REPORT OF TWO CASES","Barcs, G.; Szucs, A.; Kamondi, A.",2012,Epilepsia,05_proceedings_trim,proceedings_manual_review_queue,medium,queued,proceedings_manual_review_queue.csv,manual_status,"Proceedings detected, but the best abstract block match is below the auto-trim confidence threshold.","Review target abstract boundaries, record the manual decision, and rerun proceedings-ready publication.",true,2026-05-07T11:48:48.491120+00:00
5502|05_proceedings_trim|trim_manual_review_required|text_trim_registry.csv,5502,5502,"GLUTAMIC ACID DECARBOXYLASE ANTIBODY: A LINK FOR LOCALISATION RELATED EPILEPSY, STIFF-PERSON SYNDROME AND TYPE I DIABETES MELLITUS? REPORT OF TWO CASES","Barcs, G.; Szucs, A.; Kamondi, A.",2012,Epilepsia,05_proceedings_trim,trim_manual_review_required,medium,manual_review_required,text_trim_registry.csv,trim_status,Matched entry appears truncated or lacks sufficient abstract body content.,Revisit proceedings localisation and publish a safe proceedings-ready text layer.,true,2026-05-07T11:48:48.496469+00:00
5502|05b_proceedings_qc|proceedings_qc_follow_up_required|proceedings_text_qc_registry.csv,5502,5502,"GLUTAMIC ACID DECARBOXYLASE ANTIBODY: A LINK FOR LOCALISATION RELATED EPILEPSY, STIFF-PERSON SYNDROME AND TYPE I DIABETES MELLITUS? REPORT OF TWO CASES","Barcs, G.; Szucs, A.; Kamondi, A.",2012,Epilepsia,05b_proceedings_qc,proceedings_qc_follow_up_required,medium,untrimmed_localised,proceedings_text_qc_registry.csv,qc_status,Target appears localised in full proceedings text; trimming/manual review is still required.,"Review proceedings QC, fix the target span if needed, and rerun proceedings-ready publication.",true,2026-04-06T13:56:50.135792+00:00
5502|07_case_series_split|case_series_split_manual_review_required|case_series_split_registry.csv,5502,5502,"GLUTAMIC ACID DECARBOXYLASE ANTIBODY: A LINK FOR LOCALISATION RELATED EPILEPSY, STIFF-PERSON SYNDROME AND TYPE I DIABETES MELLITUS? REPORT OF TWO CASES","Barcs, G.; Szucs, A.; Kamondi, A.",2012,Epilepsia,07_case_series_split,case_series_split_manual_review_required,medium,manual_review_required,case_series_split_registry.csv,split_status,Could not find at least two distinct explicit case/patient headings.,Review case boundaries manually or mark the paper unsuitable for case-level splitting.,true,2026-05-07T11:48:48.539563+00:00
5519|07_case_series_split|case_series_split_manual_review_required|case_series_split_registry.csv,5519,5519,Physiological studies of spinal inhibitory circuits in patients with stiff-person syndrome,"Floeter, M. K.; Valls-Sole, J.; Jacobowitz, D.; Hallett, M.",1998,Neurology,07_case_series_split,case_series_split_manual_review_required,medium,manual_review_required,case_series_split_registry.csv,split_status,Could not find at least two distinct explicit case/patient headings.,Review case boundaries manually or mark the paper unsuitable for case-level splitting.,true,2026-05-07T11:48:48.539575+00:00
5535|05_proceedings_trim|proceedings_manual_review_queue|proceedings_manual_review_queue.csv,5535,5535,STIFF PERSON SYNDROME IN ASSOCIATION WITH NONPARANEOPLASTIC LIMBIC ENCEPHALITIS,"Franke, K.; Schulz, R.; Hoppe, M.; Korn-Merker, E.; Specht, U.; Ebner, A.",2009,Epilepsia,05_proceedings_trim,proceedings_manual_review_queue,medium,queued,proceedings_manual_review_queue.csv,manual_status,"Proceedings detected, but the best abstract block match is below the auto-trim confidence threshold.","Review target abstract boundaries, record the manual decision, and rerun proceedings-ready publication.",true,2026-05-07T11:48:48.491132+00:00
5535|06_sps_case_count|case_count_manual_review_required|source_sps_case_count_registry.csv,5535,5535,STIFF PERSON SYNDROME IN ASSOCIATION WITH NONPARANEOPLASTIC LIMBIC ENCEPHALITIS,"Franke, K.; Schulz, R.; Hoppe, M.; Korn-Merker, E.; Specht, U.; Ebner, A.",2009,Epilepsia,06_sps_case_count,case_count_manual_review_required,medium,llm_candidate_exact,source_sps_case_count_registry.csv,count_manual_review_required,"challenge_stage=primary | verification_status=llm_candidate_exact | llm_count_confidence=medium | llm_selected_candidate_id=cand03 | validator_flags=COUNT_SINGLE_CASE_CONFERENCE_MISMATCH | The abstract explicitly states that the authors describe two young women and that both later developed symptoms 'in the sense of a SPS,' with both showing elevated GAD antibodies. This supports counting 2 original SPS-spectrum patients, although conference-abstract brevity keeps confidence below high and warrants manual review.","Review the count evidence, update the count manual-review ledger or gold corpus, and rerun the stage-06 publish step.",true,2026-04-19T11:28:14.388658+00:00
5537|05_proceedings_trim|proceedings_manual_review_queue|proceedings_manual_review_queue.csv,5537,5537,"CO-EMERGENT TRIAD OF EPILEPSY, MYASTHENIA GRAVIS AND STIFF-PERSON SYNDROME","Frawley, B. K.; Ritaccio, A.; Gruenthal, M.; Lava, N.; Murnane, M.; Lynch, T. M.",2008,Epilepsia,05_proceedings_trim,proceedings_manual_review_queue,medium,queued,proceedings_manual_review_queue.csv,manual_status,"Proceedings detected, but the best abstract block match is below the auto-trim confidence threshold.","Review target abstract boundaries, record the manual decision, and rerun proceedings-ready publication.",true,2026-05-07T11:48:48.491144+00:00
5552|05_proceedings_trim|proceedings_manual_review_queue|proceedings_manual_review_queue.csv,5552,5552,"Stiff-person syndrome associated with invasive thymoma, pemphigus and myasthenia gravis: a case report","Gao, X.; Zheng, X.; Li, H.",2012,European Journal of Neurology,05_proceedings_trim,proceedings_manual_review_queue,medium,queued,proceedings_manual_review_queue.csv,manual_status,"Proceedings detected, but the best abstract block match is below the auto-trim confidence threshold.","Review target abstract boundaries, record the manual decision, and rerun proceedings-ready publication.",true,2026-05-07T11:48:48.491156+00:00
5554|05_proceedings_trim|proceedings_manual_review_queue|proceedings_manual_review_queue.csv,5554,5554,Rituximab in stiff person syndrome,"Garcia-Ruiz, P. J.; del Val, J.; Herranz, A.; Bellido, S.; Aranda, M. A.",2012,Movement Disorders,05_proceedings_trim,proceedings_manual_review_queue,medium,queued,proceedings_manual_review_queue.csv,manual_status,"Proceedings detected, but the best abstract block match is below the auto-trim confidence threshold.","Review target abstract boundaries, record the manual decision, and rerun proceedings-ready publication.",true,2026-05-07T11:48:48.491168+00:00
5554|05_proceedings_trim|trim_manual_review_required|text_trim_registry.csv,5554,5554,Rituximab in stiff person syndrome,"Garcia-Ruiz, P. J.; del Val, J.; Herranz, A.; Bellido, S.; Aranda, M. A.",2012,Movement Disorders,05_proceedings_trim,trim_manual_review_required,medium,manual_review_required,text_trim_registry.csv,trim_status,Matched entry appears truncated or lacks sufficient abstract body content.,Revisit proceedings localisation and publish a safe proceedings-ready text layer.,true,2026-05-07T11:48:48.496482+00:00
5554|05b_proceedings_qc|proceedings_qc_follow_up_required|proceedings_text_qc_registry.csv,5554,5554,Rituximab in stiff person syndrome,"Garcia-Ruiz, P. J.; del Val, J.; Herranz, A.; Bellido, S.; Aranda, M. A.",2012,Movement Disorders,05b_proceedings_qc,proceedings_qc_follow_up_required,medium,untrimmed_localised,proceedings_text_qc_registry.csv,qc_status,Target appears localised in full proceedings text; trimming/manual review is still required.,"Review proceedings QC, fix the target span if needed, and rerun proceedings-ready publication.",true,2026-04-06T13:57:08.607096+00:00
5600|07_case_series_split|case_series_split_manual_review_required|case_series_split_registry.csv,5600,5600,Dysfunction of cortical inhibitory circuits in stiff-man syndrome,"Kim, S. D.; Vucic, S.; Kiernan, M. C.; Fung, V. S. C.",2010,Movement Disorders,07_case_series_split,case_series_split_manual_review_required,medium,manual_review_required,case_series_split_registry.csv,split_status,Could not find at least two distinct explicit case/patient headings.,Review case boundaries manually or mark the paper unsuitable for case-level splitting.,true,2026-05-07T11:48:48.539588+00:00
5631|05_proceedings_trim|proceedings_manual_review_queue|proceedings_manual_review_queue.csv,5631,5631,Severe worsening of the stiff person syndrome due to acute gastroenteritis,"Kramberger, M. G.; Avbersek, A.; Fabjan, T. H.",2009,European Journal of Neurology,05_proceedings_trim,proceedings_manual_review_queue,medium,queued,proceedings_manual_review_queue.csv,manual_status,"Proceedings detected, but the best abstract block match is below the auto-trim confidence threshold.","Review target abstract boundaries, record the manual decision, and rerun proceedings-ready publication.",true,2026-05-07T11:48:48.491180+00:00
5631|05_proceedings_trim|trim_manual_review_required|text_trim_registry.csv,5631,5631,Severe worsening of the stiff person syndrome due to acute gastroenteritis,"Kramberger, M. G.; Avbersek, A.; Fabjan, T. H.",2009,European Journal of Neurology,05_proceedings_trim,trim_manual_review_required,medium,manual_review_required,text_trim_registry.csv,trim_status,Matched entry appears truncated or lacks sufficient abstract body content.,Revisit proceedings localisation and publish a safe proceedings-ready text layer.,true,2026-05-07T11:48:48.496497+00:00
5631|05b_proceedings_qc|proceedings_qc_follow_up_required|proceedings_text_qc_registry.csv,5631,5631,Severe worsening of the stiff person syndrome due to acute gastroenteritis,"Kramberger, M. G.; Avbersek, A.; Fabjan, T. H.",2009,European Journal of Neurology,05b_proceedings_qc,proceedings_qc_follow_up_required,medium,untrimmed_localised,proceedings_text_qc_registry.csv,qc_status,Target appears localised in full proceedings text; trimming/manual review is still required.,"Review proceedings QC, fix the target span if needed, and rerun proceedings-ready publication.",true,2026-04-06T13:57:09.786913+00:00
5676|01_pdf_acquisition|pdf_missing|pdf_acquisition_queue.csv,5676,5676,EXPANDING THE PHENOTYPIC SPECTRUM OF PROGRESSIVE ENCEPHALOMYELITIS WITH RIGIDITY AND MYOCLONUS SYNDROME (PERMS) ASSOCIATED WITH GLYCINE RECEPTOR ANTIBODY: CLINICAL AND LABORATORY STUDY OF 20 PATIENTS,"Leite, M. I.; Waters, P.; Carvajal, A.; Woodhall, M.; Vincent, A.",2012,Journal of Neurology Neurosurgery and Psychiatry,01_pdf_acquisition,pdf_missing,medium,missing,pdf_acquisition_queue.csv,download_status,No local PDF is present and the reference still needs acquisition.,"Acquire or retry the PDF, then rebuild PDF, text, source, and artefact registries.",true,2026-05-07T11:48:48.477670+00:00
5718|01_pdf_acquisition|pdf_missing|pdf_acquisition_queue.csv,5718,5718,Lymphocyto-plasmapheresis in the treatment of stiff-person syndrome,"Liumbruno, G. M.; Centoni, P. E.; Molfettini, P.; Metelli, M. R.; Moscardini, M. G.; Sodini, M. L.",2006,Transfusion,01_pdf_acquisition,pdf_missing,medium,missing,pdf_acquisition_queue.csv,download_status,No local PDF is present and the reference still needs acquisition.,"Acquire or retry the PDF, then rebuild PDF, text, source, and artefact registries.",true,2026-05-07T11:48:48.477682+00:00
5755|07_case_series_split|case_series_split_manual_review_required|case_series_split_registry.csv,5755,5755,Management of Autoimmune Encephalitis: An Observational Monocentric Study of 38 Patients,"Macher, S.; Zimprich, F.; De Simoni, D.; Hoftberger, R.; Rommer, P. S.",2018,Frontiers in Immunology,07_case_series_split,case_series_split_manual_review_required,medium,manual_review_required,case_series_split_registry.csv,split_status,Could not find at least two distinct explicit case/patient headings.,Review case boundaries manually or mark the paper unsuitable for case-level splitting.,true,2026-05-07T11:48:48.539599+00:00
5803|05b_proceedings_qc|proceedings_qc_follow_up_required|proceedings_text_qc_registry.csv,5803,5803,A CASE OF UNDIAGNOSED STIFF-PERSON SYNDROME REQUIRING MECHANICAL VENTILATORY SUPPORT,"Mayer, N.; Kretzer, A.; John, S.; Bleck, T.; Garg, R.",2012,Critical Care Medicine,05b_proceedings_qc,proceedings_qc_follow_up_required,medium,untrimmed_localised,proceedings_text_qc_registry.csv,qc_status,Target appears localised in full proceedings text; trimming/manual review is still required.,"Review proceedings QC, fix the target span if needed, and rerun proceedings-ready publication.",true,2026-04-06T13:57:11.077842+00:00
5808|05_proceedings_trim|trim_manual_review_required|text_trim_registry.csv,5808,5808,"SEVERE, PROLONGED BACLOFEN WITHDRAWAL FOLLOWING A SECOND CATHETER FAILURE IN A PATIENT WITH STIFF-PERSON SYNDROME","McDaniel, C.",2010,Critical Care Medicine,05_proceedings_trim,trim_manual_review_required,medium,manual_review_required,text_trim_registry.csv,trim_status,Matched entry appears truncated or lacks sufficient abstract body content.,Revisit proceedings localisation and publish a safe proceedings-ready text layer.,true,2026-05-07T11:48:48.496510+00:00
5808|05b_proceedings_qc|proceedings_qc_follow_up_required|proceedings_text_qc_registry.csv,5808,5808,"SEVERE, PROLONGED BACLOFEN WITHDRAWAL FOLLOWING A SECOND CATHETER FAILURE IN A PATIENT WITH STIFF-PERSON SYNDROME","McDaniel, C.",2010,Critical Care Medicine,05b_proceedings_qc,proceedings_qc_follow_up_required,medium,untrimmed_localised,proceedings_text_qc_registry.csv,qc_status,Target appears localised in full proceedings text; trimming/manual review is still required.,"Review proceedings QC, fix the target span if needed, and rerun proceedings-ready publication.",true,2026-04-06T13:57:11.102771+00:00
5808|06_sps_case_count|case_count_manual_review_required|source_sps_case_count_registry.csv,5808,5808,"SEVERE, PROLONGED BACLOFEN WITHDRAWAL FOLLOWING A SECOND CATHETER FAILURE IN A PATIENT WITH STIFF-PERSON SYNDROME","McDaniel, C.",2010,Critical Care Medicine,06_sps_case_count,case_count_manual_review_required,medium,llm_candidate_exact,source_sps_case_count_registry.csv,count_manual_review_required,"challenge_stage=primary | verification_status=llm_candidate_exact | llm_count_confidence=medium | llm_selected_candidate_id=cand01 | The conference abstract is framed explicitly as a single-patient report: 'a patient with stiff person syndrome' and repeated references to 'this patient' support one original SPS-spectrum case. Because the evidence comes from a brief abstract without fuller case details, the count is best taken as 1 but should still receive manual review.","Review the count evidence, update the count manual-review ledger or gold corpus, and rerun the stage-06 publish step.",true,2026-04-19T11:34:19.618254+00:00
5839|04_source_categorisation|source_category_manual_review_required|paper_artifact_registry.csv,5839,5839,Stiff person syndrome as the initial manifestation of systemic lupus erythematosus-case report,"Munhoz, R. P.; Moscovich, M. M.; Fameli, H.; Filla, L.; Teive, H.",2010,Movement Disorders,04_source_categorisation,source_category_manual_review_required,medium,review_source_category_then_langextract,paper_artifact_registry.csv,source_manual_review_required,"The extracted text does not match the title or topic in the metadata and contains no SPS-spectrum patient data. The page range (S522-S523) and 'Letters to the Editor' format suggest this may be a conference abstract or supplement, but the actual SPS case report content is missing from the provided text. Manual review is required to resolve this discrepancy.",Review source category/routing and update the source categorisation manual-review ledger.,true,2026-04-05T20:43:42.931770+00:00
5839|05_proceedings_trim|trim_manual_review_required|text_trim_registry.csv,5839,5839,Stiff person syndrome as the initial manifestation of systemic lupus erythematosus-case report,"Munhoz, R. P.; Moscovich, M. M.; Fameli, H.; Filla, L.; Teive, H.",2010,Movement Disorders,05_proceedings_trim,trim_manual_review_required,high,header_only_source,text_trim_registry.csv,trim_status,Matched entry appears to contain header-only listing without abstract body.,Revisit proceedings localisation and publish a safe proceedings-ready text layer.,true,2026-05-07T11:48:48.496522+00:00
5839|05b_proceedings_qc|proceedings_qc_follow_up_required|proceedings_text_qc_registry.csv,5839,5839,Stiff person syndrome as the initial manifestation of systemic lupus erythematosus-case report,"Munhoz, R. P.; Moscovich, M. M.; Fameli, H.; Filla, L.; Teive, H.",2010,Movement Disorders,05b_proceedings_qc,proceedings_qc_follow_up_required,blocker,mismatch,proceedings_text_qc_registry.csv,qc_status,Title/author alignment is too weak for a reliable proceedings match.,"Review proceedings QC, fix the target span if needed, and rerun proceedings-ready publication.",true,2026-04-06T13:57:11.372000+00:00
5839|06_sps_case_count|case_count_manual_review_required|source_sps_case_count_registry.csv,5839,5839,Stiff person syndrome as the initial manifestation of systemic lupus erythematosus-case report,"Munhoz, R. P.; Moscovich, M. M.; Fameli, H.; Filla, L.; Teive, H.",2010,Movement Disorders,06_sps_case_count,case_count_manual_review_required,medium,llm_candidate_exact,source_sps_case_count_registry.csv,count_manual_review_required,"challenge_stage=primary | verification_status=llm_candidate_exact | llm_count_confidence=medium | llm_selected_candidate_id=cand01 | The paper is routed as a single-case conference abstract and the title explicitly says ""case report,"" which supports one original SPS-spectrum patient. However, the preferred text appears mismatched to another article, so the count should be retained with manual review.","Review the count evidence, update the count manual-review ledger or gold corpus, and rerun the stage-06 publish step.",true,2026-04-19T11:34:55.994095+00:00
5861|06_sps_case_count|case_count_manual_review_required|source_sps_case_count_registry.csv,5861,5861,Successful Treatment of Stiff Person Syndrome with Sequential Use of Tacrolimus,"Nakane, S.; Kawabata, Y.; Urushihara, R.; Harada, M.; Kaji, R.",2009,Neurology,06_sps_case_count,case_count_manual_review_required,medium,llm_candidate_exact,source_sps_case_count_registry.csv,count_manual_review_required,"challenge_stage=challenge | verification_status=llm_candidate_exact | llm_count_confidence=medium | challenge_reasons=semantic_validator_reject=COUNT_EXCEEDS_EXPLICIT_SPS_SUBGROUP; explicit_sps_subgroup_conflict=2 vs 1; broad_total_exceeds_explicit_subgroup=2 > 1 | llm_selected_candidate_id=cand02 | The paper clearly reports two named cases, but the evidence pack contains an upstream explicit SPS-spectrum subgroup signal of 1 that conflicts with the broader body text. Because the conflict is not fully resolved within the provided evidence and challenge guidance says to prefer the explicit subgroup or require review when unresolved, the safest supported candidate is 1 with manual review required.","Review the count evidence, update the count manual-review ledger or gold corpus, and rerun the stage-06 publish step.",true,2026-04-19T11:35:52.034807+00:00
5884|05_proceedings_trim|trim_manual_review_required|text_trim_registry.csv,5884,5884,Unable to Relax: A Case of Stiff Person Syndrome,"Ning, W.; Iantorno, S.; Zhong, C.; Li, S.",2020,American Journal of Respiratory and Critical Care Medicine,05_proceedings_trim,trim_manual_review_required,high,header_only_source,text_trim_registry.csv,trim_status,Matched entry appears to contain header-only listing without abstract body.,Revisit proceedings localisation and publish a safe proceedings-ready text layer.,true,2026-05-07T11:48:48.496533+00:00
5884|05b_proceedings_qc|proceedings_qc_follow_up_required|proceedings_text_qc_registry.csv,5884,5884,Unable to Relax: A Case of Stiff Person Syndrome,"Ning, W.; Iantorno, S.; Zhong, C.; Li, S.",2020,American Journal of Respiratory and Critical Care Medicine,05b_proceedings_qc,proceedings_qc_follow_up_required,high,header_only_source,proceedings_text_qc_registry.csv,qc_status,Matched source appears to be a title/author listing without abstract body text.,"Review proceedings QC, fix the target span if needed, and rerun proceedings-ready publication.",true,2026-04-06T13:57:11.386499+00:00
5963|05_proceedings_trim|proceedings_manual_review_queue|proceedings_manual_review_queue.csv,5963,5963,"UNUSUAL ELECTROMYOGRAPHIC FINDINGS IN A PATIENT WITH PRESUMPTIVE HASHIMOTO'S THYROIDITIS, STIFF-PERSON SYNDROME, AND HERPES ZOSTER MYELORADICULITIS","Ha, J.; Gorin, F.; Zhang, L.; Oskarsson, B.; Maselli, R.",2015,Muscle & Nerve,05_proceedings_trim,proceedings_manual_review_queue,medium,queued,proceedings_manual_review_queue.csv,manual_status,"Proceedings detected, but the best abstract block match is below the auto-trim confidence threshold.","Review target abstract boundaries, record the manual decision, and rerun proceedings-ready publication.",true,2026-05-07T11:48:48.491192+00:00
5963|06_sps_case_count|case_count_manual_review_required|source_sps_case_count_registry.csv,5963,5963,"UNUSUAL ELECTROMYOGRAPHIC FINDINGS IN A PATIENT WITH PRESUMPTIVE HASHIMOTO'S THYROIDITIS, STIFF-PERSON SYNDROME, AND HERPES ZOSTER MYELORADICULITIS","Ha, J.; Gorin, F.; Zhang, L.; Oskarsson, B.; Maselli, R.",2015,Muscle & Nerve,06_sps_case_count,case_count_manual_review_required,medium,llm_candidate_exact,source_sps_case_count_registry.csv,count_manual_review_required,"challenge_stage=primary | verification_status=llm_candidate_exact | llm_count_confidence=medium | llm_selected_candidate_id=cand01 | This conference abstract reports a single individual case: a 59-year-old woman evaluated for concomitant Hashimoto's thyroiditis, stiff-person syndrome, and herpes zoster myeloradiculitis. The evidence supports 1 extractable SPS-spectrum patient, but because the title uses 'presumptive' and the candidate confidence is not high, manual review remains appropriate.","Review the count evidence, update the count manual-review ledger or gold corpus, and rerun the stage-06 publish step.",true,2026-04-19T11:36:30.603592+00:00
5970|05_proceedings_trim|proceedings_manual_review_queue|proceedings_manual_review_queue.csv,5970,5970,DON'T CALL THE PSYCHIATRIST JUST YET; A CASE REPORT OF STIFF-PERSON SYNDROME,"Hallak, A.; Hazam, R.; Amin, M. K.; Alhbshi, K.; Islam, S.; Saadaldin, M.",2020,Journal of General Internal Medicine,05_proceedings_trim,proceedings_manual_review_queue,medium,queued,proceedings_manual_review_queue.csv,manual_status,"Proceedings detected, but the best abstract block match is below the auto-trim confidence threshold.","Review target abstract boundaries, record the manual decision, and rerun proceedings-ready publication.",true,2026-05-07T11:48:48.491207+00:00
5985|06_sps_case_count|case_count_manual_review_required|source_sps_case_count_registry.csv,5985,5985,Plasmapheresis and immunosuppression in stiff-man syndrome with type 1 diabetes: A two year study,"Hao, W.; Davis, C.; Hirsch, I. B.; Eng, L.; Daniels, T.; Lernmark, A.",1998,Journal of Investigative Medicine,06_sps_case_count,case_count_manual_review_required,medium,llm_candidate_exact,source_sps_case_count_registry.csv,count_manual_review_required,"challenge_stage=primary | verification_status=llm_candidate_exact | llm_count_confidence=medium | llm_selected_candidate_id=cand01 | The full-text excerpt explicitly states, ""we report a patient with both SMS and type 1 diabetes,"" and then describes a single 36-year-old woman over a 2-year treatment period. This supports a count of 1 unique original SPS-spectrum patient, but confidence remains medium because the available text is partial and the heuristic basis was initially ambiguous.","Review the count evidence, update the count manual-review ledger or gold corpus, and rerun the stage-06 publish step.",true,2026-04-19T11:37:06.995510+00:00
5992|07_case_series_split|case_series_split_manual_review_required|case_series_split_registry.csv,5992,5992,Treatment resistant jerky stiff person syndrome,"Harrower, T. P.; Barker, R.; Baron, J.; Coles, A.",2006,Movement Disorders,07_case_series_split,case_series_split_manual_review_required,medium,manual_review_required,case_series_split_registry.csv,split_status,Could not find at least two distinct explicit case/patient headings.,Review case boundaries manually or mark the paper unsuitable for case-level splitting.,true,2026-05-07T11:48:48.539624+00:00
6000|05_proceedings_trim|proceedings_manual_review_queue|proceedings_manual_review_queue.csv,6000,6000,Distinct immune reactivity to GAD-65 in stiff man syndrome and type I diabetes,"Hawa, M. I.; Lohmann, T.; Leslie, R. D. G.; Londei, M.",1998,Diabetologia,05_proceedings_trim,proceedings_manual_review_queue,medium,queued,proceedings_manual_review_queue.csv,manual_status,"Proceedings detected, but the best abstract block match is below the auto-trim confidence threshold.","Review target abstract boundaries, record the manual decision, and rerun proceedings-ready publication.",true,2026-05-07T11:48:48.491219+00:00
6000|06_sps_case_count|case_count_manual_review_required|source_sps_case_count_registry.csv,6000,6000,Distinct immune reactivity to GAD-65 in stiff man syndrome and type I diabetes,"Hawa, M. I.; Lohmann, T.; Leslie, R. D. G.; Londei, M.",1998,Diabetologia,06_sps_case_count,case_count_manual_review_required,medium,llm_bounded_alternative,source_sps_case_count_registry.csv,count_manual_review_required,"challenge_stage=primary | verification_status=llm_bounded_alternative | llm_count_confidence=medium | The paper explicitly states that responses were compared in 8 stiff man syndrome (SMS) patients, which is an older term for SPS and indicates an original SPS-spectrum cohort. Although one assay later reports antibodies in only 6 SMS patients, that appears to be an analysis denominator rather than the total unique SMS cohort, so the safest extractable cohort count is 8.","Review the count evidence, update the count manual-review ledger or gold corpus, and rerun the stage-06 publish step.",true,2026-04-19T11:37:54.894002+00:00
6021|05_proceedings_trim|proceedings_manual_review_queue|proceedings_manual_review_queue.csv,6021,6021,Paraneoplastic stiff-person syndrome and anti-Ri antibodies in metastatic breast cancer,"Hoffmann, L. A.; Ditsch, N.; Kuempfel, T.; Dudel, C.; Wick, M.; Voltz, R.",2007,Journal of Neurology,05_proceedings_trim,proceedings_manual_review_queue,medium,queued,proceedings_manual_review_queue.csv,manual_status,"Proceedings detected, but the best abstract block match is below the auto-trim confidence threshold.","Review target abstract boundaries, record the manual decision, and rerun proceedings-ready publication.",true,2026-05-07T11:48:48.491231+00:00
6060|05b_proceedings_qc|proceedings_qc_follow_up_required|proceedings_text_qc_registry.csv,6060,6060,"Glycine Receptor Antibodies in Immune-Mediated Movement Disorders: Progressive Encephalomyelitis with Rigidity and Myoclonus, Opsoclonus-Myoclonus Syndrome, and Ocular Flutter Syndrome","Iizuka, T.; Urano, Y.; Miyakawa, S.; Hamada, J.; Leite, M. I.; Vincent, A.; Sakai, F.; Mochizuki, H.",2010,Neurology,05b_proceedings_qc,proceedings_qc_follow_up_required,high,partial_truncated,proceedings_text_qc_registry.csv,qc_status,Trim does not start at a detected proceedings header.,"Review proceedings QC, fix the target span if needed, and rerun proceedings-ready publication.",true,2026-04-06T13:57:29.724582+00:00
6068|05_proceedings_trim|proceedings_manual_review_queue|proceedings_manual_review_queue.csv,6068,6068,"Glycine receptor antibodies in progressive encephalomyelitis with rigidity and myclonus, hyperekplexia, stiff person syndrome and other neurological conditions","Isabel, L. M.; Patrick, W.; Cord-Michael, B.; Christian, J.; Benjamin, M.; Hans-Michael, M.; Angela, V.",2010,Journal of Neuroimmunology,05_proceedings_trim,proceedings_manual_review_queue,medium,queued,proceedings_manual_review_queue.csv,manual_status,"Proceedings detected, but the best abstract block match is below the auto-trim confidence threshold.","Review target abstract boundaries, record the manual decision, and rerun proceedings-ready publication.",true,2026-05-07T11:48:48.491244+00:00
6068|06_sps_case_count|case_count_manual_review_required|source_sps_case_count_registry.csv,6068,6068,"Glycine receptor antibodies in progressive encephalomyelitis with rigidity and myclonus, hyperekplexia, stiff person syndrome and other neurological conditions","Isabel, L. M.; Patrick, W.; Cord-Michael, B.; Christian, J.; Benjamin, M.; Hans-Michael, M.; Angela, V.",2010,Journal of Neuroimmunology,06_sps_case_count,case_count_manual_review_required,medium,llm_bounded_alternative,source_sps_case_count_registry.csv,count_manual_review_required,"challenge_stage=primary | verification_status=llm_bounded_alternative | llm_count_confidence=medium | The paper explicitly reports an original Heidelberg cohort of 47 patients with diagnoses of SPS, PERM, or hyperekplexia, all within or adjacent to the SPS-spectrum of interest except hyperekplexia. Because the cohort is mixed and the exact SPS-spectrum subset within the 47 is not separated from hyperekplexia, zero is not supported, but the safest explicit bounded count evidenced in the text is 47 as an upper bound requiring human review.","Review the count evidence, update the count manual-review ledger or gold corpus, and rerun the stage-06 publish step.",true,2026-04-19T11:39:50.018954+00:00
6072|04_source_categorisation|source_category_manual_review_required|paper_artifact_registry.csv,6072,6072,Progressive encephalomyelitis with rigidity associated with anti-amphiphysin antibodies,"Ishii, A.; Hayashi, A.; Ohkoshi, N.; Matsuno, S.; Shoji, S.",2004,Journal of Neurology Neurosurgery and Psychiatry,04_source_categorisation,source_category_manual_review_required,medium,review_source_category,paper_artifact_registry.csv,source_manual_review_required,"The extracted text does not match the title or topic of the paper in the metadata. There is no evidence of original SPS-spectrum patient data, nor any mention of anti-amphiphysin antibodies or progressive encephalomyelitis with rigidity. Manual review is required to resolve this discrepancy.",Review source category/routing and update the source categorisation manual-review ledger.,true,2026-04-05T20:46:33.403562+00:00
6072|06_sps_case_count|case_count_manual_review_required|source_sps_case_count_registry.csv,6072,6072,Progressive encephalomyelitis with rigidity associated with anti-amphiphysin antibodies,"Ishii, A.; Hayashi, A.; Ohkoshi, N.; Matsuno, S.; Shoji, S.",2004,Journal of Neurology Neurosurgery and Psychiatry,06_sps_case_count,case_count_manual_review_required,medium,llm_candidate_exact,source_sps_case_count_registry.csv,count_manual_review_required,"challenge_stage=primary | verification_status=llm_candidate_exact | llm_count_confidence=medium | llm_selected_candidate_id=cand01 | The full-text excerpt explicitly states 'we report a case of PER' and then provides a detailed case report of a 37-year-old woman, supporting a single original SPS-spectrum patient (PER is within SPSD). Although the paper appears to be a single-case report, provenance uncertainty remains because one sentence notes that Matsuno et al also reported the clinical features of this patient, so human review is still warranted.","Review the count evidence, update the count manual-review ledger or gold corpus, and rerun the stage-06 publish step.",true,2026-04-19T11:40:09.365696+00:00
6073|06_sps_case_count|case_count_manual_review_required|source_sps_case_count_registry.csv,6073,6073,Detection of gephyrin antibody in stiff-person syndrome,"Ishii, A.; Hayashi, A.; Ohkoshi, N.; Shoji, S.",2002,Journal of the Neurological Sciences,06_sps_case_count,case_count_manual_review_required,medium,llm_candidate_exact,source_sps_case_count_registry.csv,count_manual_review_required,"challenge_stage=primary | verification_status=llm_candidate_exact | llm_count_confidence=medium | llm_selected_candidate_id=cand02 | The paper explicitly reports that the authors examined autoantibody against gephyrin in 5 patients with stiff-person syndrome in Japan, and the results account for 1 positive and 4 negative SPS patients, supporting a unique SPS cohort of 5. Because this is a lab-heavy excerpted conference-style text with limited provenance detail, manual review remains appropriate despite the explicit count.","Review the count evidence, update the count manual-review ledger or gold corpus, and rerun the stage-06 publish step.",true,2026-04-19T11:40:30.882249+00:00
6089|05_proceedings_trim|proceedings_manual_review_queue|proceedings_manual_review_queue.csv,6089,6089,STIFF-LIMB SYNDROME WITH IDENTIFICATION OF GLUTAMIC ACID ANTIDECARBOXYLASE ANTIBODY GAD65: A CASE REPORT,"Jaramillo, N.; Pena, C.",2020,Muscle & Nerve,05_proceedings_trim,proceedings_manual_review_queue,medium,queued,proceedings_manual_review_queue.csv,manual_status,"Proceedings detected, but the best abstract block match is below the auto-trim confidence threshold.","Review target abstract boundaries, record the manual decision, and rerun proceedings-ready publication.",true,2026-05-07T11:48:48.491257+00:00
6089|05_proceedings_trim|trim_manual_review_required|text_trim_registry.csv,6089,6089,STIFF-LIMB SYNDROME WITH IDENTIFICATION OF GLUTAMIC ACID ANTIDECARBOXYLASE ANTIBODY GAD65: A CASE REPORT,"Jaramillo, N.; Pena, C.",2020,Muscle & Nerve,05_proceedings_trim,trim_manual_review_required,medium,manual_review_required,text_trim_registry.csv,trim_status,Matched entry appears truncated or lacks sufficient abstract body content.,Revisit proceedings localisation and publish a safe proceedings-ready text layer.,true,2026-05-07T11:48:48.496547+00:00
6089|05b_proceedings_qc|proceedings_qc_follow_up_required|proceedings_text_qc_registry.csv,6089,6089,STIFF-LIMB SYNDROME WITH IDENTIFICATION OF GLUTAMIC ACID ANTIDECARBOXYLASE ANTIBODY GAD65: A CASE REPORT,"Jaramillo, N.; Pena, C.",2020,Muscle & Nerve,05b_proceedings_qc,proceedings_qc_follow_up_required,medium,untrimmed_localised,proceedings_text_qc_registry.csv,qc_status,Target appears localised in full proceedings text; trimming/manual review is still required.,"Review proceedings QC, fix the target span if needed, and rerun proceedings-ready publication.",true,2026-04-06T13:57:30.165873+00:00
6128|05_proceedings_trim|proceedings_manual_review_queue|proceedings_manual_review_queue.csv,6128,6128,"Rituximab therapy in a patient with recurrent Hashimoto's encephalitis, anti-GAD antibodies and progressive encephalomyelitis with rigidity and myoclonus","Kassar, D.; Damodaram, S.; Chand, P.; Iyadurai, S.",2012,Journal of Neurology,05_proceedings_trim,proceedings_manual_review_queue,medium,queued,proceedings_manual_review_queue.csv,manual_status,"Proceedings detected, but the best abstract block match is below the auto-trim confidence threshold.","Review target abstract boundaries, record the manual decision, and rerun proceedings-ready publication.",true,2026-05-07T11:48:48.491269+00:00
6141|05_proceedings_trim|proceedings_manual_review_queue|proceedings_manual_review_queue.csv,6141,6141,Patient with stiff-person syndrome and negative anti-GAD antibodies,"Petelin, Z.; Brinar, V.; Honnorat, J.; Budisic, Z.; Podolski, P.",2007,Journal of Neurology,05_proceedings_trim,proceedings_manual_review_queue,medium,queued,proceedings_manual_review_queue.csv,manual_status,"Proceedings detected, but the best abstract block match is below the auto-trim confidence threshold.","Review target abstract boundaries, record the manual decision, and rerun proceedings-ready publication.",true,2026-05-07T11:48:48.491280+00:00
6141|05_proceedings_trim|trim_manual_review_required|text_trim_registry.csv,6141,6141,Patient with stiff-person syndrome and negative anti-GAD antibodies,"Petelin, Z.; Brinar, V.; Honnorat, J.; Budisic, Z.; Podolski, P.",2007,Journal of Neurology,05_proceedings_trim,trim_manual_review_required,high,header_only_source,text_trim_registry.csv,trim_status,Matched entry appears to contain header-only listing without abstract body.,Revisit proceedings localisation and publish a safe proceedings-ready text layer.,true,2026-05-07T11:48:48.496560+00:00
6141|05b_proceedings_qc|proceedings_qc_follow_up_required|proceedings_text_qc_registry.csv,6141,6141,Patient with stiff-person syndrome and negative anti-GAD antibodies,"Petelin, Z.; Brinar, V.; Honnorat, J.; Budisic, Z.; Podolski, P.",2007,Journal of Neurology,05b_proceedings_qc,proceedings_qc_follow_up_required,high,header_only_source,proceedings_text_qc_registry.csv,qc_status,Matched source appears to be a title/author listing without abstract body text.,"Review proceedings QC, fix the target span if needed, and rerun proceedings-ready publication.",true,2026-04-06T13:57:38.344321+00:00
6198|06_sps_case_count|case_count_manual_review_required|source_sps_case_count_registry.csv,6198,6198,ASSOCIATION OF HLA-DQB1-ASTERISK-0201 WITH STIFF-MAN SYNDROME,"Pugliese, A.; Solimena, M.; Awdeh, Z. L.; Alper, C. A.; Bugawan, T.; Erlich, H. A.; Decamilli, P.; Eisenbarth, G. S.",1993,Journal of Clinical Endocrinology & Metabolism,06_sps_case_count,case_count_manual_review_required,medium,llm_candidate_exact,source_sps_case_count_registry.csv,count_manual_review_required,"challenge_stage=primary | verification_status=llm_candidate_exact | llm_count_confidence=high | llm_selected_candidate_id=cand02 | The paper explicitly reports an original diagnosis-specific cohort of 18 patients with stiff-man syndrome (older term for SPS). This supports selecting the 18-patient SPS-spectrum subgroup count, but manual review remains required because the evidence pack flags original cohort provenance uncertainty and mentions externally provided blood samples.","Review the count evidence, update the count manual-review ledger or gold corpus, and rerun the stage-06 publish step.",true,2026-04-19T11:43:14.505133+00:00
6198|07_case_series_split|case_series_split_manual_review_required|case_series_split_registry.csv,6198,6198,ASSOCIATION OF HLA-DQB1-ASTERISK-0201 WITH STIFF-MAN SYNDROME,"Pugliese, A.; Solimena, M.; Awdeh, Z. L.; Alper, C. A.; Bugawan, T.; Erlich, H. A.; Decamilli, P.; Eisenbarth, G. S.",1993,Journal of Clinical Endocrinology & Metabolism,07_case_series_split,case_series_split_manual_review_required,medium,manual_review_required,case_series_split_registry.csv,split_status,Could not find at least two distinct explicit case/patient headings.,Review case boundaries manually or mark the paper unsuitable for case-level splitting.,true,2026-05-07T11:48:48.539636+00:00
6204|05_proceedings_trim|proceedings_manual_review_queue|proceedings_manual_review_queue.csv,6204,6204,Stiff Main syndrome good outcome after methylprednisolone pulse,"Rafai, M. A.; Oumari, S.; Boulaajaj, F. Z.; El Moutawakkil, B.; Slassi, I.",2009,Movement Disorders,05_proceedings_trim,proceedings_manual_review_queue,medium,queued,proceedings_manual_review_queue.csv,manual_status,"Proceedings detected, but the best abstract block match is below the auto-trim confidence threshold.","Review target abstract boundaries, record the manual decision, and rerun proceedings-ready publication.",true,2026-05-07T11:48:48.491292+00:00
6219|05_proceedings_trim|proceedings_manual_review_queue|proceedings_manual_review_queue.csv,6219,6219,Visual-induced startle reactions in a patient with stiff limb syndrome,"Schestatsky, P.; Pizzol, A. D.; Cabral, L.; Schuh, A. S.; Roriz-Cruz, M.; Batistela, F.; Monte, T. L.; Bianchin, M. M.; Rieder, C. R. M.",2010,Movement Disorders,05_proceedings_trim,proceedings_manual_review_queue,medium,queued,proceedings_manual_review_queue.csv,manual_status,"Proceedings detected, but the best abstract block match is below the auto-trim confidence threshold.","Review target abstract boundaries, record the manual decision, and rerun proceedings-ready publication.",true,2026-05-07T11:48:48.491304+00:00
6219|05_proceedings_trim|trim_manual_review_required|text_trim_registry.csv,6219,6219,Visual-induced startle reactions in a patient with stiff limb syndrome,"Schestatsky, P.; Pizzol, A. D.; Cabral, L.; Schuh, A. S.; Roriz-Cruz, M.; Batistela, F.; Monte, T. L.; Bianchin, M. M.; Rieder, C. R. M.",2010,Movement Disorders,05_proceedings_trim,trim_manual_review_required,medium,manual_review_required,text_trim_registry.csv,trim_status,Matched entry appears truncated or lacks sufficient abstract body content.,Revisit proceedings localisation and publish a safe proceedings-ready text layer.,true,2026-05-07T11:48:48.496572+00:00
6219|05b_proceedings_qc|proceedings_qc_follow_up_required|proceedings_text_qc_registry.csv,6219,6219,Visual-induced startle reactions in a patient with stiff limb syndrome,"Schestatsky, P.; Pizzol, A. D.; Cabral, L.; Schuh, A. S.; Roriz-Cruz, M.; Batistela, F.; Monte, T. L.; Bianchin, M. M.; Rieder, C. R. M.",2010,Movement Disorders,05b_proceedings_qc,proceedings_qc_follow_up_required,medium,untrimmed_localised,proceedings_text_qc_registry.csv,qc_status,Target appears localised in full proceedings text; trimming/manual review is still required.,"Review proceedings QC, fix the target span if needed, and rerun proceedings-ready publication.",true,2026-04-06T13:57:50.683712+00:00
6248|06_sps_case_count|case_count_manual_review_required|source_sps_case_count_registry.csv,6248,6248,Novel Use of Dual Immunomodulation To Treat the Cerebellar Variant of Stiff-Person Syndrome (SPS),"Sengupta, S.; Tarsy, D.; Jeyapalan, S.",2009,Neurology,06_sps_case_count,case_count_manual_review_required,medium,llm_bounded_alternative,source_sps_case_count_registry.csv,count_manual_review_required,"challenge_stage=primary | verification_status=llm_bounded_alternative | llm_count_confidence=medium | The paper explicitly describes an original case report of a single cerebellar-variant stiff-person syndrome patient treated with dual immunomodulation. The cited counts of 5/38 and 3/61 refer to prior case series, not this paper's original cohort, so the best supported extractable count is 1 rather than the forced-zero candidate.","Review the count evidence, update the count manual-review ledger or gold corpus, and rerun the stage-06 publish step.",true,2026-04-19T11:44:10.369061+00:00
6268|05b_proceedings_qc|proceedings_qc_follow_up_required|proceedings_text_qc_registry.csv,6268,6268,Quantitative analysis of the silent period in the stiff-person syndrome,"Shatzel, A. J.; Fenton, G.; Maselli, R. A.",2004,Muscle & Nerve,05b_proceedings_qc,proceedings_qc_follow_up_required,medium,untrimmed_localised,proceedings_text_qc_registry.csv,qc_status,Target appears localised in full proceedings text; trimming/manual review is still required.,"Review proceedings QC, fix the target span if needed, and rerun proceedings-ready publication.",true,2026-04-06T13:57:50.776868+00:00
6271|05_proceedings_trim|proceedings_manual_review_queue|proceedings_manual_review_queue.csv,6271,6271,Dementia in elderly male with Stiff man syndrome,"Sheyner, I.; Cutillar, M.",2007,Journal of the American Geriatrics Society,05_proceedings_trim,proceedings_manual_review_queue,medium,queued,proceedings_manual_review_queue.csv,manual_status,"Proceedings detected, but the best abstract block match is below the auto-trim confidence threshold.","Review target abstract boundaries, record the manual decision, and rerun proceedings-ready publication.",true,2026-05-07T11:48:48.491316+00:00
6278|05_proceedings_trim|proceedings_manual_review_queue|proceedings_manual_review_queue.csv,6278,6278,Unusual Presentation of Paraneoplastic Stiff-Person Syndrome with Underlying Breast Cancer,"Shrestha, A.; Mihalova, T.; Burns, D.; Jennens, H.; Etti, R.",2012,Annals of Neurology,05_proceedings_trim,proceedings_manual_review_queue,medium,queued,proceedings_manual_review_queue.csv,manual_status,"Proceedings detected, but the best abstract block match is below the auto-trim confidence threshold.","Review target abstract boundaries, record the manual decision, and rerun proceedings-ready publication.",true,2026-05-07T11:48:48.491331+00:00
6310|06_sps_case_count|case_count_manual_review_required|source_sps_case_count_registry.csv,6310,6310,"CHARACTERIZATION OF CD4+T CELLS SPECIFIC FOR GLUTAMIC ACID DECARBOXYLASE (GAD65) AND PROINSULIN IN A PATIENT WITH EPILEPSY AND STIFF-PERSON SYNDROME, BUT WITHOUT TYPE 1 DIABETES","Soilu-Hanninen, M.; Hanninen, A.; Hampe, C. S.; Deptula, A.; Geubtner, K.; Knip, M.; Reijonen, H.",2010,Epilepsia,06_sps_case_count,case_count_manual_review_required,medium,llm_candidate_exact,source_sps_case_count_registry.csv,count_manual_review_required,"challenge_stage=primary | verification_status=llm_candidate_exact | llm_count_confidence=medium | llm_selected_candidate_id=cand01 | The paper is framed throughout as a single-patient report, with the title and abstract explicitly describing 'a patient with SPS' and follow-up of that individual. This supports a count of 1 unique SPS-spectrum case, but manual review remains appropriate because the evidence pack flags original cohort provenance uncertainty from previously described methods and confidence is not high.","Review the count evidence, update the count manual-review ledger or gold corpus, and rerun the stage-06 publish step.",true,2026-04-19T11:45:42.967314+00:00
6321|05_proceedings_trim|proceedings_manual_review_queue|proceedings_manual_review_queue.csv,6321,6321,Stiff person syndrome,"Sommer, C.",2007,Journal of Neural Transmission,05_proceedings_trim,proceedings_manual_review_queue,medium,queued,proceedings_manual_review_queue.csv,manual_status,No abstract block could be segmented from the proceedings text.,"Review target abstract boundaries, record the manual decision, and rerun proceedings-ready publication.",true,2026-05-07T11:48:48.491342+00:00
6321|06_sps_case_count|case_count_manual_review_required|source_sps_case_count_registry.csv,6321,6321,Stiff person syndrome,"Sommer, C.",2007,Journal of Neural Transmission,06_sps_case_count,case_count_manual_review_required,medium,llm_candidate_exact,source_sps_case_count_registry.csv,count_manual_review_required,"challenge_stage=primary | verification_status=llm_candidate_exact | llm_count_confidence=medium | llm_selected_candidate_id=cand01 | The excerpt explicitly mentions IgG purified from 'a patient with anti-amphiphysin positive stiff person syndrome,' which supports at least one original SPS-spectrum patient being present in the paper. However, the paper appears largely experimental/animal-model focused and the source routing is unclear, so the single-case count should be retained with manual review.","Review the count evidence, update the count manual-review ledger or gold corpus, and rerun the stage-06 publish step.",true,2026-04-19T11:46:02.655795+00:00
6413|05b_proceedings_qc|proceedings_qc_follow_up_required|proceedings_text_qc_registry.csv,6413,6413,Stiff person plus syndrome and voltage gated potassium channel antibody associated cognitive impairment: New evidence for an association?,"McGuigan, C.; Buckley, C.; Chang, T.; Vincent, A.; Everitt, E.",2006,Journal of Neurology Neurosurgery and Psychiatry,05b_proceedings_qc,proceedings_qc_follow_up_required,medium,untrimmed_localised,proceedings_text_qc_registry.csv,qc_status,Target appears localised in full proceedings text; trimming/manual review is still required.,"Review proceedings QC, fix the target span if needed, and rerun proceedings-ready publication.",true,2026-04-06T13:57:55.794386+00:00
6442|05_proceedings_trim|proceedings_manual_review_queue|proceedings_manual_review_queue.csv,6442,6442,Absence of cutaneous silent period changes in a patient with stiff person syndrome,"Mekideche, A.; Kuzmanovic, I.; Sottas, C.; Truffert, A.",2011,Journal of Neurology,05_proceedings_trim,proceedings_manual_review_queue,medium,queued,proceedings_manual_review_queue.csv,manual_status,"Proceedings detected, but the best abstract block match is below the auto-trim confidence threshold.","Review target abstract boundaries, record the manual decision, and rerun proceedings-ready publication.",true,2026-05-07T11:48:48.491355+00:00
6442|05_proceedings_trim|trim_manual_review_required|text_trim_registry.csv,6442,6442,Absence of cutaneous silent period changes in a patient with stiff person syndrome,"Mekideche, A.; Kuzmanovic, I.; Sottas, C.; Truffert, A.",2011,Journal of Neurology,05_proceedings_trim,trim_manual_review_required,medium,manual_review_required,text_trim_registry.csv,trim_status,Matched entry appears truncated or lacks sufficient abstract body content.,Revisit proceedings localisation and publish a safe proceedings-ready text layer.,true,2026-05-07T11:48:48.496587+00:00
6442|05b_proceedings_qc|proceedings_qc_follow_up_required|proceedings_text_qc_registry.csv,6442,6442,Absence of cutaneous silent period changes in a patient with stiff person syndrome,"Mekideche, A.; Kuzmanovic, I.; Sottas, C.; Truffert, A.",2011,Journal of Neurology,05b_proceedings_qc,proceedings_qc_follow_up_required,medium,untrimmed_localised,proceedings_text_qc_registry.csv,qc_status,Target appears localised in full proceedings text; trimming/manual review is still required.,"Review proceedings QC, fix the target span if needed, and rerun proceedings-ready publication.",true,2026-04-06T13:57:57.487080+00:00
6444|05b_proceedings_qc|proceedings_qc_follow_up_required|proceedings_text_qc_registry.csv,6444,6444,Clinical spectrum of stiff person syndrome associated with glutamic acid decarboxylase antibodies,"Memon, A.; Rathnam, A.; Zaman, I.; Sripathi, N.",2020,Neurology,05b_proceedings_qc,proceedings_qc_follow_up_required,medium,untrimmed_localised,proceedings_text_qc_registry.csv,qc_status,Target appears localised in full proceedings text; trimming/manual review is still required.,"Review proceedings QC, fix the target span if needed, and rerun proceedings-ready publication.",true,2026-04-06T13:57:57.491509+00:00
6474|05_proceedings_trim|proceedings_manual_review_queue|proceedings_manual_review_queue.csv,6474,6474,Plasmapheresis in treatment of stiff-man syndrome with a negative anti-GAD antibody,"Svatova, J.; Machova, H.; Pitha, J.",2002,Movement Disorders,05_proceedings_trim,proceedings_manual_review_queue,medium,queued,proceedings_manual_review_queue.csv,manual_status,"Proceedings detected, but the best abstract block match is below the auto-trim confidence threshold.","Review target abstract boundaries, record the manual decision, and rerun proceedings-ready publication.",true,2026-05-07T11:48:48.491367+00:00
6553|05_proceedings_trim|proceedings_manual_review_queue|proceedings_manual_review_queue.csv,6553,6553,Glycine receptor antibody-positive progressive encephalomyelitis with rigidity and myoclonus: A disease with variable clinical course,"Vanacker, P.; Peeters, E.; Schrooten, M.; Woodhall, M.; Vincent, A.; Vandenberghe, W.",2012,Movement Disorders,05_proceedings_trim,proceedings_manual_review_queue,medium,queued,proceedings_manual_review_queue.csv,manual_status,"Proceedings detected, but the best abstract block match is below the auto-trim confidence threshold.","Review target abstract boundaries, record the manual decision, and rerun proceedings-ready publication.",true,2026-05-07T11:48:48.491381+00:00
6553|05b_proceedings_qc|proceedings_qc_follow_up_required|proceedings_text_qc_registry.csv,6553,6553,Glycine receptor antibody-positive progressive encephalomyelitis with rigidity and myoclonus: A disease with variable clinical course,"Vanacker, P.; Peeters, E.; Schrooten, M.; Woodhall, M.; Vincent, A.; Vandenberghe, W.",2012,Movement Disorders,05b_proceedings_qc,proceedings_qc_follow_up_required,high,partial_truncated,proceedings_text_qc_registry.csv,qc_status,Matched text appears related but likely incomplete/truncated.,"Review proceedings QC, fix the target span if needed, and rerun proceedings-ready publication.",true,2026-04-06T13:58:06.183126+00:00
6553|07_case_series_split|case_series_split_manual_review_required|case_series_split_registry.csv,6553,6553,Glycine receptor antibody-positive progressive encephalomyelitis with rigidity and myoclonus: A disease with variable clinical course,"Vanacker, P.; Peeters, E.; Schrooten, M.; Woodhall, M.; Vincent, A.; Vandenberghe, W.",2012,Movement Disorders,07_case_series_split,case_series_split_manual_review_required,medium,manual_review_required,case_series_split_registry.csv,split_status,Could not find at least two distinct explicit case/patient headings.,Review case boundaries manually or mark the paper unsuitable for case-level splitting.,true,2026-05-07T11:48:48.539698+00:00
6561|06_sps_case_count|case_count_manual_review_required|source_sps_case_count_registry.csv,6561,6561,Anti-GAD antibody-positive myoclonic leg jerks,"Velardo, D.; Nuara, A.; Martinelli, V.; Comi, G.; Fazio, R.",2015,Neurological Sciences,06_sps_case_count,case_count_manual_review_required,medium,llm_candidate_exact,source_sps_case_count_registry.csv,count_manual_review_required,"challenge_stage=primary | verification_status=llm_candidate_exact | llm_count_confidence=medium | llm_selected_candidate_id=cand01 | This paper is written as a single-patient case report and repeatedly refers to one patient throughout the case description. The reported phenotype is anti-GAD-positive myoclonic leg jerks with prior trunk stiffening and discussion of SPS-spectrum hyperexcitability disorders, so the best-supported extractable count is 1, though spectrum placement is not fully explicit enough for high confidence.","Review the count evidence, update the count manual-review ledger or gold corpus, and rerun the stage-06 publish step.",true,2026-04-19T12:00:28.067585+00:00
6615|05b_proceedings_qc|proceedings_qc_follow_up_required|proceedings_text_qc_registry.csv,6615,6615,A Clinical Characterization of Stiff Person Syndrome Spectrum Disorders,"Wang, Y. J.; Tian, F.; Aljarallah, S.; Fitzgerald, K.; Newsome, S. D.",2020,Neurology,05b_proceedings_qc,proceedings_qc_follow_up_required,medium,untrimmed_localised,proceedings_text_qc_registry.csv,qc_status,Target appears localised in full proceedings text; trimming/manual review is still required.,"Review proceedings QC, fix the target span if needed, and rerun proceedings-ready publication.",true,2026-04-06T13:58:06.188364+00:00
6639|05_proceedings_trim|proceedings_manual_review_queue|proceedings_manual_review_queue.csv,6639,6639,Severe refractory stiff-person syndrome responding to rituximab therapy,"Whetton, E.; Ealing, J.; Bruce, I.; McKee, D.",2008,Journal of Neurology,05_proceedings_trim,proceedings_manual_review_queue,medium,queued,proceedings_manual_review_queue.csv,manual_status,"Proceedings detected, but the best abstract block match is below the auto-trim confidence threshold.","Review target abstract boundaries, record the manual decision, and rerun proceedings-ready publication.",true,2026-05-07T11:48:48.491395+00:00
6639|06_sps_case_count|case_count_manual_review_required|source_sps_case_count_registry.csv,6639,6639,Severe refractory stiff-person syndrome responding to rituximab therapy,"Whetton, E.; Ealing, J.; Bruce, I.; McKee, D.",2008,Journal of Neurology,06_sps_case_count,case_count_manual_review_required,medium,llm_candidate_exact,source_sps_case_count_registry.csv,count_manual_review_required,"challenge_stage=primary | verification_status=llm_candidate_exact | llm_count_confidence=medium | llm_selected_candidate_id=cand01 | The text explicitly describes a single original case report: a 48-year-old woman with clinically and serologically confirmed stiff person syndrome. Candidate 1 best matches this evidence, but manual review remains appropriate because the paper itself notes the case 'adds weight to a previously published case report,' creating provenance overlap uncertainty.","Review the count evidence, update the count manual-review ledger or gold corpus, and rerun the stage-06 publish step.",true,2026-04-19T12:01:34.355645+00:00
6664|06_sps_case_count|case_count_manual_review_required|source_sps_case_count_registry.csv,6664,6664,ATADI encephalopathy and stiff baby syndrome: a recognizable clinical presentation,"Wolf, N. I.; Zschocke, J.; Jakobs, C.; Rating, D.; Hoffmann, G. F.",2018,Brain,06_sps_case_count,case_count_manual_review_required,medium,llm_candidate_exact,source_sps_case_count_registry.csv,count_manual_review_required,"challenge_stage=primary | verification_status=llm_candidate_exact | llm_count_confidence=medium | llm_selected_candidate_id=cand01 | The paper is a letter describing one original female infant patient from a third family with 'stiff baby' presentation and detailed clinical findings. Although this is not classic SPS-spectrum terminology and the source routing is uncertain, the text supports a single original case more than zero.","Review the count evidence, update the count manual-review ledger or gold corpus, and rerun the stage-06 publish step.",true,2026-04-19T12:02:21.107099+00:00
6690|04_source_categorisation|source_category_manual_review_required|paper_artifact_registry.csv,6690,6690,Development of adenocarcinoma in stiff person syndrome (SPS) patients with anti-GAD antibodies: Report of 2 cases with SPS-specific antigens in their tumors,"Rakocevic, G.; Semino-Mora, C.; Dalakas, M. C.",2007,Annals of Neurology,04_source_categorisation,source_category_manual_review_required,medium,review_source_category_then_langextract,paper_artifact_registry.csv,source_manual_review_required,"validator_flags=EVIDENCE_NO_PAGES | The extracted text does not match the metadata for the paper titled 'Development of adenocarcinoma in stiff person syndrome (SPS) patients with anti-GAD antibodies: Report of 2 cases with SPS-specific antigens in their tumors.' Instead, it contains abstracts on dementia and Alzheimer's disease. Therefore, no SPS-spectrum patient data can be confirmed from the available text.",Review source category/routing and update the source categorisation manual-review ledger.,true,2026-04-05T20:57:35.358722+00:00
6691|06_sps_case_count|case_count_manual_review_required|source_sps_case_count_registry.csv,6691,6691,Stiff person syndrome with cerebellar disease and epitope-specific anti-GAD antibodies,"Rakocevic, G.; Semino-Mora, C.; Raju, R.; Dalakas, M. C.",2005,Annals of Neurology,06_sps_case_count,case_count_manual_review_required,medium,llm_candidate_exact,source_sps_case_count_registry.csv,count_manual_review_required,"challenge_stage=challenge | verification_status=llm_candidate_exact | llm_count_confidence=medium | challenge_reasons=local_safer_abstention_conflict=0 vs 4 | llm_selected_candidate_id=cand01 | The excerpt explicitly states, ""we describe four anti-GAD–positive patients with typical SPS who developed severe cerebellar disease,"" which supports 4 unique original SPS-spectrum cases in this paper. Because the source routing is unclear and the evidence comes from a brief proceedings-style excerpt, the count is best matched to candidate 4 but should still receive manual review.","Review the count evidence, update the count manual-review ledger or gold corpus, and rerun the stage-06 publish step.",true,2026-04-19T12:04:33.430860+00:00
6691|07_case_series_split|case_series_split_manual_review_required|case_series_split_registry.csv,6691,6691,Stiff person syndrome with cerebellar disease and epitope-specific anti-GAD antibodies,"Rakocevic, G.; Semino-Mora, C.; Raju, R.; Dalakas, M. C.",2005,Annals of Neurology,07_case_series_split,case_series_split_manual_review_required,medium,manual_review_required,case_series_split_registry.csv,split_status,Conference abstract proceedings QC status 'full_text_partial_match' is not safe for auto-splitting.,Review case boundaries manually or mark the paper unsuitable for case-level splitting.,true,2026-05-07T11:48:48.539724+00:00
6692|06_sps_case_count|case_count_manual_review_required|source_sps_case_count_registry.csv,6692,6692,Biased usage of the T-cell-receptor (TCR) b-chain-variable-region (Vb) of CD4+ peripheral-blood-lymphocytes (PBL) in patients with stiff person syndrome (SPS),"Rakocevic, G.; Shatunov, A.; Raju, R.; Goldfarb, L. G.; Dalakas, M. C.",2007,Neurology,06_sps_case_count,case_count_manual_review_required,medium,llm_bounded_alternative,source_sps_case_count_registry.csv,count_manual_review_required,"challenge_stage=primary | verification_status=llm_bounded_alternative | llm_count_confidence=medium | The abstract explicitly reports an original cohort of 12 anti-GAD-antibody-positive SPS patients studied in peripheral blood; the 7-patient figure is a longitudinal CD4+ subset drawn from those 12, not additional unique cases. Because the only listed candidate is a forced zero and provenance uncertainty remains, the best supported extractable count is a bounded alternative of 12 with manual review retained.","Review the count evidence, update the count manual-review ledger or gold corpus, and rerun the stage-06 publish step.",true,2026-04-19T12:05:01.657526+00:00
6723|05b_proceedings_qc|proceedings_qc_follow_up_required|proceedings_text_qc_registry.csv,6723,6723,"Stiff-Man Syndrome: Clinical Course, Treatments and Outcomes","Robinson, M. T.; Pittock, S. J.; Lennon, V. A.; Ahlskog, J. E.; McEvoy, K. M.; Matsumoto, J. Y.; McKeon, A.",2010,Annals of Neurology,05b_proceedings_qc,proceedings_qc_follow_up_required,medium,untrimmed_localised,proceedings_text_qc_registry.csv,qc_status,Target appears localised in full proceedings text; trimming/manual review is still required.,"Review proceedings QC, fix the target span if needed, and rerun proceedings-ready publication.",true,2026-04-06T13:58:11.577112+00:00
6726|05_proceedings_trim|proceedings_manual_review_queue|proceedings_manual_review_queue.csv,6726,6726,Parkinsonism related to progressive encephalomyelitis with rigidity and myoclonus,"Rodier, G.; Boulay, C.; Anheim, M.; Courtois, S.; Tranchant, C.",2006,Movement Disorders,05_proceedings_trim,proceedings_manual_review_queue,medium,queued,proceedings_manual_review_queue.csv,manual_status,No abstract block could be segmented from the proceedings text.,"Review target abstract boundaries, record the manual decision, and rerun proceedings-ready publication.",true,2026-05-07T11:48:48.491407+00:00
6746|05b_proceedings_qc|proceedings_qc_follow_up_required|proceedings_text_qc_registry.csv,6746,6746,Ophthalmoplegia and Downbeat Nystagmus in Stiff-Person Syndrome,"Rucker, J. C.; Szewka, A.",2009,Neurology,05b_proceedings_qc,proceedings_qc_follow_up_required,high,partial_truncated,proceedings_text_qc_registry.csv,qc_status,Trim does not start at a detected proceedings header.,"Review proceedings QC, fix the target span if needed, and rerun proceedings-ready publication.",true,2026-04-06T13:58:13.151767+00:00
6746|06_sps_case_count|case_count_manual_review_required|source_sps_case_count_registry.csv,6746,6746,Ophthalmoplegia and Downbeat Nystagmus in Stiff-Person Syndrome,"Rucker, J. C.; Szewka, A.",2009,Neurology,06_sps_case_count,case_count_manual_review_required,medium,llm_candidate_exact,source_sps_case_count_registry.csv,count_manual_review_required,"challenge_stage=primary | verification_status=llm_candidate_exact | llm_count_confidence=medium | llm_selected_candidate_id=cand01 | The abstract explicitly describes a single 19-year-old woman with SPS supported by GAD antibodies, which supports counting 1 original SPS-spectrum case. However, because the evidence pack flags original-cohort provenance uncertainty and the abstract discusses prior reported cases, manual review remains appropriate.","Review the count evidence, update the count manual-review ledger or gold corpus, and rerun the stage-06 publish step.",true,2026-04-19T12:06:56.926896+00:00
6747|06_sps_case_count|case_count_manual_review_required|source_sps_case_count_registry.csv,6747,6747,"Paraneoplastic syndromes of the spinal cord, nerve, and muscle","Rudnicki, S. A.; Dalmau, J.",2000,Muscle & Nerve,06_sps_case_count,case_count_manual_review_required,medium,llm_candidate_exact,source_sps_case_count_registry.csv,count_manual_review_required,"challenge_stage=primary | verification_status=llm_candidate_exact | llm_count_confidence=medium | llm_selected_candidate_id=cand02 | The provided text identifies this paper as an invited review focused broadly on paraneoplastic syndromes and does not supply extractable original SPS-spectrum patient data. Because the source routing is unclear and only limited excerpts are available, the safest supported choice is the zero-count candidate, but it should still receive manual review.","Review the count evidence, update the count manual-review ledger or gold corpus, and rerun the stage-06 publish step.",true,2026-04-19T12:07:16.086347+00:00
6756|05_proceedings_trim|proceedings_manual_review_queue|proceedings_manual_review_queue.csv,6756,6756,NEUROLEPTIC MALIGNANT SYNDROME IN STIFF PERSON SYNDROME,"Sachdev, A.; Moussa, S.",2016,Muscle & Nerve,05_proceedings_trim,proceedings_manual_review_queue,medium,queued,proceedings_manual_review_queue.csv,manual_status,"Proceedings detected, but the best abstract block match is below the auto-trim confidence threshold.","Review target abstract boundaries, record the manual decision, and rerun proceedings-ready publication.",true,2026-05-07T11:48:48.491419+00:00
6778|06_sps_case_count|case_count_manual_review_required|source_sps_case_count_registry.csv,6778,6778,Motor cortex excitability in stiff-person syndrome,"Sandbrink, F.; Syed, N. A.; Fujii, M. D.; Dalakas, M. C.; Floeter, M. K.",2000,Brain,06_sps_case_count,case_count_manual_review_required,medium,llm_candidate_exact,source_sps_case_count_registry.csv,count_manual_review_required,"challenge_stage=primary | verification_status=llm_candidate_exact | llm_count_confidence=medium | llm_selected_candidate_id=cand01 | The paper explicitly reports an original cohort of seven SPS patients studied with TMS, supported by both the abstract and full-text methods snippet. Because provenance overlap is flagged as uncertain and there are minor testing-completion ambiguities, the best-supported extractable count is 7 but it should remain under manual review.","Review the count evidence, update the count manual-review ledger or gold corpus, and rerun the stage-06 publish step.",true,2026-04-19T12:09:09.193124+00:00
6796|05b_proceedings_llm_validation|llm_trim_validation_fallback|text_trim_llm_registry.csv,6796,6796,Clinical and cell biology analysis of stiff person syndrome with eye movement and cerebellar abnormalities. Evidence for degradation of sarcomeric cytoskeletal proteins,"Yakhno, N. N.; Golubeva, V. V.; Mozolevsky, Y. V.; Zinovyeva, O. E.; Katushkina, E. A.; Shenkman, B. S.; Chistiakov, I. N.; Podlubnaya, Z. A.; Vikhliantsev, I. M.",2008,European Journal of Neurology,05b_proceedings_llm_validation,llm_trim_validation_fallback,medium,overshoot_contains_resumed_body_after_page_noise,text_trim_llm_registry.csv,llm_validation_reason,LLM output failed validation (overshoot_contains_resumed_body_after_page_noise); used heuristic fallback tail_metadata_trim_end.,Inspect LLM trim validation output and confirm or replace the proceedings-ready boundary.,true,2026-05-07T11:48:48.500383+00:00
6809|05_proceedings_trim|proceedings_manual_review_queue|proceedings_manual_review_queue.csv,6809,6809,Stiff person syndrome associated with Graves' disease and thymoma,"Yoon, S. S.; Hwang, K. J.; Woo, J. T.; Cho, S. S.",2012,European Journal of Neurology,05_proceedings_trim,proceedings_manual_review_queue,medium,queued,proceedings_manual_review_queue.csv,manual_status,"Proceedings detected, but the best abstract block match is below the auto-trim confidence threshold.","Review target abstract boundaries, record the manual decision, and rerun proceedings-ready publication.",true,2026-05-07T11:48:48.491431+00:00
6899|05_proceedings_trim|proceedings_manual_review_queue|proceedings_manual_review_queue.csv,6899,6899,An unusual brainstem encephalitis associated with anti-glycine receptor antibodies: Clinicopathological description,Lux D.; Kumar G.; Webb T.; Bodi I.; Moran N.,2017,European Journal of Neurology,05_proceedings_trim,proceedings_manual_review_queue,medium,queued,proceedings_manual_review_queue.csv,manual_status,"Proceedings detected, but the best abstract block match is below the auto-trim confidence threshold.","Review target abstract boundaries, record the manual decision, and rerun proceedings-ready publication.",true,2026-05-07T11:48:48.491444+00:00
6899|06_sps_case_count|case_count_manual_review_required|source_sps_case_count_registry.csv,6899,6899,An unusual brainstem encephalitis associated with anti-glycine receptor antibodies: Clinicopathological description,Lux D.; Kumar G.; Webb T.; Bodi I.; Moran N.,2017,European Journal of Neurology,06_sps_case_count,case_count_manual_review_required,medium,llm_candidate_exact,source_sps_case_count_registry.csv,count_manual_review_required,"challenge_stage=primary | verification_status=llm_candidate_exact | llm_count_confidence=medium | llm_selected_candidate_id=cand01 | The abstract repeatedly describes a single original patient as ""the current case"" and then follows that same patient's clinical course through treatment and post-mortem examination. This supports an extractable count of 1 original SPS-spectrum-related case, but because the syndrome is described as an unusual GlycR-associated brainstem syndrome without rigidity rather than a straightforward SPS/PERM label, manual review remains appropriate.","Review the count evidence, update the count manual-review ledger or gold corpus, and rerun the stage-06 publish step.",true,2026-04-19T12:10:11.873496+00:00
7503|05_proceedings_trim|proceedings_manual_review_queue|proceedings_manual_review_queue.csv,7503,7503,Stiff-person spectrum disorders in Russia: A retrospective analysis of 20 cases,Seliverstov Y.U.; Ginzberg M.; Melnik E.; Fominykh V.; Skalnaya A.; Brylev L.,2020,Movement Disorders,05_proceedings_trim,proceedings_manual_review_queue,medium,queued,proceedings_manual_review_queue.csv,manual_status,"Proceedings detected, but the best abstract block match is below the auto-trim confidence threshold.","Review target abstract boundaries, record the manual decision, and rerun proceedings-ready publication.",true,2026-05-07T11:48:48.491458+00:00
7804|05_proceedings_trim|proceedings_manual_review_queue|proceedings_manual_review_queue.csv,7804,7804,A case of gad-generalized anxiety disorder or something more?,Pedowitz E.; Shin S.,2020,Muscle and Nerve,05_proceedings_trim,proceedings_manual_review_queue,medium,queued,proceedings_manual_review_queue.csv,manual_status,"Proceedings detected, but the best abstract block match is below the auto-trim confidence threshold.","Review target abstract boundaries, record the manual decision, and rerun proceedings-ready publication.",true,2026-05-07T11:48:48.491470+00:00
7804|05_proceedings_trim|trim_manual_review_required|text_trim_registry.csv,7804,7804,A case of gad-generalized anxiety disorder or something more?,Pedowitz E.; Shin S.,2020,Muscle and Nerve,05_proceedings_trim,trim_manual_review_required,medium,manual_review_required,text_trim_registry.csv,trim_status,Matched entry appears truncated or lacks sufficient abstract body content.,Revisit proceedings localisation and publish a safe proceedings-ready text layer.,true,2026-05-07T11:48:48.496609+00:00
7804|05b_proceedings_qc|proceedings_qc_follow_up_required|proceedings_text_qc_registry.csv,7804,7804,A case of gad-generalized anxiety disorder or something more?,Pedowitz E.; Shin S.,2020,Muscle and Nerve,05b_proceedings_qc,proceedings_qc_follow_up_required,medium,untrimmed_localised,proceedings_text_qc_registry.csv,qc_status,Target appears localised in full proceedings text; trimming/manual review is still required.,"Review proceedings QC, fix the target span if needed, and rerun proceedings-ready publication.",true,2026-04-06T13:58:29.050738+00:00
7804|06_sps_case_count|case_count_manual_review_required|source_sps_case_count_registry.csv,7804,7804,A case of gad-generalized anxiety disorder or something more?,Pedowitz E.; Shin S.,2020,Muscle and Nerve,06_sps_case_count,case_count_manual_review_required,medium,llm_candidate_exact,source_sps_case_count_registry.csv,count_manual_review_required,"challenge_stage=primary | verification_status=llm_candidate_exact | llm_count_confidence=medium | llm_selected_candidate_id=cand01 | The abstract is an original single-patient case report describing one 56-year-old woman who is ultimately identified as having GAD65 antibody-positive SPS with cerebellar ataxia. This supports a count of 1 unique SPS-spectrum patient, but because the source routing is unclear and confidence is not high, manual review remains appropriate.","Review the count evidence, update the count manual-review ledger or gold corpus, and rerun the stage-06 publish step.",true,2026-04-19T12:12:22.411473+00:00
7896|06_sps_case_count|case_count_manual_review_required|source_sps_case_count_registry.csv,7896,7896,"Stiff person syndrome (SPS), a basal ganglia disease? Striatal MRI lesions in a patient with SPS [6]",Guardado Santervas P.L.; Arjona Padillo A.; Serrano Castro P.; Olivares Romero J.; Rubi Callejon J.; Alonso Verdegay G.; Huete Hurtado A.,2007,"Journal of Neurology, Neurosurgery and Psychiatry",06_sps_case_count,case_count_manual_review_required,medium,llm_candidate_exact,source_sps_case_count_registry.csv,count_manual_review_required,"challenge_stage=primary | verification_status=llm_candidate_exact | llm_count_confidence=medium | llm_selected_candidate_id=cand01 | The paper is framed as a single-patient case report and the full-text excerpt explicitly describes one 69-year-old woman with SPS. Although there is a provenance uncertainty signal ('first reported case' / previously described association context), the best-supported extractable count is still 1 unique SPS-spectrum patient, with manual review retained because provenance overlap is uncertain.","Review the count evidence, update the count manual-review ledger or gold corpus, and rerun the stage-06 publish step.",true,2026-04-19T12:12:41.720532+00:00
7916|05_proceedings_trim|proceedings_manual_review_queue|proceedings_manual_review_queue.csv,7916,7916,Paraneoplastic stiff person syndrome mimicking tetanus: A case series report and literature review,Madhani J.; Chapman K.; Cresswell S.; Gibson G.,,Canadian Journal of Neurological Sciences,05_proceedings_trim,proceedings_manual_review_queue,medium,queued,proceedings_manual_review_queue.csv,manual_status,No abstract block could be segmented from the proceedings text.,"Review target abstract boundaries, record the manual decision, and rerun proceedings-ready publication.",true,2026-05-07T11:48:48.491482+00:00
7916|05b_proceedings_llm_validation|llm_trim_validation_fallback|text_trim_llm_registry.csv,7916,7916,Paraneoplastic stiff person syndrome mimicking tetanus: A case series report and literature review,Madhani J.; Chapman K.; Cresswell S.; Gibson G.,,Canadian Journal of Neurological Sciences,05b_proceedings_llm_validation,llm_trim_validation_fallback,medium,overshoot_contains_resumed_body_after_page_noise,text_trim_llm_registry.csv,llm_validation_reason,LLM output failed validation (overshoot_contains_resumed_body_after_page_noise); used heuristic fallback tail_metadata_trim_end.,Inspect LLM trim validation output and confirm or replace the proceedings-ready boundary.,true,2026-05-07T11:48:48.500405+00:00
7916|05b_proceedings_qc|proceedings_qc_follow_up_required|proceedings_text_qc_registry.csv,7916,7916,Paraneoplastic stiff person syndrome mimicking tetanus: A case series report and literature review,Madhani J.; Chapman K.; Cresswell S.; Gibson G.,,Canadian Journal of Neurological Sciences,05b_proceedings_qc,proceedings_qc_follow_up_required,high,partial_truncated,proceedings_text_qc_registry.csv,qc_status,Trim does not start at a detected proceedings header.,"Review proceedings QC, fix the target span if needed, and rerun proceedings-ready publication.",true,2026-04-06T13:58:30.238447+00:00
7916|07_case_series_split|case_series_split_manual_review_required|case_series_split_registry.csv,7916,7916,Paraneoplastic stiff person syndrome mimicking tetanus: A case series report and literature review,Madhani J.; Chapman K.; Cresswell S.; Gibson G.,,Canadian Journal of Neurological Sciences,07_case_series_split,case_series_split_manual_review_required,medium,manual_review_required,case_series_split_registry.csv,split_status,Could not find at least two distinct explicit case/patient headings.,Review case boundaries manually or mark the paper unsuitable for case-level splitting.,true,2026-05-07T11:48:48.539779+00:00
7992|05_proceedings_trim|proceedings_manual_review_queue|proceedings_manual_review_queue.csv,7992,7992,A case of hyperekplexia with positive antiglycine receptor antibodies: PERM syndrome,Contessa G.; De Mercanti S.; Sciolla R.; Iudicello M.; Clerico M.; Ferrero B.; Coletti Moja M.; Delfico L.; Franchino F.; Viglietta E.; Vincent A.; Durelli L.,2010,Journal of Neurology,05_proceedings_trim,proceedings_manual_review_queue,medium,queued,proceedings_manual_review_queue.csv,manual_status,"Proceedings detected, but the best abstract block match is below the auto-trim confidence threshold.","Review target abstract boundaries, record the manual decision, and rerun proceedings-ready publication.",true,2026-05-07T11:48:48.491494+00:00
7992|06_sps_case_count|case_count_manual_review_required|source_sps_case_count_registry.csv,7992,7992,A case of hyperekplexia with positive antiglycine receptor antibodies: PERM syndrome,Contessa G.; De Mercanti S.; Sciolla R.; Iudicello M.; Clerico M.; Ferrero B.; Coletti Moja M.; Delfico L.; Franchino F.; Viglietta E.; Vincent A.; Durelli L.,2010,Journal of Neurology,06_sps_case_count,case_count_manual_review_required,medium,llm_candidate_exact,source_sps_case_count_registry.csv,count_manual_review_required,"challenge_stage=challenge | verification_status=llm_candidate_exact | llm_count_confidence=medium | challenge_reasons=semantic_validator_reject=COUNT_SPS_STATUS_UNCERTAIN | llm_selected_candidate_id=cand01 | This abstract is an original single-patient case report: it explicitly describes 'a 60-y old man' with a diagnosis framed as PERM, which is within the SPS spectrum. Because the source routing is unclear and the challenge flag notes SPS-status uncertainty, the safest resolution is to accept the 1-case candidate but keep manual review required.","Review the count evidence, update the count manual-review ledger or gold corpus, and rerun the stage-06 publish step.",true,2026-04-19T12:13:24.814557+00:00
8088|04_source_categorisation|source_category_manual_review_required|paper_artifact_registry.csv,8088,8088,Follow-up in Stiff Person Syndrome with immunoglobulin treatment,Pablo M.J.; Bestue M.; Tamargo P.; Romero F.; Benavente I.,2011,Clinical Neurophysiology,04_source_categorisation,source_category_manual_review_required,medium,review_source_category_then_langextract,paper_artifact_registry.csv,source_manual_review_required,"validator_flags=PROCEEDINGS_TRIM_PENDING | This is a conference abstract (poster presentation, supplement issue, short page span) reporting a single SPS patient with individual-level clinical follow-up. The structure and content match a single case report presented as a conference abstract.",Review source category/routing and update the source categorisation manual-review ledger.,true,2026-04-05T21:08:36.372707+00:00
8088|05b_proceedings_qc|proceedings_qc_follow_up_required|proceedings_text_qc_registry.csv,8088,8088,Follow-up in Stiff Person Syndrome with immunoglobulin treatment,Pablo M.J.; Bestue M.; Tamargo P.; Romero F.; Benavente I.,2011,Clinical Neurophysiology,05b_proceedings_qc,proceedings_qc_follow_up_required,high,partial_truncated,proceedings_text_qc_registry.csv,qc_status,Trim does not start at a detected proceedings header.,"Review proceedings QC, fix the target span if needed, and rerun proceedings-ready publication.",true,2026-04-06T13:58:33.988742+00:00
8089|05_proceedings_trim|proceedings_manual_review_queue|proceedings_manual_review_queue.csv,8089,8089,Seizure in patients with anti-gad antibodies,Dave H.; Nei M.; Rakocevic G.; Mintzer S.; Sperling M.,2011,Epilepsia,05_proceedings_trim,proceedings_manual_review_queue,medium,queued,proceedings_manual_review_queue.csv,manual_status,"Proceedings detected, but the best abstract block match is below the auto-trim confidence threshold.","Review target abstract boundaries, record the manual decision, and rerun proceedings-ready publication.",true,2026-05-07T11:48:48.491506+00:00
8097|05_proceedings_trim|trim_manual_review_required|text_trim_registry.csv,8097,8097,Rehabilitation of stiff person syndrome presenting after laminectomy: A case report,Mathur R.; Bunning R.D.; Pineda C.G.; Rajaei N.,2011,PM and R,05_proceedings_trim,trim_manual_review_required,high,header_only_source,text_trim_registry.csv,trim_status,Matched entry appears to contain header-only listing without abstract body.,Revisit proceedings localisation and publish a safe proceedings-ready text layer.,true,2026-05-07T11:48:48.496624+00:00
8097|05b_proceedings_qc|proceedings_qc_follow_up_required|proceedings_text_qc_registry.csv,8097,8097,Rehabilitation of stiff person syndrome presenting after laminectomy: A case report,Mathur R.; Bunning R.D.; Pineda C.G.; Rajaei N.,2011,PM and R,05b_proceedings_qc,proceedings_qc_follow_up_required,high,partial_truncated,proceedings_text_qc_registry.csv,qc_status,Trim does not start at a detected proceedings header.,"Review proceedings QC, fix the target span if needed, and rerun proceedings-ready publication.",true,2026-04-06T13:58:37.920806+00:00
8098|05_proceedings_trim|trim_manual_review_required|text_trim_registry.csv,8098,8098,Severe spasticity in a patient with stiff person syndrome: A case report,Patel R.; Finch M.; Khan A.; Velez K.A.,2011,PM and R,05_proceedings_trim,trim_manual_review_required,high,header_only_source,text_trim_registry.csv,trim_status,Matched entry appears to contain header-only listing without abstract body.,Revisit proceedings localisation and publish a safe proceedings-ready text layer.,true,2026-05-07T11:48:48.496636+00:00
8098|05b_proceedings_qc|proceedings_qc_follow_up_required|proceedings_text_qc_registry.csv,8098,8098,Severe spasticity in a patient with stiff person syndrome: A case report,Patel R.; Finch M.; Khan A.; Velez K.A.,2011,PM and R,05b_proceedings_qc,proceedings_qc_follow_up_required,high,partial_truncated,proceedings_text_qc_registry.csv,qc_status,Trim does not start at a detected proceedings header.,"Review proceedings QC, fix the target span if needed, and rerun proceedings-ready publication.",true,2026-04-06T13:58:37.949944+00:00
8112|01_pdf_acquisition|pdf_missing|pdf_acquisition_queue.csv,8112,8112,Baclofen pump failure leading to severe and prolonged withdrawal,Madan N.; Gilbert C.; Awsare B.; Baram M.; Kommuri A.,2011,Critical Care Medicine,01_pdf_acquisition,pdf_missing,medium,missing,pdf_acquisition_queue.csv,download_status,No local PDF is present and the reference still needs acquisition.,"Acquire or retry the PDF, then rebuild PDF, text, source, and artefact registries.",true,2026-05-07T11:48:48.477695+00:00
8182|02_source_linkage|source_alignment_failed|source_categorisation_manual_review.csv,8182,8182,Neurological syndromes associated with glutamic acid decarboxylase antibodies: A Brazilian series,Teive H.A.G.; Fernandes M.; Ferreira A.M.; Arruda W.O.; Lorenzoni P.; Munhoz R.P.; Carrilho P.,2012,Parkinsonism and Related Disorders,02_source_linkage,source_alignment_failed,blocker,incorrect_reference,source_categorisation_manual_review.csv,pdf_content_alignment_tag,"Incorrect reference for current local extraction: the proceedings text and published stage-06 reasoning are tied to the wrong abstract. Exclude this paper until the correct PDF/abstract is recovered, then rerun from scratch.","Recover the correct PDF or abstract, rerun extraction and downstream stages from the fixed source.",true,2026-04-20T00:00:00Z
8182|05_proceedings_trim|trim_manual_review_required|text_trim_registry.csv,8182,8182,Neurological syndromes associated with glutamic acid decarboxylase antibodies: A Brazilian series,Teive H.A.G.; Fernandes M.; Ferreira A.M.; Arruda W.O.; Lorenzoni P.; Munhoz R.P.; Carrilho P.,2012,Parkinsonism and Related Disorders,05_proceedings_trim,trim_manual_review_required,medium,manual_review_required,text_trim_registry.csv,trim_status,Matched entry appears truncated or lacks sufficient abstract body content.,Revisit proceedings localisation and publish a safe proceedings-ready text layer.,true,2026-05-07T11:48:48.496647+00:00
8182|05b_proceedings_qc|proceedings_qc_follow_up_required|proceedings_text_qc_registry.csv,8182,8182,Neurological syndromes associated with glutamic acid decarboxylase antibodies: A Brazilian series,Teive H.A.G.; Fernandes M.; Ferreira A.M.; Arruda W.O.; Lorenzoni P.; Munhoz R.P.; Carrilho P.,2012,Parkinsonism and Related Disorders,05b_proceedings_qc,proceedings_qc_follow_up_required,medium,untrimmed_localised,proceedings_text_qc_registry.csv,qc_status,Target appears localised in full proceedings text; trimming/manual review is still required.,"Review proceedings QC, fix the target span if needed, and rerun proceedings-ready publication.",true,2026-04-06T13:58:37.958154+00:00
8182|06_sps_case_count|source_linkage_exclusion|source_sps_case_count_registry.csv,8182,8182,Neurological syndromes associated with glutamic acid decarboxylase antibodies: A Brazilian series,Teive H.A.G.; Fernandes M.; Ferreira A.M.; Arruda W.O.; Lorenzoni P.; Munhoz R.P.; Carrilho P.,2012,Parkinsonism and Related Disorders,06_sps_case_count,source_linkage_exclusion,blocker,excluded_bad_source_alignment,source_sps_case_count_registry.csv,count_manual_review_required,"source_linkage_blocked=true | alignment_tag=incorrect_reference | reviewer_notes=Incorrect reference for current local extraction: the proceedings text and published stage-06 reasoning are tied to the wrong abstract. Exclude this paper until the correct PDF/abstract is recovered, then rerun from scratch.",Recover the correct source text/PDF before using any positive count for this paper.,true,2026-04-20T00:00:00Z
8194|05_proceedings_trim|trim_manual_review_required|text_trim_registry.csv,8194,8194,"Wobbly eyes, wobbly legs",Yap C.; Mollan S.P.; Sivaguru A.,2012,Neuro-Ophthalmology,05_proceedings_trim,trim_manual_review_required,medium,manual_review_required,text_trim_registry.csv,trim_status,Matched entry appears truncated or lacks sufficient abstract body content.,Revisit proceedings localisation and publish a safe proceedings-ready text layer.,true,2026-05-07T11:48:48.496659+00:00
8194|05b_proceedings_qc|proceedings_qc_follow_up_required|proceedings_text_qc_registry.csv,8194,8194,"Wobbly eyes, wobbly legs",Yap C.; Mollan S.P.; Sivaguru A.,2012,Neuro-Ophthalmology,05b_proceedings_qc,proceedings_qc_follow_up_required,medium,untrimmed_localised,proceedings_text_qc_registry.csv,qc_status,Target appears localised in full proceedings text; trimming/manual review is still required.,"Review proceedings QC, fix the target span if needed, and rerun proceedings-ready publication.",true,2026-04-06T13:58:38.180062+00:00
8198|05_proceedings_trim|proceedings_manual_review_queue|proceedings_manual_review_queue.csv,8198,8198,Anti-glycine receptor antibody causing relapsing encephalitis with rigidity and myoclonus,Williams J.; O'Connell K.; O'Riordan S.; McGuigan C.; Connolly S.; Vincent A.; Hutchinson M.,2012,Movement Disorders,05_proceedings_trim,proceedings_manual_review_queue,medium,queued,proceedings_manual_review_queue.csv,manual_status,"Proceedings detected, but the best abstract block match is below the auto-trim confidence threshold.","Review target abstract boundaries, record the manual decision, and rerun proceedings-ready publication.",true,2026-05-07T11:48:48.491518+00:00
8225|05_proceedings_trim|proceedings_manual_review_queue|proceedings_manual_review_queue.csv,8225,8225,Clinical and immunological features with glycine receptor antibodies,Vincent A.; Leite M.I.; Carvajal A.; Waters P.; Woodhall M.,2012,Annals of Neurology,05_proceedings_trim,proceedings_manual_review_queue,medium,queued,proceedings_manual_review_queue.csv,manual_status,"Proceedings detected, but the best abstract block match is below the auto-trim confidence threshold.","Review target abstract boundaries, record the manual decision, and rerun proceedings-ready publication.",true,2026-05-07T11:48:48.491530+00:00
8225|06_sps_case_count|case_count_manual_review_required|source_sps_case_count_registry.csv,8225,8225,Clinical and immunological features with glycine receptor antibodies,Vincent A.; Leite M.I.; Carvajal A.; Waters P.; Woodhall M.,2012,Annals of Neurology,06_sps_case_count,case_count_manual_review_required,medium,llm_bounded_alternative,source_sps_case_count_registry.csv,count_manual_review_required,"challenge_stage=primary | verification_status=llm_bounded_alternative | llm_count_confidence=medium | The abstract describes an original cohort of GlyR-antibody-positive patients and reports clinical features characteristic of SPS-spectrum disease across that cohort. Although the count is expressed as '42 sera were positive' rather than explicitly '42 patients,' the accompanying demographic and clinical summaries strongly imply 42 unique referred patients, making 42 a better-supported extractable count than the forced zero candidate; however, manual review remains warranted because the source category is unclear and the wording is specimen-based.","Review the count evidence, update the count manual-review ledger or gold corpus, and rerun the stage-06 publish step.",true,2026-04-19T12:18:39.847697+00:00
8296|05_proceedings_trim|proceedings_manual_review_queue|proceedings_manual_review_queue.csv,8296,8296,Intrathecal baclofen pump implantation in 2 cases of stiff-person syndrome,Bikmullin V.; Tolstyh A.; Rudenko V.,2013,Neuromodulation,05_proceedings_trim,proceedings_manual_review_queue,medium,queued,proceedings_manual_review_queue.csv,manual_status,No abstract block could be segmented from the proceedings text.,"Review target abstract boundaries, record the manual decision, and rerun proceedings-ready publication.",true,2026-05-07T11:48:48.491542+00:00
8296|05b_proceedings_llm_validation|llm_trim_validation_fallback|text_trim_llm_registry.csv,8296,8296,Intrathecal baclofen pump implantation in 2 cases of stiff-person syndrome,Bikmullin V.; Tolstyh A.; Rudenko V.,2013,Neuromodulation,05b_proceedings_llm_validation,llm_trim_validation_fallback,medium,overshoot_contains_resumed_body_after_page_noise,text_trim_llm_registry.csv,llm_validation_reason,LLM output failed validation (overshoot_contains_resumed_body_after_page_noise); used heuristic fallback tail_metadata_trim_end.,Inspect LLM trim validation output and confirm or replace the proceedings-ready boundary.,true,2026-05-07T11:48:48.500425+00:00
8296|07_case_series_split|case_series_split_manual_review_required|case_series_split_registry.csv,8296,8296,Intrathecal baclofen pump implantation in 2 cases of stiff-person syndrome,Bikmullin V.; Tolstyh A.; Rudenko V.,2013,Neuromodulation,07_case_series_split,case_series_split_manual_review_required,medium,manual_review_required,case_series_split_registry.csv,split_status,Could not find at least two distinct explicit case/patient headings.,Review case boundaries manually or mark the paper unsuitable for case-level splitting.,true,2026-05-07T11:48:48.539822+00:00
8303|05_proceedings_trim|proceedings_manual_review_queue|proceedings_manual_review_queue.csv,8303,8303,Role of maintenance plasma exchange in stiff person syndrome-a case report,Morelli Z.M.; Dalton L.; Matevosyan K.; Sarode R.; Strunk M.,2013,Journal of Clinical Apheresis,05_proceedings_trim,proceedings_manual_review_queue,medium,queued,proceedings_manual_review_queue.csv,manual_status,"Proceedings detected, but the best abstract block match is below the auto-trim confidence threshold.","Review target abstract boundaries, record the manual decision, and rerun proceedings-ready publication.",true,2026-05-07T11:48:48.491553+00:00
8303|05_proceedings_trim|trim_manual_review_required|text_trim_registry.csv,8303,8303,Role of maintenance plasma exchange in stiff person syndrome-a case report,Morelli Z.M.; Dalton L.; Matevosyan K.; Sarode R.; Strunk M.,2013,Journal of Clinical Apheresis,05_proceedings_trim,trim_manual_review_required,medium,manual_review_required,text_trim_registry.csv,trim_status,Matched entry appears truncated or lacks sufficient abstract body content.,Revisit proceedings localisation and publish a safe proceedings-ready text layer.,true,2026-05-07T11:48:48.496672+00:00
8303|05b_proceedings_qc|proceedings_qc_follow_up_required|proceedings_text_qc_registry.csv,8303,8303,Role of maintenance plasma exchange in stiff person syndrome-a case report,Morelli Z.M.; Dalton L.; Matevosyan K.; Sarode R.; Strunk M.,2013,Journal of Clinical Apheresis,05b_proceedings_qc,proceedings_qc_follow_up_required,medium,untrimmed_localised,proceedings_text_qc_registry.csv,qc_status,Target appears localised in full proceedings text; trimming/manual review is still required.,"Review proceedings QC, fix the target span if needed, and rerun proceedings-ready publication.",true,2026-04-06T13:58:47.403873+00:00
8316|05b_proceedings_qc|proceedings_qc_follow_up_required|proceedings_text_qc_registry.csv,8316,8316,Orthostatic tremor heralding the onset of stiff-person syndrome,Fabbri M.; Vetrugno R.; Antelmi E.; D'Angelo R.; Rinaldi R.,2013,Journal of the Neurological Sciences,05b_proceedings_qc,proceedings_qc_follow_up_required,high,partial_truncated,proceedings_text_qc_registry.csv,qc_status,Trim does not start at a detected proceedings header.,"Review proceedings QC, fix the target span if needed, and rerun proceedings-ready publication.",true,2026-04-06T13:58:47.500942+00:00
8317|07_case_series_split|case_series_split_manual_review_required|case_series_split_registry.csv,8317,8317,Stiff man syndrome associated with breast cancer about 2 cases,Noutsa L.; Mbonda Chimi P.C.; Camara M.; Fogang Y.; Toure K.; Ndiaye M.; Diop A.G.; Ndiaye M.M.,2013,Journal of the Neurological Sciences,07_case_series_split,case_series_split_manual_review_required,medium,manual_review_required,case_series_split_registry.csv,split_status,Conference abstract proceedings QC status 'full_text_partial_match' is not safe for auto-splitting.,Review case boundaries manually or mark the paper unsuitable for case-level splitting.,true,2026-05-07T11:48:48.539845+00:00
8322|05_proceedings_trim|proceedings_manual_review_queue|proceedings_manual_review_queue.csv,8322,8322,Paraneoplastic stiff-person syndrome due to cholangiocarcinoma: The first case report,Spoto S.; Campanale E.R.; Curcio B.; Grasso G.; Cortigiani M.; Fazzina S.; Cavalieri D.; Valeriani E.; Manfredonia L.; Fogolari M.; Gianno A.; Capone F.; Morolla D.; Porcari A.; Costantino S.,2013,Italian Journal of Medicine,05_proceedings_trim,proceedings_manual_review_queue,medium,queued,proceedings_manual_review_queue.csv,manual_status,"Proceedings detected, but the best abstract block match is below the auto-trim confidence threshold.","Review target abstract boundaries, record the manual decision, and rerun proceedings-ready publication.",true,2026-05-07T11:48:48.491565+00:00
8330|05b_proceedings_qc|proceedings_qc_follow_up_required|proceedings_text_qc_registry.csv,8330,8330,Rash decisions-dermatological manifestations preceding a progressive neurological syndrome,Doherty G.; Vincent A.; Cox A.,2013,"Journal of Neurology, Neurosurgery and Psychiatry",05b_proceedings_qc,proceedings_qc_follow_up_required,medium,untrimmed_localised,proceedings_text_qc_registry.csv,qc_status,Target appears localised in full proceedings text; trimming/manual review is still required.,"Review proceedings QC, fix the target span if needed, and rerun proceedings-ready publication.",true,2026-04-06T13:58:47.564587+00:00
8330|06_sps_case_count|case_count_manual_review_required|source_sps_case_count_registry.csv,8330,8330,Rash decisions-dermatological manifestations preceding a progressive neurological syndrome,Doherty G.; Vincent A.; Cox A.,2013,"Journal of Neurology, Neurosurgery and Psychiatry",06_sps_case_count,case_count_manual_review_required,medium,llm_candidate_exact,source_sps_case_count_registry.csv,count_manual_review_required,"challenge_stage=primary | verification_status=llm_candidate_exact | llm_count_confidence=medium | llm_selected_candidate_id=cand01 | The abstract explicitly describes a single original patient and identifies the case as SPS-plus/GlyR antibody-mediated disease, supporting a count of 1 extractable SPS-spectrum case. Manual review remains appropriate because provenance overlap is flagged as uncertain and confidence is not high.","Review the count evidence, update the count manual-review ledger or gold corpus, and rerun the stage-06 publish step.",true,2026-04-19T12:20:57.646861+00:00
8331|05b_proceedings_qc|proceedings_qc_follow_up_required|proceedings_text_qc_registry.csv,8331,8331,The yield from testing voltage-gated potassium channel antibodies in patients with cramp,Ansel S.; Farrugia M.E.,2013,"Journal of Neurology, Neurosurgery and Psychiatry",05b_proceedings_qc,proceedings_qc_follow_up_required,medium,untrimmed_localised,proceedings_text_qc_registry.csv,qc_status,Target appears localised in full proceedings text; trimming/manual review is still required.,"Review proceedings QC, fix the target span if needed, and rerun proceedings-ready publication.",true,2026-04-06T13:58:47.569220+00:00
8331|06_sps_case_count|case_count_manual_review_required|source_sps_case_count_registry.csv,8331,8331,The yield from testing voltage-gated potassium channel antibodies in patients with cramp,Ansel S.; Farrugia M.E.,2013,"Journal of Neurology, Neurosurgery and Psychiatry",06_sps_case_count,case_count_manual_review_required,medium,llm_bounded_alternative,source_sps_case_count_registry.csv,count_manual_review_required,"challenge_stage=primary | verification_status=llm_bounded_alternative | llm_count_confidence=medium | The abstract reports one patient with a clinical diagnosis of SPS within an original cohort of 44 muscle-clinic patients. Although 2 additional BFCS/NMT patients had symptoms overlapping with SPS, overlap is not explicit SPS-spectrum diagnosis, so the safest extractable SPS-spectrum count is 1.","Review the count evidence, update the count manual-review ledger or gold corpus, and rerun the stage-06 publish step.",true,2026-04-19T12:21:21.539980+00:00
8339|05_proceedings_trim|proceedings_manual_review_queue|proceedings_manual_review_queue.csv,8339,8339,Stiff person syndrome with graves' disease: A rare association,Syed S.J.; Mahmoud K.H.; Chuquilin M.; Garcia-Touza M.,2013,Endocrine Reviews,05_proceedings_trim,proceedings_manual_review_queue,medium,queued,proceedings_manual_review_queue.csv,manual_status,"Proceedings detected, but the best abstract block match is below the auto-trim confidence threshold.","Review target abstract boundaries, record the manual decision, and rerun proceedings-ready publication.",true,2026-05-07T11:48:48.491581+00:00
8339|05_proceedings_trim|trim_manual_review_required|text_trim_registry.csv,8339,8339,Stiff person syndrome with graves' disease: A rare association,Syed S.J.; Mahmoud K.H.; Chuquilin M.; Garcia-Touza M.,2013,Endocrine Reviews,05_proceedings_trim,trim_manual_review_required,high,header_only_source,text_trim_registry.csv,trim_status,Matched entry appears to contain header-only listing without abstract body.,Revisit proceedings localisation and publish a safe proceedings-ready text layer.,true,2026-05-07T11:48:48.496686+00:00
8339|05b_proceedings_llm_validation|llm_trim_validation_fallback|text_trim_llm_registry.csv,8339,8339,Stiff person syndrome with graves' disease: A rare association,Syed S.J.; Mahmoud K.H.; Chuquilin M.; Garcia-Touza M.,2013,Endocrine Reviews,05b_proceedings_llm_validation,llm_trim_validation_fallback,medium,overshoot_contains_resumed_body_after_page_noise,text_trim_llm_registry.csv,llm_validation_reason,LLM output failed validation (overshoot_contains_resumed_body_after_page_noise); used heuristic fallback tail_metadata_trim_end.,Inspect LLM trim validation output and confirm or replace the proceedings-ready boundary.,true,2026-05-07T11:48:48.500440+00:00
8339|05b_proceedings_qc|proceedings_qc_follow_up_required|proceedings_text_qc_registry.csv,8339,8339,Stiff person syndrome with graves' disease: A rare association,Syed S.J.; Mahmoud K.H.; Chuquilin M.; Garcia-Touza M.,2013,Endocrine Reviews,05b_proceedings_qc,proceedings_qc_follow_up_required,blocker,mismatch,proceedings_text_qc_registry.csv,qc_status,Title/author alignment is too weak for a reliable proceedings match.,"Review proceedings QC, fix the target span if needed, and rerun proceedings-ready publication.",true,2026-04-06T13:59:01.308051+00:00
8414|06_sps_case_count|case_count_manual_review_required|source_sps_case_count_registry.csv,8414,8414,Anna-3 associated stiff-person-syndrome,Zeiler S.R.; Jordan J.D.; Greenberg B.M.; Kaplan P.W.,2010,Journal of Cancer Science and Therapy,06_sps_case_count,case_count_manual_review_required,medium,llm_candidate_exact,source_sps_case_count_registry.csv,count_manual_review_required,"challenge_stage=primary | verification_status=llm_candidate_exact | llm_count_confidence=medium | llm_selected_candidate_id=cand01 | The paper explicitly presents a single original patient under the section 'report of a patient' and describes that patient's SPS-consistent clinical syndrome. Although the source routing is uncertain and the evidence pack is limited, the best-supported extractable SPS-spectrum count is 1.","Review the count evidence, update the count manual-review ledger or gold corpus, and rerun the stage-06 publish step.",true,2026-04-19T12:22:30.975760+00:00
9182|06_sps_case_count|case_count_manual_review_required|source_sps_case_count_registry.csv,9182,9182,Stiff man syndrome treated with intravenous immunoglogulins [2],Sevrin C.; Moulin T.; Tatu L.; Monnier G.; Rumbach L.; Sevrin P.,1998,Revue Neurologique,06_sps_case_count,case_count_manual_review_required,medium,llm_candidate_exact,source_sps_case_count_registry.csv,count_manual_review_required,"challenge_stage=primary | verification_status=llm_candidate_exact | llm_count_confidence=medium | llm_selected_candidate_id=cand01 | The paper is routed as a single case report, and the French text explicitly describes one male patient ('Un homme de 48 ans... Le patient...'). The mention of '13 other cases' appears to refer to cited prior literature, not additional original patients in this paper, so the best-supported extractable SPS-spectrum count is 1.","Review the count evidence, update the count manual-review ledger or gold corpus, and rerun the stage-06 publish step.",true,2026-04-19T12:23:39.947497+00:00
9477|06_sps_case_count|case_count_manual_review_required|source_sps_case_count_registry.csv,9477,9477,Successful treatment of stiff man syndrome with intravenous immunoglobulin [10],Barker R.A.; Marsden C.D.,1997,Journal of Neurology Neurosurgery and Psychiatry,06_sps_case_count,case_count_manual_review_required,medium,llm_candidate_exact,source_sps_case_count_registry.csv,count_manual_review_required,"challenge_stage=primary | verification_status=llm_candidate_exact | llm_count_confidence=medium | llm_selected_candidate_id=cand01 | The paper is fixed-routed as a single case report and the title explicitly indicates a report of successful treatment of stiff man syndrome, supporting one original SPS-spectrum patient. However, the extracted full-text evidence is noisy and limited, so this should still receive manual review.","Review the count evidence, update the count manual-review ledger or gold corpus, and rerun the stage-06 publish step.",true,2026-04-19T12:24:39.304238+00:00
9720|06_sps_case_count|case_count_manual_review_required|source_sps_case_count_registry.csv,9720,9720,Isolated navicular fracture presenting as stiff limb syndrome: A case report [4],Dubow J.S.; Zadikoff C.,2007,Movement Disorders,06_sps_case_count,case_count_manual_review_required,medium,llm_candidate_exact,source_sps_case_count_registry.csv,count_manual_review_required,"challenge_stage=primary | verification_status=llm_candidate_exact | llm_count_confidence=medium | llm_selected_candidate_id=cand01 | The paper is a single-patient case report describing one 52-year-old woman whose presentation was suggestive of stiff limb syndrome, a recognized SPS-spectrum variant. Although the final article emphasizes an unusual fracture presentation and discusses arguments against true SLS diagnosis, the fixed routing and explicit single-patient report best support a count of 1 with manual review due to diagnostic nuance.","Review the count evidence, update the count manual-review ledger or gold corpus, and rerun the stage-06 publish step.",true,2026-04-19T12:25:44.356127+00:00
10691|04_source_categorisation|source_category_manual_review_required|paper_artifact_registry.csv,10691,10691,VIGABATRIN IMPROVES RIGIDITY IN STIFF-PERSON SYNDROME (SPS),"LIGUORI, R; MEDORI, R; MARCHELLO, L; GRIMALDI, L; LUGARESI, E; MONTAGNA, P",1993,NEUROLOGY,04_source_categorisation,source_category_manual_review_required,medium,review_source_category_then_langextract,paper_artifact_registry.csv,source_manual_review_required,"validator_flags=PROCEEDINGS_TRIM_PENDING | This is a conference abstract reporting on a single SPS patient treated with vigabatrin, with detailed individual-level clinical data. The structure and content match a single case report.",Review source category/routing and update the source categorisation manual-review ledger.,true,2026-04-05T19:03:01.924265+00:00
10801|05_proceedings_trim|proceedings_manual_review_queue|proceedings_manual_review_queue.csv,10801,10801,"Stiff Person Syndrom, a rare neurological disease in long-term care resident.","Bhatt, T; Medina-Walpole, A; Marshall, FJ",2006,JOURNAL OF THE AMERICAN GERIATRICS SOCIETY,05_proceedings_trim,proceedings_manual_review_queue,medium,queued,proceedings_manual_review_queue.csv,manual_status,"Proceedings detected, but the best abstract block match is below the auto-trim confidence threshold.","Review target abstract boundaries, record the manual decision, and rerun proceedings-ready publication.",true,2026-05-07T11:48:48.490324+00:00
10801|05_proceedings_trim|trim_manual_review_required|text_trim_registry.csv,10801,10801,"Stiff Person Syndrom, a rare neurological disease in long-term care resident.","Bhatt, T; Medina-Walpole, A; Marshall, FJ",2006,JOURNAL OF THE AMERICAN GERIATRICS SOCIETY,05_proceedings_trim,trim_manual_review_required,medium,manual_review_required,text_trim_registry.csv,trim_status,Matched entry appears truncated or lacks sufficient abstract body content.,Revisit proceedings localisation and publish a safe proceedings-ready text layer.,true,2026-05-07T11:48:48.496698+00:00
10801|05b_proceedings_qc|proceedings_qc_follow_up_required|proceedings_text_qc_registry.csv,10801,10801,"Stiff Person Syndrom, a rare neurological disease in long-term care resident.","Bhatt, T; Medina-Walpole, A; Marshall, FJ",2006,JOURNAL OF THE AMERICAN GERIATRICS SOCIETY,05b_proceedings_qc,proceedings_qc_follow_up_required,medium,untrimmed_localised,proceedings_text_qc_registry.csv,qc_status,Target appears localised in full proceedings text; trimming/manual review is still required.,"Review proceedings QC, fix the target span if needed, and rerun proceedings-ready publication.",true,2026-04-06T13:52:59.200411+00:00
10801|06_sps_case_count|reference_heuristic_count_needs_review|source_sps_case_count_registry.csv,10801,10801,"Stiff Person Syndrom, a rare neurological disease in long-term care resident.","Bhatt, T; Medina-Walpole, A; Marshall, FJ",2006,JOURNAL OF THE AMERICAN GERIATRICS SOCIETY,06_sps_case_count,reference_heuristic_count_needs_review,medium,reference_heuristic_manual_review_required,source_sps_case_count_registry.csv,count_manual_review_required,"reference_only_publish_fallback=true | count_basis=source_single_case_default | count_confidence=medium | candidate_notes=preferred_text_source=trimmed; source_context_adjusted_primary_estimate; distinct_candidate_counts=[0, 1]; count_eligibility_status=extractable","Review the source or restore run artefacts, then replace the reference-only fallback with reviewed evidence.",true,2026-04-26T22:28:09.862621+00:00
11109|04_source_categorisation|source_category_manual_review_required|paper_artifact_registry.csv,11109,11109,High-dose intravenous immunoglobulin in the treatment elf patients with stiff person syndrome: a controlled study,"Dalakas, MC",2004,INTRAVENOUS IMMUNOGLOBULINS IN THE THIRD MILLENNIUM,04_source_categorisation,source_category_manual_review_required,medium,review_source_category_then_langextract,paper_artifact_registry.csv,source_manual_review_required,"validator_flags=EVIDENCE_NO_PAGES | The classification is based on metadata indicating this is a proceedings volume from a symposium, and the lack of substantive text. There is no evidence of original SPS patient data in the available text, but the full content is not accessible, so manual review is required.",Review source category/routing and update the source categorisation manual-review ledger.,true,2026-04-05T19:04:47.296480+00:00
11109|05_proceedings_trim|trim_manual_review_required|text_trim_registry.csv,11109,11109,High-dose intravenous immunoglobulin in the treatment elf patients with stiff person syndrome: a controlled study,"Dalakas, MC",2004,INTRAVENOUS IMMUNOGLOBULINS IN THE THIRD MILLENNIUM,05_proceedings_trim,trim_manual_review_required,high,header_only_source,text_trim_registry.csv,trim_status,Matched entry appears to contain header-only listing without abstract body.,Revisit proceedings localisation and publish a safe proceedings-ready text layer.,true,2026-05-07T11:48:48.496715+00:00
11109|05b_proceedings_llm_validation|llm_trim_manual_review_required|text_trim_llm_registry.csv,11109,11109,High-dose intravenous immunoglobulin in the treatment elf patients with stiff person syndrome: a controlled study,"Dalakas, MC",2004,INTRAVENOUS IMMUNOGLOBULINS IN THE THIRD MILLENNIUM,05b_proceedings_llm_validation,llm_trim_manual_review_required,medium,span_failed_body_guardrail,text_trim_llm_registry.csv,llm_validation_reason,Matched entry appears truncated or lacks sufficient abstract body content.,Inspect LLM trim validation output and confirm or replace the proceedings-ready boundary.,true,2026-05-07T11:48:48.500455+00:00
11109|05b_proceedings_qc|proceedings_qc_follow_up_required|proceedings_text_qc_registry.csv,11109,11109,High-dose intravenous immunoglobulin in the treatment elf patients with stiff person syndrome: a controlled study,"Dalakas, MC",2004,INTRAVENOUS IMMUNOGLOBULINS IN THE THIRD MILLENNIUM,05b_proceedings_qc,proceedings_qc_follow_up_required,blocker,mismatch,proceedings_text_qc_registry.csv,qc_status,Title/author alignment is too weak for a reliable proceedings match.,"Review proceedings QC, fix the target span if needed, and rerun proceedings-ready publication.",true,2026-04-06T13:52:59.279753+00:00
11193|05_proceedings_trim|trim_manual_review_required|text_trim_registry.csv,11193,11193,STIFF PERSON AND RELATED SYNDROMES: REVIEW OF 21 PATIENTS AND THEIR RESPONSE TO TREATMENT,"Thompson, J; Sadalage, G; Karim, A; Jacob, S",2019,JOURNAL OF NEUROLOGY NEUROSURGERY AND PSYCHIATRY,05_proceedings_trim,trim_manual_review_required,high,header_only_source,text_trim_registry.csv,trim_status,Matched entry appears to contain header-only listing without abstract body.,Revisit proceedings localisation and publish a safe proceedings-ready text layer.,true,2026-05-07T11:48:48.496727+00:00
11193|05b_proceedings_qc|proceedings_qc_follow_up_required|proceedings_text_qc_registry.csv,11193,11193,STIFF PERSON AND RELATED SYNDROMES: REVIEW OF 21 PATIENTS AND THEIR RESPONSE TO TREATMENT,"Thompson, J; Sadalage, G; Karim, A; Jacob, S",2019,JOURNAL OF NEUROLOGY NEUROSURGERY AND PSYCHIATRY,05b_proceedings_qc,proceedings_qc_follow_up_required,high,header_only_source,proceedings_text_qc_registry.csv,qc_status,Matched source appears to be a title/author listing without abstract body text.,"Review proceedings QC, fix the target span if needed, and rerun proceedings-ready publication.",true,2026-04-06T13:53:10.745491+00:00
11746|06_sps_case_count|case_count_manual_review_required|source_sps_case_count_registry.csv,11746,11746,Stiff person syndrome and gluten sensitivity,"Hadjivassiliou, Marios; Zis, Panagiotis; Sarrigiannis, Ptolemaios G.; Sanders, David S.; Hoggard, Nigel",2021,Nutrients,06_sps_case_count,case_count_manual_review_required,medium,llm_candidate_exact,source_sps_case_count_registry.csv,count_manual_review_required,"challenge_stage=primary | verification_status=llm_candidate_exact | llm_count_confidence=high | llm_selected_candidate_id=cand02 | The paper explicitly reports an original diagnosis-specific cohort of 20 patients with stiff person syndrome. This directly supports candidate 20, but manual review remains required because the evidence pack flags possible prior reporting/provenance overlap.","Review the count evidence, update the count manual-review ledger or gold corpus, and rerun the stage-06 publish step.",true,2026-04-19T11:53:19.273019+00:00
11789|06_sps_case_count|case_count_manual_review_required|source_sps_case_count_registry.csv,11789,11789,Perioperative management and complications of stiff person syndrome,"Garrigan, Ethan; Lee, Howard",2021,Critical Care Medicine,06_sps_case_count,case_count_manual_review_required,medium,llm_candidate_exact,source_sps_case_count_registry.csv,count_manual_review_required,"challenge_stage=primary | verification_status=llm_candidate_exact | llm_count_confidence=medium | llm_selected_candidate_id=cand01 | This paper is a single-case report describing one 27-year-old female patient with anti-GAD antibodies and clinical features managed as stiff person syndrome. The evidence supports exactly 1 extractable SPS-spectrum patient, but confidence remains medium because the diagnosis wording includes 'concerning for' SPS rather than a stronger confirmed formulation.","Review the count evidence, update the count manual-review ledger or gold corpus, and rerun the stage-06 publish step.",true,2026-04-19T11:54:05.846791+00:00
11798|05_proceedings_trim|trim_manual_review_required|text_trim_registry.csv,11798,11798,"The Dilemma, Conversion Disorder or Stiff Person Syndrome, a Case Report","Jahan, Sultana",2021,CNS spectrums,05_proceedings_trim,trim_manual_review_required,high,header_only_source,text_trim_registry.csv,trim_status,Matched entry appears to contain header-only listing without abstract body.,Revisit proceedings localisation and publish a safe proceedings-ready text layer.,true,2026-05-07T11:48:48.496739+00:00
11798|05b_proceedings_qc|proceedings_qc_follow_up_required|proceedings_text_qc_registry.csv,11798,11798,"The Dilemma, Conversion Disorder or Stiff Person Syndrome, a Case Report","Jahan, Sultana",2021,CNS spectrums,05b_proceedings_qc,proceedings_qc_follow_up_required,high,partial_truncated,proceedings_text_qc_registry.csv,qc_status,Trim does not start at a detected proceedings header.,"Review proceedings QC, fix the target span if needed, and rerun proceedings-ready publication.",true,2026-04-06T13:53:15.966859+00:00
11804|06_sps_case_count|case_count_manual_review_required|source_sps_case_count_registry.csv,11804,11804,GAD65 autoimmunity after treatment with nivolumab: a multifocal presentation,"Ranieri, Angelo; Napolitano, Massimo; Manzo, Valentino; Maniscalco, Giorgia Teresa; Allegorico, Lia; Zekeridou, Anastasia; Pezzella, Marianna; Gatta, Luigi Della; Ferrari, Sergio; Mariotto, Sara",2021,Neurological Sciences,06_sps_case_count,case_count_manual_review_required,medium,llm_candidate_exact,source_sps_case_count_registry.csv,count_manual_review_required,"challenge_stage=primary | verification_status=llm_candidate_exact | llm_count_confidence=medium | llm_selected_candidate_id=cand01 | The paper is a single-patient case report and explicitly states that the authors report a 63-year-old man who developed stiff person syndrome among other GAD65-associated manifestations after nivolumab. This supports a count of 1 extractable SPS-spectrum patient, but manual review remains appropriate because the evidence pack flags possible prior description/provenance uncertainty.","Review the count evidence, update the count manual-review ledger or gold corpus, and rerun the stage-06 publish step.",true,2026-04-19T11:55:08.338761+00:00
11810|07_case_series_split|case_series_split_manual_review_required|case_series_split_registry.csv,11810,11810,Subcutaneous Immunoglobulin Therapy with IgPro20 in Patients with Stiff Person Syndrome and Primary Immunodeficiency Disease,"Francis, Olivia; Patel, Niraj C.; Joshi, Avni; Prince, Ty; Krishnaswamy, Guha",2021,Journal of neuromuscular diseases,07_case_series_split,case_series_split_manual_review_required,medium,manual_review_required,case_series_split_registry.csv,split_status,Could not find at least two distinct explicit case/patient headings.,Review case boundaries manually or mark the paper unsuitable for case-level splitting.,true,2026-05-07T11:48:48.538933+00:00
11823|05b_proceedings_qc|proceedings_qc_follow_up_required|proceedings_text_qc_registry.csv,11823,11823,Successful management of acute respiratory failure in a patient with stiff person syndrome and scoliosis,"Song, D.; Mudigonda, G.; Sithamraju, A.; Kulkarni, S.",2021,American Journal of Respiratory and Critical Care Medicine,05b_proceedings_qc,proceedings_qc_follow_up_required,medium,untrimmed_localised,proceedings_text_qc_registry.csv,qc_status,Target appears localised in full proceedings text; trimming/manual review is still required.,"Review proceedings QC, fix the target span if needed, and rerun proceedings-ready publication.",true,2026-04-06T13:53:15.971969+00:00
11823|06_sps_case_count|reference_heuristic_count_needs_review|source_sps_case_count_registry.csv,11823,11823,Successful management of acute respiratory failure in a patient with stiff person syndrome and scoliosis,"Song, D.; Mudigonda, G.; Sithamraju, A.; Kulkarni, S.",2021,American Journal of Respiratory and Critical Care Medicine,06_sps_case_count,reference_heuristic_count_needs_review,medium,reference_heuristic_manual_review_required,source_sps_case_count_registry.csv,count_manual_review_required,reference_only_publish_fallback=true | count_basis=abstract_count_signal | count_confidence=medium | candidate_notes=preferred_text_source=full_text; body_only_candidate_added; single_case_default_candidate_added; distinct_candidate_counts=[1]; count_eligibility_status=extractable,"Review the source or restore run artefacts, then replace the reference-only fallback with reviewed evidence.",true,2026-04-26T22:28:09.913789+00:00
11903|06_sps_case_count|case_count_manual_review_required|source_sps_case_count_registry.csv,11903,11903,"Pediatric stiff limb syndrome with polyautoimmunity of anti-GAD-65, anti-islet cell, and thyroid peroxidase antibodies: A case report and review of literature.",Nie DA; Abud A; Serrano-Gonzalez M; Harappanahally G; Patil R,2022,J Neuroimmunol,06_sps_case_count,case_count_manual_review_required,medium,llm_candidate_exact,source_sps_case_count_registry.csv,count_manual_review_required,"challenge_stage=primary | verification_status=llm_candidate_exact | llm_count_confidence=medium | llm_selected_candidate_id=cand01 | This paper is a single case report describing one original pediatric stiff limb syndrome patient. The mention of 52 cases refers to previously reported literature cases and should not be counted as original cases in this paper; because provenance uncertainty is flagged, manual review remains appropriate.","Review the count evidence, update the count manual-review ledger or gold corpus, and rerun the stage-06 publish step.",true,2026-04-19T12:32:37.053322+00:00
11916|06_sps_case_count|case_count_manual_review_required|source_sps_case_count_registry.csv,11916,11916,"Stiff person spectrum disorder diagnosis, misdiagnosis, and suggested diagnostic criteria.",Chia NH; McKeon A; Dalakas MC; Flanagan EP; Bower JH; Klassen BT; Dubey D; Zalewski NL; Duffy D; Pittock SJ; Zekeridou A,2023,Ann Clin Transl Neurol,06_sps_case_count,case_count_manual_review_required,medium,llm_bounded_alternative,source_sps_case_count_registry.csv,count_manual_review_required,"challenge_stage=primary | verification_status=llm_bounded_alternative | llm_count_confidence=medium | The paper evaluates 173 referred/suspected cases, but explicitly states that only 48 were diagnosed with SPSD. Because the review should count confirmed or diagnosis-supported SPS-spectrum patients rather than the broader suspected cohort, 48 is the supported extractable SPSD count; manual review remains warranted because provenance overlap is flagged as uncertain ('as previously reported').","Review the count evidence, update the count manual-review ledger or gold corpus, and rerun the stage-06 publish step.",true,2026-04-19T12:34:10.820338+00:00
11931|06_sps_case_count|case_count_manual_review_required|source_sps_case_count_registry.csv,11931,11931,Progressive encephalomyelitis with rigidity and myoclonus (PERM) associated with anti-glycine receptor antibodies and urothelial carcinoma: a case report.,"Ali, Amanuel Hassen; Benterud, Anna; Holmoy, Trygve; Myro, Aija Zuleron",2023,Journal of medical case reports,06_sps_case_count,case_count_manual_review_required,medium,llm_candidate_exact,source_sps_case_count_registry.csv,count_manual_review_required,"challenge_stage=primary | verification_status=llm_candidate_exact | llm_count_confidence=medium | llm_selected_candidate_id=cand01 | This is a single-patient case report of PERM, which is within the SPS spectrum. The abstract explicitly describes one 72-year-old male whose clinical presentation plus anti-GlyR antibodies led to a diagnosis of PERM, but manual review remains appropriate because the package flags original cohort provenance uncertainty and confidence is not high.","Review the count evidence, update the count manual-review ledger or gold corpus, and rerun the stage-06 publish step.",true,2026-04-19T12:35:25.785598+00:00
11933|06_sps_case_count|reference_heuristic_count_needs_review|source_sps_case_count_registry.csv,11933,11933,Anti-amphiphysin-positive Progressive Encephalomyelitis with Rigidity and Myoclonus.,"Fujii, Yuki; Murata, Yuki; Hokkoku, Keiichi; Chiba, Takashi; Hamada, Yuichi; Uchibori, Ayumi; Chiba, Atsuro; Kobayashi, Shunsuke; Sonoo, Masahiro",2023,The Canadian journal of neurological sciences. Le journal canadien des sciences neurologiques,06_sps_case_count,reference_heuristic_count_needs_review,medium,reference_heuristic_manual_review_required,source_sps_case_count_registry.csv,count_manual_review_required,"reference_only_publish_fallback=true | count_basis=source_single_case_default | count_confidence=medium | candidate_notes=preferred_text_source=full_text; source_context_adjusted_primary_estimate; distinct_candidate_counts=[0, 1]; count_eligibility_status=extractable","Review the source or restore run artefacts, then replace the reference-only fallback with reviewed evidence.",true,2026-04-26T22:28:09.915939+00:00
11935|07_case_series_split|case_series_split_manual_review_required|case_series_split_registry.csv,11935,11935,Eculizumab for the treatment of glycine receptor antibody associated stiff-person syndrome.,"McCombe, Jennifer A; Klassen, Bryan T; Flanagan, Eoin P; Teener, James W; Zekeridou, Anastasia; Pittock, Sean J; McKeon, Andrew",2023,Journal of neurology,07_case_series_split,case_series_split_manual_review_required,medium,manual_review_required,case_series_split_registry.csv,split_status,Could not find at least two distinct explicit case/patient headings.,Review case boundaries manually or mark the paper unsuitable for case-level splitting.,true,2026-05-07T11:48:48.538946+00:00
11936|06_sps_case_count|case_count_manual_review_required|source_sps_case_count_registry.csv,11936,11936,Assessment of anti-GAD65-associated cerebellar ataxia with 18F-FDG cerebellar uptake: ROC analysis.,"Sadaghiani, Mohammad S; Roman, Samantha; Wang, Yujie; Rowe, Steven P; Leal, Jeffery P; Newsome, Scott D; Solnes, Lilja B",2023,Annals of nuclear medicine,06_sps_case_count,case_count_manual_review_required,medium,llm_bounded_alternative,source_sps_case_count_registry.csv,count_manual_review_required,"challenge_stage=primary | verification_status=llm_bounded_alternative | llm_count_confidence=medium | The paper reports an original cohort of 30 anti-GAD65-associated neurological disorder patients, with 11 having cerebellar ataxia and the remainder serving as the SPS comparison group. This supports 19 SPS-spectrum patients, but because the excerpt does not fully clarify whether any non-CA patients include SPS-plus overlap rather than pure SPS, manual review remains appropriate.","Review the count evidence, update the count manual-review ledger or gold corpus, and rerun the stage-06 publish step.",true,2026-04-19T12:35:47.758391+00:00
11939|07_case_series_split|case_series_split_manual_review_required|case_series_split_registry.csv,11939,11939,Respiratory symptoms are common in stiff person syndrome spectrum disorders and are associated with number of body regions involved.,"Pimentel Maldonado, Daniela A; Balshi, Alexandra; Hu, Chen; Fitzgerald, Kathryn C; Koshorek, Jacqueline; Reyes-Mantilla, Maria I; Obando, Danielle; Wang, Yujie; Newsome, Scott D",2023,European journal of neurology,07_case_series_split,case_series_split_manual_review_required,medium,manual_review_required,case_series_split_registry.csv,split_status,Could not find at least two distinct explicit case/patient headings.,Review case boundaries manually or mark the paper unsuitable for case-level splitting.,true,2026-05-07T11:48:48.538959+00:00
11940|06_sps_case_count|case_count_manual_review_required|source_sps_case_count_registry.csv,11940,11940,Rare Association of Autoimmune Limbic Encephalitis and Stiff Person Syndrome.,"Moustafa, Abdelmoniem; Alsamman, Mohd Amer; Fernandes, Denise",2023,Rhode Island medical journal (2013),06_sps_case_count,case_count_manual_review_required,medium,llm_candidate_exact,source_sps_case_count_registry.csv,count_manual_review_required,"challenge_stage=challenge | verification_status=llm_candidate_exact | llm_count_confidence=medium | challenge_reasons=semantic_validator_reject=COUNT_SPS_STATUS_UNCERTAIN | llm_selected_candidate_id=cand01 | This is a single-patient case report. The paper explicitly states that the authors present one 48-year-old woman and that she was diagnosed with both limbic encephalitis and SPS; because the challenge flag notes SPS-status uncertainty, the safest resolution is to keep the count at 1 but require manual review.","Review the count evidence, update the count manual-review ledger or gold corpus, and rerun the stage-06 publish step.",true,2026-04-19T12:37:01.798834+00:00
11941|06_sps_case_count|reference_heuristic_count_needs_review|source_sps_case_count_registry.csv,11941,11941,Glycine receptor antibody associated stiff person syndrome with nigrostriatal dopamine loss and levodopa responsiveness.,"Joo, Jae Young; Chang, Hee Jin; Woo, Kyung Ah; Lee, Han Sang; Kim, Han-Joon",2023,Parkinsonism & related disorders,06_sps_case_count,reference_heuristic_count_needs_review,medium,reference_heuristic_manual_review_required,source_sps_case_count_registry.csv,count_manual_review_required,"reference_only_publish_fallback=true | count_basis=source_single_case_default | count_confidence=medium | candidate_notes=preferred_text_source=full_text; source_context_adjusted_primary_estimate; distinct_candidate_counts=[0, 1]; count_eligibility_status=extractable","Review the source or restore run artefacts, then replace the reference-only fallback with reviewed evidence.",true,2026-04-26T22:28:09.918463+00:00
11947|06_sps_case_count|reference_heuristic_count_needs_review|source_sps_case_count_registry.csv,11947,11947,Asymmetric slowness and dystonic posturing.,"Casaletto, Emily; Ratliff, Jeffrey",2023,Practical neurology,06_sps_case_count,reference_heuristic_count_needs_review,medium,reference_heuristic_manual_review_required,source_sps_case_count_registry.csv,count_manual_review_required,"reference_only_publish_fallback=true | count_basis=source_single_case_default | count_confidence=medium | candidate_notes=preferred_text_source=full_text; source_context_adjusted_primary_estimate; distinct_candidate_counts=[0, 1]; count_eligibility_status=extractable","Review the source or restore run artefacts, then replace the reference-only fallback with reviewed evidence.",true,2026-04-26T22:28:09.920496+00:00
11951|06_sps_case_count|reference_heuristic_count_needs_review|source_sps_case_count_registry.csv,11951,11951,Hung-up knee jerk in stiff-person syndrome.,"Chen, Tychicus",2023,BMJ case reports,06_sps_case_count,reference_heuristic_count_needs_review,medium,reference_heuristic_manual_review_required,source_sps_case_count_registry.csv,count_manual_review_required,"reference_only_publish_fallback=true | count_basis=source_single_case_default | count_confidence=medium | candidate_notes=preferred_text_source=full_text; source_context_adjusted_primary_estimate; distinct_candidate_counts=[0, 1]; count_eligibility_status=extractable","Review the source or restore run artefacts, then replace the reference-only fallback with reviewed evidence.",true,2026-04-26T22:28:09.922773+00:00
11952|05_proceedings_trim|trim_manual_review_required|text_trim_registry.csv,11952,11952,Glutamic acid decarboxylase antibody-associated neurological syndromes: Clinical and antibody characteristics and therapy response.,"Madlener, Marie; Strippel, Christine; Thaler, Franziska S; Doppler, Kathrin; Wandinger, Klaus P; Lewerenz, Jan; Ringelstein, Marius; Roessling, Rosa; Menge, Til; Wickel, Jonathan; Kellingshaus, Christoph; Mues, Sigrid; Kraft, Andrea; Linsa, Andreas; Tauber, Simone C; Berg, Florian Then; Gerner, Stefan T; Paliantonis, Asterios; Finke, Alexander; Priller, Josef; Schirotzek, Ingo; Suse, Marie; Suhs, Kurt W; Urbanek, Christian; Senel, Makbule; Sommer, Claudia; Kuempfel, Tania; Pruess, Harald; Fink, Gereon R; Leypoldt, Frank; Melzer, Nico; Malter, Michael P",2023,Journal of the neurological sciences,05_proceedings_trim,trim_manual_review_required,high,header_only_source,text_trim_registry.csv,trim_status,Matched entry appears to contain header-only listing without abstract body.,Revisit proceedings localisation and publish a safe proceedings-ready text layer.,true,2026-05-07T11:48:48.496756+00:00
11952|05b_proceedings_qc|proceedings_qc_follow_up_required|proceedings_text_qc_registry.csv,11952,11952,Glutamic acid decarboxylase antibody-associated neurological syndromes: Clinical and antibody characteristics and therapy response.,"Madlener, Marie; Strippel, Christine; Thaler, Franziska S; Doppler, Kathrin; Wandinger, Klaus P; Lewerenz, Jan; Ringelstein, Marius; Roessling, Rosa; Menge, Til; Wickel, Jonathan; Kellingshaus, Christoph; Mues, Sigrid; Kraft, Andrea; Linsa, Andreas; Tauber, Simone C; Berg, Florian Then; Gerner, Stefan T; Paliantonis, Asterios; Finke, Alexander; Priller, Josef; Schirotzek, Ingo; Suse, Marie; Suhs, Kurt W; Urbanek, Christian; Senel, Makbule; Sommer, Claudia; Kuempfel, Tania; Pruess, Harald; Fink, Gereon R; Leypoldt, Frank; Melzer, Nico; Malter, Michael P",2023,Journal of the neurological sciences,05b_proceedings_qc,proceedings_qc_follow_up_required,high,header_only_source,proceedings_text_qc_registry.csv,qc_status,Matched source appears to be a title/author listing without abstract body text.,"Review proceedings QC, fix the target span if needed, and rerun proceedings-ready publication.",true,2026-04-06T13:53:16.124832+00:00
11952|06_sps_case_count|case_count_manual_review_required|source_sps_case_count_registry.csv,11952,11952,Glutamic acid decarboxylase antibody-associated neurological syndromes: Clinical and antibody characteristics and therapy response.,"Madlener, Marie; Strippel, Christine; Thaler, Franziska S; Doppler, Kathrin; Wandinger, Klaus P; Lewerenz, Jan; Ringelstein, Marius; Roessling, Rosa; Menge, Til; Wickel, Jonathan; Kellingshaus, Christoph; Mues, Sigrid; Kraft, Andrea; Linsa, Andreas; Tauber, Simone C; Berg, Florian Then; Gerner, Stefan T; Paliantonis, Asterios; Finke, Alexander; Priller, Josef; Schirotzek, Ingo; Suse, Marie; Suhs, Kurt W; Urbanek, Christian; Senel, Makbule; Sommer, Claudia; Kuempfel, Tania; Pruess, Harald; Fink, Gereon R; Leypoldt, Frank; Melzer, Nico; Malter, Michael P",2023,Journal of the neurological sciences,06_sps_case_count,case_count_manual_review_required,medium,llm_candidate_exact,source_sps_case_count_registry.csv,count_manual_review_required,"challenge_stage=primary | verification_status=llm_candidate_exact | llm_count_confidence=medium | llm_selected_candidate_id=cand01 | The paper reports a broader cohort of 101 GAD-antibody-associated neurological syndrome patients, with an explicit diagnosis-specific subgroup of ""SPS/PERM 22 (21.8%)"" in Table 1 and text stating ""SPS was diagnosed in 22 patients."" This supports selecting the 22-patient SPS-spectrum subset, but manual review remains appropriate because the evidence pack flags original cohort provenance as uncertain.","Review the count evidence, update the count manual-review ledger or gold corpus, and rerun the stage-06 publish step.",true,2026-04-19T12:38:05.521063+00:00
11960|06_sps_case_count|case_count_manual_review_required|source_sps_case_count_registry.csv,11960,11960,Glutamic acid decarboxylase (GAD) antibody-positive paraneoplastic stiff person syndrome associated with mediastinal liposarcoma.,"Yohannan, Binoy; Sridhar, Arthi; Kachira, Johncy John; Jafri, Syed H",2022,BMJ case reports,06_sps_case_count,case_count_manual_review_required,medium,llm_candidate_exact,source_sps_case_count_registry.csv,count_manual_review_required,"challenge_stage=primary | verification_status=llm_candidate_exact | llm_count_confidence=medium | llm_selected_candidate_id=cand01 | This BMJ case report explicitly describes a single original SPS-spectrum patient: a young woman diagnosed with paraneoplastic SPS. The best-supported count is 1, but manual review remains appropriate because the evidence pack flags original cohort provenance uncertainty.","Review the count evidence, update the count manual-review ledger or gold corpus, and rerun the stage-06 publish step.",true,2026-04-19T12:39:16.999754+00:00
11971|06_sps_case_count|case_count_manual_review_required|source_sps_case_count_registry.csv,11971,11971,Neuropsychiatric Manifestations of Autoimmune Encephalitis in a Tertiary Hospital: A Case Series and Current Perspectives.,"Sinha, Akriti; Smolik, Trenton J; Roy, Kamalika; Bollu, Pradeep C",2022,The Journal of clinical psychiatry,06_sps_case_count,case_count_manual_review_required,medium,llm_candidate_exact,source_sps_case_count_registry.csv,count_manual_review_required,"challenge_stage=challenge | verification_status=llm_candidate_exact | llm_count_confidence=medium | challenge_reasons=local_validation_conflict=2 vs 1 | llm_selected_candidate_id=cand02 | The paper is a 7-patient autoimmune encephalitis case series, but only one patient is explicitly described as having an SPS-spectrum diagnosis: case 7 with stiff-person syndrome. Case 6 is GAD65-positive but is described with speech dysfunction and altered mentation rather than SPS-spectrum features, so the safest extractable SPS-spectrum count is 1; manual review remains required because provenance overlap/originality is flagged as uncertain.","Review the count evidence, update the count manual-review ledger or gold corpus, and rerun the stage-06 publish step.",true,2026-04-19T12:39:48.996862+00:00
11975|06_sps_case_count|case_count_manual_review_required|source_sps_case_count_registry.csv,11975,11975,Stiff Person Syndrome and Encephalitis with GAD Antibodies with Severe Anterograde Amnesia in an Adolescent: A Case Study and Literature Review.,"Herbulot, Lea; Bost, Chloe; Viguier, Agnes; Faure-Marie, Nathalie; Baudou, Eloise; Cheuret, Emmanuel",2022,Neuropediatrics,06_sps_case_count,case_count_manual_review_required,medium,llm_candidate_exact,source_sps_case_count_registry.csv,count_manual_review_required,"challenge_stage=primary | verification_status=llm_candidate_exact | llm_count_confidence=medium | llm_selected_candidate_id=cand01 | This paper is a single-patient case report describing one original adolescent patient managed by the authors, with explicit clinical stiff person syndrome plus GAD-positive encephalitis. The count is best supported as 1, but manual review remains appropriate because the evidence pack flags original cohort provenance uncertainty and the article also includes a literature review component.","Review the count evidence, update the count manual-review ledger or gold corpus, and rerun the stage-06 publish step.",true,2026-04-19T12:40:41.423563+00:00
11978|06_sps_case_count|reference_heuristic_count_needs_review|source_sps_case_count_registry.csv,11978,11978,Autoimmune encephalitis: the first observational study from Iran.,"Etemadifar, Masoud; Aghababaei, Ali; Nouri, Hosein; Kargaran, Parisa K; Mohammadi, Shaghayegh; Salari, Mehri",2022,Neurological sciences : official journal of the Italian Neurological Society and of the Italian Society of Clinical Neurophysiology,06_sps_case_count,reference_heuristic_count_needs_review,medium,reference_heuristic_manual_review_required,source_sps_case_count_registry.csv,count_manual_review_required,"reference_only_publish_fallback=true | count_basis=diagnosis_specific_mixed_diagnosis_subgroup_count | count_confidence=high | candidate_notes=preferred_text_source=full_text; body_only_candidate_added; explicit_sps_subgroup_candidate_added; distinct_candidate_counts=[0, 1]; explicit_sps_subgroup_count=1; count_eligibility_status=extractable","Review the source or restore run artefacts, then replace the reference-only fallback with reviewed evidence.",true,2026-04-26T22:28:09.943620+00:00
11981|06_sps_case_count|case_count_manual_review_required|source_sps_case_count_registry.csv,11981,11981,Serum glutamate decarboxylase antibodies and neurological disorders: when to suspect their association?.,"Lacruz Ballester, Laura; Fernandez-Fournier, Mireya; Puertas Munoz, Inmaculada; Rodriguez Fraga, Olaia; Lastras Fernandez-Escandon, Clara; Rodriguez de Rivera Garrido, Francisco Javier; Alba Suarez, Elda Maria; Tallon Barranco, Antonio",2022,Neurological sciences : official journal of the Italian Neurological Society and of the Italian Society of Clinical Neurophysiology,06_sps_case_count,case_count_manual_review_required,medium,llm_candidate_exact,source_sps_case_count_registry.csv,count_manual_review_required,"challenge_stage=challenge | verification_status=llm_candidate_exact | llm_count_confidence=medium | challenge_reasons=semantic_validator_reject=COUNT_SPS_STATUS_UNCERTAIN | llm_selected_candidate_id=cand01 | The paper studies a broad cohort of 173 patients tested for GAD antibodies, not an all-SPSD cohort. The clearest extractable SPS-spectrum count is the diagnosis-specific table row showing 1 patient with stiff-person syndrome; because the broader anti-GAD/neurology cohort creates some SPS-status ambiguity, this should remain flagged for manual review.","Review the count evidence, update the count manual-review ledger or gold corpus, and rerun the stage-06 publish step.",true,2026-04-19T12:41:53.553290+00:00
11984|06_sps_case_count|reference_heuristic_count_needs_review|source_sps_case_count_registry.csv,11984,11984,Stiff-person syndrome with rhabdomyolysis.,"Nakanishi, Toshiyuki; Kenzaka, Tsuneaki",2021,BMJ case reports,06_sps_case_count,reference_heuristic_count_needs_review,medium,reference_heuristic_manual_review_required,source_sps_case_count_registry.csv,count_manual_review_required,"reference_only_publish_fallback=true | count_basis=source_single_case_default | count_confidence=medium | candidate_notes=preferred_text_source=full_text; source_context_adjusted_primary_estimate; distinct_candidate_counts=[0, 1]; count_eligibility_status=extractable","Review the source or restore run artefacts, then replace the reference-only fallback with reviewed evidence.",true,2026-04-26T22:28:09.945559+00:00
11988|06_sps_case_count|case_count_manual_review_required|source_sps_case_count_registry.csv,11988,11988,Progressive encephalomyelitis with rigidity: A Taiwanese case and review of literature.,"Chang, Anna; Lin, Kuan-Yu; Chuang, Kai-Ju; Waters, Patrick; Irani, Sarosh; Mgbachi, Victor; Yeh, Hsu-Ling; Lien, Li-Ming; Chiu, Hou-Chang; Chen, Wei-Hung",2021,Clinical neurology and neurosurgery,06_sps_case_count,case_count_manual_review_required,medium,llm_candidate_exact,source_sps_case_count_registry.csv,count_manual_review_required,"challenge_stage=primary | verification_status=llm_candidate_exact | llm_count_confidence=medium | llm_selected_candidate_id=cand01 | The paper is primarily a Taiwanese case report plus a literature review of previously reported PERM cases, so the abstract total of 81 is not an original extractable cohort from this paper. The clearest SPS-spectrum count tied to original data in the evidence pack is the explicit PERM subgroup count of 13, but provenance and context are uncertain, so this should remain flagged for manual review.","Review the count evidence, update the count manual-review ledger or gold corpus, and rerun the stage-06 publish step.",true,2026-04-19T12:42:47.282492+00:00
11988|07_case_series_split|case_series_split_manual_review_required|case_series_split_registry.csv,11988,11988,Progressive encephalomyelitis with rigidity: A Taiwanese case and review of literature.,"Chang, Anna; Lin, Kuan-Yu; Chuang, Kai-Ju; Waters, Patrick; Irani, Sarosh; Mgbachi, Victor; Yeh, Hsu-Ling; Lien, Li-Ming; Chiu, Hou-Chang; Chen, Wei-Hung",2021,Clinical neurology and neurosurgery,07_case_series_split,case_series_split_manual_review_required,medium,manual_review_required,case_series_split_registry.csv,split_status,Could not find at least two distinct explicit case/patient headings.,Review case boundaries manually or mark the paper unsuitable for case-level splitting.,true,2026-05-07T11:48:48.538973+00:00
11990|06_sps_case_count|case_count_manual_review_required|source_sps_case_count_registry.csv,11990,11990,Thymoma and Autoimmune Encephalitis: Clinical Manifestations and Antibodies.,"Guasp, Mar; Landa, Jon; Martinez-Hernandez, Eugenia; Sabater, Lidia; Iizuka, Takahiro; Simabukuro, Mateus; Nakamura, Masataka; Kinoshita, Makoto; Kurihara, Masanori; Kaida, Kenichi; Bruna, Jordi; Kapetanovic, Solange; Sanchez, Pedro; Ruiz-Garcia, Raquel; Naranjo, Laura; Planaguma, Jesus; Munoz-Lopetegi, Amaia; Bataller, Luis; Saiz, Albert; Dalmau, Josep; Graus, Francesc",2021,Neurology(R) neuroimmunology & neuroinflammation,06_sps_case_count,case_count_manual_review_required,medium,llm_candidate_exact,source_sps_case_count_registry.csv,count_manual_review_required,"challenge_stage=primary | verification_status=llm_candidate_exact | llm_count_confidence=medium | llm_selected_candidate_id=cand02 | The paper reports a cohort of 43 patients with autoimmune encephalitis and thymoma, not an SPS-spectrum cohort. Within that cohort, only 4 patients are described as having PERM, which is SPS-spectrum, but this explicit subgroup count is not represented in the candidate list; because the available candidates are 61 and 0, 61 is clearly unsupported for SPSD and the safest listed candidate is 0, with manual review required due to the missed PERM subgroup and provenance uncertainty.","Review the count evidence, update the count manual-review ledger or gold corpus, and rerun the stage-06 publish step.",true,2026-04-19T12:43:10.991881+00:00
12031|07_case_series_split|case_series_split_manual_review_required|case_series_split_registry.csv,12031,12031,Transient Neurological Symptoms Preceding Cerebellar Ataxia with Glutamic Acid Decarboxylase Antibodies.,"Muniz-Castrillo, Sergio; Vogrig, Alberto; Joubert, Bastien; Pinto, Anne-Laurie; Goncalves, David; Chaumont, Hugo; Rogemond, Veronique; Picard, Geraldine; Fabien, Nicole; Honnorat, Jerome",2020,"Cerebellum (London, England)",07_case_series_split,case_series_split_manual_review_required,medium,manual_review_required,case_series_split_registry.csv,split_status,Could not find at least two distinct explicit case/patient headings.,Review case boundaries manually or mark the paper unsuitable for case-level splitting.,true,2026-05-07T11:48:48.538986+00:00
12114|04_source_categorisation|source_category_manual_review_required|paper_artifact_registry.csv,12114,12114,Case Report: Amphiphysin Antibody-Associated Stiff-Limb Syndrome and Myelopathy: An Unusual Presentation of Breast Cancer in an Elderly Woman,"Gogia, B; Shanina, E; Fang, X; He, J; Li, XP",2021,FRONTIERS IN NEUROLOGY,04_source_categorisation,source_category_manual_review_required,medium,review_source_category_then_langextract,paper_artifact_registry.csv,source_manual_review_required,"validator_flags=PROCEEDINGS_TRIM_PENDING | This is a single case report, as indicated by the title, abstract, and detailed case presentation of one individual patient with SPS-spectrum disorder. There is no evidence of additional original SPS-spectrum patients.",Review source category/routing and update the source categorisation manual-review ledger.,true,2026-04-05T19:20:30.493705+00:00
12114|06_sps_case_count|case_count_manual_review_required|source_sps_case_count_registry.csv,12114,12114,Case Report: Amphiphysin Antibody-Associated Stiff-Limb Syndrome and Myelopathy: An Unusual Presentation of Breast Cancer in an Elderly Woman,"Gogia, B; Shanina, E; Fang, X; He, J; Li, XP",2021,FRONTIERS IN NEUROLOGY,06_sps_case_count,case_count_manual_review_required,medium,llm_candidate_exact,source_sps_case_count_registry.csv,count_manual_review_required,"challenge_stage=challenge | verification_status=llm_candidate_exact | llm_count_confidence=medium | challenge_reasons=semantic_validator_reject=COUNT_SPS_STATUS_UNCERTAIN | llm_selected_candidate_id=cand01 | This is a single-patient case report with explicit wording that the authors present one case of anti-amphiphysin antibody-associated paraneoplastic stiff-limb syndrome, which is within the SPS spectrum. Although the paper mentions myelopathy and broader SPS-spectrum entities in background text, the reported original patient is clearly one diagnosis-supported SLS case; because of the validator uncertainty flag, manual review remains appropriate.","Review the count evidence, update the count manual-review ledger or gold corpus, and rerun the stage-06 publish step.",true,2026-04-19T12:45:14.208598+00:00
12138|06_sps_case_count|case_count_manual_review_required|source_sps_case_count_registry.csv,12138,12138,Glycine Receptor Antibody-Associated Progressive Encephalomyelitis with Rigidity and Myoclonus (PERM) During SARS-CoV-2 Infection: a Video-Case Report,"Giacomozzi, S; Barone, V; Merli, E; Contardi, S; Ricciardiello, F; Giannoccaro, MP; Liguori, R; Zini, A",2023,MOVEMENT DISORDERS CLINICAL PRACTICE,06_sps_case_count,case_count_manual_review_required,medium,llm_candidate_exact,source_sps_case_count_registry.csv,count_manual_review_required,"challenge_stage=primary | verification_status=llm_candidate_exact | llm_count_confidence=medium | llm_selected_candidate_id=cand01 | This is a single-patient PERM video-case report with explicit diagnosis of progressive encephalomyelitis with rigidity and myoclonus, so the best-supported extractable count is 1. However, the evidence pack notes the patient 'has been previously reported during SARS-CoV-2 infection,' so provenance overlap is uncertain and manual review is required.","Review the count evidence, update the count manual-review ledger or gold corpus, and rerun the stage-06 publish step.",true,2026-04-19T12:45:59.518292+00:00
12202|06_sps_case_count|case_count_manual_review_required|source_sps_case_count_registry.csv,12202,12202,Progressive Encephalomyelitis with Rigidity and Myoclonus with an Aggressive Presentation Mimicking Septic Shock: A Pediatric Case Report and Literature Review,"Ho, SCS; Leung, KY; Ng, GSF; Yiu, WL; Yau, EKC; Fong, NC",2023,JOURNAL OF PEDIATRIC NEUROLOGY,06_sps_case_count,case_count_manual_review_required,medium,llm_candidate_exact,source_sps_case_count_registry.csv,count_manual_review_required,"challenge_stage=primary | verification_status=llm_candidate_exact | llm_count_confidence=medium | llm_selected_candidate_id=cand02 | This is a pediatric single-case report with explicit text stating the authors report one 16-year-old girl diagnosed with PERM. The competing count of 2 is not supported by clear original-patient evidence and likely reflects heuristic misreading of surrounding review/table material; because provenance uncertainty signals are present, human review is still warranted.","Review the count evidence, update the count manual-review ledger or gold corpus, and rerun the stage-06 publish step.",true,2026-04-19T12:46:46.122449+00:00
12206|06_sps_case_count|reference_heuristic_count_needs_review|source_sps_case_count_registry.csv,12206,12206,Paraneoplastic Stiff-Person syndrome with adenocarcinoma of the bladder and anti-glycine receptor antibodies,"Papantoniou, M; Sotiriou, K",2023,ACTA NEUROLOGICA BELGICA,06_sps_case_count,reference_heuristic_count_needs_review,medium,reference_heuristic_manual_review_required,source_sps_case_count_registry.csv,count_manual_review_required,"reference_only_publish_fallback=true | count_basis=source_single_case_default | count_confidence=medium | candidate_notes=preferred_text_source=full_text; source_context_adjusted_primary_estimate; distinct_candidate_counts=[0, 1]; count_eligibility_status=extractable","Review the source or restore run artefacts, then replace the reference-only fallback with reviewed evidence.",true,2026-04-26T22:28:09.947928+00:00
12222|06_sps_case_count|case_count_manual_review_required|source_sps_case_count_registry.csv,12222,12222,A THERAPEUTIC TRIAL OF MILACEMIDE IN MYOCLONUS AND THE STIFF-PERSON SYNDROME,"BROWN, P; THOMPSON, PD; ROTHWELL, JC; DAY, BL; MARSDEN, CD",1991,MOVEMENT DISORDERS,06_sps_case_count,case_count_manual_review_required,medium,llm_candidate_exact,source_sps_case_count_registry.csv,count_manual_review_required,"challenge_stage=challenge | verification_status=llm_candidate_exact | llm_count_confidence=medium | challenge_reasons=explicit_sps_subgroup_conflict=3 vs 5 | llm_selected_candidate_id=cand01 | The paper text explicitly reports an open-label trial in 'seven patients with myoclonus and three patients with the stiff-person syndrome,' and later identifies cases 8-10 as the three stiff-person syndrome patients. Although an upstream subgroup signal suggests 5, the full-text cohort description and case table consistently support 3 SPS-spectrum patients; manual review remains warranted because provenance uncertainty is flagged and there is a 3-vs-5 package conflict.","Review the count evidence, update the count manual-review ledger or gold corpus, and rerun the stage-06 publish step.",true,2026-04-19T12:47:35.380820+00:00
12246|06_sps_case_count|reference_heuristic_count_needs_review|source_sps_case_count_registry.csv,12246,12246,Progressive Encephalomyelitis With Rigidity and Myoclonus <i>The First Pediatric Case With Glycine Receptor Antibodies</i>,"Damásio, J; Leite, MI; Coutinho, E; Waters, P; Woodhall, M; Santos, MA; Carrilho, I; Vincent, A",2013,JAMA NEUROLOGY,06_sps_case_count,reference_heuristic_count_needs_review,medium,reference_heuristic_manual_review_required,source_sps_case_count_registry.csv,count_manual_review_required,"reference_only_publish_fallback=true | count_basis=source_single_case_default | count_confidence=medium | candidate_notes=preferred_text_source=full_text; source_context_adjusted_primary_estimate; distinct_candidate_counts=[0, 1]; count_eligibility_status=extractable","Review the source or restore run artefacts, then replace the reference-only fallback with reviewed evidence.",true,2026-04-26T22:28:09.976717+00:00
12247|06_sps_case_count|case_count_manual_review_required|source_sps_case_count_registry.csv,12247,12247,AUTOANTIBODIES TO A 128-KD SYNAPTIC PROTEIN IN 3 WOMEN WITH THE STIFF-MAN SYNDROME AND BREAST-CANCER,"FOLLI, F; SOLIMENA, M; COFIELL, R; AUSTONI, M; TALLINI, G; FASSETTA, G; BATES, D; CARTLIDGE, N; BOTTAZZO, GF; PICCOLO, G; DECAMILLI, P",1993,NEW ENGLAND JOURNAL OF MEDICINE,06_sps_case_count,case_count_manual_review_required,medium,llm_candidate_exact,source_sps_case_count_registry.csv,count_manual_review_required,"challenge_stage=challenge | verification_status=llm_candidate_exact | llm_count_confidence=medium | challenge_reasons=explicit_sps_subgroup_conflict=3 vs 4 | llm_selected_candidate_id=cand01 | The paper explicitly states that the authors studied three women with stiff-man syndrome and breast cancer, and the title/case-report structure supports a 3-patient original SPS cohort. Although an upstream subgroup signal suggests 4, the supplied text only clearly identifies three indexed patients, while provenance overlap is uncertain because at least one patient was previously described; therefore the safest resolution is candidate 3 with manual review retained.","Review the count evidence, update the count manual-review ledger or gold corpus, and rerun the stage-06 publish step.",true,2026-04-19T12:49:10.540501+00:00
12251|05_proceedings_trim|proceedings_manual_review_queue|proceedings_manual_review_queue.csv,12251,12251,Stiff limb syndrome: a case report,"Farhat, E; Zouari, M; Beyrouti, R; Ben Sassi, S; Hentati, F",2014,JOURNAL OF NEUROLOGY,05_proceedings_trim,proceedings_manual_review_queue,medium,queued,proceedings_manual_review_queue.csv,manual_status,"Proceedings detected, but the best abstract block match is below the auto-trim confidence threshold.","Review target abstract boundaries, record the manual decision, and rerun proceedings-ready publication.",true,2026-05-07T11:48:48.490378+00:00
12251|06_sps_case_count|reference_heuristic_count_needs_review|source_sps_case_count_registry.csv,12251,12251,Stiff limb syndrome: a case report,"Farhat, E; Zouari, M; Beyrouti, R; Ben Sassi, S; Hentati, F",2014,JOURNAL OF NEUROLOGY,06_sps_case_count,reference_heuristic_count_needs_review,medium,reference_heuristic_manual_review_required,source_sps_case_count_registry.csv,count_manual_review_required,reference_only_publish_fallback=true | count_basis=case_report_marker_single_case | count_confidence=medium | candidate_notes=preferred_text_source=trimmed; single_case_default_candidate_added; distinct_candidate_counts=[1]; count_eligibility_status=extractable,"Review the source or restore run artefacts, then replace the reference-only fallback with reviewed evidence.",true,2026-04-26T22:28:09.978673+00:00
12262|06_sps_case_count|case_count_manual_review_required|source_sps_case_count_registry.csv,12262,12262,STIFF-MAN SYNDROME - REPORT OF A CASE,"TARSY, D; MIYAWAKI, EK",1994,ARCHIVES OF INTERNAL MEDICINE,06_sps_case_count,case_count_manual_review_required,medium,llm_candidate_exact,source_sps_case_count_registry.csv,count_manual_review_required,"challenge_stage=primary | verification_status=llm_candidate_exact | llm_count_confidence=medium | llm_selected_candidate_id=cand01 | This paper is explicitly a case report and the abstract/full-text excerpt describe one woman with stiff-man syndrome. The cited larger patient numbers are background literature, not original cases from this paper; however, provenance uncertainty is flagged, so human review remains appropriate.","Review the count evidence, update the count manual-review ledger or gold corpus, and rerun the stage-06 publish step.",true,2026-04-19T12:49:30.089559+00:00
12270|05_proceedings_trim|proceedings_manual_review_queue|proceedings_manual_review_queue.csv,12270,12270,Rapid Onset Stiff Person Syndrome,"Neeley, B; Pawar, G; Tripathi, R",2021,MOVEMENT DISORDERS,05_proceedings_trim,proceedings_manual_review_queue,medium,queued,proceedings_manual_review_queue.csv,manual_status,"Proceedings detected, but the best abstract block match is below the auto-trim confidence threshold.","Review target abstract boundaries, record the manual decision, and rerun proceedings-ready publication.",true,2026-05-07T11:48:48.490403+00:00
12288|05_proceedings_trim|proceedings_manual_review_queue|proceedings_manual_review_queue.csv,12288,12288,MRI abnormalities in stiff person syndrome,"Seefried, S; Homola, G; Pham, M; Sommer, C",2023,EUROPEAN JOURNAL OF NEUROLOGY,05_proceedings_trim,proceedings_manual_review_queue,medium,queued,proceedings_manual_review_queue.csv,manual_status,"Proceedings detected, but the best abstract block match is below the auto-trim confidence threshold.","Review target abstract boundaries, record the manual decision, and rerun proceedings-ready publication.",true,2026-05-07T11:48:48.490415+00:00
12288|06_sps_case_count|case_count_manual_review_required|source_sps_case_count_registry.csv,12288,12288,MRI abnormalities in stiff person syndrome,"Seefried, S; Homola, G; Pham, M; Sommer, C",2023,EUROPEAN JOURNAL OF NEUROLOGY,06_sps_case_count,case_count_manual_review_required,medium,llm_candidate_exact,source_sps_case_count_registry.csv,count_manual_review_required,"challenge_stage=challenge | verification_status=llm_candidate_exact | llm_count_confidence=medium | challenge_reasons=semantic_validator_reject=COUNT_SPS_STATUS_UNCERTAIN; local_safer_abstention_conflict=1 vs 25 | llm_selected_candidate_id=cand01 | The abstract explicitly states that 25 SPS patients were examined, which is stronger than the single-case routing heuristic and supports an original SPS cohort count rather than zero. However, because this is a conference abstract routed as a single-case subtype and the challenge flags unresolved SPS-status uncertainty, the count should be retained with manual review.","Review the count evidence, update the count manual-review ledger or gold corpus, and rerun the stage-06 publish step.",true,2026-04-19T12:50:16.682020+00:00
12301|05_proceedings_trim|proceedings_manual_review_queue|proceedings_manual_review_queue.csv,12301,12301,Stiff Person Syndrome Presenting with Dystonia,"Gao, F",2021,MOVEMENT DISORDERS,05_proceedings_trim,proceedings_manual_review_queue,medium,queued,proceedings_manual_review_queue.csv,manual_status,"Proceedings detected, but the best abstract block match is below the auto-trim confidence threshold.","Review target abstract boundaries, record the manual decision, and rerun proceedings-ready publication.",true,2026-05-07T11:48:48.490458+00:00
12305|04_source_categorisation|source_category_manual_review_required|paper_artifact_registry.csv,12305,12305,Breast Carcinoma Presenting with Anti-amphiphysin Antibody-associated Stiff-limb Syndrome,"Closas, AMD; Tan, AH; Goh, KJ; Schee, JP; See, MH; Tai, SML; Lim, SY",2023,MOVEMENT DISORDERS,04_source_categorisation,source_category_manual_review_required,medium,review_source_category_then_langextract,paper_artifact_registry.csv,source_manual_review_required,"validator_flags=PROCEEDINGS_TRIM_PENDING | This is a single case report, as evidenced by the detailed narrative of one patient's presentation, workup, treatment, and outcome. The report includes individual-level clinical data and does not mention any additional original SPS-spectrum patients.",Review source category/routing and update the source categorisation manual-review ledger.,true,2026-04-05T19:24:02.475449+00:00
12305|06_sps_case_count|case_count_manual_review_required|source_sps_case_count_registry.csv,12305,12305,Breast Carcinoma Presenting with Anti-amphiphysin Antibody-associated Stiff-limb Syndrome,"Closas, AMD; Tan, AH; Goh, KJ; Schee, JP; See, MH; Tai, SML; Lim, SY",2023,MOVEMENT DISORDERS,06_sps_case_count,case_count_manual_review_required,medium,llm_candidate_exact,source_sps_case_count_registry.csv,count_manual_review_required,"challenge_stage=challenge | verification_status=llm_candidate_exact | llm_count_confidence=medium | challenge_reasons=semantic_validator_reject=COUNT_SPS_STATUS_UNCERTAIN | llm_selected_candidate_id=cand01 | This is an original single-patient case report describing an 83-year-old woman with anti-amphiphysin antibody-associated paraneoplastic stiff-limb syndrome, which is within the SPS spectrum. Although the paper also contains background discussion of broader SPS-spectrum entities, the extractable original data support one unique SPS-spectrum patient; due to the validator's SPS-status uncertainty flag, manual review remains appropriate.","Review the count evidence, update the count manual-review ledger or gold corpus, and rerun the stage-06 publish step.",true,2026-04-19T12:51:32.246339+00:00
12322|05b_proceedings_qc|proceedings_qc_follow_up_required|proceedings_text_qc_registry.csv,12322,12322,Celiac Disease With Concurrent Stiff Person Syndrome,"Hall, H; Zheng, XN; Chastant, W; Hutchings, J",2022,AMERICAN JOURNAL OF GASTROENTEROLOGY,05b_proceedings_qc,proceedings_qc_follow_up_required,medium,untrimmed_localised,proceedings_text_qc_registry.csv,qc_status,Target appears localised in full proceedings text; trimming/manual review is still required.,"Review proceedings QC, fix the target span if needed, and rerun proceedings-ready publication.",true,2026-04-06T13:53:48.636242+00:00
12345|04_source_categorisation|source_category_manual_review_required|paper_artifact_registry.csv,12345,12345,Partial Stiff Person Syndrome as a Stroke Mimic,"Machado, D; Hodges, K",2020,ANNALS OF NEUROLOGY,04_source_categorisation,source_category_manual_review_required,medium,review_source_category_then_langextract,paper_artifact_registry.csv,source_manual_review_required,"This is a conference abstract (proceedings detected, single page, S-page numbering). The title suggests a clinical case, but without an abstract or further content, it is unclear whether original SPS-spectrum patient data is reported or how many cases are included.",Review source category/routing and update the source categorisation manual-review ledger.,true,2026-04-05T19:24:11.181686+00:00
12345|05_proceedings_trim|trim_manual_review_required|text_trim_registry.csv,12345,12345,Partial Stiff Person Syndrome as a Stroke Mimic,"Machado, D; Hodges, K",2020,ANNALS OF NEUROLOGY,05_proceedings_trim,trim_manual_review_required,high,header_only_source,text_trim_registry.csv,trim_status,Matched entry appears to contain header-only listing without abstract body.,Revisit proceedings localisation and publish a safe proceedings-ready text layer.,true,2026-05-07T11:48:48.496787+00:00
12345|05b_proceedings_qc|proceedings_qc_follow_up_required|proceedings_text_qc_registry.csv,12345,12345,Partial Stiff Person Syndrome as a Stroke Mimic,"Machado, D; Hodges, K",2020,ANNALS OF NEUROLOGY,05b_proceedings_qc,proceedings_qc_follow_up_required,high,header_only_source,proceedings_text_qc_registry.csv,qc_status,Matched source appears to be a title/author listing without abstract body text.,"Review proceedings QC, fix the target span if needed, and rerun proceedings-ready publication.",true,2026-04-06T13:53:56.406580+00:00
12358|05b_proceedings_qc|proceedings_qc_follow_up_required|proceedings_text_qc_registry.csv,12358,12358,Type 1 Diabetes Mellitus and Stiff-Person Syndrome,"Araújo, CA; Baptista, C; Paiva, I; Morgadinho, A",2021,DIABETES,05b_proceedings_qc,proceedings_qc_follow_up_required,high,header_only_source,proceedings_text_qc_registry.csv,qc_status,Matched source appears to be a title/author listing without abstract body text.,"Review proceedings QC, fix the target span if needed, and rerun proceedings-ready publication.",true,2026-04-06T13:53:56.411592+00:00
12387|05_proceedings_trim|proceedings_manual_review_queue|proceedings_manual_review_queue.csv,12387,12387,Successful treatment of Stiff Person Syndrome with botulinum toxin,"Goncalves, A; Brunet, F; Ariton, D; De Fabregues, O",2022,MOVEMENT DISORDERS,05_proceedings_trim,proceedings_manual_review_queue,medium,queued,proceedings_manual_review_queue.csv,manual_status,"Proceedings detected, but the best abstract block match is below the auto-trim confidence threshold.","Review target abstract boundaries, record the manual decision, and rerun proceedings-ready publication.",true,2026-05-07T11:48:48.490507+00:00
12390|05_proceedings_trim|trim_manual_review_required|text_trim_registry.csv,12390,12390,Stiff Person Syndrome Misdiagnosis: Clinical and Ancillary Testing Characteristics,"Chia, N; McKeon, A; Flanagan, E; Dubey, D; Zalewski, N; Pittock, S; Zekeridou, A",2022,NEUROLOGY,05_proceedings_trim,trim_manual_review_required,medium,manual_review_required,text_trim_registry.csv,trim_status,Matched entry appears truncated or lacks sufficient abstract body content.,Revisit proceedings localisation and publish a safe proceedings-ready text layer.,true,2026-05-07T11:48:48.496802+00:00
12390|05b_proceedings_qc|proceedings_qc_follow_up_required|proceedings_text_qc_registry.csv,12390,12390,Stiff Person Syndrome Misdiagnosis: Clinical and Ancillary Testing Characteristics,"Chia, N; McKeon, A; Flanagan, E; Dubey, D; Zalewski, N; Pittock, S; Zekeridou, A",2022,NEUROLOGY,05b_proceedings_qc,proceedings_qc_follow_up_required,medium,untrimmed_localised,proceedings_text_qc_registry.csv,qc_status,Target appears localised in full proceedings text; trimming/manual review is still required.,"Review proceedings QC, fix the target span if needed, and rerun proceedings-ready publication.",true,2026-04-06T13:54:17.574928+00:00
12399|05b_proceedings_qc|proceedings_qc_follow_up_required|proceedings_text_qc_registry.csv,12399,12399,Neuropsychological performance and psychiatric symptoms in stiff person syndrome,"Chan, C; Wang, YJ; Obando, D; Newsome, S",2021,NEUROLOGY,05b_proceedings_qc,proceedings_qc_follow_up_required,medium,untrimmed_localised,proceedings_text_qc_registry.csv,qc_status,Target appears localised in full proceedings text; trimming/manual review is still required.,"Review proceedings QC, fix the target span if needed, and rerun proceedings-ready publication.",true,2026-04-06T13:54:17.578470+00:00
12424|05b_proceedings_qc|proceedings_qc_follow_up_required|proceedings_text_qc_registry.csv,12424,12424,Unanticipated Improvement of Stiff Person Syndrome after severe COVID-19,"Tofade, T; Shaulov, S; Surathi, P; Mulvey, M; Marks, D",2021,NEUROLOGY,05b_proceedings_qc,proceedings_qc_follow_up_required,blocker,mismatch,proceedings_text_qc_registry.csv,qc_status,Title/author alignment is too weak for a reliable proceedings match.,"Review proceedings QC, fix the target span if needed, and rerun proceedings-ready publication.",true,2026-04-06T13:54:21.107224+00:00
12428|05_proceedings_trim|proceedings_manual_review_queue|proceedings_manual_review_queue.csv,12428,12428,"Unrecognized thymoma-associated paraneoplastic ""stiff person"" syndrome - a case report","Novoselska, N; Mateva, G; Bochev, P",2022,EUROPEAN JOURNAL OF NUCLEAR MEDICINE AND MOLECULAR IMAGING,05_proceedings_trim,proceedings_manual_review_queue,medium,queued,proceedings_manual_review_queue.csv,manual_status,"Proceedings detected, but the best abstract block match is below the auto-trim confidence threshold.","Review target abstract boundaries, record the manual decision, and rerun proceedings-ready publication.",true,2026-05-07T11:48:48.490543+00:00
12428|05_proceedings_trim|trim_manual_review_required|text_trim_registry.csv,12428,12428,"Unrecognized thymoma-associated paraneoplastic ""stiff person"" syndrome - a case report","Novoselska, N; Mateva, G; Bochev, P",2022,EUROPEAN JOURNAL OF NUCLEAR MEDICINE AND MOLECULAR IMAGING,05_proceedings_trim,trim_manual_review_required,high,header_only_source,text_trim_registry.csv,trim_status,Matched entry appears to contain header-only listing without abstract body.,Revisit proceedings localisation and publish a safe proceedings-ready text layer.,true,2026-05-07T11:48:48.496815+00:00
12428|05b_proceedings_qc|proceedings_qc_follow_up_required|proceedings_text_qc_registry.csv,12428,12428,"Unrecognized thymoma-associated paraneoplastic ""stiff person"" syndrome - a case report","Novoselska, N; Mateva, G; Bochev, P",2022,EUROPEAN JOURNAL OF NUCLEAR MEDICINE AND MOLECULAR IMAGING,05b_proceedings_qc,proceedings_qc_follow_up_required,high,header_only_source,proceedings_text_qc_registry.csv,qc_status,Matched source appears to be a title/author listing without abstract body text.,"Review proceedings QC, fix the target span if needed, and rerun proceedings-ready publication.",true,2026-04-06T13:54:32.492673+00:00
12433|06_sps_case_count|case_count_manual_review_required|source_sps_case_count_registry.csv,12433,12433,AUTOANTIBODIES TO GABAERGIC NEURONS AND RESPONSE TO PLASMAPHERESIS IN STIFF-MAN SYNDROME,"BRASHEAR, HR; PHILLIPS, LH",1991,NEUROLOGY,06_sps_case_count,case_count_manual_review_required,medium,llm_candidate_exact,source_sps_case_count_registry.csv,count_manual_review_required,"challenge_stage=primary | verification_status=llm_candidate_exact | llm_count_confidence=medium | llm_selected_candidate_id=cand01 | This paper is framed as a single case report and explicitly states 'We describe a patient with progressive stiff-man syndrome.' The 'more than 200 other patients' refers to comparison samples, not original extractable SPS-spectrum cases reported in this paper; however, provenance overlap signals warrant manual review.","Review the count evidence, update the count manual-review ledger or gold corpus, and rerun the stage-06 publish step.",true,2026-04-19T12:55:48.191098+00:00
12457|07_case_series_split|case_series_split_manual_review_required|case_series_split_registry.csv,12457,12457,TREATMENT OF STIFF MAN SYNDROME WITH INTRAVENOUS IMMUNOGLOBULIN,"CORNMAN, EW; AMATO, AA; KISSEL, JT",1994,NEUROLOGY,07_case_series_split,case_series_split_manual_review_required,medium,manual_review_required,case_series_split_registry.csv,split_status,"Case headings do not begin with the first case, so the leading case block is not safely isolated.",Review case boundaries manually or mark the paper unsuitable for case-level splitting.,true,2026-05-07T11:48:48.539037+00:00
12465|06_sps_case_count|case_count_manual_review_required|source_sps_case_count_registry.csv,12465,12465,Successful treatment of stiff man syndrome with intravenous immunoglobulin,"Barker, RA; Marsden, CD",1997,JOURNAL OF NEUROLOGY NEUROSURGERY AND PSYCHIATRY,06_sps_case_count,case_count_manual_review_required,medium,llm_candidate_exact,source_sps_case_count_registry.csv,count_manual_review_required,"challenge_stage=primary | verification_status=llm_candidate_exact | llm_count_confidence=medium | llm_selected_candidate_id=cand01 | The paper text describes one original SPS/SMS patient in detail: a 43-year-old man with classic stiff-man syndrome features treated with IVIG. Although the article cites prior IVIG-treated patients from earlier studies, those are clearly background literature rather than additional original cases; however, provenance uncertainty signals warrant manual review.","Review the count evidence, update the count manual-review ledger or gold corpus, and rerun the stage-06 publish step.",true,2026-04-19T12:57:32.283356+00:00
12473|05_proceedings_trim|proceedings_manual_review_queue|proceedings_manual_review_queue.csv,12473,12473,Stiff-person syndrome - a 15-year review at a tertiary hospital,"Rodrigues, R; Sousa, L; Samoes, R; Caçao, G; Chaves, J; Cardoso, M; Barros, J; Santos, E; Damásio, J",2021,MOVEMENT DISORDERS,05_proceedings_trim,proceedings_manual_review_queue,medium,queued,proceedings_manual_review_queue.csv,manual_status,"Proceedings detected, but the best abstract block match is below the auto-trim confidence threshold.","Review target abstract boundaries, record the manual decision, and rerun proceedings-ready publication.",true,2026-05-07T11:48:48.490555+00:00
12473|05b_proceedings_llm_validation|llm_trim_validation_fallback|text_trim_llm_registry.csv,12473,12473,Stiff-person syndrome - a 15-year review at a tertiary hospital,"Rodrigues, R; Sousa, L; Samoes, R; Caçao, G; Chaves, J; Cardoso, M; Barros, J; Santos, E; Damásio, J",2021,MOVEMENT DISORDERS,05b_proceedings_llm_validation,llm_trim_validation_fallback,medium,overshoot_contains_resumed_body_after_page_noise,text_trim_llm_registry.csv,llm_validation_reason,LLM output failed validation (overshoot_contains_resumed_body_after_page_noise); used heuristic fallback tail_metadata_trim_end.,Inspect LLM trim validation output and confirm or replace the proceedings-ready boundary.,true,2026-05-07T11:48:48.500474+00:00
12495|05_proceedings_trim|proceedings_manual_review_queue|proceedings_manual_review_queue.csv,12495,12495,ATYPICAL STIFF PERSON SYNDROME WITH ANTI-IGLON5 ANTIBODIES: A CASE REPORT,"Castellano, C; Bellucci, M; Germano, F; Gemelli, C; Marinelli, L; Lechiara, A; Schenone, A; Franciotta, D; Benedetti, L",2023,JOURNAL OF THE PERIPHERAL NERVOUS SYSTEM,05_proceedings_trim,proceedings_manual_review_queue,medium,queued,proceedings_manual_review_queue.csv,manual_status,"Proceedings detected, but the best abstract block match is below the auto-trim confidence threshold.","Review target abstract boundaries, record the manual decision, and rerun proceedings-ready publication.",true,2026-05-07T11:48:48.490570+00:00
12497|05_proceedings_trim|trim_manual_review_required|text_trim_registry.csv,12497,12497,Late-onset Stiff Person Syndrome (SPS): Challenges in Diagnosis and Management,"Yi, J; Dalakas, M",2023,NEUROLOGY,05_proceedings_trim,trim_manual_review_required,medium,manual_review_required,text_trim_registry.csv,trim_status,Matched entry appears truncated or lacks sufficient abstract body content.,Revisit proceedings localisation and publish a safe proceedings-ready text layer.,true,2026-05-07T11:48:48.496828+00:00
12497|05b_proceedings_qc|proceedings_qc_follow_up_required|proceedings_text_qc_registry.csv,12497,12497,Late-onset Stiff Person Syndrome (SPS): Challenges in Diagnosis and Management,"Yi, J; Dalakas, M",2023,NEUROLOGY,05b_proceedings_qc,proceedings_qc_follow_up_required,medium,untrimmed_localised,proceedings_text_qc_registry.csv,qc_status,Target appears localised in full proceedings text; trimming/manual review is still required.,"Review proceedings QC, fix the target span if needed, and rerun proceedings-ready publication.",true,2026-04-06T13:54:40.259727+00:00
12528|01_pdf_acquisition|pdf_missing|pdf_acquisition_queue.csv,12528,12528,"Clinical presentation, comorbidities and treatment of GAD antibodies associated stiff person syndrome","Lazzeri, G; Saccomanno, D; Arienti, F; Carandini, T; Gagliardi, D; Lanfranconi, S; Meneri, M; Monfrini, E; Saetti, MC; Trezzi, I; Velardo, D; Vizziello, M; Corti, S; Comi, GP; Bresolin, N; Franco, G; Di Fonzio, A",2021,JOURNAL OF THE NEUROLOGICAL SCIENCES,01_pdf_acquisition,pdf_missing,medium,missing,pdf_acquisition_queue.csv,download_status,No local PDF is present and the reference still needs acquisition.,"Acquire or retry the PDF, then rebuild PDF, text, source, and artefact registries.",true,2026-05-07T11:48:48.477709+00:00
12531|06_sps_case_count|case_count_manual_review_required|source_sps_case_count_registry.csv,12531,12531,STIFF-MAN SYNDROME AND ENCEPHALOMYELITIS MAY COEXIST - CLINICAL-PATHOLOGICAL CORRELATIONS,"ARMON, C; SWANSON, JW; MCLEAN, JM; WESTBROOK, PR; OKAZAKI, H; KURTIN, PJ; KAYLANRAMAN, UP; RODRIGUEZ, MR",1993,ANNALS OF NEUROLOGY,06_sps_case_count,case_count_manual_review_required,medium,llm_candidate_exact,source_sps_case_count_registry.csv,count_manual_review_required,"challenge_stage=primary | verification_status=llm_candidate_exact | llm_count_confidence=medium | llm_selected_candidate_id=cand01 | The paper text describes one original individual patient with stiff-man syndrome and subsequent encephalomyelitis, consistent with a single-case report. Although prior similar cases are mentioned in the background, the report's extractable original SPS-spectrum count is 1; manual review remains appropriate because provenance uncertainty was flagged upstream.","Review the count evidence, update the count manual-review ledger or gold corpus, and rerun the stage-06 publish step.",true,2026-04-19T13:01:23.729149+00:00
12532|05b_proceedings_qc|proceedings_qc_follow_up_required|proceedings_text_qc_registry.csv,12532,12532,Standing Still: A Case of Stiff-person Syndrome and Common Variable Immunodeficiency,"Escobar, S; Khazar, V; Szema, A",2023,AMERICAN JOURNAL OF RESPIRATORY AND CRITICAL CARE MEDICINE,05b_proceedings_qc,proceedings_qc_follow_up_required,medium,untrimmed_localised,proceedings_text_qc_registry.csv,qc_status,Target appears localised in full proceedings text; trimming/manual review is still required.,"Review proceedings QC, fix the target span if needed, and rerun proceedings-ready publication.",true,2026-04-06T13:54:41.068433+00:00
12538|05b_proceedings_qc|proceedings_qc_follow_up_required|proceedings_text_qc_registry.csv,12538,12538,Characterization of Spasm-Related Respiratory Impairment in Stiff Person Syndrome Spectrum Disorders,"Maldonado, DP; Koshorek, J; Reyes-Mantilla, M; Obando, D; Wang, YJ; Newsome, S",2021,NEUROLOGY,05b_proceedings_qc,proceedings_qc_follow_up_required,medium,untrimmed_localised,proceedings_text_qc_registry.csv,qc_status,Target appears localised in full proceedings text; trimming/manual review is still required.,"Review proceedings QC, fix the target span if needed, and rerun proceedings-ready publication.",true,2026-04-06T13:54:41.092145+00:00
12538|06_sps_case_count|case_count_manual_review_required|source_sps_case_count_registry.csv,12538,12538,Characterization of Spasm-Related Respiratory Impairment in Stiff Person Syndrome Spectrum Disorders,"Maldonado, DP; Koshorek, J; Reyes-Mantilla, M; Obando, D; Wang, YJ; Newsome, S",2021,NEUROLOGY,06_sps_case_count,case_count_manual_review_required,medium,llm_candidate_exact,source_sps_case_count_registry.csv,count_manual_review_required,"challenge_stage=challenge | verification_status=llm_candidate_exact | llm_count_confidence=low | challenge_reasons=local_safer_abstention_conflict=0 vs 211 | llm_selected_candidate_id=cand01 | The abstract reports 'our SPS cohort of 211 patients,' which suggests an original cohort, but it does not clearly define whether all 211 are confirmed SPS-spectrum cases versus a broader center cohort. Because the challenge instructions require manual review when the conflict is not fully resolved by explicit paper evidence, the safest resolution is to retain the zero candidate as a placeholder exact candidate while flagging for human review.","Review the count evidence, update the count manual-review ledger or gold corpus, and rerun the stage-06 publish step.",true,2026-04-19T13:02:51.301985+00:00
12545|06_sps_case_count|case_count_manual_review_required|source_sps_case_count_registry.csv,12545,12545,Case Report: Deep Brain Stimulation as a Potential Treatment for Stiff-Person Syndrome,"Shah, E; Isfahani, S; Swope, D",2022,MOVEMENT DISORDERS,06_sps_case_count,case_count_manual_review_required,medium,llm_candidate_exact,source_sps_case_count_registry.csv,count_manual_review_required,"challenge_stage=primary | verification_status=llm_candidate_exact | llm_count_confidence=medium | llm_selected_candidate_id=cand01 | The paper explicitly describes itself as a case report and repeatedly refers to a single patient ('our aim is to report a case of such a patient' and 'this is a case report of a 22-year-old female'). The diagnosis is diagnosis-supported rather than perfectly definitive, so count 1 SPS-spectrum patient with manual review retained due to medium confidence.","Review the count evidence, update the count manual-review ledger or gold corpus, and rerun the stage-06 publish step.",true,2026-04-19T13:03:09.186516+00:00
12554|04_source_categorisation|source_category_manual_review_required|paper_artifact_registry.csv,12554,12554,Botulinum Toxin Could Be Helpful as an Adjunct Therapy in Stiff Person Syndrome,"Roman, S; Taylor, E; Newsome, S; Moukheiber, E",2023,ANNALS OF NEUROLOGY,04_source_categorisation,source_category_manual_review_required,medium,review_source_category_then_langextract,paper_artifact_registry.csv,source_manual_review_required,"This is a conference abstract (proceedings detected, single page, 'M114' session marker). However, the content is header-only, so it is unclear whether original SPS patient data is included. Manual review is required to determine if any extractable SPS cases are present.",Review source category/routing and update the source categorisation manual-review ledger.,true,2026-04-05T19:27:28.247161+00:00
12554|05_proceedings_trim|trim_manual_review_required|text_trim_registry.csv,12554,12554,Botulinum Toxin Could Be Helpful as an Adjunct Therapy in Stiff Person Syndrome,"Roman, S; Taylor, E; Newsome, S; Moukheiber, E",2023,ANNALS OF NEUROLOGY,05_proceedings_trim,trim_manual_review_required,high,header_only_source,text_trim_registry.csv,trim_status,Matched entry appears to contain header-only listing without abstract body.,Revisit proceedings localisation and publish a safe proceedings-ready text layer.,true,2026-05-07T11:48:48.496841+00:00
12554|05b_proceedings_qc|proceedings_qc_follow_up_required|proceedings_text_qc_registry.csv,12554,12554,Botulinum Toxin Could Be Helpful as an Adjunct Therapy in Stiff Person Syndrome,"Roman, S; Taylor, E; Newsome, S; Moukheiber, E",2023,ANNALS OF NEUROLOGY,05b_proceedings_qc,proceedings_qc_follow_up_required,high,header_only_source,proceedings_text_qc_registry.csv,qc_status,Matched source appears to be a title/author listing without abstract body text.,"Review proceedings QC, fix the target span if needed, and rerun proceedings-ready publication.",true,2026-04-06T13:54:45.019379+00:00
12567|05_proceedings_trim|trim_manual_review_required|text_trim_registry.csv,12567,12567,A Case of Stiff Person Syndrome with Response to Methotrexate Therapy for Lymphoma,"Birjandian, Z; Graber, J",2023,NEUROLOGY,05_proceedings_trim,trim_manual_review_required,high,header_only_source,text_trim_registry.csv,trim_status,Matched entry appears to contain header-only listing without abstract body.,Revisit proceedings localisation and publish a safe proceedings-ready text layer.,true,2026-05-07T11:48:48.496853+00:00
12567|05b_proceedings_qc|proceedings_qc_follow_up_required|proceedings_text_qc_registry.csv,12567,12567,A Case of Stiff Person Syndrome with Response to Methotrexate Therapy for Lymphoma,"Birjandian, Z; Graber, J",2023,NEUROLOGY,05b_proceedings_qc,proceedings_qc_follow_up_required,high,header_only_source,proceedings_text_qc_registry.csv,qc_status,Matched source appears to be a title/author listing without abstract body text.,"Review proceedings QC, fix the target span if needed, and rerun proceedings-ready publication.",true,2026-04-06T13:54:45.044442+00:00
12567|06_sps_case_count|case_count_manual_review_required|source_sps_case_count_registry.csv,12567,12567,A Case of Stiff Person Syndrome with Response to Methotrexate Therapy for Lymphoma,"Birjandian, Z; Graber, J",2023,NEUROLOGY,06_sps_case_count,case_count_manual_review_required,medium,llm_candidate_exact,source_sps_case_count_registry.csv,count_manual_review_required,"challenge_stage=challenge | verification_status=llm_candidate_exact | llm_count_confidence=medium | challenge_reasons=semantic_validator_reject=COUNT_SPS_STATUS_UNCERTAIN | llm_selected_candidate_id=cand01 | This conference abstract reports a single original patient: a 57-year-old woman described in case-report format with clinical features and antibody-supported SPS. Although there is an upstream SPS-status uncertainty flag, the text itself explicitly presents one patient as having stiff person syndrome, so the best-supported extractable count is 1, but manual review remains appropriate due to the flagged uncertainty.","Review the count evidence, update the count manual-review ledger or gold corpus, and rerun the stage-06 publish step.",true,2026-04-19T13:03:57.093390+00:00
12584|05_proceedings_trim|trim_manual_review_required|text_trim_registry.csv,12584,12584,Stiff person syndrome vs functional neurological disorder: two patients with hyperkinetic movement disorder,"Garcia, J; Mireles, S; Martinez, Y; Alcocer, A",2023,MOVEMENT DISORDERS,05_proceedings_trim,trim_manual_review_required,medium,manual_review_required,text_trim_registry.csv,trim_status,Matched entry appears truncated or lacks sufficient abstract body content.,Revisit proceedings localisation and publish a safe proceedings-ready text layer.,true,2026-05-07T11:48:48.496865+00:00
12584|05b_proceedings_qc|proceedings_qc_follow_up_required|proceedings_text_qc_registry.csv,12584,12584,Stiff person syndrome vs functional neurological disorder: two patients with hyperkinetic movement disorder,"Garcia, J; Mireles, S; Martinez, Y; Alcocer, A",2023,MOVEMENT DISORDERS,05b_proceedings_qc,proceedings_qc_follow_up_required,medium,untrimmed_localised,proceedings_text_qc_registry.csv,qc_status,Target appears localised in full proceedings text; trimming/manual review is still required.,"Review proceedings QC, fix the target span if needed, and rerun proceedings-ready publication.",true,2026-04-06T13:54:45.128096+00:00
12594|06_sps_case_count|case_count_manual_review_required|source_sps_case_count_registry.csv,12594,12594,Rituximab is Associated with Limiting Progression in Individuals with Stiff Person Syndrome Spectrum Disorders,"Harrison, K; Hu, C; Aljarallah, S; Wang, Y; Fitzgerald, K; Newsome, S",2023,NEUROLOGY,06_sps_case_count,case_count_manual_review_required,medium,llm_bounded_alternative,source_sps_case_count_registry.csv,count_manual_review_required,"challenge_stage=primary | verification_status=llm_bounded_alternative | llm_count_confidence=medium | The abstract reports an original SPSD cohort with rituximab exposure and explicitly states that 69 SPSD patients had rituximab exposure. Although only 63 met inclusion criteria for analysis, the larger 69 appears to be the unique treated SPS-spectrum cohort, so this is the best extractable count; manual review remains appropriate because this is a conference abstract and the analyzed subset could be mistaken for the cohort count.","Review the count evidence, update the count manual-review ledger or gold corpus, and rerun the stage-06 publish step.",true,2026-04-19T13:04:17.258381+00:00
12630|07_case_series_split|case_series_split_manual_review_required|case_series_split_registry.csv,12630,12630,Autologous Haematopoietic Stem Cell Transplantation (Auto-HSCT) in Stiff Person Syndrome (SPS): The Sheffield Experience,"Thorpe, AE; Kass-Iliyya, L; Jessop, H; Chantry, A; Hadjivassiliou, M; Sharrack, B; Snowden, JA",2018,BONE MARROW TRANSPLANTATION,07_case_series_split,case_series_split_manual_review_required,medium,manual_review_required,case_series_split_registry.csv,split_status,Could not find at least two distinct explicit case/patient headings.,Review case boundaries manually or mark the paper unsuitable for case-level splitting.,true,2026-05-07T11:48:48.539062+00:00
12642|05b_proceedings_qc|proceedings_qc_follow_up_required|proceedings_text_qc_registry.csv,12642,12642,Identifying Key Components for Diagnosing Stiff Person Syndrome Spectrum Disorders: A Sensitivity and Specificity Study,"Roy, S; Hu, C; Wang, YJ; Fitzgerald, K; Newsome, S",2023,NEUROLOGY,05b_proceedings_qc,proceedings_qc_follow_up_required,medium,untrimmed_localised,proceedings_text_qc_registry.csv,qc_status,Target appears localised in full proceedings text; trimming/manual review is still required.,"Review proceedings QC, fix the target span if needed, and rerun proceedings-ready publication.",true,2026-04-06T13:54:45.278403+00:00
12660|06_sps_case_count|case_count_manual_review_required|source_sps_case_count_registry.csv,12660,12660,Epilepsia Partialis Continua & Stiff Person Syndrome Occurring Together in a Child with Anti-GAD Antibody Positivity,"Varma-Doyle, A; Vega, J; Wojcicki, K; Weimer, M; Miller, D",2021,NEUROLOGY,06_sps_case_count,case_count_manual_review_required,medium,llm_candidate_exact,source_sps_case_count_registry.csv,count_manual_review_required,"challenge_stage=primary | verification_status=llm_candidate_exact | llm_count_confidence=high | llm_selected_candidate_id=cand01 | This is a case report describing one original child patient with explicit SPS symptoms and a concluding statement that the child had EPC and SPS. The mention of three previously reported EPC cases refers to prior literature, not additional patients in this paper; however, provenance uncertainty is flagged upstream, so manual review should remain required.","Review the count evidence, update the count manual-review ledger or gold corpus, and rerun the stage-06 publish step.",true,2026-04-19T13:06:48.172094+00:00
12664|05_proceedings_trim|trim_manual_review_required|text_trim_registry.csv,12664,12664,Use of Immunotherapy and Symptomatic Therapy Differs Between Clinical Phenotypes of Stiff Person Syndrome Spectrum Disorders,"Simpson, A; Balshi, A; Obando, D; Miles, A; Taylor, E; Snoops, S; Wang, YJ; Newsome, S",2023,NEUROLOGY,05_proceedings_trim,trim_manual_review_required,high,header_only_source,text_trim_registry.csv,trim_status,Matched entry appears to contain header-only listing without abstract body.,Revisit proceedings localisation and publish a safe proceedings-ready text layer.,true,2026-05-07T11:48:48.496879+00:00
12664|05b_proceedings_qc|proceedings_qc_follow_up_required|proceedings_text_qc_registry.csv,12664,12664,Use of Immunotherapy and Symptomatic Therapy Differs Between Clinical Phenotypes of Stiff Person Syndrome Spectrum Disorders,"Simpson, A; Balshi, A; Obando, D; Miles, A; Taylor, E; Snoops, S; Wang, YJ; Newsome, S",2023,NEUROLOGY,05b_proceedings_qc,proceedings_qc_follow_up_required,high,partial_truncated,proceedings_text_qc_registry.csv,qc_status,Trim does not start at a detected proceedings header.,"Review proceedings QC, fix the target span if needed, and rerun proceedings-ready publication.",true,2026-04-06T13:54:45.346387+00:00
12679|05_proceedings_trim|trim_manual_review_required|text_trim_registry.csv,12679,12679,Longitudinal brain and skeletal muscle FDG-PET changes in people with stiff person syndrome spectrum disorders,"Roman, S; Wang, YJ; Sadaghiani, M; Newsome, S",2023,NEUROLOGY,05_proceedings_trim,trim_manual_review_required,medium,manual_review_required,text_trim_registry.csv,trim_status,Matched entry appears truncated or lacks sufficient abstract body content.,Revisit proceedings localisation and publish a safe proceedings-ready text layer.,true,2026-05-07T11:48:48.496891+00:00
12679|05b_proceedings_qc|proceedings_qc_follow_up_required|proceedings_text_qc_registry.csv,12679,12679,Longitudinal brain and skeletal muscle FDG-PET changes in people with stiff person syndrome spectrum disorders,"Roman, S; Wang, YJ; Sadaghiani, M; Newsome, S",2023,NEUROLOGY,05b_proceedings_qc,proceedings_qc_follow_up_required,medium,untrimmed_localised,proceedings_text_qc_registry.csv,qc_status,Target appears localised in full proceedings text; trimming/manual review is still required.,"Review proceedings QC, fix the target span if needed, and rerun proceedings-ready publication.",true,2026-04-06T13:54:45.354338+00:00
12682|05_proceedings_trim|proceedings_manual_review_queue|proceedings_manual_review_queue.csv,12682,12682,PURELY TORSIONAL NYSTAGMUS IN A PATIENT WITH THE STIFF-MAN SYNDROME - A CASE-REPORT,"STEARNS, MQ; SINOFF, SE; ROSENBERG, ML",1993,NEUROLOGY,05_proceedings_trim,proceedings_manual_review_queue,medium,queued,proceedings_manual_review_queue.csv,manual_status,"Proceedings detected, but the best abstract block match is below the auto-trim confidence threshold.","Review target abstract boundaries, record the manual decision, and rerun proceedings-ready publication.",true,2026-05-07T11:48:48.490594+00:00
12682|05_proceedings_trim|trim_manual_review_required|text_trim_registry.csv,12682,12682,PURELY TORSIONAL NYSTAGMUS IN A PATIENT WITH THE STIFF-MAN SYNDROME - A CASE-REPORT,"STEARNS, MQ; SINOFF, SE; ROSENBERG, ML",1993,NEUROLOGY,05_proceedings_trim,trim_manual_review_required,medium,manual_review_required,text_trim_registry.csv,trim_status,Matched entry appears truncated or lacks sufficient abstract body content.,Revisit proceedings localisation and publish a safe proceedings-ready text layer.,true,2026-05-07T11:48:48.496903+00:00
12682|05b_proceedings_qc|proceedings_qc_follow_up_required|proceedings_text_qc_registry.csv,12682,12682,PURELY TORSIONAL NYSTAGMUS IN A PATIENT WITH THE STIFF-MAN SYNDROME - A CASE-REPORT,"STEARNS, MQ; SINOFF, SE; ROSENBERG, ML",1993,NEUROLOGY,05b_proceedings_qc,proceedings_qc_follow_up_required,medium,untrimmed_localised,proceedings_text_qc_registry.csv,qc_status,Target appears localised in full proceedings text; trimming/manual review is still required.,"Review proceedings QC, fix the target span if needed, and rerun proceedings-ready publication.",true,2026-04-06T13:54:47.477320+00:00
12683|06_sps_case_count|case_count_manual_review_required|source_sps_case_count_registry.csv,12683,12683,"Stiff person syndrome (SPS), a basal ganglia disease?: Striatal MRI lesions in a patient with SPS","Santervas, PLG; Padillo, AA; Castro, PS; Romero, JO; Callejón, JR; Verdegay, GA; Hurtado, AH",2007,JOURNAL OF NEUROLOGY NEUROSURGERY AND PSYCHIATRY,06_sps_case_count,case_count_manual_review_required,medium,llm_candidate_exact,source_sps_case_count_registry.csv,count_manual_review_required,"challenge_stage=primary | verification_status=llm_candidate_exact | llm_count_confidence=medium | llm_selected_candidate_id=cand01 | The paper is explicitly structured as a case report and the full text describes a single SPS patient ('our patient' / 'a 69-year-old woman'). This supports a count of 1 unique original SPS-spectrum case, but manual review remains appropriate because the evidence pack flags possible prior description/provenance uncertainty.","Review the count evidence, update the count manual-review ledger or gold corpus, and rerun the stage-06 publish step.",true,2026-04-19T13:12:07.416784+00:00
12687|06_sps_case_count|case_count_manual_review_required|source_sps_case_count_registry.csv,12687,12687,GABAergic Changes in <SUP>11</SUP>C-Flumazenil PET in the Drug-Naive Stiff-Person Syndrome,"Kim, MJ; Lim, YM; Kim, JS; Kim, KK",2013,CANADIAN JOURNAL OF NEUROLOGICAL SCIENCES,06_sps_case_count,case_count_manual_review_required,medium,llm_candidate_exact,source_sps_case_count_registry.csv,count_manual_review_required,"challenge_stage=primary | verification_status=llm_candidate_exact | llm_count_confidence=medium | llm_selected_candidate_id=cand01 | The paper is routed as a single case report, and the available text repeatedly refers to findings in ""our patient"" / ""the patient with SPS,"" supporting one original SPS-spectrum case. Because the extracted evidence is sparse and partly citation-heavy rather than a clean case description, the count is best matched to the 1-case candidate but should still be manually checked.","Review the count evidence, update the count manual-review ledger or gold corpus, and rerun the stage-06 publish step.",true,2026-04-19T13:12:25.582486+00:00
12691|07_case_series_split|case_series_split_manual_review_required|case_series_split_registry.csv,12691,12691,Cascade apheresis as a monotherapy or in combination with IVIG in therapy of stiff-person syndrome,"Mikhailova, V; Degterev, D",2022,EUROPEAN JOURNAL OF NEUROLOGY,07_case_series_split,case_series_split_manual_review_required,medium,manual_review_required,case_series_split_registry.csv,split_status,Could not find at least two distinct explicit case/patient headings.,Review case boundaries manually or mark the paper unsuitable for case-level splitting.,true,2026-05-07T11:48:48.539075+00:00
12696|05b_proceedings_qc|proceedings_qc_follow_up_required|proceedings_text_qc_registry.csv,12696,12696,"A DOUBLE-BLIND, PLACEBO-CONTROLLED TRIAL OF INTRATHECAL BACLOFEN THERAPY IN STIFF-MAN SYNDROME","MCEVOY, KM; SILBERT, PL; STOLPSMITH, KA; MATSUMOTO, JY; MCMANIS, PG; ELLIOTT, BA",1994,ANNALS OF NEUROLOGY,05b_proceedings_qc,proceedings_qc_follow_up_required,high,partial_truncated,proceedings_text_qc_registry.csv,qc_status,Trim does not start at a detected proceedings header.,"Review proceedings QC, fix the target span if needed, and rerun proceedings-ready publication.",true,2026-04-06T13:54:47.530437+00:00
12697|05b_proceedings_qc|proceedings_qc_follow_up_required|proceedings_text_qc_registry.csv,12697,12697,A Case of Stiff Person Syndrome Complicated by Acute Interstitial Pneumonia: Successful Treatment With IVIG and Glucocorticoids,"Kumar, K; Chung, J",2023,AMERICAN JOURNAL OF RESPIRATORY AND CRITICAL CARE MEDICINE,05b_proceedings_qc,proceedings_qc_follow_up_required,medium,untrimmed_localised,proceedings_text_qc_registry.csv,qc_status,Target appears localised in full proceedings text; trimming/manual review is still required.,"Review proceedings QC, fix the target span if needed, and rerun proceedings-ready publication.",true,2026-04-06T13:54:47.534403+00:00
12700|06_sps_case_count|case_count_manual_review_required|source_sps_case_count_registry.csv,12700,12700,GAD65 Antibody-Associated Neurologic Disease Presenting With Hemiparkinsonism at Onset,"Patel, RA; Joyce, J; Witek, N; Afshari, M",2021,NEUROLOGY-CLINICAL PRACTICE,06_sps_case_count,case_count_manual_review_required,medium,llm_candidate_exact,source_sps_case_count_registry.csv,count_manual_review_required,"challenge_stage=primary | verification_status=llm_candidate_exact | llm_count_confidence=medium | llm_selected_candidate_id=cand01 | This is a single-patient case report describing one original patient with GAD65-associated neurologic disease who developed features reminiscent of SPS/stiff-limb syndrome and cerebellar ataxia. The paper repeatedly refers to a single patient ('the patient,' 'our case,' 'our patient'), supporting a count of 1 extractable SPS-spectrum case, though the exact SPS-spectrum labeling is somewhat interpretive rather than fully definitive.","Review the count evidence, update the count manual-review ledger or gold corpus, and rerun the stage-06 publish step.",true,2026-04-19T13:13:47.026338+00:00
12720|07_case_series_split|case_series_split_manual_review_required|case_series_split_registry.csv,12720,12720,STIFF-MAN SYNDROME,"TORO, C; JACOBWITZ, DM; HALLETT, M",1994,SEMINARS IN NEUROLOGY,07_case_series_split,case_series_split_manual_review_required,medium,manual_review_required,case_series_split_registry.csv,split_status,Could not find at least two distinct explicit case/patient headings.,Review case boundaries manually or mark the paper unsuitable for case-level splitting.,true,2026-05-07T11:48:48.539087+00:00
12726|05_proceedings_trim|proceedings_manual_review_queue|proceedings_manual_review_queue.csv,12726,12726,STIFF-MAN-SYNDROME-80 - A VARIANT ASSOCIATED WITH ABNORMAL VISUAL PROCESSING AND A NEW ANTINEURONAL ANTIBODY,"DARNELL, RB; RUBIN, M; VICTOR, J; PLUM, F",1990,ANNALS OF NEUROLOGY,05_proceedings_trim,proceedings_manual_review_queue,medium,queued,proceedings_manual_review_queue.csv,manual_status,"Proceedings detected, but the best abstract block match is below the auto-trim confidence threshold.","Review target abstract boundaries, record the manual decision, and rerun proceedings-ready publication.",true,2026-05-07T11:48:48.490606+00:00
12726|05b_proceedings_qc|proceedings_qc_follow_up_required|proceedings_text_qc_registry.csv,12726,12726,STIFF-MAN-SYNDROME-80 - A VARIANT ASSOCIATED WITH ABNORMAL VISUAL PROCESSING AND A NEW ANTINEURONAL ANTIBODY,"DARNELL, RB; RUBIN, M; VICTOR, J; PLUM, F",1990,ANNALS OF NEUROLOGY,05b_proceedings_qc,proceedings_qc_follow_up_required,high,partial_truncated,proceedings_text_qc_registry.csv,qc_status,Trim does not start at a detected proceedings header.,"Review proceedings QC, fix the target span if needed, and rerun proceedings-ready publication.",true,2026-04-06T13:54:48.680694+00:00
12726|06_sps_case_count|case_count_manual_review_required|source_sps_case_count_registry.csv,12726,12726,STIFF-MAN-SYNDROME-80 - A VARIANT ASSOCIATED WITH ABNORMAL VISUAL PROCESSING AND A NEW ANTINEURONAL ANTIBODY,"DARNELL, RB; RUBIN, M; VICTOR, J; PLUM, F",1990,ANNALS OF NEUROLOGY,06_sps_case_count,case_count_manual_review_required,medium,llm_candidate_exact,source_sps_case_count_registry.csv,count_manual_review_required,"challenge_stage=primary | verification_status=llm_candidate_exact | llm_count_confidence=medium | llm_selected_candidate_id=cand01 | The abstract explicitly describes a single original patient: a 37-year-old man with a diagnosis of stiff-man syndrome supported by symptoms, diazepam response, and characteristic EMG findings. This supports a count of 1 SPS-spectrum case, but manual review remains appropriate because provenance overlap is flagged as uncertain.","Review the count evidence, update the count manual-review ledger or gold corpus, and rerun the stage-06 publish step.",true,2026-04-19T13:14:48.012330+00:00
12741|05_proceedings_trim|proceedings_manual_review_queue|proceedings_manual_review_queue.csv,12741,12741,Glycine receptor autoantibodies bind to the glycine receptor β subunit representing a novel target of stiff person syndrome,"Eckes, AL; Piro, I; Seefried, S; Tüzün, E; Sommer, C; Villmann, C",2022,JOURNAL OF NEUROCHEMISTRY,05_proceedings_trim,proceedings_manual_review_queue,medium,queued,proceedings_manual_review_queue.csv,manual_status,"Proceedings detected, but the best abstract block match is below the auto-trim confidence threshold.","Review target abstract boundaries, record the manual decision, and rerun proceedings-ready publication.",true,2026-05-07T11:48:48.490618+00:00
12758|06_sps_case_count|case_count_manual_review_required|source_sps_case_count_registry.csv,12758,12758,Defining the Expanding Clinical Spectrum of Pediatric Onset Stiff-Person Syndrome (p-SPS) and Differentiating this from Mimics,"Yeshokumar, AK; Sun, LR; Newsome, SD",2015,ANNALS OF NEUROLOGY,06_sps_case_count,case_count_manual_review_required,medium,llm_candidate_exact,source_sps_case_count_registry.csv,count_manual_review_required,"challenge_stage=primary | verification_status=llm_candidate_exact | llm_count_confidence=medium | llm_selected_candidate_id=cand01 | The abstract explicitly reports that a Johns Hopkins medical record review found 'at least six patients with SPS' with symptom onset before age 18, and then describes results for 'our p-SPS cohort,' supporting an original pediatric SPS cohort of 6. Because the wording says 'at least six' rather than an unequivocal final cohort total, the count is best matched by candidate 6 but should still receive manual review.","Review the count evidence, update the count manual-review ledger or gold corpus, and rerun the stage-06 publish step.",true,2026-04-19T13:16:01.800401+00:00
12767|06_sps_case_count|case_count_manual_review_required|source_sps_case_count_registry.csv,12767,12767,Brachial monomelic amyotrophy as an initial manifestation of stiff person syndrome,"Ray, S; Kamath, V; Rajesh, KN",2022,JOURNAL OF NEUROSCIENCES IN RURAL PRACTICE,06_sps_case_count,case_count_manual_review_required,medium,llm_candidate_exact,source_sps_case_count_registry.csv,count_manual_review_required,"challenge_stage=primary | verification_status=llm_candidate_exact | llm_count_confidence=medium | llm_selected_candidate_id=cand01 | This is a single-patient case report with explicit original reporting of one SPS patient. The diagnosis is clinically supported by rigidity findings and strongly positive GAD65 antibodies, but because the package flags original cohort provenance uncertainty, manual review should remain required.","Review the count evidence, update the count manual-review ledger or gold corpus, and rerun the stage-06 publish step.",true,2026-04-19T13:16:40.519839+00:00
12780|05b_proceedings_qc|proceedings_qc_follow_up_required|proceedings_text_qc_registry.csv,12780,12780,Neuropsychological Evaluation and Cognitive Profile of Stiff Person Syndrome (SPS) in a Predominantly Spanish-Speaking Older Adult: Is Cognition Really Affected?,"Saldana, DG; Suarez, P",2023,ARCHIVES OF CLINICAL NEUROPSYCHOLOGY,05b_proceedings_qc,proceedings_qc_follow_up_required,medium,untrimmed_localised,proceedings_text_qc_registry.csv,qc_status,Target appears localised in full proceedings text; trimming/manual review is still required.,"Review proceedings QC, fix the target span if needed, and rerun proceedings-ready publication.",true,2026-04-06T13:54:49.962868+00:00
12798|06_sps_case_count|case_count_manual_review_required|source_sps_case_count_registry.csv,12798,12798,A CASE OF PROGRESSIVE ENCEPHALOMYELITIS WITH RIGIDITY AND POSITIVE ANTIGLUTAMIC ACID DEHYDROGENASE ANTIBODIES,"BURN, DJ; BALL, J; LEES, AJ; BEHAN, PO; MORGANHUGHES, JA",1991,JOURNAL OF NEUROLOGY NEUROSURGERY AND PSYCHIATRY,06_sps_case_count,case_count_manual_review_required,medium,llm_candidate_exact,source_sps_case_count_registry.csv,count_manual_review_required,"challenge_stage=primary | verification_status=llm_candidate_exact | llm_count_confidence=medium | llm_selected_candidate_id=cand01 | This is an original single-patient case report of progressive encephalomyelitis with rigidity, which is within the SPS spectrum (PERM/PEWR). The paper explicitly describes one 50-year-old woman, but because original_cohort_provenance_uncertain=true in the evidence pack, manual review should remain required.","Review the count evidence, update the count manual-review ledger or gold corpus, and rerun the stage-06 publish step.",true,2026-04-19T13:17:38.161786+00:00
12807|05_proceedings_trim|trim_manual_review_required|text_trim_registry.csv,12807,12807,Stiff Person Syndrome in a Patient with Atypical Carcinoid Tumor of the Lung Secondary to Antiamphiphysin Antibodies: A Case Report and Literature Review,"Abusamra, K; Thandampallayam, M; Sudhakar, P; Lukins, D",2022,ANNALS OF NEUROLOGY,05_proceedings_trim,trim_manual_review_required,high,header_only_source,text_trim_registry.csv,trim_status,Matched entry appears to contain header-only listing without abstract body.,Revisit proceedings localisation and publish a safe proceedings-ready text layer.,true,2026-05-07T11:48:48.496917+00:00
12807|05b_proceedings_qc|proceedings_qc_follow_up_required|proceedings_text_qc_registry.csv,12807,12807,Stiff Person Syndrome in a Patient with Atypical Carcinoid Tumor of the Lung Secondary to Antiamphiphysin Antibodies: A Case Report and Literature Review,"Abusamra, K; Thandampallayam, M; Sudhakar, P; Lukins, D",2022,ANNALS OF NEUROLOGY,05b_proceedings_qc,proceedings_qc_follow_up_required,high,header_only_source,proceedings_text_qc_registry.csv,qc_status,Matched source appears to be a title/author listing without abstract body text.,"Review proceedings QC, fix the target span if needed, and rerun proceedings-ready publication.",true,2026-04-06T13:54:53.018807+00:00
12807|06_sps_case_count|case_count_manual_review_required|source_sps_case_count_registry.csv,12807,12807,Stiff Person Syndrome in a Patient with Atypical Carcinoid Tumor of the Lung Secondary to Antiamphiphysin Antibodies: A Case Report and Literature Review,"Abusamra, K; Thandampallayam, M; Sudhakar, P; Lukins, D",2022,ANNALS OF NEUROLOGY,06_sps_case_count,case_count_manual_review_required,medium,llm_candidate_exact,source_sps_case_count_registry.csv,count_manual_review_required,"challenge_stage=primary | verification_status=llm_candidate_exact | llm_count_confidence=high | llm_selected_candidate_id=cand01 | The conference abstract explicitly presents a single original patient as a case report: a 48-year-old man diagnosed with paraneoplastic SPS. This supports the single-case candidate, but manual review remains required because the evidence pack flags original cohort provenance uncertainty.","Review the count evidence, update the count manual-review ledger or gold corpus, and rerun the stage-06 publish step.",true,2026-04-19T13:17:58.862667+00:00
12866|07_case_series_split|case_series_split_manual_review_required|case_series_split_registry.csv,12866,12866,STIFF-MAN SYNDROME,"CLIFTON, ER; SUBRAMONY, SH",1992,SOUTHERN MEDICAL JOURNAL,07_case_series_split,case_series_split_manual_review_required,medium,manual_review_required,case_series_split_registry.csv,split_status,"Case headings do not begin with the first case, so the leading case block is not safely isolated.",Review case boundaries manually or mark the paper unsuitable for case-level splitting.,true,2026-05-07T11:48:48.539099+00:00
12920|06_sps_case_count|case_count_manual_review_required|source_sps_case_count_registry.csv,12920,12920,SUDDEN-DEATH AND PAROXYSMAL AUTONOMIC DYSFUNCTION IN STIFF-MAN SYNDROME,"MITSUMOTO, H; SCHWARTZMAN, MJ; ESTES, ML; CHOU, SM; LAFRANCHISE, EF; DECAMILLI, P; SOLIMENA, M",1991,JOURNAL OF NEUROLOGY,06_sps_case_count,case_count_manual_review_required,medium,llm_candidate_exact,source_sps_case_count_registry.csv,count_manual_review_required,"challenge_stage=primary | verification_status=llm_candidate_exact | llm_count_confidence=high | llm_selected_candidate_id=cand01 | The paper explicitly reports two original patients with clinically typical stiff-man syndrome/SPS: both the abstract and body state that the authors report two cases. Candidate 2 is clearly supported, while the candidate count of 9 appears to reflect literature/background mentions rather than the original cohort; however, manual review remains appropriate because the evidence pack flags original cohort provenance uncertainty.","Review the count evidence, update the count manual-review ledger or gold corpus, and rerun the stage-06 publish step.",true,2026-04-19T13:19:14.098434+00:00
13026|06_sps_case_count|case_count_manual_review_required|source_sps_case_count_registry.csv,13026,13026,A NOVEL ANTINEURONAL ANTIBODY IN STIFF-MAN SYNDROME,"DARNELL, RB; VICTOR, J; RUBIN, M; CLOUSTON, P; PLUM, F",1993,NEUROLOGY,06_sps_case_count,case_count_manual_review_required,medium,llm_candidate_exact,source_sps_case_count_registry.csv,count_manual_review_required,"challenge_stage=primary | verification_status=llm_candidate_exact | llm_count_confidence=medium | llm_selected_candidate_id=cand01 | The paper explicitly reports and describes two patients with stiff-man syndrome, supporting an extractable SPS-spectrum count of 2. However, provenance overlap is flagged as uncertain, so the count should be retained with manual review.","Review the count evidence, update the count manual-review ledger or gold corpus, and rerun the stage-06 publish step.",true,2026-04-19T13:20:18.663422+00:00
13027|06_sps_case_count|case_count_manual_review_required|source_sps_case_count_registry.csv,13027,13027,Stiff-man syndrome:: identification of 17β-hydroxysteroid dehydrogenase type 4 as a novel 80-kDa antineuronal antigen,"Dinkel, K; Rickert, M; Möller, G; Adamski, J; Meinck, HM; Richter, W",2002,JOURNAL OF NEUROIMMUNOLOGY,06_sps_case_count,case_count_manual_review_required,medium,llm_candidate_exact,source_sps_case_count_registry.csv,count_manual_review_required,"challenge_stage=primary | verification_status=llm_candidate_exact | llm_count_confidence=medium | llm_selected_candidate_id=cand02 | The paper clearly includes original clinically described material from one newly diagnosed SMS patient (HG) from whom peripheral blood mononuclear cells were obtained and whose diagnosis is supported by clinical and EMG findings. Although additional 25 serum and 15 CSF SMS samples are mentioned, these appear primarily as specimen-source assay cohorts with uncertain extractable clinical provenance, so the safest supported candidate is 1 and manual review remains warranted.","Review the count evidence, update the count manual-review ledger or gold corpus, and rerun the stage-06 publish step.",true,2026-04-19T13:20:40.456365+00:00
13028|07_case_series_split|case_series_split_manual_review_required|case_series_split_registry.csv,13028,13028,The many faces of gastrointestinal dysfunction in stiff person syndrome spectrum disorders,"Koshorek, J; Wang, YJ; Maldonado, DP; Reyes-Mantilla, MI; Obando, D; Balshi, A; Comisac, M; Pasricha, PJ; Newsome, SD",2023,FRONTIERS IN NEUROLOGY,07_case_series_split,case_series_split_manual_review_required,medium,manual_review_required,case_series_split_registry.csv,split_status,Could not find at least two distinct explicit case/patient headings.,Review case boundaries manually or mark the paper unsuitable for case-level splitting.,true,2026-05-07T11:48:48.539112+00:00
13049|06_sps_case_count|case_count_manual_review_required|source_sps_case_count_registry.csv,13049,13049,Stiff-Leg Syndrome Associated with Autoimmune Retinopathy and Its Treatment with IVIg-A Case Report and Review of the Literature,"Papadopoulos, VE; Papadimas, GK; Androudi, S; Anagnostouli, M; Evangelopoulos, ME",2023,BRAIN SCIENCES,06_sps_case_count,case_count_manual_review_required,medium,llm_candidate_exact,source_sps_case_count_registry.csv,count_manual_review_required,"challenge_stage=primary | verification_status=llm_candidate_exact | llm_count_confidence=medium | llm_selected_candidate_id=cand01 | The paper explicitly presents a rare case of a middle-aged woman with autoimmune retinopathy followed by stiff-leg syndrome, supporting a single original SPS-spectrum patient. Because the article is also framed as a review and the evidence pack flags original cohort provenance uncertainty, the safest decision is the 1-patient candidate with manual review retained.","Review the count evidence, update the count manual-review ledger or gold corpus, and rerun the stage-06 publish step.",true,2026-04-19T13:21:56.336119+00:00
13100|06_sps_case_count|case_count_manual_review_required|source_sps_case_count_registry.csv,13100,13100,TREATMENT OF STIFF-MAN SYNDROME WITH INTRAVENOUS IMMUNE GLOBULIN,"KARLSON, HW; SUDARSKY, L; RUDERMAN, E; PIERSON, S; SCOTT, M; HELFGOTT, SM",1994,ARTHRITIS AND RHEUMATISM,06_sps_case_count,case_count_manual_review_required,medium,llm_candidate_exact,source_sps_case_count_registry.csv,count_manual_review_required,"challenge_stage=primary | verification_status=llm_candidate_exact | llm_count_confidence=medium | llm_selected_candidate_id=cand01 | The paper explicitly describes an open, unblinded study of 3 patients with stiff-man syndrome and presents clinical features/case reports for those 3 patients, supporting a count of 3 unique SPS-spectrum cases. However, because the evidence pack flags original cohort provenance as uncertain, this should remain marked for manual review.","Review the count evidence, update the count manual-review ledger or gold corpus, and rerun the stage-06 publish step.",true,2026-04-19T13:23:16.143771+00:00
13177|06_sps_case_count|case_count_manual_review_required|source_sps_case_count_registry.csv,13177,13177,A Case of Stiff Person Syndrome: Immunomodulatory Effect of Benzodiazepines <i>Successful Rituximab and Tizanidine Therapy</i>,"Zdziarski, P",2015,MEDICINE,06_sps_case_count,case_count_manual_review_required,medium,llm_candidate_exact,source_sps_case_count_registry.csv,count_manual_review_required,"challenge_stage=primary | verification_status=llm_candidate_exact | llm_count_confidence=medium | llm_selected_candidate_id=cand01 | The paper is explicitly framed as a single case report of SPS, with repeated singular references to one patient/woman diagnosed with autoimmune SPS. The best-supported extractable count is 1, but manual review remains appropriate because the evidence pack flags original cohort provenance uncertainty.","Review the count evidence, update the count manual-review ledger or gold corpus, and rerun the stage-06 publish step.",true,2026-04-19T13:23:54.613055+00:00
13200|06_sps_case_count|case_count_manual_review_required|source_sps_case_count_registry.csv,13200,13200,Proprioceptive Stimuli as a New Type of Trigger for Epilepsy in Stiff Person Syndrome,"Basterra, PP; Nombela, F; Iriarte, P; Del Rincon, CR; Maroto, JA; Quintas, S",2022,NEUROLOGY,06_sps_case_count,case_count_manual_review_required,medium,llm_candidate_exact,source_sps_case_count_registry.csv,count_manual_review_required,"challenge_stage=primary | verification_status=llm_candidate_exact | llm_count_confidence=medium | llm_selected_candidate_id=cand01 | The paper is a single-patient case report describing one 74-year-old woman diagnosed with stiff-person syndrome, so the best-supported extractable SPS-spectrum count is 1. Manual review remains appropriate because the evidence pack flags original cohort provenance uncertainty, although the text itself reads as an original case report.","Review the count evidence, update the count manual-review ledger or gold corpus, and rerun the stage-06 publish step.",true,2026-04-19T13:24:17.121974+00:00
13224|06_sps_case_count|case_count_manual_review_required|source_sps_case_count_registry.csv,13224,13224,GABA<sub>B</sub> receptor antibodies in limbic encephalitis and anti-GAD-associated neurologic disorders,"Boronat, A; Sabater, L; Saiz, A; Dalmau, J; Graus, F",2011,NEUROLOGY,06_sps_case_count,case_count_manual_review_required,medium,llm_candidate_exact,source_sps_case_count_registry.csv,count_manual_review_required,"challenge_stage=primary | verification_status=llm_candidate_exact | llm_count_confidence=medium | llm_selected_candidate_id=cand01 | The paper includes a broader cohort of 77 GAD-antibody neurologic syndromes other than limbic encephalitis, but only the explicit stiff-person syndrome subgroup is SPS-spectrum. The table/abstract explicitly identifies 29 stiff-person syndrome patients; however, provenance signals indicate some patients were previously reported, so the count should be retained with manual review.","Review the count evidence, update the count manual-review ledger or gold corpus, and rerun the stage-06 publish step.",true,2026-04-19T13:25:33.207485+00:00
13233|05_proceedings_trim|proceedings_manual_review_queue|proceedings_manual_review_queue.csv,13233,13233,Progressive encephalomyelitis with rigidity and myoclonus in a Mexican patient,"Garcia-Bermudez, R; Leon-Castillo, D; Bertado-Cortes, B",2021,MOVEMENT DISORDERS,05_proceedings_trim,proceedings_manual_review_queue,medium,queued,proceedings_manual_review_queue.csv,manual_status,"Proceedings detected, but the best abstract block match is below the auto-trim confidence threshold.","Review target abstract boundaries, record the manual decision, and rerun proceedings-ready publication.",true,2026-05-07T11:48:48.490631+00:00
13233|05_proceedings_trim|trim_manual_review_required|text_trim_registry.csv,13233,13233,Progressive encephalomyelitis with rigidity and myoclonus in a Mexican patient,"Garcia-Bermudez, R; Leon-Castillo, D; Bertado-Cortes, B",2021,MOVEMENT DISORDERS,05_proceedings_trim,trim_manual_review_required,medium,manual_review_required,text_trim_registry.csv,trim_status,Matched entry appears truncated or lacks sufficient abstract body content.,Revisit proceedings localisation and publish a safe proceedings-ready text layer.,true,2026-05-07T11:48:48.496930+00:00
13233|05b_proceedings_qc|proceedings_qc_follow_up_required|proceedings_text_qc_registry.csv,13233,13233,Progressive encephalomyelitis with rigidity and myoclonus in a Mexican patient,"Garcia-Bermudez, R; Leon-Castillo, D; Bertado-Cortes, B",2021,MOVEMENT DISORDERS,05b_proceedings_qc,proceedings_qc_follow_up_required,medium,untrimmed_localised,proceedings_text_qc_registry.csv,qc_status,Target appears localised in full proceedings text; trimming/manual review is still required.,"Review proceedings QC, fix the target span if needed, and rerun proceedings-ready publication.",true,2026-04-06T13:55:00.174716+00:00
13237|07_case_series_split|case_series_split_manual_review_required|case_series_split_registry.csv,13237,13237,Progressive encephalomyelitis with rigidity and myoclonus: A new variant with DPPX antibodies,"Balint, B; Nagel, S; Probst, C; Blöcker, IM; Bahtz, R; Komorowski, L; Stöcker, W; Meinck, HM",2014,MOVEMENT DISORDERS,07_case_series_split,case_series_split_manual_review_required,medium,manual_review_required,case_series_split_registry.csv,split_status,Could not find at least two distinct explicit case/patient headings.,Review case boundaries manually or mark the paper unsuitable for case-level splitting.,true,2026-05-07T11:48:48.539127+00:00
13311|05b_proceedings_qc|proceedings_qc_follow_up_required|proceedings_text_qc_registry.csv,13311,13311,Progressive encephalomyelitis with rigidity and myoclonus with glycine receptor and GAD65 autoantibodies-Clinico-pathological correlates and potential pathomechanisms of a rare disease,"Winklehner, M; Wickel, J; Gelpi, E; Brämer, D; Rauschenberger, V; Günther, A; Bauer, J; Ricken, G; Villmann, C; Höftberger, R; Geis, C",2023,BRAIN PATHOLOGY,05b_proceedings_qc,proceedings_qc_follow_up_required,blocker,mismatch,proceedings_text_qc_registry.csv,qc_status,Title/author alignment is too weak for a reliable proceedings match.,"Review proceedings QC, fix the target span if needed, and rerun proceedings-ready publication.",true,2026-04-06T13:55:00.180298+00:00
13506|06_sps_case_count|case_count_manual_review_required|source_sps_case_count_registry.csv,13506,13506,Hypersomnia in anti-glutamic acid decarboxylase 65 (GAD65) associated neurological syndromes: A pilot study,"Jeantin, L; Gales, A; Berzero, G; Leu, S; Proust, J; Giry, M; Valyraki, NE; Birzu, C; Alentorn, A; Vidailhet, M; Psimaras, D; Arnulf, I",2023,EUROPEAN JOURNAL OF NEUROLOGY,06_sps_case_count,case_count_manual_review_required,medium,llm_candidate_exact,source_sps_case_count_registry.csv,count_manual_review_required,"challenge_stage=challenge | verification_status=llm_candidate_exact | llm_count_confidence=medium | challenge_reasons=semantic_validator_reject=COUNT_SPS_STATUS_UNCERTAIN | llm_selected_candidate_id=cand02 | The paper reports a mixed anti-GAD65 neurological syndrome cohort of 6 patients, explicitly composed of 4 limbic encephalitis cases and 2 stiff-person syndrome cases. Because only the SPS subgroup is explicitly SPS-spectrum, the safest extractable SPS-spectrum count is 2, but manual review remains appropriate due to subgroup ambiguity signals in the package.","Review the count evidence, update the count manual-review ledger or gold corpus, and rerun the stage-06 publish step.",true,2026-04-19T13:29:14.538240+00:00
13684|07_case_series_split|case_series_split_manual_review_required|case_series_split_registry.csv,13684,13684,Clinical Features and Prognosis in Chinese Patients With Dipeptidyl-Peptidase-Like Protein 6 Antibody-Associated Encephalitis,"Miao, AL; Shi, YW; Wang, XS; Ge, JQ; Yu, CY",2022,FRONTIERS IN NEUROLOGY,07_case_series_split,case_series_split_manual_review_required,medium,manual_review_required,case_series_split_registry.csv,split_status,Could not find at least two distinct explicit case/patient headings.,Review case boundaries manually or mark the paper unsuitable for case-level splitting.,true,2026-05-07T11:48:48.539164+00:00
13688|07_case_series_split|case_series_split_manual_review_required|case_series_split_registry.csv,13688,13688,Neurological disorders associated with glutamic acid decarboxylase 65 antibodies: Clinical spectrum and prognosis of a cohort from China,"Bai, L; Ren, HT; Liang, ML; Lu, Q; Lin, N; Liu, ME; Fan, SY; Cui, RX; Guan, HZ",2022,FRONTIERS IN NEUROLOGY,07_case_series_split,case_series_split_manual_review_required,medium,manual_review_required,case_series_split_registry.csv,split_status,Could not find at least two distinct explicit case/patient headings.,Review case boundaries manually or mark the paper unsuitable for case-level splitting.,true,2026-05-07T11:48:48.539177+00:00
13723|06_sps_case_count|case_count_manual_review_required|source_sps_case_count_registry.csv,13723,13723,STIFFMAN SYNDROME - A RARE PARANEOPLASTIC DISORDER,"BATEMAN, DE; WELLER, RO; KENNEDY, P",1990,JOURNAL OF NEUROLOGY NEUROSURGERY AND PSYCHIATRY,06_sps_case_count,case_count_manual_review_required,medium,llm_candidate_exact,source_sps_case_count_registry.csv,count_manual_review_required,"challenge_stage=primary | verification_status=llm_candidate_exact | llm_count_confidence=medium | llm_selected_candidate_id=cand01 | This short report explicitly states that it reports an unusual case of stiffman syndrome and later says 'we report a further case,' supporting 1 original SPS-spectrum patient in this paper. Prior references to four previously described cases indicate background literature rather than additional original cases here, so the best-supported count is the single-case candidate, but provenance uncertainty warrants manual review.","Review the count evidence, update the count manual-review ledger or gold corpus, and rerun the stage-06 publish step.",true,2026-04-19T13:30:40.958386+00:00
13783|07_case_series_split|case_series_split_manual_review_required|case_series_split_registry.csv,13783,13783,Brain <SUP>18</SUP>F-FDG-PET characteristics in patients with paraneoplastic neurological syndrome and its correlation with clinical and MRI findings,"Masangkay, N; Basu, S; Moghbel, M; Kwee, T; Alavi, A",2014,NUCLEAR MEDICINE COMMUNICATIONS,07_case_series_split,case_series_split_manual_review_required,medium,manual_review_required,case_series_split_registry.csv,split_status,"Case headings do not begin with the first case, so the leading case block is not safely isolated.",Review case boundaries manually or mark the paper unsuitable for case-level splitting.,true,2026-05-07T11:48:48.539189+00:00
13799|05_proceedings_trim|trim_manual_review_required|text_trim_registry.csv,13799,13799,A Familial Analysis of Stiff-Person Spectrum Disorder utilizing the Utah Population Database,"Abbatemarco, J; Crane, P; Galli, J; Rodenbeck, S; Yu, Z; Date, A; West, J; Fraser, A; Madsen, M; Wong, KH; Greenlee, J; Clardy, S",2023,NEUROLOGY,05_proceedings_trim,trim_manual_review_required,high,header_only_source,text_trim_registry.csv,trim_status,Matched entry appears to contain header-only listing without abstract body.,Revisit proceedings localisation and publish a safe proceedings-ready text layer.,true,2026-05-07T11:48:48.496945+00:00
13799|05b_proceedings_qc|proceedings_qc_follow_up_required|proceedings_text_qc_registry.csv,13799,13799,A Familial Analysis of Stiff-Person Spectrum Disorder utilizing the Utah Population Database,"Abbatemarco, J; Crane, P; Galli, J; Rodenbeck, S; Yu, Z; Date, A; West, J; Fraser, A; Madsen, M; Wong, KH; Greenlee, J; Clardy, S",2023,NEUROLOGY,05b_proceedings_qc,proceedings_qc_follow_up_required,high,partial_truncated,proceedings_text_qc_registry.csv,qc_status,Trim does not start at a detected proceedings header.,"Review proceedings QC, fix the target span if needed, and rerun proceedings-ready publication.",true,2026-04-06T13:55:01.844588+00:00
