paper_id,covidence_id,title,authors,resolved_source_category,resolved_source_subtype,resolved_source_route_source,source_text_json_path,trimmed_text_json_path,validated_text_json_path,preferred_text_source,proceedings_detected,trim_status,trim_reason,qc_status,manual_follow_up_required,best_match_page_index,title_score,author_score,combined_score,section_heading_count,body_char_count,header_only_flag,spillover_flag,span_located,span_detection_method,start_boundary_ok,start_boundary_rule,next_header_rule,meaningful_tail_gap_count,best_match_excerpt,qc_note,checked_at_utc
1001,1001,Inpatient physiotherapy management for Stiff Person syndrome,Kahraman T.; Balci B.; Sengun I.S.,conference_abstract,single_case_conference_abstract,manual_review,data\extraction_json\text\1001.json,data\extraction_json\text_trimmed\1001.json,data\extraction_json\text_trimmed\1001.json,trimmed_text,true,trimmed_auto,Proceedings detected and candidate abstract passed identity and completeness guardrails.,confirmed_full,false,350,0.6500,0.6667,0.6542,1,260,false,false,true,trim_record_indices,true,coded_boundary,next_soft_header,0,"PP2210 Inpatient physiotherapy management for Stiff Person syndrome T. Kahraman1, B. Balc ı1,I˙.S¸. S¸ engu¨n2 1School of Physical Therapy and Rehabilitation; 2Department of Neurology, Dokuz Eylu¨l University, Izmir, Turkey Introduction: Stiff Person Syndrome (SPS) is a rare autoimmune neurological disorder characterized by progressive stiffness and painful spasms in the trunk and lower extremities. Little information about physiotherapy management of SPS is found in the literature.",Trimmed proceedings text matches and appears complete.,2026-04-06T13:52:57.660444+00:00
1011,1011,Two cases of stiff person syndrome treated with intrathecal baclofen pump in an inpatient rehabilitation unit: A case series,Shoval H.A.; Hamer O.; Chantasi K.; Nanda U.,conference_abstract,single_case_conference_abstract,heuristic,data\extraction_json\text\1011.json,data\extraction_json\text_trimmed\1011.json,data\extraction_json\text_trimmed\1011.json,trimmed_text,true,trimmed_auto,Proceedings detected and candidate abstract passed identity and completeness guardrails.,confirmed_full,false,0,0.6500,1.0000,0.7375,3,1648,false,false,true,exact_footer_filtered_subsequence,true,soft_header::author+institution+wrapped_title,next_soft_header,0,"sequelae of radiation-induced myelopathy, radiation-induced funicular pain is likely to progress with time. Poster 313 Two Cases of Stiff Person Syndrome Treated with Intrathecal Baclofen Pump in an Inpatient Rehabilitation Unit: A Case Series. Hannah A. Shoval (New York Presbyterian Hospital, New York, NY, United States); Orlee Hamer, DO; Kenny Chantasi, DO; Udai Nanda, MD. Disclosures: H. A. Shoval, No Disclosures: I Have No Relevant Financial Relationships to Disclose. Case Description: RS is",Trimmed proceedings text matches and appears complete.,2026-04-06T13:52:57.690225+00:00
1028,1028,Autoantibodies against glycine-associated synaptic proteins in stiff-person syndrome,Probst C.; Blocker I.-M.; Mindorf S.; Unger M.; Fechner K.; Meinck H.-M.; Balint B.; Stocker W.; Schlumberger W.; Komorowski L.,conference_abstract,group_conference_abstract,heuristic,data\extraction_json\text\1028.json,data\extraction_json\text_trimmed\1028.json,data\extraction_json\text_trimmed\1028.json,trimmed_text,true,trimmed_auto,Proceedings detected and candidate abstract passed identity and completeness guardrails.,confirmed_full,false,0,0.6500,0.7500,0.6750,1,276,false,false,true,trim_record_indices,true,coded_boundary,next_soft_header,0,"96 Autoantibodies against glycine-associated synaptic proteins in stiff-person syndrome Christian Probsta, Inga-Madeleine Blöcker a, Swantje Mindorf a, Mandy Unger a, Kai Fechner a, Hans-Michael Meinck b, Bettina Balint c, Winfried Stöcker a, Wolfgang Schlumberger a, Lars Komorowski a aInstitute of Experimental Immunology, EUROIMMUN AG, Lübeck, Germany; bDepartment of Neurology, University of Heidelberg, Heidelberg, Germany; cInstitute of Neurology, University College London, London, Germany Bac",Trimmed proceedings text matches and appears complete.,2026-04-06T13:52:57.726151+00:00
1031,1031,Autonomic dysfunction in stiff person syndrome (SPS): Observations in 8 cases,Barboi A.,conference_abstract,group_conference_abstract,manual_review,data\extraction_json\text\1031.json,,data\extraction_json\text\1031.json,full_text,true,manual_review_required,Matched entry appears truncated or lacks sufficient abstract body content.,untrimmed_localised,true,26,0.6577,1.0000,0.7433,227,267168,false,false,false,,false,,,0,"Poster 20 Autonomic dysfunction in stiff person syndrome (SPS): observations in 8 cases A. Barboi Department of Neurological Sciences, Rush University, Chicago, IL, USA Objectives: Describe autonomic involvement in 8 consecutive patients with stiff person syndrome Background: SPS is mediated by antibodies to the glutamic acid decarboxylase (GAD) enzyme. In addition to muscle stiffness and pain, patients may present with: cerebellar symptoms, progressive encephalomyelitis with rigidity and myoclo",Target appears localised in full proceedings text; trimming/manual review is still required.,2026-04-06T13:52:57.989395+00:00
10801,10801,"Stiff Person Syndrom, a rare neurological disease in long-term care resident.","Bhatt, T; Medina-Walpole, A; Marshall, FJ",conference_abstract,single_case_conference_abstract,manual_review,data\extraction_json\text\10801.json,,data\extraction_json\text\10801.json,full_text,true,manual_review_required,Matched entry appears truncated or lacks sufficient abstract body content.,untrimmed_localised,true,118,0.6500,1.0000,0.7375,1847,1442050,false,false,false,,false,,,0,"AGS 2006 A NNUAL MEETING S119 POSTER ABSTRACTS years and patients most commonly present with chronic occult blood loss or recurrent acute hemorrhage. It is often associated with achlorhydia, hypergastrenemia, autoimmune and connective tissue disorders, and cirrhosis. The most common associated disorders are Raynaud’s phenomenon, sclerodactyly, hypothyroidism, primary bil- iary cirrhosis, DM, and autoimmune liver disease. Our patient had a history of SLE and DM and was found to have primary bilar",Target appears localised in full proceedings text; trimming/manual review is still required.,2026-04-06T13:52:59.200411+00:00
11109,11109,High-dose intravenous immunoglobulin in the treatment elf patients with stiff person syndrome: a controlled study,"Dalakas, MC",conference_abstract,single_case_conference_abstract,heuristic,data\extraction_json\text\11109.json,data\extraction_json\text_trimmed\11109.json,data\extraction_json\text_trimmed\11109.json,trimmed_text,true,header_only_source,Matched entry appears to contain header-only listing without abstract body.,mismatch,true,8,0.4311,0.0000,0.3233,0,6,true,false,true,trim_record_indices,true,coded_boundary,next_abstract_boundary,0,"1994: 44: 1652-4 Barker RA, Marsden CD. Successful treatment of stiff-man syndrome with intravenous immunoglobulin., J Newrol Neurosurg Psychiatry 1997 ; 62: 426",Title/author alignment is too weak for a reliable proceedings match.,2026-04-06T13:52:59.279753+00:00
1112,1112,Practical management of stiff person syndrome in a limited resource setting-report of experiences in a two year follow-up,Siddi Ganie N.; Nichol R.; Janse Van Rensberg E.; Smit L.; Kruger A.; Nel M.; Lecuona E.,conference_abstract,multi_case_conference_abstract,manual_review,data\extraction_json\text\1112.json,data\extraction_json\text_trimmed\1112.json,data\extraction_json\text_trimmed\1112.json,trimmed_text,true,trimmed_auto,Proceedings detected and candidate abstract passed identity and completeness guardrails.,confirmed_full,false,41,0.7010,1.0000,0.7758,3,1381,false,false,true,trim_record_indices,true,coded_boundary,next_soft_header,0,"F1087 Practical management of stiff person syndrome in a limited resource setting – report of experiences in a two year follow-up N. Siddi Ganie1, R. Nichol2, E. Janse Van Rensberg2, L. Smit2, A. Kruger2, M. Nel3, E. Lecuona4 1Durban, South Africa, 2University of Free State, Neurology, Bloemfontein, South Africa, 3University of Free State, Psych- iatry, Bloemfontein, South Africa, 4University of Free State, Occupational Therapy, Bloemfontein, South Africa Background and aims: Stiff person syndro",Trimmed proceedings text matches and appears complete.,2026-04-06T13:53:02.304682+00:00
1116,1116,Paediatric neurological syndromes associated with glycine receptor antibodies,Gadian J.; Hacohen Y.; Kariyawasam S.; Woodhall M.; Brilot F.; Pillai S.; Suleiman J.; Lascelles K.; Pike M.; Munot P.; Vincent A.; Dale R.C.; Lim M.,conference_abstract,group_conference_abstract,heuristic,data\extraction_json\text\1116.json,data\extraction_json\text_trimmed\1116.json,data\extraction_json\text_trimmed\1116.json,trimmed_text,true,trimmed_auto,Proceedings detected and candidate abstract passed identity and completeness guardrails.,confirmed_full,false,0,0.6724,1.0000,0.7543,1,2108,false,false,true,trim_record_indices,true,coded_boundary,no_header_found,0,"OP87 - 3001 Paediatric neurological syndromes associated with glycine receptor antibodies J. Gadian, Y. Hacohen, S. Kariyawasam, M.Woodhall, F. Brilot, S. Pillai, J. Suleiman, K. Lascelles, M. Pike, P. Munot, A. Vincent, R.C. Dale, M. Lim. Children’sN eurosciencesC entre,E velina London Children’s Hospital,S tT homas’H ospital, London, UK Background: In patients with glycine recept o r antibodies (GlyR- Ab), a range of neurological syndromes that includes Stiff Person Syndrome (SPS) and its more",Trimmed proceedings text matches and appears complete.,2026-04-06T13:53:02.338219+00:00
1117,1117,Glycine receptor antibody mediated progressive encephalomyelitis with rigidity and myoclonus (PERM) presenting as an abnormal startle response in an adolescent girl,Patel A.; Boyd S.; Amin B.; Robinson R.; Woodhall M.; Vincent A.; Hemingway C.; Munot P.,conference_abstract,single_case_conference_abstract,manual_review,data\extraction_json\text\1117.json,,data\extraction_json\text\1117.json,full_text,true,manual_review_required,Matched entry appears truncated or lacks sufficient abstract body content.,untrimmed_localised,true,0,0.6503,1.0000,0.7377,6,6811,false,false,false,,false,,,0,S62 EUROPEAN JOURNAL O F PAEDIATRIC NEU ROLOGY 19s (2015) S 1 – S 152 muscle strength was 2/5 onl ower extremities and 4/5 in upper extremities. Case 2: A 17-year-old boy with known spondylarthri- tis presented with complaints of weakness ofl ower extremities over 10 days. On physical system examinationm u s cle strength was 4/5 onl ower extremities and 5/5 on upper extremities. Case 3: A 9-year-old boy was admitted with weakness and pain in the lower extremities over 10 days. His CK was 2988 (1,Target appears localised in full proceedings text; trimming/manual review is still required.,2026-04-06T13:53:02.345836+00:00
1118,1118,Prolonged cortical hyperexcitability during burst-suppression associated with glycine receptor antibodies,Patel A.; Janackova S.; Munot P.; Vincent A.; Boyd S.,conference_abstract,single_case_conference_abstract,manual_review,data\extraction_json\text\1118.json,,data\extraction_json\text\1118.json,full_text,true,manual_review_required,Matched entry appears truncated or lacks sufficient abstract body content.,untrimmed_localised,true,0,0.6502,1.0000,0.7376,11,14627,false,false,false,,false,,,0,"S86 EUROPEAN JOURNAL O F PAEDIATRIC NEUROLOGY disease, presenting with symptoms and signs of intracranial hypertension such as headache and papilledema due to cerebrovascular thrombosis. Case 1: A 16 year-old boy was admitted with a throbbing headache. Three months prior he was evaluated with fever of unknown origin, weight loss, and headache, however no specific etiology was discovered. His brain magnetic resonance venography revealed venous thrombosis in the right transverse sinus, in the sigm",Target appears localised in full proceedings text; trimming/manual review is still required.,2026-04-06T13:53:02.358738+00:00
1119,1119,Antibody spectrum in stiff person syndrome and related disorders,Balint B.; Blocker I.M.; Unger M.; Stocker W.; Probst C.; Komorowski L.; Meinck H.M.,conference_abstract,group_conference_abstract,manual_review,data\extraction_json\text\1119.json,data\extraction_json\text_trimmed\1119.json,data\extraction_json\text_trimmed\1119.json,trimmed_text,true,trimmed_auto,Proceedings detected and candidate abstract passed identity and completeness guardrails.,confirmed_full,false,262,0.6671,0.8571,0.7146,5,2394,false,false,true,trim_record_indices,true,coded_boundary,next_abstract_boundary,0,"670 Antibody spectrum in stiff person syndrome and related disorders B. Balint, I.M. Bl €ocker, M. Unger, W. St €ocker, C. Probst, L. Komorowski, H.M. Meinck (London, United Kingdom) Objective: To determine the spectrum and prevalence of antibod- ies associated with Stiff Person Syndrome and related disorders (SPSD) in a large cohort. Background: New antibodies targeting the glycine receptor (GlyR), GABA A receptor (GABAAR), and dipeptidyl-peptidase-like protein-6 (DPPX) have been recently descr",Trimmed proceedings text matches and appears complete.,2026-04-06T13:53:10.721974+00:00
11193,11193,STIFF PERSON AND RELATED SYNDROMES: REVIEW OF 21 PATIENTS AND THEIR RESPONSE TO TREATMENT,"Thompson, J; Sadalage, G; Karim, A; Jacob, S",conference_abstract,group_conference_abstract,heuristic,data\extraction_json\text\11193.json,data\extraction_json\text_trimmed\11193.json,data\extraction_json\text_trimmed\11193.json,trimmed_text,true,header_only_source,Matched entry appears to contain header-only listing without abstract body.,header_only_source,true,0,0.7794,1.0000,0.8346,0,61,true,false,true,trim_record_indices,true,soft_header::author+institution+wrapped_title,no_header_found,0,"The high proportion of LOMS in this cohort may reflect, delayed reporting of symptoms or slower access to care. Parallel session 1: Clinical Neurology 11.51 STIFF PERSON AND RELATED SYNDROMES: REVIEW OF 21 PATIENTS AND THEIR RESPONSE TO TREATMENT 2Joseph Thompson, 1Girija Sadalage, 2Abid Karim, 1,2Saiju Jacob. 1University Hospitals Birmingham;2University of Birmingham 10.1136/jnnp-2019-ABN-2.3",Matched source appears to be a title/author listing without abstract body text.,2026-04-06T13:53:10.745491+00:00
1120,1120,Anti-GAD65 negative stiff-person syndrome with a favorable response to pregabalin: A case post-thymoma excision accompanying central sleep apnea,Zhang G.; Liu L.; Xiong N.; Huang J.; Wang T.,conference_abstract,single_case_conference_abstract,manual_review,data\extraction_json\text\1120.json,,data\extraction_json\text\1120.json,full_text,true,manual_review_required,Matched entry appears truncated or lacks sufficient abstract body content.,untrimmed_localised,true,292,0.6627,1.0000,0.7470,7350,3503357,false,false,false,,false,,,0,"dominant hand to write both “P” and “d” in print style 1) at a com- fortable speed and as fast as possible, and 2) at two different sizes (1, and 2 cm) for a duration of 20 seconds. The writing tasks were presented in a random order. Participants were seated in a comforta- ble position and were allowed to change the angle of the paper to match their preferred writing position and wrote using a pen with an electromagnetic sensor attached to the tip. The total height and width of each letter was c",Target appears localised in full proceedings text; trimming/manual review is still required.,2026-04-06T13:53:14.098475+00:00
1129,1129,"GAD autoimmunity: Syndromes, comorbidities, and coexisting antibodies in 121 patients",Arino H.; Gresa-Arribas N.; Hoftberger R.; Martinez-Hernandez E.; Armangue T.; Kruer M.C.; Arpa J.; Domingo J.; Rojc B.; Bataller L.; Saiz A.; Dalmau J.; Graus F.,conference_abstract,group_conference_abstract,heuristic,data\extraction_json\text\1129.json,data\extraction_json\text_trimmed\1129.json,data\extraction_json\text_trimmed\1129.json,trimmed_text,true,header_only_source,Matched entry appears to contain header-only listing without abstract body.,header_only_source,true,9,0.7634,0.5000,0.6976,0,112,true,false,true,trim_record_indices,true,coded_boundary,next_abstract_boundary,0,"M103. GAD Autoimmunity: Syndromes, Comorbidities, and Coexisting Antibodies in 121 Patients Helena Ari ~no, Nuria Gresa-Arribas, Romana H €oftberger, Euge- nia Mart/C19ınez-Hern/C19andez, Tha/C19ıs Armangue, Michael C. Kruer, Javier Arpa, Julio Domingo, Bojan Rojc, Luis Bataller, Albert Saiz, Josep Dalmau and Francesc Graus. Barcelona, Spain; Vienna, Austria; Stockholm, Sweden; Sioux Falls; Madrid, Spain; Izola, Slovenia; Valencia, Spain and Philadelphia",Matched source appears to be a title/author listing without abstract body text.,2026-04-06T13:53:15.879627+00:00
1138,1138,Stiff person syndrome: Review of 14 patients,Cavalcante V.; Souza Bulle Oliveira A.,conference_abstract,group_conference_abstract,heuristic,data\extraction_json\text\1138.json,data\extraction_json\text_trimmed\1138.json,data\extraction_json\text_trimmed\1138.json,trimmed_text,true,trimmed_auto,Proceedings detected and candidate abstract passed identity and completeness guardrails.,confirmed_full,false,0,0.6644,1.0000,0.7483,4,1908,false,false,true,trim_record_indices,true,coded_boundary,next_abstract_boundary,0,"1121 WFN15-1338 Neuromuscular Disorders Stiff person syndrome: review of 14 patients V. Cavalcante, A. Souza Bulle Oliveira. Neurology and Neurosurgery, Federal University of São Paulo, São Paulo, Brazil Stiff person syndrome (SPS) is an autoimmune disorder of the central nervous system presenting with muscular rigidity in the axial (trunk) and or limbs muscles; episodic spasms; continuous co- contraction of agonist and antagonist muscles con ﬁrmed electro- physiologically and positive serum ant",Trimmed proceedings text matches and appears complete.,2026-04-06T13:53:15.908111+00:00
1150,1150,Stiff person syndrome presenting as 'stiff eyes',Vinjam M.R.; Shanmugarajan P.; Ford H.,conference_abstract,single_case_conference_abstract,manual_review,data\extraction_json\text\1150.json,,data\extraction_json\text\1150.json,full_text,false,not_needed,Document does not look like a large proceedings/program PDF.,untrimmed_localised,true,0,0.6500,0.6667,0.6542,0,1633,false,false,false,,false,,,0,"036 STIFF PERSON SYNDROME PRESENTING AS ‘STIFF EYES’ Maruthi Ravi Vinjam, Priya Shanmugarajan, Helen Ford. Leeds Teaching Hospitals NHS trust 10.1136/jnnp-2015-312379.36 A 47-year previously ﬁt and well lady presented with 6 weeks history of generalised lethargy , weight loss and neck pain. Her examination revealed left supra-clavicular lymph nodes. Subsequent investigations revealed left grade 2 invasive ductal carcinoma of her left breast. This was treated with local excision. She presented to",Target appears localised in full proceedings text; trimming/manual review is still required.,2026-04-06T13:53:15.913837+00:00
1153,1153,A new clinical tool (BRIT) to monitor IVIg efficacy in patients with stiff person syndrome,Weerasinghe S.; Sadalage G.; Jacob S.,conference_abstract,group_conference_abstract,heuristic,data\extraction_json\text\1153.json,data\extraction_json\text_trimmed\1153.json,data\extraction_json\text_trimmed\1153.json,trimmed_text,true,header_only_source,Matched entry appears to contain header-only listing without abstract body.,mismatch,true,0,0.3617,1.0000,0.5212,0,120,true,false,true,trim_record_indices,false,,next_soft_header,0,"EFFICACY IN PATIENTS WITH STIFF PERSON SYNDROME Savinda Weerasinghe,1 Girija Sadalage,2 Saiju Jacob1,2. 1University of Birmingham; 2Queen Elizabeth Neuroscience Centre, University Hospitals Birmingham 10.1136/jnnp-2015-312379.132 Stiff person syndrome (SPS) is a chronic, progressive neuro- logical disorder characterized by painful muscle spasms and rigidity with high titres of circulating anti-GAD antibodies.",Title/author alignment is too weak for a reliable proceedings match.,2026-04-06T13:53:15.933245+00:00
1154,1154,Clinical features and treatment response in a large UK cohort of stiff person syndrome patients,Sadalage G.; Karim A.; Jacob S.,conference_abstract,group_conference_abstract,heuristic,data\extraction_json\text\1154.json,,data\extraction_json\text\1154.json,full_text,false,not_needed,Document does not look like a large proceedings/program PDF.,untrimmed_localised,true,0,0.6827,1.0000,0.7620,0,1653,false,false,false,,false,,,0,"133 CLINICAL FEATURES AND TREATMENT RESPONSE IN A LARGE UK COHORT OF STIFF PERSON SYNDROME PATIENTS Girija Sadalage,1 Abid Karim,2 Saiju Jacob1,2. 1Queen Elizabeth Neuroscience Centre, University Hospitals Birmingham; 2University of Birmingham 10.1136/jnnp-2015-312379.133 Stiff Person syndrome (SPS) is a chronic autoimmune neuro- logical disorder causing muscle stiffness, excessive startle and pain. Patients often have anti-GAD and occasionally anti- amphiphysin antibodies (especially in the par",Target appears localised in full proceedings text; trimming/manual review is still required.,2026-04-06T13:53:15.936757+00:00
11798,11798,"The Dilemma, Conversion Disorder or Stiff Person Syndrome, a Case Report","Jahan, Sultana",conference_abstract,single_case_conference_abstract,heuristic,data\extraction_json\text\11798.json,data\extraction_json\text_trimmed\11798.json,data\extraction_json\text_trimmed\11798.json,trimmed_text,true,header_only_source,Matched entry appears to contain header-only listing without abstract body.,partial_truncated,true,0,0.8022,1.0000,0.8516,0,68,true,false,true,trim_record_indices,false,,next_abstract_boundary,0,"The Dilemma, Conversion Disorder or Stiff Person Syndrome, a Case Report Sultana Jahan, MD University of Missouri, Department of Psychiatry, Columbia, MO, USA Presenting Author: Sultana Jahan Abstract Study Objectives. The main objectives of this case study are",Trim does not start at a detected proceedings header.,2026-04-06T13:53:15.966859+00:00
11823,11823,Successful management of acute respiratory failure in a patient with stiff person syndrome and scoliosis,"Song, D.; Mudigonda, G.; Sithamraju, A.; Kulkarni, S.",conference_abstract,single_case_conference_abstract,manual_review,data\extraction_json\text\11823.json,,data\extraction_json\text\11823.json,full_text,false,not_needed,Document does not look like a large proceedings/program PDF.,untrimmed_localised,true,0,0.6500,1.0000,0.7375,3,2945,false,false,false,,false,,,0,"TP059 ICU MANAGEMENT, MECHANICAL VENTILATION, AND CARDIAC CRITICAL CARE CASE REPORTS / Thematic Poster Session Successful Management of Acute Respiratory Failure in a Patient with Stiff Person Syndrome and Scoliosis D. Song 1 , G. Mudigonda 1 , A. Sithamraju 2 , S. Kulkarni 2 ; 1 Internal Medicine Department, LSU Shreveport, Shreveport, LA, United States, 2 LSU Shreveport, Shreveport, LA, United States. Corresponding author's email: dsong222@gmail.com Introduction: Stiff Person Syndrome (SPS) is",Target appears localised in full proceedings text; trimming/manual review is still required.,2026-04-06T13:53:15.971969+00:00
11952,11952,Glutamic acid decarboxylase antibody-associated neurological syndromes: Clinical and antibody characteristics and therapy response.,"Madlener, Marie; Strippel, Christine; Thaler, Franziska S; Doppler, Kathrin; Wandinger, Klaus P; Lewerenz, Jan; Ringelstein, Marius; Roessling, Rosa; Menge, Til; Wickel, Jonathan; Kellingshaus, Christoph; Mues, Sigrid; Kraft, Andrea; Linsa, Andreas; Tauber, Simone C; Berg, Florian Then; Gerner, Stefan T; Paliantonis, Asterios; Finke, Alexander; Priller, Josef; Schirotzek, Ingo; Suse, Marie; Suhs, Kurt W; Urbanek, Christian; Senel, Makbule; Sommer, Claudia; Kuempfel, Tania; Pruess, Harald; Fink, Gereon R; Leypoldt, Frank; Melzer, Nico; Malter, Michael P",conference_abstract,group_conference_abstract,heuristic,data\extraction_json\text\11952.json,data\extraction_json\text_trimmed\11952.json,data\extraction_json\text_trimmed\11952.json,trimmed_text,true,header_only_source,Matched entry appears to contain header-only listing without abstract body.,header_only_source,true,0,0.9196,0.5000,0.8147,0,41,true,false,true,trim_record_indices,true,soft_header::author+institution,next_soft_header,0,"Glutamic acid decarboxylase antibody-associated neurological syndromes: Clinical and antibody characteristics and therapy response Marie Madlener a , * , Christine Strippel b , Franziska S. Thaler c , Kathrin Doppler d ,",Matched source appears to be a title/author listing without abstract body text.,2026-04-06T13:53:16.124832+00:00
1215,1215,Three cases of elevated IL-1beta in common variable immunodeficiency (CVID) with autoimmune complications,Toh J.; Gavrilova T.; Rubinstein A.,conference_abstract,single_case_conference_abstract,heuristic,data\extraction_json\text\1215.json,data\extraction_json\text_trimmed\1215.json,data\extraction_json\text_trimmed\1215.json,trimmed_text,true,header_only_source,Matched entry appears to contain header-only listing without abstract body.,header_only_source,true,0,0.8085,1.0000,0.8563,0,129,true,false,true,trim_record_indices,true,coded_boundary,no_header_found,0,"58 Three Cases of Elevated IL-1beta in Common Variable Immunodeficiency (CVID) with Autoimmune Complications Jennifer Toh, MD 1, Tatyana Gavrilova, MD 2, Arye Rubinstein, MD, FAAAAI3; 1Albert Einstein/Monteﬁore Medical Center, Bronx, NY , 2Allergy and Immunology, Monteﬁore Medical Center, Bronx, NY , 3Albert Einstein College of Medicine and Monteﬁore Hospital, Bronx,",Matched source appears to be a title/author listing without abstract body text.,2026-04-06T13:53:16.151851+00:00
1217,1217,Epidemiology of stiff person syndrome in the United States veterans health administration database,Galli J.; Greenlee J.; Soldan M.P.; Clardy S.,conference_abstract,group_conference_abstract,heuristic,data\extraction_json\text\1217.json,,data\extraction_json\text\1217.json,full_text,false,not_needed,Document does not look like a large proceedings/program PDF.,untrimmed_localised,true,0,0.6771,1.0000,0.7578,1,2183,false,false,false,,false,,,0,"Epidemiology of Stiff Person Syndrome in the United States Veterans Health Administration Database (P3.356) Jonathan Galli, John Greenlee, M. Paz Soldan, Stacey Clardy First published April 4, 2016, Abstract Objective: Stiff person syndrome is an autoimmune disease that typically presents with symptoms of proximal limb and axial muscle rigidity and spasms and is often associated with glutamic acid decarboxylase 65 (GAD65) autoantibodies. The Veterans Health Administration (VHA) population repres",Target appears localised in full proceedings text; trimming/manual review is still required.,2026-04-06T13:53:16.155577+00:00
12251,12251,Stiff limb syndrome: a case report,"Farhat, E; Zouari, M; Beyrouti, R; Ben Sassi, S; Hentati, F",conference_abstract,single_case_conference_abstract,manual_review,data\extraction_json\text\12251.json,data\extraction_json\text_trimmed\12251.json,data\extraction_json\text_trimmed\12251.json,trimmed_text,true,trimmed_auto,Proceedings detected and candidate abstract passed identity and completeness guardrails.,confirmed_full,false,343,0.6500,1.0000,0.7375,2,255,false,false,true,trim_record_indices,true,coded_boundary,next_soft_header,0,"PP2171 Stiff limb syndrome: a case report E. Farhat, M. Zouari, R. Beyrouti, S. Ben Sassi, F. Hentati Neurology, National Institute Mongi Ben Hamida of Neurology of Tunis, Tunis, Tunisia Introduction: Stiff-person syndrome (SPS) is a rare disorder charac- terized by rigidity of the truncal muscles, painful spasms, and an exquisite sensitivity to external stimuli. Stiff-limb syndrome (SLS) is a rare variant of SPS. We report a SLS in a young woman. Case report: A 27-year-old healthy woman present",Trimmed proceedings text matches and appears complete.,2026-04-06T13:53:23.446990+00:00
1227,1227,Role of plasma exchange in stiff person syndrome,Albahra S.; Yates S.; Matevosyan K.; Sarode R.,conference_abstract,group_conference_abstract,manual_review,data\extraction_json\text\1227.json,data\extraction_json\text_trimmed\1227.json,data\extraction_json\text_trimmed\1227.json,trimmed_text,true,trimmed_auto,Proceedings detected and candidate abstract passed identity and completeness guardrails.,confirmed_full,false,44,0.7245,1.0000,0.7934,1,247,false,false,true,trim_record_indices,true,coded_boundary,next_soft_header,0,"77 ROLE OF PLASMA EXCHANGE IN STIFF PERSON SYNDROME Said Albahra, MD, Sean Yates, MD, Karen Matevosyan, MD and Ravi Sarode, MD Pathology, UT Southwestern, Dallas, Texas Purpose: Stiff person syndrome (SPS) is a rare neurologic auto- immune disease characterized by progressive axial and proximal limb rigidity, agonist and antagonist muscle contraction, and intermittent muscular spasms precipitated by various stimuli.",Trimmed proceedings text matches and appears complete.,2026-04-06T13:53:24.482997+00:00
12270,12270,Rapid Onset Stiff Person Syndrome,"Neeley, B; Pawar, G; Tripathi, R",conference_abstract,single_case_conference_abstract,manual_review,data\extraction_json\text\12270.json,data\extraction_json\text_trimmed\12270.json,data\extraction_json\text_trimmed\12270.json,trimmed_text,true,trimmed_auto,Proceedings detected and candidate abstract passed identity and completeness guardrails.,confirmed_full,false,148,0.6500,1.0000,0.7375,2,248,false,false,true,trim_record_indices,true,coded_boundary,next_soft_header,0,"339 Rapid Onset Stiff Person Syndrome B. Neeley, G. Pawar, R. Tripathi (Morgantown, WV, USA) Objective: To present a case of rapid onset Stiff Person Syndrome (SPS) in a non-classic patient and review diagnostic considerations associ- ated with his presentation. Background: SPS is a rare disorder, typically autoimmune or par- aneoplastic in origin, characterized by ﬂuctuating rigidity and stiffness of axial and proximal lower limb musculature with superimposed spasms and continuous motor unit ac",Trimmed proceedings text matches and appears complete.,2026-04-06T13:53:31.663395+00:00
12288,12288,MRI abnormalities in stiff person syndrome,"Seefried, S; Homola, G; Pham, M; Sommer, C",conference_abstract,conference_abstract_content_mismatch,manual_review,data\extraction_json\text\12288.json,data\extraction_json\text_trimmed\12288.json,data\extraction_json\text_trimmed\12288.json,trimmed_text,true,trimmed_auto,Proceedings detected and candidate abstract passed identity and completeness guardrails.,confirmed_full,false,376,0.6500,1.0000,0.7375,2,612,false,false,true,trim_record_indices,true,coded_boundary,next_soft_header,0,"EPO-605 MRI abnormalities in stiff person syndrome S. Seefried1, G. Homola2, M. Pham2, C. Sommer1 1Department of Neurology, Universitätsklinikum Würzburg, Würzburg, Germany, 2Department of Neuroradiology, Universitätsklinikum Würzburg, Würzburg, Germany Background and aims: Stiff-person-syndrome (SPS) is a chronic autoimmune disease which mainly affects the central nervous system with spasms and stiffness, pain and psychological comorbidities. The diagnosis remains challenging due to the variety",Trimmed proceedings text matches and appears complete.,2026-04-06T13:53:34.901965+00:00
1229,1229,Progressive encephalomyelitis with rigidity and myoclonus (PERM) associated with glycine receptor antibodies as first manifestation of hodgkin's lymphoma: A case report,Borellini L.; Lanfranconi S.; Trezzi I.; Franco G.; Di Fonzo A.; Bonato S.; Bresolin N.,conference_abstract,single_case_conference_abstract,manual_review,data\extraction_json\text\1229.json,data\extraction_json\text_trimmed\1229.json,data\extraction_json\text_trimmed\1229.json,trimmed_text,true,trimmed_auto,Proceedings detected and candidate abstract passed identity and completeness guardrails.,confirmed_full,false,79,0.6981,1.0000,0.7736,5,1730,false,false,true,trim_record_indices,true,coded_boundary,next_soft_header,0,"P11168 Progressive encephalomyelitis with rigidity and myoclonus (PERM) associated with glycine receptor antibodies as first manifestation of Hodgkin’s lymphoma: a case report L. Borellini, S. Lanfranconi, I. Trezzi, G. Franco, A. Di Fonzo, S. Bonato, N. Bresolin IRCCS Foundation Ca’ Granda Ospedale Maggiore Policlinico, Dino Ferrari Center , Neuroscience Section, Department of Pathophysiology and Transplantation, University of Milan, Milan, Italy., Milan, Italy Background and aims: Progressive ",Trimmed proceedings text matches and appears complete.,2026-04-06T13:53:36.908331+00:00
1230,1230,Stiff Person Syndrome: A female case report with focal onset and multiple limb involvement,Vaz S.; Barros A.; Calado A.; Sequeira J.; Melancia D.; Fernandes A.,conference_abstract,single_case_conference_abstract,manual_review,data\extraction_json\text\1230.json,data\extraction_json\text_trimmed\1230.json,data\extraction_json\text_trimmed\1230.json,trimmed_text,true,trimmed_auto,Proceedings detected and candidate abstract passed identity and completeness guardrails.,confirmed_full,false,228,0.6500,1.0000,0.7375,4,1926,false,false,true,trim_record_indices,true,coded_boundary,next_abstract_boundary,0,"P32164 Stiff Person Syndrome: a female case report with focal onset and multiple limb involvement S. Vaz1, A. Barros1, A. Calado1, J. Sequeira2, D. Melancia1, A. Fernandes1 1 Neurology, Centro Hospitalar Lisboa Central, Lisbon, Portugal, 2 Lisbon, Portugal Background and aims: Stiff Person Syndrome (SPS) is a rare autoimmune neuromuscular disease, characterised by progressive, fluctuating muscular rigidity with superimposed intense spasms. Usually, axial and proximal appendicular muscles are aff",Trimmed proceedings text matches and appears complete.,2026-04-06T13:53:39.321737+00:00
12301,12301,Stiff Person Syndrome Presenting with Dystonia,"Gao, F",conference_abstract,single_case_conference_abstract,manual_review,data\extraction_json\text\12301.json,data\extraction_json\text_trimmed\12301.json,data\extraction_json\text_trimmed\12301.json,trimmed_text,true,trimmed_auto,Proceedings detected and candidate abstract passed identity and completeness guardrails.,confirmed_full,false,150,0.6679,1.0000,0.7509,5,1524,false,false,true,trim_record_indices,true,coded_boundary,next_soft_header,0,"344 Stiff Person Syndrome Presenting with Dystonia F. Gao (Honolulu, HI, USA) Objective: To describe a case report of a patient with stiff person syn- drome presenting with dystonia. Background: Stiff person syndrome (SPS) is a rare autoimmune disor- der of the central nervous system characterized by progressive muscle stiffness and spasticity involving predominantly axial muscles, leading to gait impairment. While the exact mechanism is unknown, it is associated with elevated levels of anti-glu",Trimmed proceedings text matches and appears complete.,2026-04-06T13:53:46.227390+00:00
1231,1231,Therapeutic challenges of stiff person syndrome: A case report,Varga E.T.; Gyorgyi Md T.; Vecsei L.,conference_abstract,single_case_conference_abstract,manual_review,data\extraction_json\text\1231.json,data\extraction_json\text_trimmed\1231.json,data\extraction_json\text_trimmed\1231.json,trimmed_text,true,trimmed_auto,Proceedings detected and candidate abstract passed identity and completeness guardrails.,confirmed_full,false,253,0.6500,1.0000,0.7375,3,646,false,false,true,trim_record_indices,true,coded_boundary,next_soft_header,0,"P32209 Therapeutic challenges of stiff person syndrome: a case report E.T. Varga1, T. Györgyi Md2, L. Vécsei1 1 Szeged, Hungary, 2 First Med Centers, Budapest, Hungary Background and aims: Stiff person syndrome (SPS) is a rare neuroimmunologic, sometimes paraneoplastic neuromuscular disorder. Here we present a case in order to highlight the difficulties of long-term treatment of SPS in order to ensure the patient’s quality of life due to the wide range of side effects and complications of therap",Trimmed proceedings text matches and appears complete.,2026-04-06T13:53:48.624637+00:00
12322,12322,Celiac Disease With Concurrent Stiff Person Syndrome,"Hall, H; Zheng, XN; Chastant, W; Hutchings, J",conference_abstract,single_case_conference_abstract,manual_review,data\extraction_json\text\12322.json,,data\extraction_json\text\12322.json,full_text,false,not_needed,Document does not look like a large proceedings/program PDF.,untrimmed_localised,true,0,0.5571,1.0000,0.6679,13,11923,false,false,false,,false,,,0,"Discussion: POEMS rarely results in GI manifestations with no previous cases of small bowel involvement. Thus, it is unclear if the diagnosis of both CS and POEMS wi thin a short period of time was a coincidence or if there is a connection given their proposed similar immune-mediated pathogenesis. Due to the proin ﬂammatory environment, it is plausible that CS and/or CD may be triggering the production of POEMS ’ monoclonal protein. Research investigating CS ’s pathogenesis and additional cases ",Target appears localised in full proceedings text; trimming/manual review is still required.,2026-04-06T13:53:48.636242+00:00
1233,1233,Stiff person syndrome,Dosekova P.; Krastev G.; Haring J.; Lackovic R.,conference_abstract,multi_case_conference_abstract,manual_review,data\extraction_json\text\1233.json,,data\extraction_json\text\1233.json,full_text,true,manual_review_required,Matched entry appears truncated or lacks sufficient abstract body content.,untrimmed_localised,true,590,0.6500,1.0000,0.7375,10478,4960395,false,false,false,,false,,,0,"oscillopsia. Ocular ﬂutter is uncommon and has not been reported in association with alcohol withdrawal. Usually, adult onset ocular ﬂutter resolves spontaneously or with treatment of the underlying neoplasm. Abstinence from alcohol did not appear to inﬂuence it at three months, however may continue to improve over time. Ocular ﬂutter is thought to be generated in either the brainstem or in the cerebellum. Abnormal Pur- kinje cell activity in the cerebellum leads to reduced inhibition on the fas",Target appears localised in full proceedings text; trimming/manual review is still required.,2026-04-06T13:53:52.980544+00:00
12345,12345,Partial Stiff Person Syndrome as a Stroke Mimic,"Machado, D; Hodges, K",conference_abstract,single_case_conference_abstract,heuristic,data\extraction_json\text\12345.json,data\extraction_json\text_trimmed\12345.json,data\extraction_json\text_trimmed\12345.json,trimmed_text,true,header_only_source,Matched entry appears to contain header-only listing without abstract body.,header_only_source,true,27,0.8413,1.0000,0.8810,0,0,true,false,true,trim_record_indices,true,coded_boundary,next_abstract_boundary,8,"396. Partial Stiff Person Syndrome as a Stroke Mimic Duarte Machado, MD , Kendall Hodges, APRN. Hartford Healthcare, Hartford, CT, USA.",Matched source appears to be a title/author listing without abstract body text.,2026-04-06T13:53:56.406580+00:00
12358,12358,Type 1 Diabetes Mellitus and Stiff-Person Syndrome,"Araújo, CA; Baptista, C; Paiva, I; Morgadinho, A",conference_abstract,single_case_conference_abstract,manual_review,data\extraction_json\text\12358.json,,data\extraction_json\text\12358.json,full_text,false,not_needed,Document does not look like a large proceedings/program PDF.,header_only_source,true,0,0.6503,1.0000,0.7377,0,0,true,false,false,,false,,,0,"169-LB: Type 1 Diabetes Mellitus and Stiff-Person Syndrome CÁTIA A. ARAÚJO; CARLA BAPTISTA; ISABEL PAIVA; ANA MORGADINHO Introduction: Type 1 diabetes mellitus (T1DM) is often associated with other autoimmune diseases. One of them is Stiff-Person Syndrome (SPS), a rare neurological disorder characterized by muscle spasms and progressive muscle stiffness, which most often affects females. Glutamic acid decarboxylase antibodies (anti-GAD) are associated with the pathogenesis of this disease as wel",Matched source appears to be a title/author listing without abstract body text.,2026-04-06T13:53:56.411592+00:00
1237,1237,Stiff person syndrome: Case series,Sasse E.; Amorelli G.; Spitz M.; Germano C.S.B.; Vasconcellos L.F.,conference_abstract,multi_case_conference_abstract,manual_review,data\extraction_json\text\1237.json,data\extraction_json\text_trimmed\1237.json,data\extraction_json\text_trimmed\1237.json,trimmed_text,true,trimmed_auto,Proceedings detected and candidate abstract passed identity and completeness guardrails.,confirmed_full,false,600,0.6500,1.0000,0.7375,4,855,false,false,true,trim_record_indices,true,coded_boundary,next_soft_header,0,"1822 Stiff person syndrome: Case series E. Sasse, G. Amorelli, M. Spitz, C.S.B. Germano, L.F. Vasconcellos (Rio De Janeiro, Brazil) Objective: To report and discuss three cases of Stiff Person Syn- drome (SPS) with distinguished clinical features. Background: SPS is a rare disorder characterised by progressive ﬂuctuating muscular rigidity and spasm, variable in distribution and severeness. Classical cases have antibodies against glutamic acid decar- boxylase (GAD), but paraneoplastic cases may h",Trimmed proceedings text matches and appears complete.,2026-04-06T13:54:07.236620+00:00
12387,12387,Successful treatment of Stiff Person Syndrome with botulinum toxin,"Goncalves, A; Brunet, F; Ariton, D; De Fabregues, O",conference_abstract,single_case_conference_abstract,manual_review,data\extraction_json\text\12387.json,data\extraction_json\text_trimmed\12387.json,data\extraction_json\text_trimmed\12387.json,trimmed_text,true,trimmed_auto,Proceedings detected and candidate abstract passed identity and completeness guardrails.,confirmed_full,false,41,0.8355,1.0000,0.8767,4,920,false,false,true,trim_record_indices,true,coded_boundary,next_soft_header,0,"87 Successful treatment of Stiff Person Syndrome with botulinum toxin A. Gonçalves, F. Brunet, D. Ariton, O. de Fabregues (Loures, Portugal) Movement Disorders, Vol. 37, Suppl.2, 2022 S42 ABSTRACTS",Trimmed proceedings text matches and appears complete.,2026-04-06T13:54:15.714530+00:00
1239,1239,Stiff-person syndrome and hypogammaglobulinaemia: An unusual combination,Suratannon N.; Dalm V.; Van Bilsen K.; Van Paassen P.; Tervaert J.W.C.; Driessen G.J.; Wentink M.W.; Van Der Burg M.; Van Hagen P.M.,conference_abstract,single_case_conference_abstract,manual_review,data\extraction_json\text\1239.json,data\extraction_json\text_trimmed\1239.json,data\extraction_json\text_trimmed\1239.json,trimmed_text,true,trimmed_auto,Proceedings detected and candidate abstract passed identity and completeness guardrails.,confirmed_full,false,37,0.6973,0.6250,0.6792,1,835,false,false,true,trim_record_indices,true,coded_boundary,next_soft_header,0,"1001 Stiff-person syndrome and hypogammaglobulinaemia: an unusual combination Suratannon, N 1,2; Dalm, V 3; van Bilsen, K 4; van Paassen, P 5; Tervaert, JWC 5; Driessen, GJ 6; Wentink, MW 3; van der Burg, M 3;van Hagen, PM 1,3,4 1Chulalongkorn University, Bangkok, Thailand, 2Erasmus Medical center, Immunology, Rotterdam, the Netherlands; 3Erasmus Medical Center, Immunology, Rotterdam, the Netherlands; 4Erasmus Medical Center, Internal Medicine, Rotterdam, the Netherlands; 5Maastricht University,",Trimmed proceedings text matches and appears complete.,2026-04-06T13:54:17.558512+00:00
12390,12390,Stiff Person Syndrome Misdiagnosis: Clinical and Ancillary Testing Characteristics,"Chia, N; McKeon, A; Flanagan, E; Dubey, D; Zalewski, N; Pittock, S; Zekeridou, A",conference_abstract,group_conference_abstract,heuristic,data\extraction_json\text\12390.json,,data\extraction_json\text\12390.json,full_text,true,manual_review_required,Matched entry appears truncated or lacks sufficient abstract body content.,untrimmed_localised,true,0,0.6501,1.0000,0.7376,14,16432,false,false,false,,false,,,0,"Serology panel revealed pan hypovitaminoses in Vitamins A, B1, B6, B12, and D. Conclusions Traditional GCA workup initially resulted inconclusive for the pa- tient, whose condition deteriorated as the patient ’s altered mental status and dizziness spells continued unremittingly. This case high- lights the link between large vesse l vasculitis and malabsorption syndromes, with the involvement of the superior mesenteric artery, a medium sized vessel, in GCA previou sly unrecognized. Furthermore, t",Target appears localised in full proceedings text; trimming/manual review is still required.,2026-04-06T13:54:17.574928+00:00
12399,12399,Neuropsychological performance and psychiatric symptoms in stiff person syndrome,"Chan, C; Wang, YJ; Obando, D; Newsome, S",conference_abstract,group_conference_abstract,manual_review,data\extraction_json\text\12399.json,,data\extraction_json\text\12399.json,full_text,false,not_needed,Document does not look like a large proceedings/program PDF.,untrimmed_localised,true,0,0.6877,1.0000,0.7657,4,2195,false,false,false,,false,,,0,"Neuropsychological performance and psychiatric symptoms in stiff person syndrome (2510) Carol Chan, Yujie Wang, Danielle Obando, and Scott NewsomeAUTHORS INFO & AFFILIATIONS April 13, 2021 issue 96 (15_supplement) https://doi.org/10.1212/WNL.96.15_supplement.2510 Abstract Objective: To examine the pattern of cognitive deficits and psychiatric symptoms in patients with stiff person syndrome (SPS). Background: SPS is an immune-mediated neurological disorder that presents with a spectrum of symptom",Target appears localised in full proceedings text; trimming/manual review is still required.,2026-04-06T13:54:17.578470+00:00
1242,1242,Stiff-person syndrome in association with cerebellar ataxia: Overlapping syndrome: A case report,Chauhan V.H.; Jowkar A.A.,conference_abstract,single_case_conference_abstract,manual_review,data\extraction_json\text\1242.json,data\extraction_json\text_trimmed\1242.json,data\extraction_json\text_trimmed\1242.json,trimmed_text,true,trimmed_auto,Proceedings detected and candidate abstract passed identity and completeness guardrails.,confirmed_full,false,27,0.6741,0.5000,0.6306,0,2455,false,false,true,trim_record_indices,true,coded_boundary,next_abstract_boundary,0,"M310. Post-T raumatic Dueling Synesthesias- Pathologic Gustatory vs Physiologic Retronasal Olfactory Al-Mounawara Yaya and Alan R. Hirsch. Willemstad, Cura- cao, Netherlands Antilles and Chicago, IL Autoimmune Neurology M311.WIP Stiff-Person Syndrome in Association with Cerebellar Ataxia: Overlapping Syndrome: A Case Report V arun H. Chauhan and Abbas A. Jowkar. Detroit, MI M312.WIP ARA 290 for Sarcoidosis and Painful Small Fiber Neuropathy Daniel A. Culver , Jinny T avee, Albert Dahan, Daiva Ba",Trimmed proceedings text matches and appears complete.,2026-04-06T13:54:21.080847+00:00
12424,12424,Unanticipated Improvement of Stiff Person Syndrome after severe COVID-19,"Tofade, T; Shaulov, S; Surathi, P; Mulvey, M; Marks, D",conference_abstract,single_case_conference_abstract,manual_review,data\extraction_json\text\12424.json,data\extraction_json\text_trimmed\12424.json,data\extraction_json\text_trimmed\12424.json,trimmed_text,true,trimmed_auto,Proceedings detected and candidate abstract passed identity and completeness guardrails.,mismatch,true,0,0.4918,1.0000,0.6188,0,429,false,true,true,trim_record_indices,false,,next_soft_header,0,"Unanticipated Improvement ofStiff Person Syndrome aftersevere COVID-19 (2397)Toluwalase Tofade, Shaul Shaulov, Pratibha Surathi, Martha Mulvey, and David MarksAUTHORS INFO & AFFILIATIONS  SATURDAY, APRIL 17April 13, 2021 The most widely read and highly cited peer-reviewed neurology journal",Title/author alignment is too weak for a reliable proceedings match.,2026-04-06T13:54:21.107224+00:00
12428,12428,"Unrecognized thymoma-associated paraneoplastic ""stiff person"" syndrome - a case report","Novoselska, N; Mateva, G; Bochev, P",conference_abstract,single_case_conference_abstract,manual_review,data\extraction_json\text\12428.json,data\extraction_json\text_trimmed\12428.json,data\extraction_json\text_trimmed\12428.json,trimmed_text,true,header_only_source,Matched entry appears to contain header-only listing without abstract body.,header_only_source,true,682,0.8833,1.0000,0.9125,0,0,true,false,true,trim_record_indices,true,coded_boundary,next_soft_header,0,"EP-609 Unrecognized thymoma-associated paraneoplastic “stiff person” syndrome - a case report N. Novoselska, G. Mateva, P . Bochev; Acibadem City Clinic Mladost, Sofia, BULGARIA.",Matched source appears to be a title/author listing without abstract body text.,2026-04-06T13:54:32.492673+00:00
1245,1245,Bilateral hip fracture during hospitalization for spasm exacerbation in an adult with stiff person syndrome: A case report,Podobinski T.K.; Mimbella P.C.; Irvine M.J.; Verduzco-Gutierrez M.,conference_abstract,single_case_conference_abstract,heuristic,data\extraction_json\text\1245.json,data\extraction_json\text_trimmed\1245.json,data\extraction_json\text_trimmed\1245.json,trimmed_text,true,trimmed_auto,Proceedings detected and candidate abstract passed identity and completeness guardrails.,confirmed_full,false,0,0.7119,0.2500,0.5964,4,1281,false,false,true,trim_record_indices,true,soft_header::author+institution+wrapped_title,next_soft_header,0,"Level of Evidence: Level V Poster 237 Bilateral Hip Fracture During Hospitalization for Spasm Exacerbation in an Adult with Stiff Person Syndrome: A Case Report Tomasz K. Podobinski, DO (University of TX-UT Houston, Houston, Texas, United States), Paolo C. Mimbella, MD, Michael J. Irvine, DO, Monica Verduzco-Gutierrez, MD Disclosures: Tomasz Podobinski: I Have No Relevant Financial Re- lationships To Disclose Case/Program Description: The patient is a 47-year-old woman with history of breast can",Trimmed proceedings text matches and appears complete.,2026-04-06T13:54:32.537479+00:00
1246,1246,Acute rehabilitation of a patient with stiff person syndrome (SPS) and GAD-antibody cerebellar Ataxia: A case report,Strong N.A.; Love N.F.; Brusky K.M.; Salim S.,conference_abstract,single_case_conference_abstract,heuristic,data\extraction_json\text\1246.json,data\extraction_json\text_trimmed\1246.json,data\extraction_json\text_trimmed\1246.json,trimmed_text,true,trimmed_auto,Proceedings detected and candidate abstract passed identity and completeness guardrails.,confirmed_full,false,0,0.7012,0.5000,0.6509,1,1245,false,false,true,trim_record_indices,true,soft_header::author+wrapped_title,next_soft_header,0,"Level of Evidence: Level V Poster 360 Acute Rehabilitation of a Patient with Stiff Person Syndrome (SPS) and GAD-Antibody Cerebellar Ataxia: A Case Report Nicole A. Strong, DO (Univ of Rochester, Rochester, New York, United States), Nicholas F. Love, MD, Kristen M. Brusky, DO, Sara Salim, MD Disclosures: Nicole Strong: I Have No Relevant Financial Relationships To Disclose Case/Program Description: The patient presented after months of progressive gait instability and low back pain that was init",Trimmed proceedings text matches and appears complete.,2026-04-06T13:54:32.629821+00:00
12473,12473,Stiff-person syndrome - a 15-year review at a tertiary hospital,"Rodrigues, R; Sousa, L; Samoes, R; Caçao, G; Chaves, J; Cardoso, M; Barros, J; Santos, E; Damásio, J",conference_abstract,group_conference_abstract,manual_review,data\extraction_json\text\12473.json,data\extraction_json\text_trimmed\12473.json,data\extraction_json\text_trimmed\12473.json,trimmed_text,true,trimmed_auto,Proceedings detected and candidate abstract passed identity and completeness guardrails.,confirmed_full,false,131,0.6986,0.8750,0.7427,4,577,false,false,true,trim_record_indices,true,coded_boundary,next_soft_header,0,"307 Stiff-person syndrome – a 15-year review at a tertiary hospital R. Rodrigues, L. Sousa, R. Samões, G. Caç ~ao, J. Chaves, M. Cardoso, J. Barros, E. Santos, J. Dam /C19asio (Santa Maria Feira, Portugal) Objective: Clinical characterization of stiff-person syndrome (SPS). Background: SPS typically presents with progressive symmetric axial and proximal limb rigidity, and episodic painful spasms triggered by unex- pected stimuli. It is an immune-mediated disease, with anti-GAD and anti- GlyR bei",Trimmed proceedings text matches and appears complete.,2026-04-06T13:54:39.575564+00:00
1249,1249,Thymic abnormalities and stiff person syndrome,Yanlin R.C.; Kabir T.; Asmat A.; Basheer D.; Aneez A.,conference_abstract,multi_case_conference_abstract,manual_review,data\extraction_json\text\1249.json,,data\extraction_json\text\1249.json,full_text,false,not_needed,Document does not look like a large proceedings/program PDF.,untrimmed_localised,true,0,0.6500,1.0000,0.7375,4,3602,false,false,false,,false,,,0,"Cardiothoracic Surgery SESSION TITLE: Global Case Report Poster - Cardiothoracic Surgery SESSION TYPE: Global Case Report Poster PRESENTED ON: Tuesday, October 25, 2016 at 01:30 PM - 02:30 PM Thymic Abnormalities and Stiff Person Syndrome Rachel Chen Yanlin MBBS* Tousif Kabir MBBS Atasha Asmat MMed; and Dokev Basheer Ahmed Aneez MBBS Division of Thoracic Surgery, Department of General Surgery, Tan Tock Seng Hospital, Singapore, Singapore INTRODUCTION: Stiff Person Syndrome (SPS) is a rare autoim",Target appears localised in full proceedings text; trimming/manual review is still required.,2026-04-06T13:54:39.581603+00:00
12495,12495,ATYPICAL STIFF PERSON SYNDROME WITH ANTI-IGLON5 ANTIBODIES: A CASE REPORT,"Castellano, C; Bellucci, M; Germano, F; Gemelli, C; Marinelli, L; Lechiara, A; Schenone, A; Franciotta, D; Benedetti, L",conference_abstract,single_case_conference_abstract,manual_review,data\extraction_json\text\12495.json,data\extraction_json\text_trimmed\12495.json,data\extraction_json\text_trimmed\12495.json,trimmed_text,true,trimmed_auto,Proceedings detected and candidate abstract passed identity and completeness guardrails.,confirmed_full,false,13,0.6855,1.0000,0.7641,0,1050,false,false,true,trim_record_indices,true,soft_header::author+institution+wrapped_title,next_soft_header,0,"in case of unsatisfactory response to rituximab since alternative treat- ments are available (BTK inhibitors). ATYPICAL STIFF PERSON SYNDROME WITH ANTI-IGLON5 ANTIBODIES: A CASE REPORT Chiara Castellano1, Margherita Bellucci 1, Francesco Germano 1, Chiara Gemelli2, Lucio Marinelli 1, Anastasia Lechiara 2, Angelo Schenone 1, Diego Franciotta3, Luana Benedetti 2 1University of Genoa, DINOGMI, Genoa, Italy; 2IRCCS Hospital Policlinico S. Martino, Genoa, Italy; 3IRCCS Mondino Foundation, Neuroimmuno",Trimmed proceedings text matches and appears complete.,2026-04-06T13:54:40.254473+00:00
12497,12497,Late-onset Stiff Person Syndrome (SPS): Challenges in Diagnosis and Management,"Yi, J; Dalakas, M",conference_abstract,group_conference_abstract,manual_review,data\extraction_json\text\12497.json,,data\extraction_json\text\12497.json,full_text,true,manual_review_required,Matched entry appears truncated or lacks sufficient abstract body content.,untrimmed_localised,true,0,0.6500,1.0000,0.7375,4,4082,false,false,false,,false,,,0,"AAN.COMIHTTPS://WWW.AAN.COM/] | S55 AAN PUBLICATIONS | \ | t | ® The most widely read and highly cited ecu O OZY peer-reviewed neurology journal April 25, 2023 ae ® Check for updates Late-onset Stiff Person Syndrome (SPS): Challenges in Diagnosis and Management (P4-5.017) essica Yi and Marinos Dalakas = AUTHORS INFO & AFFILIATIONS April 25, 2023 issue 100(17_supplement_2) _ https://doi.org/10.1212/WNL.0000000000202618 a oo (+) Abstract Objective: Highlight treatment challenges in SPS patients wi",Target appears localised in full proceedings text; trimming/manual review is still required.,2026-04-06T13:54:40.259727+00:00
1251,1251,Double trouble: Opisthotonos associated with guillain-barre Syndrome and GAD autoantibody,Alwis A.; Ram D.; Vassallo G.,conference_abstract,single_case_conference_abstract,manual_review,data\extraction_json\text\1251.json,data\extraction_json\text_trimmed\1251.json,data\extraction_json\text_trimmed\1251.json,trimmed_text,true,trimmed_auto,Proceedings detected and candidate abstract passed identity and completeness guardrails.,confirmed_full,false,49,0.6428,0.6667,0.6487,2,287,false,false,true,trim_record_indices,true,coded_boundary,next_soft_header,0,"126 Double trouble: opisthotonos associated with Guillain-Barr/C19e Syndrome and GAD autoantibody AA L W I S ,D RAM, G VASSALLO Paediatric Neurology, Royal Manchester Children’s Hospital, UK Introduction: Guillain-Barr/C19e Syndrome (GBS) is typiﬁed by weakness, areﬂexia and elevated CSF protein. We present a unique case with severe pain, opisthotonos and positive anti- glutamic acid decarboxylase (GAD) antibodies, raising the possibility of concurrent stiff person syndrome (SPS). Case: A previo",Trimmed proceedings text matches and appears complete.,2026-04-06T13:54:41.065135+00:00
12532,12532,Standing Still: A Case of Stiff-person Syndrome and Common Variable Immunodeficiency,"Escobar, S; Khazar, V; Szema, A",conference_abstract,single_case_conference_abstract,heuristic,data\extraction_json\text\12532.json,,data\extraction_json\text\12532.json,full_text,false,not_needed,Document does not look like a large proceedings/program PDF.,untrimmed_localised,true,0,0.6503,1.0000,0.7377,0,1940,false,false,false,,false,,,0,"A32 CASES IN AUTOIMMUNITY, AUTOINFLAMMATION, AND INFECTION / Thematic Poster Session / Sunday, May 21/09:00 AM-04:15 PM / Walter E. Washington Convention Center, Area A, Hall C (Lower Level) Standing Still: A Case of Stiff-person Syndrome and Common Variable Immunodeficiency S. Escobar 1 , V. Khazar 1 , A. Szema 2 ; 1 Three Village Allergy and Asthma, PLLC, South Setauket, NY, United States, 2 Donald and Barbara Zucker School of Medicine, Uniondale, NY, United States. Corresponding author's emai",Target appears localised in full proceedings text; trimming/manual review is still required.,2026-04-06T13:54:41.068433+00:00
12536,12536,Misdiagnosis of Stiff Person Syndrome Spectrum Disorders: Identifying the Most Common Culprits,"Roy, S; Wang, YJ; Newsome, S",conference_abstract,group_conference_abstract,heuristic,data\extraction_json\text\12536.json,data\extraction_json\text_trimmed\12536.json,data\extraction_json\text_trimmed\12536.json,trimmed_text,true,trimmed_auto,Proceedings detected and candidate abstract passed identity and completeness guardrails.,confirmed_full,false,0,0.6500,1.0000,0.7375,2,289,false,false,true,exact_footer_filtered_subsequence,true,soft_header::author+uppercase_title,next_soft_header,0,"AAN.COMIHTTPS://WWW.AAN.COM/] | S55 AAN PUBLICATIONS | \ | t | ® The most widely read and highly cited ecu O OZY peer-reviewed neurology journal April 25, 2023 ae ® Check for updates Misdiagnosis of Stiff Person Syndrome Spectrum Disorders: Identifying the Most Common Culprits (P4- 5.022) Shuvro Roy, Yujie Wang, and Scott Newsome AUTHORS INFO & AFFILIATIONS a ao (+) i ° ba A Abstract Objective: To characterize common misdiagnoses in a cohort of patients with Stiff Person Syndrome Spectrum Disord",Trimmed proceedings text matches and appears complete.,2026-04-06T13:54:41.088584+00:00
12538,12538,Characterization of Spasm-Related Respiratory Impairment in Stiff Person Syndrome Spectrum Disorders,"Maldonado, DP; Koshorek, J; Reyes-Mantilla, M; Obando, D; Wang, YJ; Newsome, S",conference_abstract,group_conference_abstract,heuristic,data\extraction_json\text\12538.json,,data\extraction_json\text\12538.json,full_text,false,not_needed,Document does not look like a large proceedings/program PDF.,untrimmed_localised,true,0,0.7079,1.0000,0.7809,4,2248,false,false,false,,false,,,0,"Characterization of Spasm-Related Respiratory Impairment in Stiff Person Syndrome Spectrum Disorders (4400) Daniela Pimentel Maldonado, Jacqueline Koshorek, Maria Reyes- Mantilla, Danielle Obando, Yujie Wang, and Scott NewsomeAUTHORS INFO & AFFILIATIONS April 13, 2021 issue 96 (15_supplement) https://doi.org/10.1212/WNL.96.15_supplement.4400  o Abstract o Publication History  o Information & Authors o Metrics & Citations o View Options o References o Media o Tables o Share Abstract Objective: ",Target appears localised in full proceedings text; trimming/manual review is still required.,2026-04-06T13:54:41.092145+00:00
12554,12554,Botulinum Toxin Could Be Helpful as an Adjunct Therapy in Stiff Person Syndrome,"Roman, S; Taylor, E; Newsome, S; Moukheiber, E",conference_abstract,single_case_conference_abstract,heuristic,data\extraction_json\text\12554.json,data\extraction_json\text_trimmed\12554.json,data\extraction_json\text_trimmed\12554.json,trimmed_text,true,header_only_source,Matched entry appears to contain header-only listing without abstract body.,header_only_source,true,25,0.8343,1.0000,0.8758,0,0,true,false,true,trim_record_indices,true,coded_boundary,next_abstract_boundary,0,"M114. Botulinum Toxin Could Be Helpful as an Adjunct Therapy in Stiff Person Syndrome Samantha Roman, MD , Elena Taylor, BS, Scott Newsome, DO, Emile Moukheiber, MD. Johns Hopkins University Department of Neurology, Baltimore, MD, USA.",Matched source appears to be a title/author listing without abstract body text.,2026-04-06T13:54:45.019379+00:00
12567,12567,A Case of Stiff Person Syndrome with Response to Methotrexate Therapy for Lymphoma,"Birjandian, Z; Graber, J",conference_abstract,single_case_conference_abstract,heuristic,data\extraction_json\text\12567.json,data\extraction_json\text_trimmed\12567.json,data\extraction_json\text_trimmed\12567.json,trimmed_text,true,header_only_source,Matched entry appears to contain header-only listing without abstract body.,header_only_source,true,0,0.7939,1.0000,0.8454,0,66,true,false,true,exact_footer_filtered_subsequence,true,soft_header::author+uppercase_title,next_soft_header,34,"AAN.COMIHTTPS://WWW.AAN.COM/] | S55 AAN PUBLICATIONS | \ | t | ® The most widely read and highly cited ecu O OZY peer-reviewed neurology journal April 25, 2023 ae ® Check for updates A Case of Stiff Person Syndrome with Response to Methotrexate Therapy for Lymphoma (P4-5.023) Zeinab Birjandian and Jerome Graber |= AUTHORS INFO & AFFILIATIONS",Matched source appears to be a title/author listing without abstract body text.,2026-04-06T13:54:45.044442+00:00
1257,1257,Left-side asymmetry in cortical and spinal inhibitory circuits in stiff-person syndrome: A case report,Bocek V.; Cvickova B.; Peisker T.; Stetkarova I.,conference_abstract,single_case_conference_abstract,manual_review,data\extraction_json\text\1257.json,data\extraction_json\text_trimmed\1257.json,data\extraction_json\text_trimmed\1257.json,trimmed_text,true,trimmed_auto,Proceedings detected and candidate abstract passed identity and completeness guardrails.,partial_truncated,true,0,0.6175,1.0000,0.7131,5,1869,false,false,true,trim_record_indices,false,,next_soft_header,0,"ID 140 – Left-side asymmetry in cortical and spinal inhibitory circuits in stiff-person syndrome: A case report—V. Bocek, B. Cvickova, T. Peisker, I. Stetkarova (Department of Neurology, Charles University, Third Faculty of Medicine, Charles University in Prague and Faculty Hospital Kralovske Vinohrady, Czech Republic) Objective: Stiff-person syndrome (SPS) is an autoimmune disease characterized by progressive rigidity and generalized muscle stiff- ness caused by loss of GABA-ergic inhibition. D",Trim does not start at a detected proceedings header.,2026-04-06T13:54:45.119953+00:00
12584,12584,Stiff person syndrome vs functional neurological disorder: two patients with hyperkinetic movement disorder,"Garcia, J; Mireles, S; Martinez, Y; Alcocer, A",conference_abstract,multi_case_conference_abstract,manual_review,data\extraction_json\text\12584.json,,data\extraction_json\text\12584.json,full_text,true,manual_review_required,Matched entry appears truncated or lacks sufficient abstract body content.,untrimmed_localised,true,0,0.6524,1.0000,0.7393,13,6654,false,false,false,,false,,,0,"Conclusions: To our knowledge, it is rare to have movement disorders at the time of the onset of COVID-19 infection. Movement disorders of COVID-19 are rarely manifested as segmental dystonia. COVID-19 infec- tion may trigger the production of autoantibody through immunological mimicry to target cell surface dopaminergic receptors in the basal ganglia or its connections, resulting in movement disorders or neurodegenerative diseases [table1]. Closely monitoring COVID-19 survivors for the possi- b",Target appears localised in full proceedings text; trimming/manual review is still required.,2026-04-06T13:54:45.128096+00:00
12594,12594,Rituximab is Associated with Limiting Progression in Individuals with Stiff Person Syndrome Spectrum Disorders,"Harrison, K; Hu, C; Aljarallah, S; Wang, Y; Fitzgerald, K; Newsome, S",conference_abstract,group_conference_abstract,heuristic,data\extraction_json\text\12594.json,data\extraction_json\text_trimmed\12594.json,data\extraction_json\text_trimmed\12594.json,trimmed_text,true,trimmed_auto,Proceedings detected and candidate abstract passed identity and completeness guardrails.,confirmed_full,false,0,0.7677,1.0000,0.8258,2,289,false,false,true,exact_footer_filtered_subsequence,true,soft_header::author+uppercase_title,next_soft_header,0,"AAN.COM(HTTPS://WWW.AAN.COM/] | SE AAN PUBLICATIONS | \ | e rolo ® The most widely read and highly cited U 2 y peer-reviewed neurology journal April 25, 2023 i) ®» Check for updates | Rituximab is Associated with Limiting Progression in Individuals with Stiff Person Syndrome Spectrum Disorders (S40.002) Kimystian Harrison, Chen Hu, Salman Aljarallah, Yujie Wang, Kathryn Fitzgerald, and Scott Newsome AUTHORS INFO & AFFILIATIONS Abstract Objective: To assess if rituximab minimizes disease progress",Trimmed proceedings text matches and appears complete.,2026-04-06T13:54:45.149188+00:00
12623,12623,Inpatient care for stiff person syndrome in the United States: A nationwide readmission study,"Crispo, J; Thibault, D; Fortin, Y; Willis, A",conference_abstract,group_conference_abstract,heuristic,data\extraction_json\text\12623.json,data\extraction_json\text_trimmed\12623.json,data\extraction_json\text_trimmed\12623.json,trimmed_text,true,trimmed_auto,Proceedings detected and candidate abstract passed identity and completeness guardrails.,confirmed_full,false,0,0.6500,1.0000,0.7375,4,1059,false,false,true,trim_record_indices,true,coded_boundary,next_soft_header,0,"1305 Inpatient care for stiff person syndrome in the United States: A nationwide readmission study J. Crispo, D. Thibault, Y. Fortin, A. Willis (Sudbury, ON, Canada) Objective: To describe national inpatient care for stiff person syn- drome (SPS) in the United States and characterize all-cause 30-day readmission. Background: SPS is a rare and progressive autoimmune disorder that is characterized by axial muscle rigidity and involuntary spasms, which may lead to signiﬁcant patient disability. To ",Trimmed proceedings text matches and appears complete.,2026-04-06T13:54:45.232070+00:00
12630,12630,Autologous Haematopoietic Stem Cell Transplantation (Auto-HSCT) in Stiff Person Syndrome (SPS): The Sheffield Experience,"Thorpe, AE; Kass-Iliyya, L; Jessop, H; Chantry, A; Hadjivassiliou, M; Sharrack, B; Snowden, JA",conference_abstract,case_series_conference_abstract,heuristic,data\extraction_json\text\12630.json,data\extraction_json\text_trimmed\12630.json,data\extraction_json\text_trimmed\12630.json,trimmed_text,true,trimmed_auto,Proceedings detected and candidate abstract passed identity and completeness guardrails.,confirmed_full,false,0,0.6627,1.0000,0.7470,2,535,false,false,true,trim_record_indices,true,coded_boundary,next_soft_header,0,"P080 Autologous Haematopoietic Stem Cell Transplantation (Auto-HSCT) in Stiff Person Syndrome (SPS): The Shef ﬁeld Experience Alice Elizabeth Thorpe, Lewis Kass-Iliyya, Helen Jessop, Andrew Chantry, Marios Hadjivassiliou, Basil Sharrack, John A Snowden Shefﬁeld Teaching Hospitals NHS Foundation Trust, Shef ﬁeld, United Kingdom Background: Stiff Person Syndrome (SPS) is a rare (1/ 1,000,000) immune-mediated neurological disorder char- acterised by muscle rigidity, spasms and high glutamic acid de",Trimmed proceedings text matches and appears complete.,2026-04-06T13:54:45.274855+00:00
12642,12642,Identifying Key Components for Diagnosing Stiff Person Syndrome Spectrum Disorders: A Sensitivity and Specificity Study,"Roy, S; Hu, C; Wang, YJ; Fitzgerald, K; Newsome, S",conference_abstract,group_conference_abstract,manual_review,data\extraction_json\text\12642.json,,data\extraction_json\text\12642.json,full_text,false,not_needed,Document does not look like a large proceedings/program PDF.,untrimmed_localised,true,0,0.6669,1.0000,0.7502,4,2282,false,false,false,,false,,,0,"dentifying Key Components for Diagnosing Stiff Person Syndrome Spectrum Disorders: A Sensitivity and Specificity Study (P4-5.018) Shuvro Roy, Chen Hu, Yujie Wang, Kathryn Fitzgerald, and Scott NewsomeAUTHORS INFO & AFFILIATIONS April 25, 2023 issue 100 (17_supplement_2) https://doi.org/10.1212/WNL.0000000000202736  o Abstract o Publication History  o Information & Authors o Metrics & Citations o View Options o References o Media o Tables o Share Abstract Objective: To evaluate the sensitivity ",Target appears localised in full proceedings text; trimming/manual review is still required.,2026-04-06T13:54:45.278403+00:00
12664,12664,Use of Immunotherapy and Symptomatic Therapy Differs Between Clinical Phenotypes of Stiff Person Syndrome Spectrum Disorders,"Simpson, A; Balshi, A; Obando, D; Miles, A; Taylor, E; Snoops, S; Wang, YJ; Newsome, S",conference_abstract,group_conference_abstract,manual_review,data\extraction_json\text\12664.json,data\extraction_json\text_trimmed\12664.json,data\extraction_json\text_trimmed\12664.json,trimmed_text,true,header_only_source,Matched entry appears to contain header-only listing without abstract body.,partial_truncated,true,0,0.8246,1.0000,0.8685,0,97,true,false,true,exact_footer_filtered_subsequence,false,,next_soft_header,0,"Use of Immunotherapy and Symptomatic Therapy Differs Between Clinical Phenotypes of Stiff Person Syndrome Spectrum Disorders (P4-5.020) Alexandra Simpson, Alexandra Balshi, Danielle Obando, Ashley Miles, Elena Taylor, Sarah Snoops, Yujie Wang, and Scott NewsomeAUTHORS INFO & AFFILIATIONS April 25, 2023 issue https://doi.org/10.1212/WNL.0000000000203355  o Abstract o Publication History ",Trim does not start at a detected proceedings header.,2026-04-06T13:54:45.346387+00:00
12679,12679,Longitudinal brain and skeletal muscle FDG-PET changes in people with stiff person syndrome spectrum disorders,"Roman, S; Wang, YJ; Sadaghiani, M; Newsome, S",conference_abstract,group_conference_abstract,manual_review,data\extraction_json\text\12679.json,,data\extraction_json\text\12679.json,full_text,true,manual_review_required,Matched entry appears truncated or lacks sufficient abstract body content.,untrimmed_localised,true,0,0.7100,1.0000,0.7825,4,6280,false,false,false,,false,,,0,"1/7/24, 4:08 AMLongitudinal brain and skeletal muscle FDG-PET changes in people with stiff person syndrome spectrum disorders (P4-5.021) | Neurology Page 1 of 5https://www-neurology-org.uc.idm.oclc.org/doi/10.1212/WNL.0000000000203733 AbstractAbstract Objective: To describe changes in /uorodeoxyglucose positron emission tomography (FDG-PET) ?ndings in the brain and muscles of individuals with stiff person syndrome spectrum disorders (SPSD) longitudinally. Background: SPSD includes multiple clini",Target appears localised in full proceedings text; trimming/manual review is still required.,2026-04-06T13:54:45.354338+00:00
12682,12682,PURELY TORSIONAL NYSTAGMUS IN A PATIENT WITH THE STIFF-MAN SYNDROME - A CASE-REPORT,"STEARNS, MQ; SINOFF, SE; ROSENBERG, ML",conference_abstract,single_case_conference_abstract,manual_review,data\extraction_json\text\12682.json,,data\extraction_json\text\12682.json,full_text,true,manual_review_required,Matched entry appears truncated or lacks sufficient abstract body content.,untrimmed_localised,true,174,0.6500,1.0000,0.7375,3584,2532827,false,false,false,,false,,,0,"ing retinal bleach may be due to decreased retinal inhibition of mesencephalic parasympathetic outflow. 264P BBB Disruption in Optic Neuritis: A Novel Technique of Ultracytochemical H,O, and lmmunocytochemical Serum Albumin Co= Localization John Guy and E. Ann Ellis, Gainesville, FL Disruption of the blood-brain barrier (BBB) plays a major role in the pathogenesis of primary CNS demyelination. While previous ultrastructural studies showed tracer extravasation into the CNS, endothelial cells and ",Target appears localised in full proceedings text; trimming/manual review is still required.,2026-04-06T13:54:47.477320+00:00
12691,12691,Cascade apheresis as a monotherapy or in combination with IVIG in therapy of stiff-person syndrome,"Mikhailova, V; Degterev, D",conference_abstract,group_conference_abstract,heuristic,data\extraction_json\text\12691.json,data\extraction_json\text_trimmed\12691.json,data\extraction_json\text_trimmed\12691.json,trimmed_text,true,trimmed_auto,Proceedings detected and candidate abstract passed identity and completeness guardrails.,confirmed_full,false,0,0.7352,0.5000,0.6764,1,515,false,false,true,trim_record_indices,true,coded_boundary,next_soft_header,0,"EPO-423 Cascade apheresis as a monotherapy or in combination with IVIG in therapy of stiff-person syndrome V. M i k h a i l o v a 1, D. Degterev 2 1 Department of Nervous Diseases, Sechenov University, The Loginov Moscow Clinical Scientific Center, Moscow, Russian Federation, 2 The Loginov Moscow Clinical Scientific Center, Moscow, Russian Federation Background and aims: Stiff-person syndrome (SPS) characterized by progressive fluctuating muscle stiffness, rigidity, and painful spasm. It is susp",Trimmed proceedings text matches and appears complete.,2026-04-06T13:54:47.501129+00:00
12696,12696,"A DOUBLE-BLIND, PLACEBO-CONTROLLED TRIAL OF INTRATHECAL BACLOFEN THERAPY IN STIFF-MAN SYNDROME","MCEVOY, KM; SILBERT, PL; STOLPSMITH, KA; MATSUMOTO, JY; MCMANIS, PG; ELLIOTT, BA",conference_abstract,case_series_conference_abstract,heuristic,data\extraction_json\text\12696.json,data\extraction_json\text_trimmed\12696.json,data\extraction_json\text_trimmed\12696.json,trimmed_text,true,trimmed_auto,Proceedings detected and candidate abstract passed identity and completeness guardrails.,partial_truncated,true,0,0.6500,0.8333,0.6958,0,1276,false,false,true,trim_record_indices,false,,next_abstract_boundary,0,"Intrathecal Baclofen Therapy in Stiff-Man Syndrome K. M. McEvoy, P. L. Silbert, K. A. Stolp-Smith. J. Y. Matsumoto, P. G. McManis, and B. A. Elliott, Rochester, MN We undertook a double-blind placebo-controlled trial of in- trathecal baclofen (ITB) in stiff-man syndrome (SMS). Three patients unresponsive to current therapy (combinations of clonazepam, baclofen, valproate, and prednisone) with a 4-, 6-, and 10-year history of SMS were studied. Current medi- cations were continued and patients rec",Trim does not start at a detected proceedings header.,2026-04-06T13:54:47.530437+00:00
12697,12697,A Case of Stiff Person Syndrome Complicated by Acute Interstitial Pneumonia: Successful Treatment With IVIG and Glucocorticoids,"Kumar, K; Chung, J",conference_abstract,single_case_conference_abstract,heuristic,data\extraction_json\text\12697.json,,data\extraction_json\text\12697.json,full_text,false,not_needed,Document does not look like a large proceedings/program PDF.,untrimmed_localised,true,0,0.6502,1.0000,0.7377,1,3119,false,false,false,,false,,,0,"B49 CASE REPORTS IN NEUROCRITICAL CARE / Thematic Poster Session / Monday, May 22/09:00 AM-04:15 PM / Walter E. Washington Convention Center, Area I, Hall C (Lower Level) A Case of Stiff Person Syndrome Complicated by Acute Interstitial Pneumonia: Successful Treatment With IVIG and Glucocorticoids K. Kumar 1 , J. Chung 2 ; 1 Internal Medicine, MedStar Health, Baltimore, MD, United States, 2 Pulmonary, Critical Care and Sleep Medicine, MedStar Health, Baltimore, MD, United States. Corresponding a",Target appears localised in full proceedings text; trimming/manual review is still required.,2026-04-06T13:54:47.534403+00:00
12726,12726,STIFF-MAN-SYNDROME-80 - A VARIANT ASSOCIATED WITH ABNORMAL VISUAL PROCESSING AND A NEW ANTINEURONAL ANTIBODY,"DARNELL, RB; RUBIN, M; VICTOR, J; PLUM, F",conference_abstract,single_case_conference_abstract,manual_review,data\extraction_json\text\12726.json,data\extraction_json\text_trimmed\12726.json,data\extraction_json\text_trimmed\12726.json,trimmed_text,true,trimmed_auto,Proceedings detected and candidate abstract passed identity and completeness guardrails.,partial_truncated,true,1,0.7166,0.5000,0.6625,0,787,false,false,true,trim_record_indices,false,,next_soft_header,0,"Stiff-Man Syndrome-80: A Variant Associated with Abnormal Visual Processing and a New Antineuronal Antibody Robert B. Darnell, Michael Ruhin, Jonathan Victor, and Fred Phm, New York, NY Stiff-man syndrome (SMS) is associated with the production of an autoantibody specific for a 60-kd species of glutamic acid decarboxylase (GAD) (Solimena et al, N Engl J Med 1988;318:1012). We studied a 37-year-old man with a diag- nosis of SMS based on symptoms of progressive stiffness, chiefly in the lower extr",Trim does not start at a detected proceedings header.,2026-04-06T13:54:48.680694+00:00
12758,12758,Defining the Expanding Clinical Spectrum of Pediatric Onset Stiff-Person Syndrome (p-SPS) and Differentiating this from Mimics,"Yeshokumar, AK; Sun, LR; Newsome, SD",conference_abstract,group_conference_abstract,heuristic,data\extraction_json\text\12758.json,data\extraction_json\text_trimmed\12758.json,data\extraction_json\text_trimmed\12758.json,trimmed_text,true,trimmed_auto,Proceedings detected and candidate abstract passed identity and completeness guardrails.,confirmed_full,false,71,0.6917,1.0000,0.7687,4,1679,false,false,true,trim_record_indices,true,coded_boundary,next_abstract_boundary,0,"109. Defining the Expanding Clinical Spectrum of Pediatric Onset Stiff-Person Syndrome (p-SPS) and Differentiating this from Mimics Yeshokumar AK (Baltimore, MD), Sun LR, Newsome SD Objective: SPS is a rare neuroimmunologic disorder classically characterized by rigidity and spasms of axial and lower extremity muscles. In addition to this classic presentation, there are often atypical signs and symptoms present. Conversely, hereditary spas- tic paraplegia (HSP) describes a group of inherited dise",Trimmed proceedings text matches and appears complete.,2026-04-06T13:54:49.959305+00:00
12780,12780,Neuropsychological Evaluation and Cognitive Profile of Stiff Person Syndrome (SPS) in a Predominantly Spanish-Speaking Older Adult: Is Cognition Really Affected?,"Saldana, DG; Suarez, P",conference_abstract,single_case_conference_abstract,manual_review,data\extraction_json\text\12780.json,,data\extraction_json\text\12780.json,full_text,false,not_needed,Document does not look like a large proceedings/program PDF.,untrimmed_localised,true,0,0.6910,1.0000,0.7683,3,2197,false,false,false,,false,,,0,"© The Author(s) 2023. Published by Oxford University Press. All rights reserved. For permissions, please e-mail: journals.permissions@oup.com. https://doi.org/10.1093/arclin/acad067.356 Archives of Clinical Neuropsychology 38 (2023) 1522 Abstracts Hispanic Neuropsychological Society Posters Thursday, October 26, 6:00pm - 7:00pm NEUROLOGICAL AND NEUROPSYCHIA TRIC DISORDERS H-3 8 Neuropsychological Evaluation and Cognitive Profile of Stiff Person Syndrome (SPS) in a Predominantly Spanish-Speaking ",Target appears localised in full proceedings text; trimming/manual review is still required.,2026-04-06T13:54:49.962868+00:00
12807,12807,Stiff Person Syndrome in a Patient with Atypical Carcinoid Tumor of the Lung Secondary to Antiamphiphysin Antibodies: A Case Report and Literature Review,"Abusamra, K; Thandampallayam, M; Sudhakar, P; Lukins, D",conference_abstract,single_case_conference_abstract,heuristic,data\extraction_json\text\12807.json,data\extraction_json\text_trimmed\12807.json,data\extraction_json\text_trimmed\12807.json,trimmed_text,true,header_only_source,Matched entry appears to contain header-only listing without abstract body.,header_only_source,true,28,0.8918,1.0000,0.9189,0,47,true,false,true,trim_record_indices,true,coded_boundary,next_abstract_boundary,0,"M207. Stiff Person Syndrome in a Patient with Atypical Carcinoid Tumor of the Lung Secondary to Antiamphiphysin Antibodies: A Case Report and Literature Review Khawla Abusamra, MD , Mangayarkarasi Thandampallayam, MD, Padmaja Sudhakar, MD, Douglas Lukins, MD. University of Kentucky, Lexington, KY, USA.",Matched source appears to be a title/author listing without abstract body text.,2026-04-06T13:54:53.018807+00:00
12849,12849,Stiff-Person Syndrome (SPS) with Very High GAD-Titers Triggered by COVID-19-Booster in 2 Neurologically Asymptomatic GAD-Positive Patients with Diabetes Mellitus Type 1 (DM1),"Giler, G; Dalakas, MC",conference_abstract,single_case_conference_abstract,heuristic,data\extraction_json\text\12849.json,data\extraction_json\text_trimmed\12849.json,data\extraction_json\text_trimmed\12849.json,trimmed_text,true,trimmed_auto,Proceedings detected and candidate abstract passed identity and completeness guardrails.,confirmed_full,false,60,0.7643,1.0000,0.8232,0,615,false,false,true,trim_record_indices,true,coded_boundary,next_abstract_boundary,0,"M139. Stiff-Person Syndrome (SPS) with Very High GAD-Titers Triggered by COVID-19-Booster in 2 Neurologically Asymptomatic GAD-Positive Patients with Diabetes Mellitus Type 1 (DM1) Gema Giler, MD , Marinos C. Dalakas, MD. Thomas Jefferson University, Philadelphia, PA, USA. SPS is an autoimmune disease characterized by stiffness in agonist and antagonist muscles, hyperexcitability, muscle spasms and very high GAD antibody titers directed against linear GAD epitopes (Dalakas 2001). Patients with D",Trimmed proceedings text matches and appears complete.,2026-04-06T13:54:56.865948+00:00
13233,13233,Progressive encephalomyelitis with rigidity and myoclonus in a Mexican patient,"Garcia-Bermudez, R; Leon-Castillo, D; Bertado-Cortes, B",conference_abstract,single_case_conference_abstract,manual_review,data\extraction_json\text\13233.json,,data\extraction_json\text\13233.json,full_text,true,manual_review_required,Matched entry appears truncated or lacks sufficient abstract body content.,untrimmed_localised,true,150,0.6509,1.0000,0.7381,6639,3622969,false,false,false,,false,,,0,"Other: Stiff person syndrome 344 Stiff Person Syndrome Presenting with Dystonia F. Gao (Honolulu, HI, USA) Objective: To describe a case report of a patient with stiff person syn- drome presenting with dystonia. Background: Stiff person syndrome (SPS) is a rare autoimmune disor- der of the central nervous system characterized by progressive muscle stiffness and spasticity involving predominantly axial muscles, leading to gait impairment. While the exact mechanism is unknown, it is associated wit",Target appears localised in full proceedings text; trimming/manual review is still required.,2026-04-06T13:55:00.174716+00:00
13311,13311,Progressive encephalomyelitis with rigidity and myoclonus with glycine receptor and GAD65 autoantibodies-Clinico-pathological correlates and potential pathomechanisms of a rare disease,"Winklehner, M; Wickel, J; Gelpi, E; Brämer, D; Rauschenberger, V; Günther, A; Bauer, J; Ricken, G; Villmann, C; Höftberger, R; Geis, C",conference_abstract,single_case_conference_abstract,manual_review,data\extraction_json\text\13311.json,,data\extraction_json\text\13311.json,full_text,false,not_needed,Document does not look like a large proceedings/program PDF.,mismatch,true,0,0.5080,0.7500,0.5685,2,1163,false,false,false,,false,,,0,"SOT-NL-A230. | Progressive encephalomyelitis with potential pathomechanisms of a rare disease M. Winklehner'*, J. Wickel’, E. Gelpi’, D_ Brimer’, V. Rauschenberger*, A. Giinther’, J. Bauer®, G. Ricken”, C. Villmann*, R. Hoftberger’, C. Geis* ‘Kepler University Hospital, Department of Neurology, Linz, Austria; * Medical University of Vienna, Division of Neuropathology and Neurochemistry, Department of Neurology, Vienna, Austria; “Jena University Hospital, Section of Translational Neuroimmunology,",Title/author alignment is too weak for a reliable proceedings match.,2026-04-06T13:55:00.180298+00:00
1332,1332,Stiff face syndrome associated with glycine receptor antibodies,Gadian J.; Lascelles K.; Lim M.,conference_abstract,single_case_conference_abstract,heuristic,data\extraction_json\text\1332.json,data\extraction_json\text_trimmed\1332.json,data\extraction_json\text_trimmed\1332.json,trimmed_text,true,trimmed_auto,Proceedings detected and candidate abstract passed identity and completeness guardrails.,confirmed_full,false,6,0.6760,1.0000,0.7570,3,1433,false,false,true,trim_record_indices,true,soft_header::author+institution+section+wrapped_title,next_soft_header,0,"Stiff face syndrome associated with glycine receptor antibodies J GADIAN, K LASCELLES, M LIM Children’s Neurosciences Centre, St Thomas’ Hospital, London, UK Objective: We present the case and videos of a boy with severe stimulus sensitive spasms primarily affecting the face, and associated with glycine receptor antibodies (GlyR-Ab) tested at the Nufﬁeld neuroimmunology laboratory, Oxford using immunoﬂuorescence cell-based assay. Case report: A 4 year old boy presented with facial asymmetry, con",Trimmed proceedings text matches and appears complete.,2026-04-06T13:55:00.387772+00:00
1333,1333,Glycine antibody mediated progressive encephalomyelitis with rigidity and myoclonus (PERM): A paediatric presentation,Kariyawasam D.S.T.; Hildebrand D.; Jayawant S.; Palace J.; Leite M.I.; Ramdas S.,conference_abstract,single_case_conference_abstract,manual_review,data\extraction_json\text\1333.json,data\extraction_json\text_trimmed\1333.json,data\extraction_json\text_trimmed\1333.json,trimmed_text,true,trimmed_auto,Proceedings detected and candidate abstract passed identity and completeness guardrails.,partial_truncated,true,40,0.7775,0.6667,0.7498,1,248,false,false,true,trim_record_indices,false,,next_soft_header,0,"Glycine antibody mediated progressive encephalomyelitis with rigidity and myoclonus (PERM): a paediatric presentation DST KARIYAWASAM 1, D HILDEBRAND 2, S JAYAWANT 1,JP A L A C E3,M IL E I T E4, S RAMDAS 1 1Paediatric Neurology, John Radcliffe Hospital, Oxford, UK; 2Ophthalmology, John Radcliffe Hospital, Oxford, UK; 3Adult Neurology, John Radcliffe Hospital, Oxford; 4Clinical Neurosciences, Nufﬁeld Department of Neurosciences and John Radcliffe Hospital, Oxford, UK Objectives: We present a uniq",Trim does not start at a detected proceedings header.,2026-04-06T13:55:01.816435+00:00
1339,1339,Anti-GAD65 antibody testing at a tertiary care center,Vodopivec I.; Loomis A.; Baron J.; Cho T.; Bhattacharyya S.,conference_abstract,group_conference_abstract,heuristic,data\extraction_json\text\1339.json,,data\extraction_json\text\1339.json,full_text,false,not_needed,Document does not look like a large proceedings/program PDF.,untrimmed_localised,true,0,0.6649,1.0000,0.7487,4,2204,false,false,false,,false,,,0,"Anti-GAD65 Antibody Testing at a Tertiary Care Center (P1.407) Ivana Vodopivec, Alexandra Loomis, Jason Baron, Tracey Cho, Shamik Bhattacharyya First published April 17, 2017,  Info & Disclosures Abstract Objective: To characterize the utility and yield of glutamic acid decarboxylase antibodies (anti- GAD65) testing and to analyze the associated diagnoses, management, and prognosis in seropositive patients. Background: Anti-GAD65 antibodies are associated with a spectrum of neurological syndrom",Target appears localised in full proceedings text; trimming/manual review is still required.,2026-04-06T13:55:01.820257+00:00
1343,1343,Case control analysis of glycine receptor autoimmunity,Lopez-Chiriboga A.S.; Hinson S.; Bower J.; Matsumoto J.; Hassan A.; Basal E.; Lennon V.; Pittock S.; McKeon A.,conference_abstract,group_conference_abstract,heuristic,data\extraction_json\text\1343.json,,data\extraction_json\text\1343.json,full_text,false,not_needed,Document does not look like a large proceedings/program PDF.,untrimmed_localised,true,0,0.6620,1.0000,0.7465,5,3053,false,false,false,,false,,,0,"Case Control Analysis of Glycine Receptor Autoimmunity (P5.125) Alfonso Sebastian Lopez-Chiriboga, Shannon Hinson, James Bower, Joseph Matsumoto, Anhar Hassan, Eati Basal, Vanda Lennon, Sean Pittock, Andrew McKeon First published April 17, 2017, Abstract Objective: To report our experience with an in-house developed cell-based assay for IgG antibody targeting the alpha-1 subunit of glycine receptor (GlyRα1) among patients and control subjects. Background: GlyRα1antibody is a biomarker of spinal ",Target appears localised in full proceedings text; trimming/manual review is still required.,2026-04-06T13:55:01.824380+00:00
13799,13799,A Familial Analysis of Stiff-Person Spectrum Disorder utilizing the Utah Population Database,"Abbatemarco, J; Crane, P; Galli, J; Rodenbeck, S; Yu, Z; Date, A; West, J; Fraser, A; Madsen, M; Wong, KH; Greenlee, J; Clardy, S",conference_abstract,group_conference_abstract,heuristic,data\extraction_json\text\13799.json,data\extraction_json\text_trimmed\13799.json,data\extraction_json\text_trimmed\13799.json,trimmed_text,true,header_only_source,Matched entry appears to contain header-only listing without abstract body.,partial_truncated,true,0,0.8177,1.0000,0.8633,0,0,true,false,true,trim_record_indices,false,,next_soft_header,0,"A Familial Analysis of Stiff-Person Spectrum Disorder utilizing the Utah Population Database (S40.003) Justin Abbatemarco, Paul Crane, Jonathan Galli, Stefanie Rodenbeck, Zhe Yu, Ankita Date, Jennifer West, Alison Fraser, Myke Madsen, Ka-Ho Wong, John Greenlee, and Stacey Clardy AUTHORS INFO & AFFILIATIONS ",Trim does not start at a detected proceedings header.,2026-04-06T13:55:01.844588+00:00
1381,1381,Determination of antibodies to GAD67 and other antigens in patients with GAD65 antibody-associated syndromes,Gresa-Arribas N.; Arino H.; Sabater L.; Caballero E.; Alba M.; Martinez-Hernandez E.; Petit M.; Saiz A.; Dalmau J.; Graus F.,conference_abstract,group_conference_abstract,heuristic,data\extraction_json\text\1381.json,,data\extraction_json\text\1381.json,full_text,false,not_needed,Document does not look like a large proceedings/program PDF.,untrimmed_localised,true,0,0.6731,1.0000,0.7549,1,2920,false,false,false,,false,,,0,"Determination of Antibodies to GAD67 and Other Antigens in Patients with GAD65 Antibody-Associated Syndromes (P5.033) Núria Gresa-Arribas, Helena Ariño, Lidia Sabater, Eva Caballero, Mercè Alba, Eugenia Martínez-Hernandez, Mar Petit, Albert Saiz, Josep Dalmau, Francesc Graus First published April 9, 2014,  Info & Disclosures Abstract Objectives: To determine the repertoire of antibodies in a large cohort of patients with GAD65 antibody-associated syndromes. Background: High titer antibodies aga",Target appears localised in full proceedings text; trimming/manual review is still required.,2026-04-06T13:55:01.848769+00:00
1388,1388,A retrospective analysis of patient-reported outcomes for 34 patients with stiff person syndrome receiving home IVIg infusions,Ladha S.; Ayer G.; Souayah N.,conference_abstract,group_conference_abstract,heuristic,data\extraction_json\text\1388.json,,data\extraction_json\text\1388.json,full_text,false,not_needed,Document does not look like a large proceedings/program PDF.,untrimmed_localised,true,0,0.6825,1.0000,0.7618,1,2424,false,false,false,,false,,,0,"A Retrospective Analysis Of Patient- Reported Outcomes For 34 Patients With Stiff Person Syndrome Receiving Home IVIG Infusions. (P7.113) Shafeeq Ladha, Gretchen Ayer, Nizar Souayah First published April 9, 2014, Abstract OBJECTIVE: To assess the overall efficacy of home infused intravenous immunoglobulin (IVIG) in Stiff Person Syndrome (SPS) using patient-reported outcomes. BACKGROUND: There is widespread use of IVIG for the treatment of SPS. However there is a dearth of information regarding t",Target appears localised in full proceedings text; trimming/manual review is still required.,2026-04-06T13:55:01.852668+00:00
1391,1391,Progressive encephalomyelitis with rigidity and myoclonus: A new variant with DPPX antibodies,Balint B.; Jarius S.; Nagel S.; Haberkorn U.; Probst C.; BlOcker I.M.; Bahtz R.; Komorowski L.; StOcker W.; Kastrup A.; Kuthe M.; Meinck H.-M.,conference_abstract,case_series_conference_abstract,heuristic,data\extraction_json\text\1391.json,data\extraction_json\text_trimmed\1391.json,data\extraction_json\text_trimmed\1391.json,trimmed_text,true,trimmed_auto,Proceedings detected and candidate abstract passed identity and completeness guardrails.,confirmed_full,false,1,0.6554,0.8750,0.7103,4,3600,false,false,true,exact_footer_filtered_subsequence,true,soft_header::author+uppercase_title,next_soft_header,0,"Bettina Balint, MD Sven Jarius, MD Simon Nagel, MD Uwe Haberkorn, MD Christian Probst, PhD Inga Madeleine Blöcker, PhD Ramona Bahtz, PhD Lars Komorowski, PhD Winfried Stöcker, MD Andreas Kastrup, MD Martin Kuthe, MD Hans-Michael Meinck, MD Correspondence to Dr. Balint: Bettina.Balint@med.uni- heidelberg.de at Neurology.org Progressive encephalomyelitis with rigidity and myoclonus A new variant with DPPX antibodies ABSTRACT Objective: To describe a novel and distinct variant of progressive enceph",Trimmed proceedings text matches and appears complete.,2026-04-06T13:55:01.983005+00:00
1393,1393,Stiff limb syndrome: A case report,Farhat E.; Zouari M.; Beyrouti R.; Sassi S.B.; Hentati F.,conference_abstract,single_case_conference_abstract,manual_review,data\extraction_json\text\1393.json,,data\extraction_json\text\1393.json,full_text,true,manual_review_required,Matched entry appears truncated or lacks sufficient abstract body content.,untrimmed_localised,true,134,0.6500,1.0000,0.7375,1874,1147296,false,false,false,,false,,,0,"522 Paper Poster Sessions © 2014 EFNS European Journal of Neurology 21 (Suppl. 1), 388–713 PP2171 Stiff limb syndrome: a case report E. Farhat, M. Zouari, R. Beyrouti, S. Ben Sassi, F. Hentati Neurology, National Institute Mongi Ben Hamida of Neurology of Tunis, Tunis, Tunisia Introduction: Stiff-person syndrome (SPS) is a rare disorder characterized by rigidity of the truncal muscles, painful spasms, and an exquisite sensitivity to external stimuli. Stiff-limb syndrome (SLS) is a rare variant o",Target appears localised in full proceedings text; trimming/manual review is still required.,2026-04-06T13:55:03.075645+00:00
1394,1394,Inpatient physiotherapy management for stiff person syndrome,Kahraman T.; Balci B.; Sengun I.S.,conference_abstract,single_case_conference_abstract,heuristic,data\extraction_json\text\1394.json,data\extraction_json\text_trimmed\1394.json,data\extraction_json\text_trimmed\1394.json,trimmed_text,true,header_only_source,Matched entry appears to contain header-only listing without abstract body.,partial_truncated,true,0,0.9045,0.6667,0.8451,0,0,true,false,true,trim_record_indices,false,,next_abstract_boundary,0,"Inpatient Physiotherapy Management for Stiff-Person Syndrome: A Case Report Turhan Kahraman, 1,* Birgul Balci,",Trim does not start at a detected proceedings header.,2026-04-06T13:55:03.136785+00:00
1395,1395,An atypical Stiff-Person Syndrome associated with type 3 autoimmune polyglandular syndrome,Viana P.; Abreu L.; Fonseca V.R.; Cortes M.; Neutel D.; Pita Lobo P.; Albuquerque L.,conference_abstract,single_case_conference_abstract,manual_review,data\extraction_json\text\1395.json,data\extraction_json\text_trimmed\1395.json,data\extraction_json\text_trimmed\1395.json,trimmed_text,true,trimmed_auto,Proceedings detected and candidate abstract passed identity and completeness guardrails.,confirmed_full,false,433,0.6788,1.0000,0.7591,4,1869,false,false,true,trim_record_indices,true,coded_boundary,next_abstract_boundary,0,"PP4124 An atypical Stiff-Person syndrome associated with type 3 autoimmune polyglandular syndrome P. Viana1, L. Abreu 1, V.R. Fonseca 2, M. Cortes 2, D. Neutel1, P. Pita Lobo 1, L. Albuquerque 1 1Neurology; 2Internal Medicine, Hospital de Santa Maria, University of Lisbon, Lisboa, Portugal Introduction: Stiff-Person Syndrome (SPS) is strongly associated with other autoimmune diseases. Autoimmune Polyglandular Syndrome (APS) is characterized by the coexistence of at least two glandular autoimmune",Trimmed proceedings text matches and appears complete.,2026-04-06T13:55:10.463464+00:00
1397,1397,Reducing excess stiffness in stiff-person syndrome using CBT: A case study,Morris L.L.; Dysch L.; Salkovskis P.M.,conference_abstract,single_case_conference_abstract,manual_review,data\extraction_json\text\1397.json,data\extraction_json\text_trimmed\1397.json,data\extraction_json\text_trimmed\1397.json,trimmed_text,true,trimmed_auto,Proceedings detected and candidate abstract passed identity and completeness guardrails.,confirmed_full,false,22,0.7109,1.0000,0.7832,6,1362,false,false,true,trim_record_indices,true,coded_boundary,next_abstract_boundary,0,"65 Reducing excess stiffness in stiff-person syndrome using CBT: A case study L.L. Morris, L. Dysch, P.M. Salkovskis (Bath, United Kingdom) Objective: This case study describes the treatment of Mr A, a patient with Stiff Person Syndrome (SPS) whose lower limb stiffen- ing was aggravated severely in public situations by social anxiety. Background: SPS is a rare neurological condition, characterised by rigidity in the trunk and limbs. Comorbid anxiety is common in this condition, and is known to e",Trimmed proceedings text matches and appears complete.,2026-04-06T13:55:18.738641+00:00
1398,1398,A neurological syndrome in a patient with anti glutamic acid decarboxylase (GAD) antibodies,Rachana G.; Tarannum K.,conference_abstract,single_case_conference_abstract,manual_review,data\extraction_json\text\1398.json,,data\extraction_json\text\1398.json,full_text,true,manual_review_required,Matched entry appears truncated or lacks sufficient abstract body content.,untrimmed_localised,true,124,0.6503,1.0000,0.7377,7876,3620771,false,false,false,,false,,,0,"Background: Pure akinesia and PPFOG are thought to be similar (but not identical) and rare phenotypes with most reports coming from movement disorders centers. Particularly PPFOG was thought to be a speciﬁc disease on its own right. However, longer clinical follow-ups and autopsy reports connect PPFOG with underlying neu- rodegenerative diseases, more commonly progressive supranuclear palsy (PSP). Methods: We describe two patients with the PPFOG phenotype that we observed from 2011 to 2013 and c",Target appears localised in full proceedings text; trimming/manual review is still required.,2026-04-06T13:55:21.929299+00:00
1401,1401,Pseudohemidystonia associated with anti-GAD antibodies,Kenda J.; Kojovic M.; Trost M.; Zupancic N.; Pirtosek Z.; Gregoric Kramberger M.,conference_abstract,single_case_conference_abstract,heuristic,data\extraction_json\text\1401.json,data\extraction_json\text_trimmed\1401.json,data\extraction_json\text_trimmed\1401.json,trimmed_text,true,trimmed_auto,Proceedings detected and candidate abstract passed identity and completeness guardrails.,mismatch,true,0,0.5608,0.5000,0.5456,1,422,false,false,true,exact_footer_filtered_subsequence,false,,next_soft_header,0,"CASE REPORT (Pseudo)hemidystonia associated with anti-glutamic acid decarboxylase antibodies – a case report J. Kenda a, M. Kojovic´a, F. Graus b and M. Gregori/C20c Kramberger a aDepartment of Neurology, University Medical, Center Ljubljana, Ljubljana, Slovenia and bDepartment de Neurologia, Hospital Clı´nic, Barcelona, Spain Correspondence: M. Gregori/C20c Kramberger, Department of Neurology, University Medical Center Ljubljana, Zalo/C20ska 2, 1000 Ljubljana, Slovenia (tel.: +38615222311; fax:",Title/author alignment is too weak for a reliable proceedings match.,2026-04-06T13:55:21.969260+00:00
1407,1407,Increased cortical excitability in patients with stiff person syndrome assessed by paired-pulse transcranial magnetic stimulation. A case study of two patients,Wilenius J.; Vaalto S.; Toppila J.; Partanen J.,conference_abstract,single_case_conference_abstract,heuristic,data\extraction_json\text\1407.json,data\extraction_json\text_trimmed\1407.json,data\extraction_json\text_trimmed\1407.json,trimmed_text,true,trimmed_auto,Proceedings detected and candidate abstract passed identity and completeness guardrails.,confirmed_full,false,0,0.7048,1.0000,0.7786,3,1626,false,false,true,trim_record_indices,true,coded_boundary,next_abstract_boundary,0,"P1022 Increased cortical excitability in patients with stiff person syndrome assessed by paired-pulse transcranial magnetic stimulation. A case study of two patients J. Wilenius, S. Vaalto, J. Toppila, J. Partanen Hospital District of Helsinki and Uusimaa, Department of Clinical Neurophysiology, Helsinki, Finland Question: Stiff person syndrome (SPS) is a rare neurological condition char- acterized by stiffness and spasms of the axial and limb muscles. Cortical and spinal hyperexcitabilities are",Trimmed proceedings text matches and appears complete.,2026-04-06T13:55:21.989353+00:00
1416,1416,Immunomodulatory therapy in stiff-person syndrome (SPS): A controlled Rituximab-randomised study,Amarandei M.,conference_abstract,interventional_conference_abstract,manual_review,data\extraction_json\text\1416.json,data\extraction_json\text_trimmed\1416.json,data\extraction_json\text_trimmed\1416.json,trimmed_text,true,trimmed_auto,Proceedings detected and candidate abstract passed identity and completeness guardrails.,confirmed_full,false,505,0.7088,1.0000,0.7816,3,778,false,false,true,trim_record_indices,true,coded_boundary,next_soft_header,0,"1292 Immunomodulatory therapy in stiff-person syndrome (SPS): a controlled Rituximab-randomised study M. Amarandei (Bucharest, Romania) Objective: The efﬁcacy of the anti-CD20 antibody, Rituximab, in the treatment of patients with stiff-person syndrome. Background: SPS is a rare autoimmune progressive disorder of the central nervous system(CNS). Symptoms are stifness and painful exten- sor spasms. Stiffness affects the thoracolumbar paraspinal muscles, arms and legs, it has insidious onset; it a",Trimmed proceedings text matches and appears complete.,2026-04-06T13:55:29.949118+00:00
1418,1418,Stiff-limb syndrome with cerebellar features and atypical EMG findings responds to IVIG,Rametta S.; Robinson G.; Hellmers N.; Jacoby N.; Sarva H.,conference_abstract,single_case_conference_abstract,manual_review,data\extraction_json\text\1418.json,,data\extraction_json\text\1418.json,full_text,true,manual_review_required,Matched entry appears truncated or lacks sufficient abstract body content.,untrimmed_localised,true,515,0.6500,1.0000,0.7375,7868,3689296,false,false,false,,false,,,0,"Background: Wilson disease is an AR disorder caused by mutation in the ATP7B gene. Neurological manifestations are largely extrapyrami- dal. DVAs and Wilson’s disease are both considered rare disorders with varying degrees of neurologic and systemic manifestations; yet the coex- istence of the two disorders is considered extremely rare. Methods: Case report. Results: I.H male patient 18ys old 1ve consanguinity, family history of hepatic diseases and unexplained deaths. The condition started 5 ye",Target appears localised in full proceedings text; trimming/manual review is still required.,2026-04-06T13:55:33.292364+00:00
1421,1421,Response to IVIG leads to diagnosis of stiff person syndrome in a patient with limbic encephalitis and GAD65 autoantibodies (AB) without diabetes,Khan M.S.; Hao J.B.; Chaudhry F.; Tiwari A.; Sharma H.; Jaume J.C.,conference_abstract,single_case_conference_abstract,manual_review,data\extraction_json\text\1421.json,,data\extraction_json\text\1421.json,full_text,false,not_needed,Document does not look like a large proceedings/program PDF.,mismatch,true,186,0.5219,0.5000,0.5165,3,2738,false,false,false,,false,,,0,"Mohammad Saud Khan, University of Toledo Medical Center, Toledo, OH z Jennifer B Hao, University of Toledo, College of Medicine and Life Sciences, Toledo, OH a Foiqa Chaudhry, University of Toledo Medical Center, Sylvania, OH 8 Abhinav Tiwari, University of Toledo Medical Center, Toledo 8 Himani Sharma, University of Toledo Medical Center, Toledo 2 Juan Carlos Jaume, University of Toledo, College of Medicine and Life Sciences, Toledo, OH s 3 Introduction: Stiff-person syndrome (SPS) is a rare ne",Title/author alignment is too weak for a reliable proceedings match.,2026-04-06T13:55:33.299518+00:00
1422,1422,Intrathecal baclofen therapy for GAD(+) stiff-person syndrome: A case series of 4 patients,Ungar L.; Taira T.; Zibly Z.,conference_abstract,case_series_conference_abstract,manual_review,data\extraction_json\text\1422.json,data\extraction_json\text_trimmed\1422.json,data\extraction_json\text_trimmed\1422.json,trimmed_text,true,header_only_source,Matched entry appears to contain header-only listing without abstract body.,header_only_source,true,301,0.9152,1.0000,0.9364,0,0,true,false,true,trim_record_indices,true,coded_boundary,next_abstract_boundary,1,"P128: Intrathecal baclofen therapy for GAD(+) Stiff-Person Syndrome: A Case Series of 4 patients Authors: Lior Ungar (1), Takaomi Taira (2), Zion Zibly (1)",Matched source appears to be a title/author listing without abstract body text.,2026-04-06T13:55:35.618835+00:00
1426,1426,Respiratory manifestations of stiff person syndrome (SPS),Woodford M.R.; Pack K.; Allen A.; Rakocevic G.; Sexauer W.P.,conference_abstract,group_conference_abstract,heuristic,data\extraction_json\text\1426.json,,data\extraction_json\text\1426.json,full_text,false,not_needed,Document does not look like a large proceedings/program PDF.,untrimmed_localised,true,0,0.6500,1.0000,0.7375,0,2840,false,false,false,,false,,,0,"/ Thematic Poster Session / Tuesday, May 23/9:15 AM-4:15 PM / Area G, Hall B-C (Middle Building, Lower Level) Walter E. Washington ConventionC40 DYSPNEA: CLINICAL STUDIES Center Respiratory Manifestations Of Stiff Person Syndrome (sps) , K. Pack , A. Allen , G. Rakocevic , W. P. SexauerM. R. Woodford1 1 1 1 1 Thomas Jefferson University, Philadelphia, PA1 Corresponding author's email: matthew.woodford@jefferson.edu Stiff-person Syndrome (SPS) is a rare autoimmune central nervous system disorder ",Target appears localised in full proceedings text; trimming/manual review is still required.,2026-04-06T13:55:35.623759+00:00
1433,1433,Early empirical treatment of antibody-negative autoimmune/paraneoplastic encephalitis with immunosuppression,Dai P.; Lin M.-W.; Mahant N.; Gao B.; Brown D.,conference_abstract,single_case_conference_abstract,heuristic,data\extraction_json\text\1433.json,data\extraction_json\text_trimmed\1433.json,data\extraction_json\text_trimmed\1433.json,trimmed_text,true,trimmed_auto,Proceedings detected and candidate abstract passed identity and completeness guardrails.,partial_truncated,true,0,0.6828,1.0000,0.7621,1,1991,false,false,true,trim_record_indices,false,,next_soft_header,0,"CGR 7 EARLY EMPIRICAL TREATMENT OF ANTIBODY-NEGATIVE AUTOIMMUNE/PARANEOPLASTIC ENCEPHALITIS WITH IMMUNOSUPPRESSION P Dai,1 M-W Lin,1 N Mahant,2 B Gao3 and D Brown 1 1Department of Immunology, Westmead Hospital, Westmead, Australia 2Department of Neurology, Westmead Hospital, Westmead, Australia 3Department of Medical Oncology, Westmead Hospital, Westmead, Australia We report two cases of antibody-negative paraneoplastic/autoimmune encephalitis who were treated empirically with immunosuppression ",Trim does not start at a detected proceedings header.,2026-04-06T13:55:35.654030+00:00
1437,1437,Acute lower limb spasticity: Stiff person syndrome responsive to immunomodulatory therapy in an adolescent female,Ogilvie R.; Kolski H.,conference_abstract,single_case_conference_abstract,heuristic,data\extraction_json\text\1437.json,data\extraction_json\text_trimmed\1437.json,data\extraction_json\text_trimmed\1437.json,trimmed_text,true,trimmed_auto,Proceedings detected and candidate abstract passed identity and completeness guardrails.,confirmed_full,false,0,0.7107,1.0000,0.7830,2,839,false,false,true,exact_footer_filtered_subsequence,true,soft_header::author+wrapped_title+uppercase_title,next_soft_header,0,THE CANADIAN JOURNAL OF NEUROLOGICAL SCIENCES Suppl. 2 – S20 phase. Conclusions: Focal thickening and enhancement of affected cranial nerve is seen in the majority of pediatric ROCN. These find- ings are best seen with thin MRI cuts and gadolinium infusion. P.026 Acute lower limb spasticity: Stiff person syndrome responsive to immunomodulatory therapy in an adolescent female R Ogilvie (Edmonton)* H Kolski (Edmonton) doi: 10.1017/cjn.2017.111 Background: Stiff person syndrome (SPS) is a rare diso,Trimmed proceedings text matches and appears complete.,2026-04-06T13:55:35.748771+00:00
1439,1439,Unrecognized respiratory manifestations of stiff person syndrome (SPS),Rakocevic G.; Woodford M.; Pack K.; Allen A.; Sexaur W.,conference_abstract,group_conference_abstract,heuristic,data\extraction_json\text\1439.json,data\extraction_json\text_trimmed\1439.json,data\extraction_json\text_trimmed\1439.json,trimmed_text,true,header_only_source,Matched entry appears to contain header-only listing without abstract body.,header_only_source,true,22,0.8517,1.0000,0.8888,0,0,true,false,true,trim_record_indices,true,coded_boundary,next_abstract_boundary,0,"M300. Unrecognized Respiratory Manifestations of Stiff Person Syndrome (SPS) Goran Rakocevic , Matthew Woodford, Katrina Pack, Anthony Allen and William Sexaur. Philadelphia, PA",Matched source appears to be a title/author listing without abstract body text.,2026-04-06T13:55:38.975561+00:00
1441,1441,Spectrum of stiff person syndrome expands with presence of retinal pathology,Shoemaker T.; Rothman A.; Prince J.; Saidha S.; Calabresi P.A.; Newsome S.D.,conference_abstract,group_conference_abstract,manual_review,data\extraction_json\text\1441.json,data\extraction_json\text_trimmed\1441.json,data\extraction_json\text_trimmed\1441.json,trimmed_text,true,header_only_source,Matched entry appears to contain header-only listing without abstract body.,header_only_source,true,192,0.9083,0.8333,0.8895,0,0,true,false,true,trim_record_indices,true,coded_boundary,next_soft_header,0,"P601 Spectrum of stiff person syndrome expands with presence of retinal pathology T. Shoemaker 1, A. Rothman1, J. Prince2, S. Saidha1, P.A.",Matched source appears to be a title/author listing without abstract body text.,2026-04-06T13:55:42.497656+00:00
1446,1446,Neurologic disorders associated with anti-glutamic acid decarboxylase antibodies: Comparison of anti-GAD antibodies titer and time-dependent changes between neurologic disease and type I diabetes mellitus,Tani H.; Hideto N.; Kiichi U.; Toshifumi H.; Shimon I.; Fumiharu K.; Shigeki A.,conference_abstract,case_series_conference_abstract,heuristic,data\extraction_json\text\1446.json,data\extraction_json\text_trimmed\1446.json,data\extraction_json\text_trimmed\1446.json,trimmed_text,true,trimmed_auto,Proceedings detected and candidate abstract passed identity and completeness guardrails.,confirmed_full,false,0,0.8587,1.0000,0.8940,1,275,false,false,true,trim_record_indices,true,coded_boundary,next_soft_header,0,"2523 WCN17-1798 SHIFT 7 - AUTOIMMUNE DISORDERS Neurologic disorders associated with anti-glutamic acid decarboxylase antibodies: Comparison of anti-GAD antibodies titer and time-dependent changes between neurologic disease and type I diabetes mellitus H. Tani, N. Hideto, U. Kiichi, H. Toshifumi, I. Shimon, K. Fumiharu, A. Shigeki. Osaka Medical College, Division of Neurology- Department of Internal Medicine IV, Takatsuki-City, Japan Background: Anti-Glutamic acid decarboxylase (GAD) antibodies a",Trimmed proceedings text matches and appears complete.,2026-04-06T13:55:42.534028+00:00
1447,1447,"Hypokinesia, brainstem involvement, rigidity and exaggerated startle in a child with glycine receptors antibodies",Amin S.; Hameed B.; Babiker M.O.E.,conference_abstract,single_case_conference_abstract,manual_review,data\extraction_json\text\1447.json,data\extraction_json\text_trimmed\1447.json,data\extraction_json\text_trimmed\1447.json,trimmed_text,true,trimmed_auto,Proceedings detected and candidate abstract passed identity and completeness guardrails.,confirmed_full,false,16,0.6869,0.3333,0.5985,0,1833,false,false,true,trim_record_indices,true,coded_boundary,next_abstract_boundary,0,"042 3rd January 2018 Hypokinesia, Brainstem Involvement, Rigidity and Exaggerated Startle in a Child with Glycine Receptors Antibodies SA M I N1, B HAMEED 1,MO . EB A B I K E R1 1University Hospitals Bristol We report a video presentation of a previously well 7-year-old boy who presented with worsening dysphagia, ptosis, rigidity, myoclonic jerks, high blood pressure and urinary retention. There was no evidence of encephalopathy. He had generalized muscle rigidity and stiffness but had normal cr",Trimmed proceedings text matches and appears complete.,2026-04-06T13:55:43.815287+00:00
1452,1452,A stiff diagnosis: An unusual case of low back pain,Patel K.G.; Montero-Cruz F.-R.L.; Vishnubhakat S.M.,conference_abstract,single_case_conference_abstract,heuristic,data\extraction_json\text\1452.json,data\extraction_json\text_trimmed\1452.json,data\extraction_json\text_trimmed\1452.json,trimmed_text,true,trimmed_auto,Proceedings detected and candidate abstract passed identity and completeness guardrails.,confirmed_full,false,0,0.7107,0.0000,0.5330,1,277,false,false,true,trim_record_indices,true,soft_header::author+section+wrapped_title,next_soft_header,0,"Level of Evidence: Level V Poster 321: A Stiff Diagnosis: An Unusual Case of Low Back Pain Komal G. Patel, DO (North Shore-LIJ Health System), Fergie-Ross L. Montero-Cruz, DO, Surya M. Vishnubhakat, MD Disclosures: Komal Patel: I Have No Relevant Financial Relationships To Disclose Case/Program Description: A 44-year-old man with a past medical history of agoraphobia, depression, migraines, and hypertension who presented with low back and hip pain, and impaired ambulation sec- ondary to “legs lo",Trimmed proceedings text matches and appears complete.,2026-04-06T13:55:43.844212+00:00
1453,1453,Stiff person syndrome without axial stiffness or hyperekplexia: A case report,Lee M.,conference_abstract,single_case_conference_abstract,heuristic,data\extraction_json\text\1453.json,data\extraction_json\text_trimmed\1453.json,data\extraction_json\text_trimmed\1453.json,trimmed_text,true,trimmed_auto,Proceedings detected and candidate abstract passed identity and completeness guardrails.,confirmed_full,false,0,0.6801,1.0000,0.7601,3,1481,false,false,true,trim_record_indices,true,soft_header::author+institution+section+wrapped_title,next_soft_header,0,"Level of Evidence: Level V Poster 292: Stiff Person Syndrome Without Axial Stiffness or Hyperekplexia: A Case Report Melody Lee, MD (Mayo Clinic of Rochester) Disclosures: Melody Lee: I Have No Relevant Financial Relationships To Disclose Case/Program Description: Ms. S presented to our emergency department with progressive bilateral leg pain and tightness for the past year. She was having worsening rigidity with resulting contrac- tures, and started requiring a wheelchair for mobility. As she h",Trimmed proceedings text matches and appears complete.,2026-04-06T13:55:43.874159+00:00
1458,1458,Unrecognized respiratory manifestations of stiff person syndrome,Rakocevic G.; Allen A.; Pack K.; Woodford M.; Sexauer W.,conference_abstract,group_conference_abstract,manual_review,data\extraction_json\text\1458.json,,data\extraction_json\text\1458.json,full_text,true,manual_review_required,Matched entry appears truncated or lacks sufficient abstract body content.,untrimmed_localised,true,61,0.6508,1.0000,0.7381,893,454269,false,false,false,,false,,,0,"121 A RANDOMIZED PLACEBO-CONTROLLED CLINICAL TRIAL EV ALUATING EFFICACY AND SAFETY OF IGIV-C IN CORTICOSTEROID DEPENDENT P ATIENTS WITH GENERALIZED MY ASTHENIA GRAVIS Rhonda Griffin (Research Triangle Park, NC), Junliang Chen (Research Triangle Park, NC), Kim Hanna (Research Triangle Park, NC), Elsa Mondou (Research Triangle Park, NC) INTRODUCTION: Myasthenia gravis (MG) is an autoimmune disease affecting the neuromuscular junction with clinical symptoms of generalized muscle fatigue and weaknes",Target appears localised in full proceedings text; trimming/manual review is still required.,2026-04-06T13:55:44.341263+00:00
1501,1501,Ocular motor function in stiff person syndrome-Role of GABA and beyond,Wang F.; Neilson L.; Wang H.; Wilmot G.; Shaikh A.,conference_abstract,group_conference_abstract,heuristic,data\extraction_json\text\1501.json,,data\extraction_json\text\1501.json,full_text,false,not_needed,Document does not look like a large proceedings/program PDF.,untrimmed_localised,true,0,0.6695,1.0000,0.7521,5,2203,false,false,false,,false,,,0,"Ocular motor function in stiff person syndrome – Role of GABA and beyond F. Wang, L. Neilson, H. Wang, G. Wilmot, A. Shaikh (Cleveland, OH, USA) Meeting: 2018 International Congress ABSTRACT NUMBER: 435 Keywords: Gamma-aminobutyric acid(GABA), Glutamate, Stiff-person syndrome Objective: Delineate pathophysiology of gaze-holding function in stiff person syndrome (SPS). Background: Glutamic acid decarboxylase (GAD) catalyzes conversion of glutamate to gamma-aminobutyric acid (GABA). Anti-GAD antib",Target appears localised in full proceedings text; trimming/manual review is still required.,2026-04-06T13:55:44.345115+00:00
1504,1504,"Progressive encephalomyelitis with rigidity and myoclonus (PERM): Phenomenology, investigations and management of two recent cases",Munteanu T.; Lamas-Osorio Y.; Cullinane P.; Lynch T.,conference_abstract,single_case_conference_abstract,heuristic,data\extraction_json\text\1504.json,,data\extraction_json\text\1504.json,full_text,true,manual_review_required,Matched entry appears truncated or lacks sufficient abstract body content.,untrimmed_localised,true,0,0.6880,1.0000,0.7660,6,2881,false,false,false,,false,,,0,"Progressive encephalomyelitis with rigidity and myoclonus (PERM): Phenomenology, investigations and management of two recent cases T. Munteanu, Y. LLamas-Osorio, P. Cullinane, T. Lynch (Dublin, Ireland) Meeting: 2018 International Congress ABSTRACT NUMBER: 862 Keywords: Hyperekplexia, Progressive encephalomyelitis with rigidity and myoclonus(PERM), Stiff-person syndrome Session Information Date: Sunday, October 7, 2018 Session Title: Other Session Time: 1:45pm-3:15pm Location: Hall 3FG Objective",Target appears localised in full proceedings text; trimming/manual review is still required.,2026-04-06T13:55:44.349682+00:00
1511,1511,Stiff-limb syndrome: Thinking about that!,Delorme A.; Pencu D.E.; De Saint-Hubert G.,conference_abstract,single_case_conference_abstract,manual_review,data\extraction_json\text\1511.json,data\extraction_json\text_trimmed\1511.json,data\extraction_json\text_trimmed\1511.json,trimmed_text,true,header_only_source,Matched entry appears to contain header-only listing without abstract body.,mismatch,true,3,0.5869,0.6667,0.6068,0,88,true,false,true,trim_record_indices,false,,next_soft_header,141,"0028 Sti ﬀ-Limb Syndrome: Thinking about that ! Alicia Delorme1, Daniela Elena Pencu 2, Gaetan de Saint-Hubert 1, 1Internal Medecine Department, Grand hôpital de Charleroi, Gilly, Belgium, 2Internal Medecine Department, Grand Hôpital de Charleroi, Gilly, Belgium 0029 An icterus in the elderly, more than a simple hepatic pathology: Case report Edwin Curraj, Daniela Elena Pencu, Department of Internal Medicine and Infectiology, Grand Hôpital de Charleroi Hospital, Gilly, Belgium 0031 An uncommon ﬁ",Title/author alignment is too weak for a reliable proceedings match.,2026-04-06T13:55:44.962822+00:00
1598,1598,Coexistence of neuromyelitis optica and stiff person syndrome in a single patient: A case report,Thuringer A.J.; Jassam Y.N.,conference_abstract,single_case_conference_abstract,heuristic,data\extraction_json\text\1598.json,,data\extraction_json\text\1598.json,full_text,true,manual_review_required,Matched entry appears truncated or lacks sufficient abstract body content.,untrimmed_localised,true,0,0.7437,0.0000,0.5577,5,2120,false,false,false,,false,,,0,"Coexistence of neuromyelitis optica and stiff person syndrome in a single patient: a case report Amanda Thuringer and Yasir Jassam Abstract Objective: To report a case of seropositive neuromyelitis optica (NMO) and coexistent glutamic acid decarboxylase (GAD) associated stiff person syndrome (SPS). Background: Epidemiological studies highlight potential shared pathophysiology, environmental and genetic risk factors for autoimmune disease. Polyautoimmunity is defined as the presence of more than ",Target appears localised in full proceedings text; trimming/manual review is still required.,2026-04-06T13:55:44.966732+00:00
1602,1602,Progressive encephalomyelitis with rigidity and myoclonus - Case report,Barbov I.; Stojkoska F.; Petovska-Cvetkovska D.; Lazarova S.,conference_abstract,single_case_conference_abstract,manual_review,data\extraction_json\text\1602.json,data\extraction_json\text_trimmed\1602.json,data\extraction_json\text_trimmed\1602.json,trimmed_text,true,trimmed_auto,Proceedings detected and candidate abstract passed identity and completeness guardrails.,confirmed_full,false,17,0.6507,1.0000,0.7380,2,757,false,false,true,trim_record_indices,true,soft_header::author+wrapped_title,next_soft_header,0,"was associated with a lower risk of preterm birth in women with epilepsy using AEDs. Disclosure: The study is part of a Nordic project funded by NordForsk. EPR1030 Progressive encephalomyelitis with rigidity and myoclonus – case report I. Barbov 1, F. Stojkoska 2, D. Petovska-Cvetkovska 3, S. Lazarova 4 1 Neuromuscular disorders and Multiple scclerosis, University Clinic for neurology, 2 Neuromuscular disorders , University Clinic for neurology, 3 Cerebrovscular disorders , University Clinic for",Trimmed proceedings text matches and appears complete.,2026-04-06T13:55:46.856320+00:00
1605,1605,A stiff woman,Srinithya F.; Gadde S.,conference_abstract,single_case_conference_abstract,manual_review,data\extraction_json\text\1605.json,data\extraction_json\text_trimmed\1605.json,data\extraction_json\text_trimmed\1605.json,trimmed_text,true,trimmed_auto,Proceedings detected and candidate abstract passed identity and completeness guardrails.,confirmed_full,false,360,0.6519,1.0000,0.7389,3,4589,false,false,true,trim_record_indices,true,soft_header::author+institution+uppercase_title+control_id,next_soft_header,0,"A STIFF WOMAN FNU Srinithya1; Saikrishna Gadde2. 1Brookwood Baptist, Birmingham, AL; 2Ochsner Medical Center, Birmingham, AL. (Control ID #3186163) LEARNING OBJECTIVE #1: Recognize clinical features and labora- tory finding of Stiff Person Syndrome (SPS) LEARNING OBJECTIVE #2: Identify disorders associated with Stiff Person syndrome CASE: A 37year old female with no significant past medical history presented with refractory stiffness and weakness. Initial symptom started 3 months ago with her ri",Trimmed proceedings text matches and appears complete.,2026-04-06T13:55:59.241856+00:00
1609,1609,Unusual respiratory manifestation in a patient with Stiff Person Syndrome (SPS),Lin A.; Arias A.A.; Casul Y.R.; Gupta A.; Calder C.,conference_abstract,single_case_conference_abstract,manual_review,data\extraction_json\text\1609.json,,data\extraction_json\text\1609.json,full_text,false,not_needed,Document does not look like a large proceedings/program PDF.,untrimmed_localised,true,0,0.6711,0.6000,0.6533,4,2307,false,false,false,,false,,,0,"Unusual Respiratory Manifestation in a Patient with Stiff Person Syndrome (SPS) (P1.9-059) Andrew Lin, Alexis Alvarado Arias, Yoram Roman Casul, Animesh Gupta, Christopher Calder First published April 16, 2019, Abstract Objective: Report an unusual respiratory manifestation of Stiff Person Syndrome (SPS). Background: Stiff Person Syndrome (SPS) is an uncommon disorder that typically presents with fluctuating muscle rigidity causing painful muscle spasms and in some cases, respiratory distress du",Target appears localised in full proceedings text; trimming/manual review is still required.,2026-04-06T13:55:59.247370+00:00
1611,1611,Presence of systemic autoantibodies and associated comorbid conditions in a large cohort of stiff person syndrome,Comisac M.; Wang Y.; Aljarallah S.; Lukish N.; Newsome S.,conference_abstract,group_conference_abstract,heuristic,data\extraction_json\text\1611.json,,data\extraction_json\text\1611.json,full_text,false,not_needed,Document does not look like a large proceedings/program PDF.,untrimmed_localised,true,0,0.6779,1.0000,0.7585,4,2372,false,false,false,,false,,,0,"Presence of Systemic Autoantibodies and Associated Comorbid Conditions in a Large Cohort of Stiff Person Syndrome (P2.2-030) Michael Comisac, Yujie Wang, Salman Aljarallah, Nick Lukish, Scott Newsome First published April 16, 2019, Objective: To investigate the presence of autoantibodies and their correlation to associated diseases in patients with anti-glutamic acid decarboxylase (antiGAD65-ab)-related Stiff Person Syndrome (SPS). Background: SPS is a rare disorder that can present with a varie",Target appears localised in full proceedings text; trimming/manual review is still required.,2026-04-06T13:55:59.251125+00:00
1614,1614,Long-term rituximab use benefits patients with stiff person syndrome,Aljarallah S.; Wang Y.; Shoemaker T.; Newsome S.,conference_abstract,group_conference_abstract,manual_review,data\extraction_json\text\1614.json,,data\extraction_json\text\1614.json,full_text,false,not_needed,Document does not look like a large proceedings/program PDF.,untrimmed_localised,true,0,0.6665,1.0000,0.7498,4,2632,false,false,false,,false,,,0,"Long-term Rituximab Use Benefits Patients with Stiff Person Syndrome (P2.2-033) Salman Aljarallah, Yujie Wang, Thomas Shoemaker, Scott Newsome First published April 16, 2019, Abstract Objective: To describe the effects of chronic Rituximab therapy in Stiff Person Syndrome (SPS). Background: Rituximab is effective for various neuroimmunologic conditions. Multiple reports suggested efficacy in SPS but a recently published clinical trial was negative. This trial had several limitations including sm",Target appears localised in full proceedings text; trimming/manual review is still required.,2026-04-06T13:55:59.254528+00:00
1625,1625,Neuronal autoantibodies and clinical significance in stiff-person spectrum disorder,Kaneko J.; Iizuka T.; Kondo Y.; Abe Y.; Kaneko A.; Hattori K.; Kobayashi S.; Ugawa Y.; Sekiguchi K.; Maeda K.; Matsumoto Y.; Kanazawa N.; Kitamura E.; Dalmau J.; Nishiyama K.,conference_abstract,group_conference_abstract,heuristic,data\extraction_json\text\1625.json,data\extraction_json\text_trimmed\1625.json,data\extraction_json\text_trimmed\1625.json,trimmed_text,true,trimmed_auto,Proceedings detected and candidate abstract passed identity and completeness guardrails.,partial_truncated,true,0,0.7457,1.0000,0.8093,2,217,false,false,true,exact_footer_filtered_subsequence,false,,next_soft_header,0,"Neuronal Autoantibodies and Clinical Significance in Stiff-Person Spectrum Disorder (P1.7-002) Juntaro Kaneko, Takahiro Iizuka, Yuko Kondo, Yuki Abe, Atsushi Kaneko, Kasumi Hattori, Shunsuke Kobayashi, Yoshikazu Ugawa, Kenji Sekiguchi, Kengo Maeda, Yushi Matsumoto, Naomi Kanazawa, Eiji Kitamura, Josep Dalmau, Kazutoshi Nishiyama First published April 16, 2019, Abstract Objective: To report the clinical features of stiff-person spectrum disorder (SPSD). Background: SPSD is a collective term encom",Trim does not start at a detected proceedings header.,2026-04-06T13:55:59.273022+00:00
1662,1662,Progressive encephalomyelitis with rigidity and myoclonus with antibodies to glycine receptor presenting with temporomandibular joint dislocation,Mahdi Aljedani R.; Meyer I.; Novy J.; Pagani J.-L.; Arlettaz L.; Ribi C.,conference_abstract,single_case_conference_abstract,heuristic,data\extraction_json\text\1662.json,data\extraction_json\text_trimmed\1662.json,data\extraction_json\text_trimmed\1662.json,trimmed_text,true,header_only_source,Matched entry appears to contain header-only listing without abstract body.,header_only_source,true,26,0.8762,1.0000,0.9072,0,0,true,false,true,trim_record_indices,true,coded_boundary,next_abstract_boundary,0,"P72 Progressive encephalomyelitis with rigidity and myoclonus with antibodies to glycine receptor presenting with temporo- mandibular joint dislocation R. Mahdi Aljedani1, I. Meyer2, J. Novy2, J-L. Pagani3, L. Arlettaz4, C. Ribi1",Matched source appears to be a title/author listing without abstract body text.,2026-04-06T13:55:59.737687+00:00
1664,1664,A rare person with Stiff Person syndrome,Suciu R.; Stoicanescu D.; Cevei M.; Bodog F.,conference_abstract,single_case_conference_abstract,manual_review,data\extraction_json\text\1664.json,data\extraction_json\text_trimmed\1664.json,data\extraction_json\text_trimmed\1664.json,trimmed_text,true,trimmed_auto,Proceedings detected and candidate abstract passed identity and completeness guardrails.,confirmed_full,false,129,0.6905,1.0000,0.7678,0,428,false,false,true,trim_record_indices,true,soft_header::author+institution+wrapped_title,next_soft_header,0,"L. Molodan: None. E. Grechanina: None. Y. Gre- chanina: None. A. Yanovska: None. K. Nagieva: None. E-P10.05A rare person with Stiff Person syndrome R. Suciu 1, D. Stoicanescu 2, M. Cevei 1, F. Bodog 1; 1University of Oradea, Faculty of Medicine and Pharmacy, Oradea, Romania, 2University of Medicine and Pharmacy “Victor Babes ”, Timisoara, Romania. Stiff Person syndrome is a very rare and severe neuro- muscular condition, with a prevalence estimated at 1/ 1000000. It is characterized by trunk and",Trimmed proceedings text matches and appears complete.,2026-04-06T13:56:02.215736+00:00
1668,1668,Botulinum toxin for the treatment of muscle spasms associated with stiff person syndrome,Moukheiber E.; Comisac M.; Newsome S.,conference_abstract,group_conference_abstract,heuristic,data\extraction_json\text\1668.json,,data\extraction_json\text\1668.json,full_text,false,not_needed,Document does not look like a large proceedings/program PDF.,untrimmed_localised,true,0,0.6530,1.0000,0.7398,4,3756,false,false,false,,false,,,0,"AbstractAbstract Objective: describe the safety and utility of botulinum toxin in mitigating muscle spasms/rigidity in Stiff Person Syndrome (SPS). Background: SPS is a rare, chronic and disabling disorder that causes marked muscle spasms, stiffness, and rigidity. Persons suffering from SPS may have a varied presentation but, most notably, chronic and disabling muscular spasms which cause signi@cant disability. Pharmacotherapies are often poorly tolerated due to sedation and cognitive impairment",Target appears localised in full proceedings text; trimming/manual review is still required.,2026-04-06T13:56:02.221074+00:00
1674,1674,Anti-glutamic acid decarboxylase associated neurologic disorders referred from neuro-ophthalmology and neurotology: A case series with characterization of vestibulo-ocular function,Wang Y.; Tourkevich R.; Gold D.; Newsome S.D.,conference_abstract,group_conference_abstract,manual_review,data\extraction_json\text\1674.json,data\extraction_json\text_trimmed\1674.json,data\extraction_json\text_trimmed\1674.json,trimmed_text,true,trimmed_auto,Proceedings detected and candidate abstract passed identity and completeness guardrails.,partial_truncated,true,0,0.8039,0.7500,0.7904,2,341,false,false,true,exact_footer_filtered_subsequence,false,,next_soft_header,0,"Anti-glutamic acid decarboxylase associated neurologic disorders referred from Neuro-ophthalmology and Neurotology: A case series with characterization of vestibulo-ocular function (P1.9-003) Yujie Wang, Roksolyana Tourkevich, Daniel Gold, Scott D. Newsome First published April 16, 2019,  Info & Disclosures Abstract Objective: Characterize the clinical features and vestibulo-ocular function of patients with anti- glutamic acid decarboxylase 65 (anti-GAD65) associated neurologic disorders who we",Trim does not start at a detected proceedings header.,2026-04-06T13:56:02.238704+00:00
1675,1675,Autologous Haematopoietic Stem Cell Transplantation (Auto-HSCT) in Stiff Person Syndrome (SPS): The UK experience,Thorpe A.; Kass-Iliyya L.; Jessop H.; Chantry A.; Hadjivassiliou M.; Snowden J.; Sharrack B.,conference_abstract,single_case_conference_abstract,heuristic,data\extraction_json\text\1675.json,data\extraction_json\text_trimmed\1675.json,data\extraction_json\text_trimmed\1675.json,trimmed_text,true,trimmed_auto,Proceedings detected and candidate abstract passed identity and completeness guardrails.,confirmed_full,false,2,0.8082,0.2857,0.6775,2,537,false,false,true,trim_record_indices,true,soft_header::author+section+wrapped_title,next_soft_header,0,"6/20/23, 2:06 PM Autologous Haematopoietic Stem Cell Transplantation (Auto-HSCT) in Stiff Person Syndrome (SPS): The UK Experience (S43.003) | Neurology Further work is warranted to optimise patient selection and establish the efficacy, long-term safety, and cost-effectiveness of this treatment. Disclosure: Dr. Thorpe has nothing to disclose. Dr. Kass-Iliyya has nothing to disclose. Dr.",Trimmed proceedings text matches and appears complete.,2026-04-06T13:56:02.261792+00:00
1721,1721,Anti-glutamic acid decarboxylase positive stiff person syndrome treated with immunoglobulin in a 38-year old filipina: A case report,Perez J.A.L.; Damian L.,conference_abstract,single_case_conference_abstract,heuristic,data\extraction_json\text\1721.json,data\extraction_json\text_trimmed\1721.json,data\extraction_json\text_trimmed\1721.json,trimmed_text,true,trimmed_auto,Proceedings detected and candidate abstract passed identity and completeness guardrails.,confirmed_full,false,0,0.7496,1.0000,0.8122,0,469,false,false,true,trim_record_indices,true,soft_header::author+institution,next_soft_header,0,"AST-IV is effective on EAE by regulating the in ﬂammatory pathway and maintains the balance between Th17 cells and Treg cells. (NNSF of China 81473577, Collaborative Innovation Center Project of Astragalus Resource Industrialization and Industrial Internationalization-hqxtcxzx2016-020. Ma and Xiao are corre- sponding authors). doi:10.1016/j.jns.2019.10.1 139 WCN19-0188 Journal of the Neurological Sciences 405S (2019) 104802 Poster Session 3 Anti-glutamic acid decarboxylase positive stiff person ",Trimmed proceedings text matches and appears complete.,2026-04-06T13:56:02.289369+00:00
1722,1722,Stiff person syndrome - An unusual paraneoplastic neurological phenomenon in carcinoid tumour,Sahathevan V.; Herath T.; Gamlaksha D.; Yogendranathan N.; Kulatunga A.; Senanayake B.,conference_abstract,single_case_conference_abstract,heuristic,data\extraction_json\text\1722.json,data\extraction_json\text_trimmed\1722.json,data\extraction_json\text_trimmed\1722.json,trimmed_text,true,trimmed_auto,Proceedings detected and candidate abstract passed identity and completeness guardrails.,spillover_detected,true,0,0.6809,1.0000,0.7607,0,1737,false,true,true,trim_record_indices,false,,next_soft_header,0,"Stiff person syndrome - An unusual paraneoplastic neurological phenomenon in carcinoid tumour V. Sahathevan a, T. Herath b, D. Gamlaksha c, N. Yogendranathan a,A . Kulatungaa, B. Senanayake b aNational Hospital Sri Lanka, Department of Medicine, Colombo 10, Sri Lanka bNational Hospital Sri Lanka, Department of Neurology, Colombo 10, Sri Lanka cNational Hospital Sri Lanka, Department of Pathology, Colombo 10, Sri Lanka Stiff person syndrome (SPS) is a rare neurologic disorder characterised by rig",Trim starts before the detected proceedings header.,2026-04-06T13:56:02.316142+00:00
1774,1774,An unusual presentation of stiff-person syndrome,Saengphatrachai W.; Wantaneeyawong C.; Pitakpatapee Y.; Srivanitchapoom P.,conference_abstract,single_case_conference_abstract,manual_review,data\extraction_json\text\1774.json,data\extraction_json\text_trimmed\1774.json,data\extraction_json\text_trimmed\1774.json,trimmed_text,true,header_only_source,Matched entry appears to contain header-only listing without abstract body.,header_only_source,true,134,0.6538,0.2500,0.5529,0,27,true,false,true,trim_record_indices,true,soft_header::author+wrapped_title,next_abstract_boundary,0,"Thus, the characteristics of defecation disorders seen in MSA may be different from that of PD. Further studies are required to prospectively compare the characterization of defecation disorders between PD and MSA using Rome III criteria. Pe-027-5 An unusual presentation of stiff-person syndrome ○‌‌Weerawat‌Saengphatrachai",Matched source appears to be a title/author listing without abstract body text.,2026-04-06T13:56:05.449228+00:00
1782,1782,Stiff Limb Syndrome Masquerading As a Focal Limb Dystonia,Morrison P.; Barbano R.,conference_abstract,single_case_conference_abstract,manual_review,data\extraction_json\text\1782.json,,data\extraction_json\text\1782.json,full_text,true,manual_review_required,Matched entry appears truncated or lacks sufficient abstract body content.,untrimmed_localised,true,0,0.6647,1.0000,0.7485,4,2427,false,false,false,,false,,,0,"Stiff Limb Syndrome Masquerading As a Focal Limb Dystonia P. Morrison, R. Barbano (Rochester, NY, USA) Objective: To report a case of immune-mediated stiff limb syndrome referred for extremity focal dystonia. Background: Autoantibodies to glutamic acid decarboxylase (GAD) are associated with multiple neurological disorders, most commonly cerebellar ataxia and stiff- person syndrome (SPS).[1] Antibodies to GAD are also commonly seen in other immunologic disorders, such as type I Diabetes Mellitus",Target appears localised in full proceedings text; trimming/manual review is still required.,2026-04-06T13:56:05.453324+00:00
1787,1787,Functional stiff person like disorders: Clinical features and red flags,Balint B.; Jha A.; Edwards M.; Meinck H.M.; Bhatia K.,conference_abstract,group_conference_abstract,manual_review,data\extraction_json\text\1787.json,,data\extraction_json\text\1787.json,full_text,false,not_needed,Document does not look like a large proceedings/program PDF.,untrimmed_localised,true,0,0.6696,1.0000,0.7522,5,2142,false,false,false,,false,,,0,"Functional stiff person like disorders: clinical features and red flags B. Balint, A. Jha, M. Edwards, HM. Meinck, K. Bhatia (London, United Kingdom) Objective: To delineate the characteristics and distinguishing features of functional stiff person-like disorders (fSPLD). Background: Stiff person spectrum disorders (SPSD) are a group of rare autoimmune disorders, characterised by fluctuating stiffness, spasms, and hyperekplexia. The presentation of SPSD – the wooden, stiff-legged gait, the fear ",Target appears localised in full proceedings text; trimming/manual review is still required.,2026-04-06T13:56:05.456418+00:00
1793,1793,Stiff-person syndrome: The analyses of 15 cases and their prognosises,Wei X.; Cai J.; Zhang C.; Lin H.,conference_abstract,case_series_conference_abstract,manual_review,data\extraction_json\text\1793.json,data\extraction_json\text_trimmed\1793.json,data\extraction_json\text_trimmed\1793.json,trimmed_text,true,trimmed_auto,Proceedings detected and candidate abstract passed identity and completeness guardrails.,confirmed_full,false,85,0.6842,1.0000,0.7631,2,1062,false,false,true,trim_record_indices,true,coded_boundary,next_soft_header,0,"144 | Stiff- person syndrome: The analyses of 15 cases and their prognosises Xiaolan Wei1; Jiangping Cai3; Cheng Zhang4; Hualong Lin2 1Department of Neurology, Quanzhou First Hospital Affiliated to Fujian Medical University, Quanzhou, China; 2Department of Neurology, The Second Affiliated Hospital of Fujian Medical University, Quanzhou, China; 3Department of Neurology, Quanzhou First Hospital Affiliated to Fujian Medical University, Quanzhou, China; 4Department of Neurology, The First Affiliated",Trimmed proceedings text matches and appears complete.,2026-04-06T13:56:07.309001+00:00
1802,1802,Advanced progression of scoliosis after intrathecal baclofen in an adult with stiff person syndrome: A case report,Oh D.C.; LaGrant B.; Sein M.,conference_abstract,single_case_conference_abstract,manual_review,data\extraction_json\text\1802.json,data\extraction_json\text_trimmed\1802.json,data\extraction_json\text_trimmed\1802.json,trimmed_text,true,trimmed_auto,Proceedings detected and candidate abstract passed identity and completeness guardrails.,confirmed_full,false,22,0.6503,1.0000,0.7378,2,1668,false,false,true,trim_record_indices,true,soft_header::author+institution,next_soft_header,0,"Level of Evidence: Level V Advanced Progression of Scoliosis After Intrathecal Baclofen in an Adult with Stiff Person Syndrome: A Case Report Daniel C. Oh, MD, MS (New York Presbyterian Hospital (Columbia and Cornell) PM&R Program, New York, NY , United States); Brian LaGrant, BS; Michael Sein, MD Disclosures: Daniel C. Oh, MD, MS: Nothing to disclose Case Description : This patient initially presented with functional deterioration secondary to SPS with intractable muscle spasms in the bilateral",Trimmed proceedings text matches and appears complete.,2026-04-06T13:56:10.266672+00:00
1807,1807,Anti-GAD65 antibody mediated systemic small vessel vasculitis with CNS involvement presenting as refractory status epilepticus and stiff-limb syndrome,Neupert D.; Leibu N.; Aysenne A.; Dunn C.R.,conference_abstract,single_case_conference_abstract,manual_review,data\extraction_json\text\1807.json,data\extraction_json\text_trimmed\1807.json,data\extraction_json\text_trimmed\1807.json,trimmed_text,true,header_only_source,Matched entry appears to contain header-only listing without abstract body.,partial_truncated,true,290,0.9844,0.0000,0.7383,0,6,true,false,true,trim_record_indices,false,,next_abstract_boundary,0,"Anti-GAD65 Antibody Mediated Systemic Small Vessel Vasculitis with CNS Involvement Presenting as Refractory Status Epilepticus and Stiff-Limb Syndrome v ,e) ”= m A 2) m 7)",Trim does not start at a detected proceedings header.,2026-04-06T13:56:11.741449+00:00
1829,1829,Providing relief from stiff person syndrome through intrathecal baclofen: A case report,Mazzola A.J.; Escalon M.X.,conference_abstract,single_case_conference_abstract,manual_review,data\extraction_json\text\1829.json,data\extraction_json\text_trimmed\1829.json,data\extraction_json\text_trimmed\1829.json,trimmed_text,true,trimmed_auto,Proceedings detected and candidate abstract passed identity and completeness guardrails.,confirmed_full,false,0,0.7102,0.0000,0.5327,1,685,false,false,true,trim_record_indices,true,soft_header::author+institution+wrapped_title,next_abstract_boundary,0,"Level of Evidence: Level V Poster 254: Providing Relief from Stiff Person Syndrome through Intrathecal Baclofen: A Case Report Anthony J. Mazzola, MD (Icahn School of Medicine at Mount Sinai, Plainview, NY, United States), Miguel X. Escalo ´n, MD, MPH Disclosures: Anthony Mazzola: I Have No Relevant Financial Re- lationships To Disclose Case/Program Description: A 64-year-old man diagnosed with SPS presented to our university rehabilitation clinic with complaints of increased spasticity. He desc",Trimmed proceedings text matches and appears complete.,2026-04-06T13:56:11.786622+00:00
1830,1830,"Rehabilitation challenges in a rare combination of Stiff-man syndrome, cerebellar ataxia, and Grave's Disease: A case report",Rivelis Y.; Saad E.,conference_abstract,single_case_conference_abstract,heuristic,data\extraction_json\text\1830.json,data\extraction_json\text_trimmed\1830.json,data\extraction_json\text_trimmed\1830.json,trimmed_text,true,trimmed_auto,Proceedings detected and candidate abstract passed identity and completeness guardrails.,confirmed_full,false,0,0.6626,1.0000,0.7469,2,685,false,false,true,trim_record_indices,true,soft_header::author+institution+section+wrapped_title,next_soft_header,0,"Level of Evidence: Level V Poster 263: Rehabilitation Challenges in a Rare Combination of Stiff- Man Syndrome, Cerebellar Ataxia, and Grave’s Disease: A Case Report Yulia Rivelis, MD (Monteﬁore Medical Center, New York, NY, United States), Eathar Saad, MD Disclosures: Yulia Rivelis: I Have No Relevant Financial Relationships To Disclose Case/Program Description: A 33-year-old woman, diagnosed with cerebellar ataxia at 23 years old, subsequently diagnosed with Stiff- man Syndrome at 30 years old.",Trimmed proceedings text matches and appears complete.,2026-04-06T13:56:11.826042+00:00
1838,1838,Progressive encephalomyelitis with rigidity and myoclonus with multiple autoantibodies as a first manifestation of thymoma,Florea A.; Matei A.; Mitu C.E.; Popescu B.O.,conference_abstract,single_case_conference_abstract,manual_review,data\extraction_json\text\1838.json,data\extraction_json\text_trimmed\1838.json,data\extraction_json\text_trimmed\1838.json,trimmed_text,true,trimmed_auto,Proceedings detected and candidate abstract passed identity and completeness guardrails.,confirmed_full,false,455,0.7159,1.0000,0.7869,2,806,false,false,true,trim_record_indices,true,soft_header::author+wrapped_title,next_soft_header,0,"neurological symptoms presenting 20 years after disease onset, when skin atrophy was already stable for the previous 10 years. In our patient, the autoimmune background (thyroiditis) and the presence of oligoclonal bands suggest that an autoimmune mechanism may contribute to the PR pathogeny. Disclosure: Nothing to disclose EPO2344 Progressive encephalomyelitis with rigidity and myoclonus with multiple autoantibodies as a first manifestation of thymoma A. Florea 1, A. Matei 2, C.E. Mitu 2, B.O. ",Trimmed proceedings text matches and appears complete.,2026-04-06T13:56:17.453043+00:00
1877,1877,Can certain baseline characteristics in patients with stiff person syndrome (SPS) predict disease burden and functional outcomes?,Mukharesh L.; Fitzgerald K.; Wang Y.; Newsome S.,conference_abstract,group_conference_abstract,heuristic,data\extraction_json\text\1877.json,,data\extraction_json\text\1877.json,full_text,false,not_needed,Document does not look like a large proceedings/program PDF.,untrimmed_localised,true,0,0.6765,1.0000,0.7574,4,2936,false,false,false,,false,,,0,"Can Certain Baseline Characteristics in Patients with Stiff Person Syndrome (SPS) Predict Disease Burden and Functional Outcomes? (5277) Loulwah Mukharesh, Kathryn Fitzgerald, Yujie Wang, Scott Newsome First published April 14, 2020, Objective: To identify if baseline characteristics such as phenotype, body-region involvement and others can predict disease burden and functional-outcomes in patients with Stiff-Person Syndrome (SPS). Background: SPS is a neuroimmunological disease that presents wi",Target appears localised in full proceedings text; trimming/manual review is still required.,2026-04-06T13:56:17.457941+00:00
1897,1897,Autologous hematopoietic stem cell transplantation may be highly effective treatment for severe stiff person syndrome,Georges G.E.; Bowen J.D.; Pearlman M.; Wundes A.; Von Geldern G.; Kraft G.H.; Weiss M.D.; McLaughlin B.; Sytsma J.; Nash R.,conference_abstract,group_conference_abstract,heuristic,data\extraction_json\text\1897.json,data\extraction_json\text_trimmed\1897.json,data\extraction_json\text_trimmed\1897.json,trimmed_text,true,trimmed_auto,Proceedings detected and candidate abstract passed identity and completeness guardrails.,confirmed_full,false,0,0.6500,0.5000,0.6125,0,2988,false,false,true,exact_footer_filtered_subsequence,true,coded_boundary,next_abstract_boundary,0,"142 Autologous Hematopoietic Stem Cell Transplantation May be Highly Effective Treatment for Severe Stiff Person Syndrome George E. Georges 1, James D. Bowen 2, Michael Pearlman 3, Annette Wundes 2, Gloria von Geldern 4, George H. Kraft 2, Michael D. Weiss 2, Bernadette McLaughlin 1, Joel Sytsma 1, Richard Nash 5. 1 Fred Hutchinson Cancer Research Center, Seattle, WA; 2 University of Washington, Seattle, WA;3 Blue Sky Neurology, Denver, CO;4 Neurology, University of Washington, Seattle, WA; 5 Co",Trimmed proceedings text matches and appears complete.,2026-04-06T13:56:17.487598+00:00
1898,1898,"Anti-gad positive syndrome (stiff-man): A 9-years-case report of treatment, evolution and a review",De Camargo Carmello J.F.; Oliveira A.S.B.,conference_abstract,single_case_conference_abstract,manual_review,data\extraction_json\text\1898.json,data\extraction_json\text_trimmed\1898.json,data\extraction_json\text_trimmed\1898.json,trimmed_text,true,trimmed_auto,Proceedings detected and candidate abstract passed identity and completeness guardrails.,confirmed_full,false,11,0.6815,0.0000,0.5111,1,733,false,false,true,trim_record_indices,true,coded_boundary,next_abstract_boundary,0,"A25 Anti‐gad positive syndrome (stiff‐man): a 9‐years‐case report of treatment, evolution and a review José Francisco de Camargo Carmello 1, Acary Souza Bulle Oliveira2 1Hospital Alemão Osvaldo Cruz, São Paulo, Brazil; 2UNIFESP , São Paulo, Brazil Correspondence: José Francisco de Camargo Carmello Journal of Diabetology & Metabolic Syndrome 2018, 10(Supp 1):A25 Abstract Case: 66 years, male, white, engineer, type 1 DM (T1D)‐LADA (24 years ago) + AntiGAD neurological syndrome (Stiff-man-SPS) 9 ye",Trimmed proceedings text matches and appears complete.,2026-04-06T13:56:19.810046+00:00
1899,1899,Stiff-person syndrome and type 1 diabetes mellitus: Report of a family,Faro F.N.; Bussular T.C.; Feder C.K.R.; Salles J.E.N.; Scalissi N.M.; Pereira M.V.,conference_abstract,family_case_conference_abstract,manual_review,data\extraction_json\text\1899.json,,data\extraction_json\text\1899.json,full_text,true,manual_review_required,"Proceedings detected, but the candidate did not match title/authors strongly enough.",untrimmed_localised,true,175,0.6503,0.5000,0.6127,1586,1214626,false,false,false,,false,,,0,"Page 176 of 199Diabetol Metab Syndr 2018, 10(Suppl 1):27 occur on the feet of people with DM, usually due to triad composed of neuropathy peripheral artery disease and infections. As known, the recognition of the socio-demographic and clinical profile of patients are of great importance for the planning of health actions, multipro - fessional team, aiming at the integral care. Objective: Draw the demographic profile and people with clinical risk for diabetic foot served in the basic attention. M",Target appears localised in full proceedings text; trimming/manual review is still required.,2026-04-06T13:56:20.943697+00:00
1900,1900,Stiff person syndrome exacerbations & therapeutic plasma exchange,Stiefel E.; Leeper J.; Alquist C.,conference_abstract,group_conference_abstract,manual_review,data\extraction_json\text\1900.json,data\extraction_json\text_trimmed\1900.json,data\extraction_json\text_trimmed\1900.json,trimmed_text,true,trimmed_auto,Proceedings detected and candidate abstract passed identity and completeness guardrails.,confirmed_full,false,39,0.7398,1.0000,0.8049,2,230,false,false,true,trim_record_indices,true,coded_boundary,next_soft_header,0,"52 | STIFF PERSON SYNDROME EXACERBATIONS & THERAPEUTIC PLASMA EXCHANGE Elijah Stiefel, MD, MS, 1 James Leeper, PhD 2 and Caroline Alquist, MD, PhD 3 1LSU New Orleans, 2University of Alabama, 3Ochsner Health System Purpose Stiff-person syndrome (SPS) is a rare chronic disorder characterized by painful recurrent involuntary mus- cle rigidity and spasms, with an estimated prevalence of 1 –2 cases per million. Given an underlying autoimmune compo-",Trimmed proceedings text matches and appears complete.,2026-04-06T13:56:21.874631+00:00
1901,1901,Iatrogenic hypoglobulinemia due to the therapeutic plasma exchange: Managing the patient with allergies to blood products,Linnik Y.A.; Moiseff R.; Thomasson R.; Szczepiorkowski Z.; Dunbar N.,conference_abstract,single_case_conference_abstract,manual_review,data\extraction_json\text\1901.json,data\extraction_json\text_trimmed\1901.json,data\extraction_json\text_trimmed\1901.json,trimmed_text,true,trimmed_auto,Proceedings detected and candidate abstract passed identity and completeness guardrails.,confirmed_full,false,58,0.7085,1.0000,0.7814,2,1164,false,false,true,trim_record_indices,true,coded_boundary,next_soft_header,0,"75 | IATROGENIC HYPOGLOBULINEMIA DUE TO THE THERAPEUTIC PLASMA EXCHANGE: MANAGING THE PATIENT WITH ALLERGIES TO BLOOD PRODUCTS Yevgeniy A. Linnik, MD, Robin Moiseff, MD, Reggie Thomasson, MD, Zbigniew Szczepiorkowski, MD, PhD and Nancy Dunbar, MD Dartmouth-Hitchcock Medical Center Purpose To provide a personalized approach for sympto- matic patients with therapeutic plasma exchange-induced hypogammaglobulinema and documented (mild, moderate, severe) allergic reactions to fresh frozen plasma (FFP",Trimmed proceedings text matches and appears complete.,2026-04-06T13:56:22.676866+00:00
1903,1903,Stiff person's syndrome: Challenging symptom control,Thakolkaran N.T.; Kaur R.,conference_abstract,single_case_conference_abstract,manual_review,data\extraction_json\text\1903.json,data\extraction_json\text_trimmed\1903.json,data\extraction_json\text_trimmed\1903.json,trimmed_text,true,trimmed_auto,Proceedings detected and candidate abstract passed identity and completeness guardrails.,confirmed_full,false,182,0.6500,1.0000,0.7375,3,1238,false,false,true,trim_record_indices,true,coded_boundary,next_soft_header,0,"C31 Stiff Person’s Syndrome: Challenging symptom control N. T. Thakolkaran, R. Kaur. Geriatrics and Palliative Division, Rush University Medical Center, Oak Park, IL. Background: Stiff-person syndrome (SPS) is characterized by progressive rigidity and muscle spasms affecting axial and limb muscles. Prevalence is 1-2 per million, most patients between 20-50 years, affects women 2-3 times more. The subtypes are Classic, Partial and paraneoplastic SPS. SPS is frequently associated with anti-Glu - t",Trimmed proceedings text matches and appears complete.,2026-04-06T13:56:28.092365+00:00
1904,1904,Serial CSF studies of anti-GAD antibodies and GAD-IgG intrathecal synthesis in stiff-person syndrome (SPS): Correlation with disease severity and progression,Alexopoulos H.; Akrivou S.; Rakocevic G.; Dalakas M.,conference_abstract,group_conference_abstract,heuristic,data\extraction_json\text\1904.json,,data\extraction_json\text\1904.json,full_text,false,not_needed,Document does not look like a large proceedings/program PDF.,untrimmed_localised,true,0,0.6914,1.0000,0.7685,4,2251,false,false,false,,false,,,0,"Serial CSF Studies of Anti-GAD Antibodies and GAD-IgG Intrathecal Synthesis in Stiff-Person Syndrome (SPS): Correlation with Disease Severity and Progression (P6.036) Harry Alexopoulos, Sofia Akrivou, Goran Rakocevic, Marinos Dalakas First published April 9, 2018, Abstract Objective: To determine whether in SPS, CSF anti-GAD antibodies correlate with clinical severity and disease progression. Background: SPS is a naturally progressive disorder, characterized by muscle rigidity and episodic spasm",Target appears localised in full proceedings text; trimming/manual review is still required.,2026-04-06T13:56:28.097272+00:00
1907,1907,Unrecognized respiratory manifestations of stiff person syndrome (SPS),Allen A.; Rakocevic G.; Woodford M.; Pack K.; Sexauer W.,conference_abstract,group_conference_abstract,heuristic,data\extraction_json\text\1907.json,,data\extraction_json\text\1907.json,full_text,false,not_needed,Document does not look like a large proceedings/program PDF.,untrimmed_localised,true,0,0.6705,1.0000,0.7528,4,2022,false,false,false,,false,,,0,"Unrecognized Respiratory Manifestations of Stiff Person Syndrome (SPS) (P5.463) Anthony Allen, Goran Rakocevic, Matthew Woodford, Katrina Pack, William Sexauer First published April 9, 2018, Abstract Objective: To evaluate respiratory manifestations in Stiff-person Syndrome (SPS) patients. Background: Approximately 50% of SPS patients report dyspnea contributing to their functional impairment. This study investigates the frequency and severity of dyspnea and associated pulmonary function abnorma",Target appears localised in full proceedings text; trimming/manual review is still required.,2026-04-06T13:56:28.100497+00:00
1909,1909,"Autologous hematopoietic stem cell transplantation may be highly effective treatment for severe, treatment refractory stiff person syndrome",Georges G.; McSweeney P.; Bowen J.; Pearlman M.; Wundes A.; Von Geldern G.; Kraft G.; Weiss M.; Sytsma J.; McLaughlin B.; Nash R.,conference_abstract,interventional_conference_abstract,manual_review,data\extraction_json\text\1909.json,data\extraction_json\text_trimmed\1909.json,data\extraction_json\text_trimmed\1909.json,trimmed_text,true,trimmed_auto,Proceedings detected and candidate abstract passed identity and completeness guardrails.,partial_truncated,true,0,0.7638,1.0000,0.8228,2,405,false,false,true,exact_footer_filtered_subsequence,false,,next_soft_header,0,"Autologous Hematopoietic Stem Cell Transplantation May Be Highly Effective Treatment for Severe, Treatment Refractory Stiff Person Syndrome (S31.007) George Georges, Peter McSweeney, James Bowen, Michael Pearlman, Annette Wundes, Gloria von Geldern, George Kraft, Michael Weiss, Joel Sytsma, Bernadette McLaughlin, Richard Nash First published April 9, 2018,  Info & Disclosures Abstract Objective: Evaluate autologous hematopoietic stem cell transplantation (AHSCT) as a treatment option for severe",Trim does not start at a detected proceedings header.,2026-04-06T13:56:28.166215+00:00
1911,1911,Anti-GAD-65 associated progressive encephalomyelitis with rigidity and myoclonus following west NILE virus encephalitis,Loeb J.S.; Devine M.; Perven G.,conference_abstract,single_case_conference_abstract,manual_review,data\extraction_json\text\1911.json,,data\extraction_json\text\1911.json,full_text,false,not_needed,Document does not look like a large proceedings/program PDF.,untrimmed_localised,true,0,0.6861,0.6667,0.6813,4,2005,false,false,false,,false,,,0,"Anti-GAD-65 associated Progressive Encephalomyelitis with Rigidity and Myoclonus following West Nile Virus Encephalitis. (P5.404) Jordan Scott Loeb, Michelle Devine, Ghazala Perven First published April 9, 2018, Abstract Objective: To present a case demonstrating progressive encephalomyelitis with rigidity and myoclonus (PERM) following West Nile Virus (WNV) encephalitis. Background: PERM is a rare, likely autoimmune process within the central nervous system, which is included on the stiff perso",Target appears localised in full proceedings text; trimming/manual review is still required.,2026-04-06T13:56:28.169652+00:00
1912,1912,Defining the clinical spectrum of variant-stiff person syndrome: A case series,Shoemaker T.; Aljarallah S.; Lukish N.; Comisac M.; Saylor D.; Newsome S.,conference_abstract,group_conference_abstract,heuristic,data\extraction_json\text\1912.json,,data\extraction_json\text\1912.json,full_text,false,not_needed,Document does not look like a large proceedings/program PDF.,untrimmed_localised,true,0,0.6708,1.0000,0.7531,5,2357,false,false,false,,false,,,0,"Defining the Clinical Spectrum of Variant-Stiff Person Syndrome: a Case Series (P5.407) Thomas Shoemaker, Salman Aljarallah, Nick Lukish, Michael Comisac, Deanna Saylor, Scott Newsome First published April 9, 2018, Abstract Objective: To describe the expanding clinical phenotypes of variant-stiff person syndrome (v- SPS) Background: SPS is a rare disorder characterized by rigidity and stiffness of the axial and lower extremity muscles with superimposed spasms. v-SPS includes a limited form, Stif",Target appears localised in full proceedings text; trimming/manual review is still required.,2026-04-06T13:56:28.172938+00:00
1916,1916,A rare cause of progressive encephalopathy - PERM,Hartigan S.; Turner R.; Hastings J.,conference_abstract,single_case_conference_abstract,manual_review,data\extraction_json\text\1916.json,data\extraction_json\text_trimmed\1916.json,data\extraction_json\text_trimmed\1916.json,trimmed_text,true,trimmed_auto,Proceedings detected and candidate abstract passed identity and completeness guardrails.,confirmed_full,false,69,0.6500,1.0000,0.7375,3,1366,false,false,true,trim_record_indices,true,soft_header::author+section+wrapped_title,next_soft_header,0,"Postoperatively, 40%(n=29) had morbidity, of which 79%(n=24) was minor: wound infection 14%(n=10), incisional herniae 11.26%(n=8), UTI 4.22%(n=3), abscess formation 4.22%(n=3) 11% (n=6) were more serious, including significant wound infection 4.2%(n=3), post-op DVT 1.4%(n=1), and respiratory failure 1.4%(n=1). Two patients had recurrent diverticulitis. No associated mortality. Conclusion: Post-operative complications following open elective bowel resection in diverticular disease occur, but most",Trimmed proceedings text matches and appears complete.,2026-04-06T13:56:29.431031+00:00
1918,1918,Spasmodic reflex myoclonus-an characteristic electrophysiological manifestation for the diagnosis of Stiff-person syndrome,Tsai C.-H.,conference_abstract,single_case_conference_abstract,heuristic,data\extraction_json\text\1918.json,data\extraction_json\text_trimmed\1918.json,data\extraction_json\text_trimmed\1918.json,trimmed_text,true,trimmed_auto,Proceedings detected and candidate abstract passed identity and completeness guardrails.,confirmed_full,false,0,0.8133,0.0000,0.6100,2,560,false,false,true,trim_record_indices,true,coded_boundary,next_soft_header,0,F59. Spasmodic reflex myoclonus-an characteristic electrophysiological manifestation for the diagnosis of Stiff-person syndrome—Chon-Haw Tsai (Taiwan) Introduction: Stiff person syndrome (SPS) is a rare disease entity and the pivotal clinical features contain progressive course of fluctuating stiffness of the low back and lower limbs. Progressive encephalomyelitis with rigidity and myoclonus (PERM) is one of,Trimmed proceedings text matches and appears complete.,2026-04-06T13:56:29.469102+00:00
1921,1921,Refractory anti-gad positive stiff-person syndrome controlled after rituximab therapy,Aragao V.; Braga E.; Marinho A.R.; Nobrega P.; Simabukuro M.; Ferreira G.; Maia F.,conference_abstract,single_case_conference_abstract,manual_review,data\extraction_json\text\1921.json,data\extraction_json\text_trimmed\1921.json,data\extraction_json\text_trimmed\1921.json,trimmed_text,true,trimmed_auto,Proceedings detected and candidate abstract passed identity and completeness guardrails.,confirmed_full,false,67,0.6775,0.8571,0.7224,4,1871,false,false,true,trim_record_indices,true,coded_boundary,next_soft_header,0,"172 Refractory Anti-GAD Positive Stiff-person Syndrome Controlled after Rituximab Therapy Veronica Aragao, Eduardo Braga, Antonia Rosivalda Marinho, Paulo N/C19obrega, Mateus Simabukuro, Glauber Ferreira, Fernanda Maia (Fortaleza, Brazil) Objective: To describe a case of refractory Stiff Person Syndrome that had an excellent response to Rituximab therapy. Background: Stiff person syndrome is unusual autoimmune move- ment disorder. Anti-GAD antibody is very frequent and patients are responsive to",Trimmed proceedings text matches and appears complete.,2026-04-06T13:56:30.964522+00:00
1922,1922,Stiff person syndrome presenting with spastic dysarthria,Persaud A.; Shneyder N.; Pulley M.; Giles S.,conference_abstract,single_case_conference_abstract,manual_review,data\extraction_json\text\1922.json,,data\extraction_json\text\1922.json,full_text,true,manual_review_required,Matched entry appears truncated or lacks sufficient abstract body content.,untrimmed_localised,true,45,0.6502,1.0000,0.7376,1186,683917,false,false,false,,false,,,0,"Objective: Evaluate real-world onabotulinumtoxinA treatment utili- zation and effectiveness across etiologies from the ASPIRE study. Background: OnabotulinumtoxinA has been utilized by physicians to treat spasticity associated with many neurological disorders. However, etiology-speciﬁc differences in treatment utilization and effectiveness are largely unknown. ASPIRE ﬁndings will help optimize onabotulinumtox- inA treatment in spasticity patients. Methods: An international, multicenter, prospect",Target appears localised in full proceedings text; trimming/manual review is still required.,2026-04-06T13:56:31.609090+00:00
1923,1923,Intrathecal baclofen effects in stiff person syndrome: Clinical and instrumented gait analysis,Rocha M.S.; Terzian P.R.; Ferreira R.; Majdoub A.A.; Barbosa J.; Godinho F.,conference_abstract,case_series_conference_abstract,manual_review,data\extraction_json\text\1923.json,data\extraction_json\text_trimmed\1923.json,data\extraction_json\text_trimmed\1923.json,trimmed_text,true,trimmed_auto,Proceedings detected and candidate abstract passed identity and completeness guardrails.,confirmed_full,false,45,0.6500,0.6667,0.6542,5,2179,false,false,true,trim_record_indices,true,coded_boundary,next_soft_header,0,"117 Intrathecal Baclofen Effects in Stiff Person Syndrome: Clinical and Instrumented Gait Analysis Maria Sheila Rocha, Paulo Roberto Terzian, Rodrigo Ferreira, Ahmad Ali Majdoub, Jamana Barbosa, Fabio Godinho (Sao Paulo, Brazil) Objective: To describe the effects of intrathecal baclofen (ITB) on clinical, balance and gait parameters of two Stiff Person’s patients. Background: Stiff person syndrome (SPS) is a rare progressive dis- order characterized by severe axial and/or limb rigidity, spasms, ",Trimmed proceedings text matches and appears complete.,2026-04-06T13:56:32.910321+00:00
1924,1924,Status dystonicus in a young person as an unusual presentation of stiff person syndrome: A case report,Di Luca D.G.; Bette S.; Luca C.; Singer C.,conference_abstract,single_case_conference_abstract,manual_review,data\extraction_json\text\1924.json,,data\extraction_json\text\1924.json,full_text,true,manual_review_required,Matched entry appears truncated or lacks sufficient abstract body content.,untrimmed_localised,true,58,0.6500,0.7500,0.6750,1186,683917,false,false,false,,false,,,0,"Methods: This is a case report. The patient is a 67-year-old female with a 5-year goose neck posture abnormality. Physical examination found a dystonic movement with a backward extension of the head and a forward sagittal shift of the neck that caused the chin to tend to be pushed forward. Brain and neck MRI found no abnormality. The diagno- sis was made complex cervical dystonia with goose-neck posture and botulinum neurotoxin injection indicated. Results: Under guided by ultrasound and EMG, bi",Target appears localised in full proceedings text; trimming/manual review is still required.,2026-04-06T13:56:33.536442+00:00
1931,1931,"""Stiff young woman"": Case report",Sousa M.; Varela R.; Carneiro D.; Januario C.; Morgadinho A.,conference_abstract,single_case_conference_abstract,heuristic,data\extraction_json\text\1931.json,,data\extraction_json\text\1931.json,full_text,false,not_needed,Document does not look like a large proceedings/program PDF.,untrimmed_localised,true,0,0.6575,1.0000,0.7431,5,2429,false,false,false,,false,,,0,"“Stiff Young Woman”: Case report M. Sousa, R. Varela, D. Carneiro, C. Januário, A. Morgadinho (Coimbra, Portugal) Meeting: 2018 International Congress ABSTRACT NUMBER: 733 Keywords: Dystonia: Clinical features, Stiff-person syndrome Objective: To describe a rare presentation of a young-onset Stiff Person Syndrome patient. Background: The Stiff-Person syndrome (SPS) is classically characterized by progressive stiffness with muscle spasms, involving the axial and limb muscles, and exaggerated star",Target appears localised in full proceedings text; trimming/manual review is still required.,2026-04-06T13:56:33.541556+00:00
1932,1932,An international survey of stiff person spectrum disorders: Exploring the clinical spectrum and unmet needs,Balint B.; Gatto E.; Etcheverry J.; Cesarini M.; Virginia Parisi V.; Rodriguez Violante M.; Garcia Ruiz P.; Bhatia K.,conference_abstract,group_conference_abstract,heuristic,data\extraction_json\text\1932.json,,data\extraction_json\text\1932.json,full_text,false,not_needed,Document does not look like a large proceedings/program PDF.,untrimmed_localised,true,1,0.7249,1.0000,0.7937,5,3641,false,false,false,,false,,,0,"7/2/23, 9:19 AM An international survey of stiff person spectrum disorders: Exploring the clinical spectrum and unmet needs - MDS Abstracts https://www.mdsabstracts.org/abstract/an-international-survey-of-stiff-person-spectrum-disorders-exploring-the-clinical-spectrum-and-unmet-needs/ 2/2 To cite this abstract in AMA style: B. Balint, E. Gatto, J. Etcheverry, M. Cesarini, V. Virginia Parisi, M. Rodriguez Violante, P. Garcia Ruiz, K. Bhatia. An international survey of stiff person spectrum disord",Target appears localised in full proceedings text; trimming/manual review is still required.,2026-04-06T13:56:33.548433+00:00
1937,1937,Prevalence of neurological anti-gad autoimmunity in martinique,Duclos S.; Cabre P.; Deligny C.; Signate A.,conference_abstract,group_conference_abstract,heuristic,data\extraction_json\text\1937.json,,data\extraction_json\text\1937.json,full_text,false,not_needed,Document does not look like a large proceedings/program PDF.,untrimmed_localised,true,0,0.6701,1.0000,0.7526,4,2010,false,false,false,,false,,,0,"Prevalence of Neurological Anti-GAD Autoimmunity in Martinique (4866) Sophie Duclos, Philippe Cabre, Christophe Deligny, Aissatou Signate First published April 14, 2020,  Info & Disclosures Abstract Objective: To estimate the prevalence of neurological anti-GAD autoimmunity in Martinique (French West Indies) on January 1st 2016. Background: Anti-Glutamic Acid Decarboxylase antibodies (anti-GAD abs) have been lately associated with rare heterogeneous neurological syndromes. Within anti-GAD autoi",Target appears localised in full proceedings text; trimming/manual review is still required.,2026-04-06T13:56:33.552271+00:00
1938,1938,Stiff-person spectrum disorders can be highly underdiagnosed in Russia: A retrospective analysis,Seliverstov Y.; Melnik E.; Fominykh V.; Skalnaya A.; Brylev L.,conference_abstract,group_conference_abstract,heuristic,data\extraction_json\text\1938.json,,data\extraction_json\text\1938.json,full_text,false,not_needed,Document does not look like a large proceedings/program PDF.,untrimmed_localised,true,0,0.6787,1.0000,0.7590,4,1947,false,false,false,,false,,,0,"Stiff-Person Spectrum Disorders Can Be Highly Underdiagnosed in Russia: a Retrospective Analysis (2376) Yury Seliverstov, Evgenya Melnik, Vera Fominykh, Anastasia Skalnaya, Lev Brylev First published April 14, 2020, Abstract Objective: We aimed to analyze clinical and immunologic features of a cohort of patients with stiff-person spectrum disorders (SPSD), who have been clinically managed by our group in recent years. Background: To date, the largest cohort of SPSD patients was analyzed in a wor",Target appears localised in full proceedings text; trimming/manual review is still required.,2026-04-06T13:56:33.555502+00:00
1947,1947,AN INTERESTING PRESENTATION OF STIFF-PERSON SYNDROME,Lezama K.; Hudey S.; Glaum M.,conference_abstract,single_case_conference_abstract,manual_review,data\extraction_json\text\1947.json,,data\extraction_json\text\1947.json,full_text,true,manual_review_required,Matched entry appears truncated or lacks sufficient abstract body content.,untrimmed_localised,true,0,0.6500,1.0000,0.7375,12,6322,false,false,false,,false,,,0,"M171 AN INTERESTING PRESENTATION OF STIFF-PERSON SYNDROME K. Lezama*, S. Hudey, M. Glaum, Tampa, FL. Introduction: Stiff-person syndrome (SPS) is a very rare neuro- muscular autoimmune disorder characterized by rigidity, stiffness and weakness in axial or proximal limb muscles. SPS presenting with angioedema and urticarial rash is described. Case Description: A 48-year-old male with comorbidities including hypothyroidism, Sjogren’s syndrome, type 2 diabetes, hypertension, and chronic kidney dise",Target appears localised in full proceedings text; trimming/manual review is still required.,2026-04-06T13:56:33.562379+00:00
3125,3125,Poster 258 A Novel Approach to the Treatment of Stiff-Person-Syndrome with Botulinum Toxin: A Case Report.,"Shah, Chirag D; Bunzol, Daniel",conference_abstract,single_case_conference_abstract,heuristic,data\extraction_json\text\3125.json,data\extraction_json\text_trimmed\3125.json,data\extraction_json\text_trimmed\3125.json,trimmed_text,true,trimmed_auto,Proceedings detected and candidate abstract passed identity and completeness guardrails.,confirmed_full,false,0,0.6855,1.0000,0.7641,4,1785,false,false,true,trim_record_indices,true,soft_header::author+institution+section+wrapped_title,next_soft_header,0,"Level of Evidence: Level V Poster 258 A Novel Approach to the Treatment of Stiff-Person-Syndrome with Botulinum Toxin: A Case Report Chirag D. Shah, MD, JD (Rush University Medical Center, Chicago, Illinois, United States), Daniel Bunzol, MD Disclosures: Chirag Shah: I Have No Relevant Financial Relationships To Disclose Case/Program Description: Patient is a 53-year-old man with waxing and waning symptoms of low back pain and leg cramps. Patient noted localized and symmetric stiffness in his qu",Trimmed proceedings text matches and appears complete.,2026-04-06T13:56:33.590213+00:00
5029,5029,Anti-Amphiphysin Positive Partial Stiff Person Syndrome in an Elderly Woman with a Breast Mass,"Abu El-Haija, H.; Gogia, B.; Shanina, E.; He, J.; Fang, X.; Li, X. P.",conference_abstract,single_case_conference_abstract,heuristic,data\extraction_json\text\5029.json,data\extraction_json\text_trimmed\5029.json,data\extraction_json\text_trimmed\5029.json,trimmed_text,true,header_only_source,Matched entry appears to contain header-only listing without abstract body.,header_only_source,true,28,0.8482,1.0000,0.8861,0,0,true,false,true,trim_record_indices,true,coded_boundary,next_abstract_boundary,0,"419. Anti-Amphiphysin Positive Partial Stiff Person Syndrome in an Elderly Woman with a Breast Mass Hibatullah Abu El-Haija, MD, Bhanu Gogia, MD, Elena Shanina, MD, Jing He, MD, Xiang Fang, MD, PhD, FAAN, FANA, Xiangping Li, MD, MPA. UTMB, Galveston, TX, USA.",Matched source appears to be a title/author listing without abstract body text.,2026-04-06T13:56:37.110708+00:00
5079,5079,Stiff-person syndrome positive for anti-amphyphisin antibodies: The presenting feature of a neuroendocrine lung cancer,"Andrade, K.; Carvalho, L.; Martins, A.; Barros, J.",conference_abstract,single_case_conference_abstract,manual_review,data\extraction_json\text\5079.json,,data\extraction_json\text\5079.json,full_text,true,manual_review_required,Matched entry appears truncated or lacks sufficient abstract body content.,untrimmed_localised,true,106,0.6501,1.0000,0.7376,1992,1564468,false,false,false,,false,,,0,"subjects used neuropath symptom score (NSS) test and ﬁnd- ings NSS < 2 include into this study. After measuring PFT and artery blood level we used McLean’s method for mea- suring patients’ latency of phrenic nerve and ampluted with surface electrodes. Patients, who have comorbid neuropathy, measured four extremities’ nerve transfer rate, so motor and sensory transfer were assessed. Results: Patients’ and controls’ age average 59.4 ± 7.5 and 63.5 ± 3.1 years, respectively ( P = 0.2), average dise",Target appears localised in full proceedings text; trimming/manual review is still required.,2026-04-06T13:56:38.552296+00:00
5087,5087,A CASE REPORT OF ATYPICAL STIFF PERSON SYNDROME WITH CRANIAL NERVE INVOLVEMENT PRECEEDING THE DIAGNOSIS OF A HIGH GRADE LYMPHOMA,"Aquilina, N.; Vella, M.; Debono, A. G.; Camilleri, D. J.",conference_abstract,single_case_conference_abstract,manual_review,data\extraction_json\text\5087.json,data\extraction_json\text_trimmed\5087.json,data\extraction_json\text_trimmed\5087.json,trimmed_text,true,trimmed_auto,Proceedings detected and candidate abstract passed identity and completeness guardrails.,confirmed_full,false,262,0.6935,1.0000,0.7701,0,1899,false,false,true,trim_record_indices,true,coded_boundary,next_abstract_boundary,0,"P2725 A CASE REPORT OF ATYPICAL STIFF PERSON SYNDROME WITH CRANIAL NERVE INVOLVEMENT PRECEEDING THE DIAGNOSIS OF A HIGH GRADE LYMPHOMA N. Aquilina 1, M. Vella 1, A. Galea Debono 1, D.J. Camilleri 2 1 Department of Neurology, 2 Department of Haematology, Mater Dei Hospital, Msida, Malta Stiff person syndrome (SPS) is characterised by progressive muscle rigidity and spasms primarily affecting the axial musculature and lower limbs. Paraneoplastic SPS has also been recognised, mainly associated with",Trimmed proceedings text matches and appears complete.,2026-04-06T13:56:41.076055+00:00
5158,5158,A case of Type 1 diabetes with stiff person syndrome and coeliac disease,"Behan, L. A.; O'Sullivan, E. P.; King, T. J. F.; Hardiman, O.; Agha, A.; Thompson, C. J.; Smith, D.",conference_abstract,single_case_conference_abstract,heuristic,data\extraction_json\text\5158.json,data\extraction_json\text_trimmed\5158.json,data\extraction_json\text_trimmed\5158.json,trimmed_text,true,trimmed_auto,Proceedings detected and candidate abstract passed identity and completeness guardrails.,confirmed_full,false,7,0.6779,0.8571,0.7227,3,1522,false,false,true,trim_record_indices,true,coded_boundary,next_abstract_boundary,0,"A26 A case of Type 1 diabetes with stiff person syndrome and coeliac disease LA Behan /C3, EP O’Sullivan /C3, TJF King /C3, O Hardiman w, A Agha /C3, CJ Thompson /C3and D Smith /C3 /C3Department of Diabetes and Endocrinology, Beaumont Hospital, Royal College of Surgeons of Ireland, Dublin, Ireland, wDepartment of Neurology, Beaumont Hospital, Royal College of Surgeons of Ireland, Dublin, Ireland Background: Type 1 diabetes is associated with a variety of autoimmune conditions, including both coe",Trimmed proceedings text matches and appears complete.,2026-04-06T13:56:41.472078+00:00
5212,5212,STIFF-MAN SYNDROME WITH GAD-LIKE IMMUNOREACTIVITY - RESPONSE OF A PATIENT TO PLASMAPHERESIS AND IMMUNOSUPPRESSION,"Brashear, H. R.; Phillips, L. H.",conference_abstract,single_case_conference_abstract,heuristic,data\extraction_json\text\5212.json,,data\extraction_json\text\5212.json,full_text,true,manual_review_required,Matched entry appears truncated or lacks sufficient abstract body content.,untrimmed_localised,true,0,0.6503,1.0000,0.7378,21,6028,false,false,false,,false,,,0,"L I II Sciatic Mononeuropathy during Cardiac Surgery Philip G. McManis, Rochester, MN Objective. To define the risk factors for sciatic neuropathy during cardiac surgery. Background. Sciatic nerve lesions are uncommon complica- tions of cardiac surgery, but are painful and cause long-term dis- ability when they occur. Potential causative processes are unknown. Methods. Records were reviewed for the occurrence of sciatic neuropathy in patients undergoing cardiac surgery between 1976 and 1991. Res",Target appears localised in full proceedings text; trimming/manual review is still required.,2026-04-06T13:56:41.478237+00:00
5233,5233,Familial stiff-man syndrome with GAD65 antibody,"Burns, T. M.; Jones, H. R.; Phillips, L. H.; Lennon, V. A.",conference_abstract,single_case_conference_abstract,heuristic,data\extraction_json\text\5233.json,data\extraction_json\text_trimmed\5233.json,data\extraction_json\text_trimmed\5233.json,trimmed_text,true,trimmed_auto,Proceedings detected and candidate abstract passed identity and completeness guardrails.,confirmed_full,false,1,0.6695,1.0000,0.7521,0,1437,false,false,true,trim_record_indices,true,coded_boundary,next_abstract_boundary,0,"160. Familial Stiff-Man Syndrome With GAD65 Antibody Ted M. Burns, H. Royden Jones, Lawrence H. Phillips II, and Vanda A. Lennon; Burlington, MA, Charlottesville, VA, and Rochester, MN We report on a father and daughter with stiff-man syndrome (SMS) and GAD65 antibody (Ab). The family had multiple thyrogastric autoimmune disorders; type-1 diabetes, thyroid- itis, and pernicious anemia appearing as dominant traits. The propositus had pernicious anemia and thyroiditis. At age 53 years, neurologica",Trimmed proceedings text matches and appears complete.,2026-04-06T13:56:41.551036+00:00
5265,5265,Brainstem involvement as onset of stiff limb syndrome: A case report,"Ceriani, F.; Massetto, N.; Rosci, C.; Pietrogrande, M.",conference_abstract,single_case_conference_abstract,heuristic,data\extraction_json\text\5265.json,,data\extraction_json\text\5265.json,full_text,true,manual_review_required,Matched entry appears truncated or lacks sufficient abstract body content.,untrimmed_localised,true,0,0.6500,1.0000,0.7375,9,6389,false,false,false,,false,,,0,"in his gaze palsies and axial rigidity. Symptomatic treatment of the hyperekplexia with benzodiazepines, gabapentin and leviteracetam has been successful. Conclusion: We report this unusual case (including videotaped ex- aminations demonstrating his neurological signs) of hyperekplexia, pontine signs and progressive rigidity with an unclassi ﬁed autoimmune aetiology. P738 Brainstem involvement as onset of stiff limb syndrome: A case report F. Ceriani, N. Massetto, C. Rosci, M. Pietrogrande (Mila",Target appears localised in full proceedings text; trimming/manual review is still required.,2026-04-06T13:56:41.557800+00:00
5268,5268,The treatment of Moersch-Woltman syndrome,"Cerimagic, D.; Relja, M.; Telarovic, S.; Glavic, J.; Ivankovic, M.; Bogoje, A.; Vodopic, M.; Dzamonja, G.",conference_abstract,single_case_conference_abstract,manual_review,data\extraction_json\text\5268.json,,data\extraction_json\text\5268.json,full_text,false,not_needed,Document does not look like a large proceedings/program PDF.,mismatch,true,0,0.3258,0.0000,0.2443,1,1213,false,false,false,,false,,,0,"Objectives: The authors report the efficacy of different therapeutic regimens in female patient with stiff person syndrome. It is rare disorder characterized by stiffness and spasms of truncal and extremity muscles. Materials and Methods: 44-year-old woman hospitalized because of symptoms of autonomic disfunction, paroxysmal muscle spasms and rigidity of the trunk and legs. Spasms are triggered by activity, passive movements, sensory stimuli and emotional stress. Examination eliminated the paran",Title/author alignment is too weak for a reliable proceedings match.,2026-04-06T13:56:41.560397+00:00
5270,5270,"STIFF PERSON SYNDROME, ABOUT A CASE","Chahrazed, R.",conference_abstract,single_case_conference_abstract,manual_review,data\extraction_json\text\5270.json,,data\extraction_json\text\5270.json,full_text,true,manual_review_required,Matched entry appears truncated or lacks sufficient abstract body content.,untrimmed_localised,true,21,0.6500,1.0000,0.7375,935,614157,false,false,false,,false,,,0,"ABSTRACTS 20 | WILEY & NERVE 38 STIFF PERSON SYNDROME, ABOUT A CASE Rezoug Chahrazed (Ain Beida, Algeria) INTRODUCTION/BACKGROUND: The stiff person syndrome is a rare and underestimated pathology, often mistaken for a psychiatric disease. It is a neurological autoimmune disease affecting the central nervous system related to an anomaly of the synthesis of gamma-aminobutyric acid (GABA). CASE REPORT: The patient is a 28-year-old man with no antecedents apart from being pursued in psychiatry for a",Target appears localised in full proceedings text; trimming/manual review is still required.,2026-04-06T13:56:42.062291+00:00
5283,5283,Autoantibodies to GAD and Cell Surface Determinants in Stiff Person Syndrome,"Chang, T.; Pettingill, P.; Alexopoulos, H.; Jacobson, L. W.; Brown, P.; Vincent, A.",conference_abstract,group_conference_abstract,heuristic,data\extraction_json\text\5283.json,data\extraction_json\text_trimmed\5283.json,data\extraction_json\text_trimmed\5283.json,trimmed_text,true,trimmed_auto,Proceedings detected and candidate abstract passed identity and completeness guardrails.,partial_truncated,true,0,0.6767,1.0000,0.7575,1,1636,false,false,true,trim_record_indices,false,,next_soft_header,0,"Autoantibodies to GAD and Cell Surface Determinants in Stiff Person Syndrome 7hashi Chang, Philippa Pettingill, Haris Alexopoulos, Leslie W. Jacobson, Oxford, United Kingdom, Peter Brown, London, United Kingdom, Angela Vincent, Oxford, United Kingdom OBJECTIVE: To evaluate the role of autoantibodies (Abs) and GAD- induced immunity in causing the stiff person syndrome (SPS). BACK- GROUND: SPS is a highly disabling neurological disorder of the CNS characterised by progressive muscular rigidity and",Trim does not start at a detected proceedings header.,2026-04-06T13:56:42.097278+00:00
5286,5286,Unusual case of jerking stiff person syndrome,"Chaudhary, N.; Jaiswal, S.; Murthy, J. M. K.",conference_abstract,single_case_conference_abstract,manual_review,data\extraction_json\text\5286.json,data\extraction_json\text_trimmed\5286.json,data\extraction_json\text_trimmed\5286.json,trimmed_text,true,trimmed_auto,Proceedings detected and candidate abstract passed identity and completeness guardrails.,confirmed_full,false,0,0.7065,1.0000,0.7798,2,258,false,false,true,trim_record_indices,true,coded_boundary,next_soft_header,0,"1194 Unusual case of jerking stiff person syndrome N. Chaudhary, S. Jaiswal, J.M.K. Murthy (Hyderabad, India) Objective: To study a case of stiff person syndrome with jerking and autonomic dysfunction with reference to Clinical, Neurophysio- logical characteristics. Background: A 56 yr male admitted with history of recurrent episodes of stiffness involving axial and appendicular musculature predominatly involving quadriceps. These episodes are associated with profuse sweating, transient dilatati",Trimmed proceedings text matches and appears complete.,2026-04-06T13:56:42.167059+00:00
5315,5315,Stiff-person syndrome presenting with asymmetric axial muscle spasms and hypertrophy,"Chuang, C.",conference_abstract,single_case_conference_abstract,heuristic,data\extraction_json\text\5315.json,data\extraction_json\text_trimmed\5315.json,data\extraction_json\text_trimmed\5315.json,trimmed_text,true,trimmed_auto,Proceedings detected and candidate abstract passed identity and completeness guardrails.,confirmed_full,false,0,0.7426,1.0000,0.8069,2,371,false,false,true,trim_record_indices,true,coded_boundary,next_soft_header,0,"P778 Stiff-person syndrome presenting with asymmetric axial muscle spasms and hypertrophy C. Chuang (New York, NY, USA) Objective: To describe an atypical presentation of Stiff-person syndrome. Background: Stiff-Person syndrome is a condition of continuous motor unit activity which results in symmetric axial and proximal muscle rigidity with superimposed episodic muscle spasms. The symptoms are usually responsive to benzodiazepines and other GABAergic drugs. An asymmet- POSTER SESSION 5, WEDNESD",Trimmed proceedings text matches and appears complete.,2026-04-06T13:56:42.219983+00:00
5321,5321,Rehabilitation and orthopedic management of Stiff Person syndrome,"Clairmont, A. C.; Lindberg, K. E.; Goldstein, N.",conference_abstract,single_case_conference_abstract,heuristic,data\extraction_json\text\5321.json,,data\extraction_json\text\5321.json,full_text,true,manual_review_required,Matched entry appears truncated or lacks sufficient abstract body content.,untrimmed_localised,true,0,0.6500,1.0000,0.7375,25,13244,false,false,false,,false,,,0,"throughout the lifetime cycle were signiﬁcantly lower in patients with monopolar stimulation. Conclusions: Mean lifetime of Soletra IPGs for DBS in dystonia is notably lower than the previously reported lifetime of almost iden- tical Itrel II IPGs in patients with subthalamic nucleus (STN) DBS for Parkinson’s disease (PD). This difference in IPG lifetime is pri- marily caused by a higher mean stimulation intensity and pulse width usually required for DBS of GPi and VIM in patients with dystonia,",Target appears localised in full proceedings text; trimming/manual review is still required.,2026-04-06T13:56:42.232739+00:00
5362,5362,"A double-blind, placebo-controlled, crossover trial of intravenous immunoglobin in the treatment of anti-GAD antibody-positive patients with stiff-person syndrome","Dalakas, M. C.; Fujii, M.; Lutft, B.; Khyos, J.; McElroy, B.",conference_abstract,group_conference_abstract,heuristic,data\extraction_json\text\5362.json,data\extraction_json\text_trimmed\5362.json,data\extraction_json\text_trimmed\5362.json,trimmed_text,true,trimmed_auto,Proceedings detected and candidate abstract passed identity and completeness guardrails.,confirmed_full,false,0,0.6404,0.8000,0.6803,0,675,false,false,true,trim_record_indices,true,coded_boundary,next_soft_header,0,"3. A Double-Blind, Placebo-Controlled, Crossover Trial of Intravenous Immunoglobin in the Treatment of Anti-GAD Antibody–Positive Patients With Stiff-Person Syndrome Marinos C. Dalakas, Mavis Fujii, Bashar Lutfi, Joan Khyos, and Beverly McElroy; Bethesda, MD Stiff-person syndrome (SPS) is a disabling CNS disorder characterized by muscle rigidity of truncal and proximal limb muscles with superimposed spasms. The cause is un- known, but an autoimmune pathogenesis is implicated based on the presenc",Trimmed proceedings text matches and appears complete.,2026-04-06T13:56:42.289050+00:00
5365,5365,"A Double-Blind, Placebo-Cotrolled Study of Rituximab in Patients with Stiff-Person Syndrome (SPS)","Dalakas, M. C.; Rakocevic, G.; Dambrosia, J.; McElroy, B.",conference_abstract,group_conference_abstract,heuristic,data\extraction_json\text\5365.json,,data\extraction_json\text\5365.json,full_text,true,manual_review_required,Matched entry appears truncated or lacks sufficient abstract body content.,untrimmed_localised,true,16,0.6501,1.0000,0.7376,378,362216,false,false,false,,false,,,0,"peripheral nerve. Therapies regulating TFAM would be im- portant in the treatment of diabetic neuropathy. M-67. Clinical and Electrophysiological Outcomes of Polyradiculoneuropathy in Pork Processing Workers Jennifer A. Tracy, Daniel H. Lachance, Jane E. Norell, JaNean K. Engelstad, and P. James B. Dyck; Rochester, MN Background: We previously described an autoimmune sensory-predominant polyradiculoneuropathy associated with exposure to aerosolized pig brain. Objectives: To describe clinical and",Target appears localised in full proceedings text; trimming/manual review is still required.,2026-04-06T13:56:42.697921+00:00
5371,5371,The stiff person syndrome: A single case report of almost complete recovery 12 weeks following immunomodulatory therapy with IVIG and plasmapheresis,"Dalton, C. M.; Lim, E.; Redmond, J.",conference_abstract,single_case_conference_abstract,heuristic,data\extraction_json\text\5371.json,data\extraction_json\text_trimmed\5371.json,data\extraction_json\text_trimmed\5371.json,trimmed_text,true,trimmed_auto,Proceedings detected and candidate abstract passed identity and completeness guardrails.,confirmed_full,false,0,0.6778,1.0000,0.7583,2,1331,false,false,true,trim_record_indices,true,soft_header::author+wrapped_title,next_soft_header,0,"needed to receive acute antihypertensive therapy based on treat- ment guidelines from the AHA. Labetalol resulted in a more pre- dictable reduction of BP in the acute period. The largest reductions in BP were seen with nitroprusside, hydralazine, and clonidine. Agent select did not have an effect on patient outcome; however, in patients who were treated outside the AHA guide- lines a trend towards worse outcome was observed in patients who received DHPCCB and hydralazine. Institutional treatment",Trimmed proceedings text matches and appears complete.,2026-04-06T13:56:42.732780+00:00
5398,5398,Treatment of stiff person syndrome with chronic plasmapheresis,"De la Casa-Fages, B.; Anaya, F.; Grandas, F.",conference_abstract,case_series_conference_abstract,manual_review,data\extraction_json\text\5398.json,data\extraction_json\text_trimmed\5398.json,data\extraction_json\text_trimmed\5398.json,trimmed_text,true,trimmed_auto,Proceedings detected and candidate abstract passed identity and completeness guardrails.,confirmed_full,false,37,0.6500,1.0000,0.7375,5,2236,false,false,true,trim_record_indices,true,coded_boundary,next_abstract_boundary,0,"114 Treatment of stiff person syndrome with chronic plasmapheresis B. De la Casa-Fages, F. Anaya, F. Grandas (Madrid, Spain) Objective: To report on two cases of stiff person syndrome (SPS) with clinical response to chronic plasmapheresis. Background: SPS is an autoimmune movement disorder charac- terized by muscle stiffness, rigidity and stimuli induced spasms affecting axial and proximal limb muscles. Anti-GAD antibodies are found in 60-80% of patients. EMG shows continuous motor unit ac- tivi",Trimmed proceedings text matches and appears complete.,2026-04-06T13:56:48.558831+00:00
5472,5472,HIGH AMPLITUDE F WAVES AND STIFF-PERSON SYNDROME,"Espinosa, P.; Ryan, S.",conference_abstract,single_case_conference_abstract,manual_review,data\extraction_json\text\5472.json,,data\extraction_json\text\5472.json,full_text,true,manual_review_required,No abstract block could be segmented from the proceedings text.,mismatch,true,0,0.1000,0.0000,0.0750,0,1674,false,false,false,,false,,,0,MUSCLE & NERVE October 2013 633,Title/author alignment is too weak for a reliable proceedings match.,2026-04-06T13:56:48.581870+00:00
5502,5502,"GLUTAMIC ACID DECARBOXYLASE ANTIBODY: A LINK FOR LOCALISATION RELATED EPILEPSY, STIFF-PERSON SYNDROME AND TYPE I DIABETES MELLITUS? REPORT OF TWO CASES","Barcs, G.; Szucs, A.; Kamondi, A.",conference_abstract,case_series_conference_abstract,manual_review,data\extraction_json\text\5502.json,,data\extraction_json\text\5502.json,full_text,true,manual_review_required,Matched entry appears truncated or lacks sufficient abstract body content.,untrimmed_localised,true,150,0.6502,1.0000,0.7377,1771,1666236,false,false,false,,false,,,0,"decision as to whether to change treatment. We have designed a decision support intervention, an ‘option grid’, to aid this process. Method: We identified relevant options and answers to frequently- asked questions using the 2012 NICE guidelines, literature reviews and emailed consultations with experts in the field, so gaining maximum clin- ical consensus. Having developed an evidence document and drafted the ‘option grid ’, we refined this further through consultation with local healthcare wor",Target appears localised in full proceedings text; trimming/manual review is still required.,2026-04-06T13:56:50.135792+00:00
5535,5535,STIFF PERSON SYNDROME IN ASSOCIATION WITH NONPARANEOPLASTIC LIMBIC ENCEPHALITIS,"Franke, K.; Schulz, R.; Hoppe, M.; Korn-Merker, E.; Specht, U.; Ebner, A.",conference_abstract,single_case_conference_abstract,manual_review,data\extraction_json\text\5535.json,data\extraction_json\text_trimmed\5535.json,data\extraction_json\text_trimmed\5535.json,trimmed_text,true,trimmed_auto,Proceedings detected and candidate abstract passed identity and completeness guardrails.,confirmed_full,false,155,0.6500,1.0000,0.7375,2,967,false,false,true,trim_record_indices,true,coded_boundary,next_soft_header,0,"E400 STIFF PERSON SYNDROME IN ASSOCIATION WITH NONPARANEOPLASTIC LIMBIC ENCEPHALITIS K. Franke, R. Schulz, M. Hoppe, E. Korn-Merker, U. Specht, and A. Ebner Bethel Epilepsy Center, Mara Hospital, Maraweg 21, Bielefeld, Germany Purpose: Stiff person syndrome (SPS) is a rare neurological condition characterized by muscle stiffness, rigidity and painful spasms that occurs as a paraneoplastic, autoimmune or idiopathic variant. The autoimmune variant is known to occur in conjunction with other autoim",Trimmed proceedings text matches and appears complete.,2026-04-06T13:56:54.070931+00:00
5537,5537,"CO-EMERGENT TRIAD OF EPILEPSY, MYASTHENIA GRAVIS AND STIFF-PERSON SYNDROME","Frawley, B. K.; Ritaccio, A.; Gruenthal, M.; Lava, N.; Murnane, M.; Lynch, T. M.",conference_abstract,single_case_conference_abstract,manual_review,data\extraction_json\text\5537.json,data\extraction_json\text_trimmed\5537.json,data\extraction_json\text_trimmed\5537.json,trimmed_text,true,trimmed_auto,Proceedings detected and candidate abstract passed identity and completeness guardrails.,confirmed_full,false,38,0.5943,1.0000,0.6957,2,917,false,false,true,trim_record_indices,true,soft_header::author+institution+uppercase_title,next_soft_header,0,"CO-EMERGENT TRIAD OF EPILEPSY, MYASTHENIA GRA VIS AND STIFF-PERSON SYNDROME Bridget K. Frawley∗, A. Ritaccio∗, M. Gruenthal∗, N. Lava†,M . Murnane∗ and T. M. Lynch∗ ∗Neurology, Albany Medical Center, Albany, NY and†Neurology, Emory University, Atlanta, GA Rationale: We report a healthy 44 year old woman with the simultaneous onset of localization-related epilepsy, ocular myasthenia and characteris- tic axial muscle contractions consistent with stiff person syndrome (SPS) within one calendar year",Trimmed proceedings text matches and appears complete.,2026-04-06T13:57:01.916415+00:00
5552,5552,"Stiff-person syndrome associated with invasive thymoma, pemphigus and myasthenia gravis: a case report","Gao, X.; Zheng, X.; Li, H.",conference_abstract,single_case_conference_abstract,manual_review,data\extraction_json\text\5552.json,data\extraction_json\text_trimmed\5552.json,data\extraction_json\text_trimmed\5552.json,trimmed_text,true,trimmed_auto,Proceedings detected and candidate abstract passed identity and completeness guardrails.,confirmed_full,false,295,0.6500,1.0000,0.7375,2,1657,false,false,true,trim_record_indices,true,coded_boundary,next_soft_header,0,"P1790 Stiff-person syndrome associated with invasive thymoma, pemphigus and myasthenia gravis: a case report X. Gao, X. Zheng, H. Li Neurology, Affiliated Hospital of Medical College, Qingdao University, Qingdao, China Case report: A 57-year-old woman has suffered from weakness of four limbs for 1 year and stiffness and rigidity of her lower limbs for 11 years before presenting to us. The rigidity was relieved by sleeping, relaxation, and oral clonazepam treatment. Repetitive nerve stimulation r",Trimmed proceedings text matches and appears complete.,2026-04-06T13:57:05.291244+00:00
5554,5554,Rituximab in stiff person syndrome,"Garcia-Ruiz, P. J.; del Val, J.; Herranz, A.; Bellido, S.; Aranda, M. A.",conference_abstract,single_case_conference_abstract,manual_review,data\extraction_json\text\5554.json,,data\extraction_json\text\5554.json,full_text,true,manual_review_required,Matched entry appears truncated or lacks sufficient abstract body content.,untrimmed_localised,true,422,0.6502,1.0000,0.7376,8065,3590006,false,false,false,,false,,,0,"27 placebo, 27 droxidopa) vs a 0.85-unit difference favoring droxi- dopa for patients not taking DDIs (n 542; 22 placebo, 20 droxidopa). When both datasets were combined, droxidopa-treated patients taking concomitant DDIs showed numerical, but not statistically signiﬁcant, improvements in OHQ compared with placebo-treated patients, whereas droxidopa signiﬁcantly improved OHQ in those not taking DDIs. Limitations of this analysis include the relatively small number of patients in each sub-group, ",Target appears localised in full proceedings text; trimming/manual review is still required.,2026-04-06T13:57:08.607096+00:00
5573,5573,Long-term kinetics of anti-GAD65 antibody suppression by intravenous gamma globulin in stiff person syndrome,"George, E. B.; Mohamed, M. S.",conference_abstract,single_case_conference_abstract,manual_review,data\extraction_json\text\5573.json,data\extraction_json\text_trimmed\5573.json,data\extraction_json\text_trimmed\5573.json,trimmed_text,true,trimmed_auto,Proceedings detected and candidate abstract passed identity and completeness guardrails.,confirmed_full,false,0,0.7132,1.0000,0.7849,2,731,false,false,true,trim_record_indices,true,coded_boundary,next_soft_header,0,"P758 Long-term kinetics of anti-GAD65 antibody suppression by intravenous gamma globulin in stiff person syndrome E. B. George, M. S. Mohamed (Detroit, MI, USA) Objective: Treatment with intravenous gamma globulin (IVIg) has been reported to be of benefit in some cases of Stiff Person Syndrome. 1, 2 To assess the effectiveness of this treatment, we monitored the kinetics of glutamic acid decarboxylase antibody (anti-GAD65 antibody) suppression after treatment in a patient with high antibody tite",Trimmed proceedings text matches and appears complete.,2026-04-06T13:57:08.638286+00:00
5600,5600,Dysfunction of cortical inhibitory circuits in stiff-man syndrome,"Kim, S. D.; Vucic, S.; Kiernan, M. C.; Fung, V. S. C.",conference_abstract,single_case_conference_abstract,heuristic,data\extraction_json\text\5600.json,data\extraction_json\text_trimmed\5600.json,data\extraction_json\text_trimmed\5600.json,trimmed_text,true,trimmed_auto,Proceedings detected and candidate abstract passed identity and completeness guardrails.,confirmed_full,false,0,0.6500,1.0000,0.7375,3,1268,false,false,true,trim_record_indices,true,coded_boundary,next_soft_header,0,"98 Dysfunction of cortical inhibitory circuits in stiff-man syndrome S.D. Kim, S. Vucic, M.C. Kiernan, V.S.C. Fung (Sydney, New South Wales, Australia) Objective: To assess the pathophysiological mechanism underly- ing clinical features in Stiff man syndrome (SMS) using novel threshold tracking TMS techniques. Background: SMS is a rare autoimmune disorder characterised by persistent stiffness with superimposed episodic muscle spasms. Although dysfunction of GABA-ergic inhibitory circuits have be",Trimmed proceedings text matches and appears complete.,2026-04-06T13:57:08.672022+00:00
5631,5631,Severe worsening of the stiff person syndrome due to acute gastroenteritis,"Kramberger, M. G.; Avbersek, A.; Fabjan, T. H.",conference_abstract,single_case_conference_abstract,manual_review,data\extraction_json\text\5631.json,,data\extraction_json\text\5631.json,full_text,true,manual_review_required,Matched entry appears truncated or lacks sufficient abstract body content.,untrimmed_localised,true,97,0.6500,0.6667,0.6542,1689,1162847,false,false,false,,false,,,0,"P2289 Severe worsening of the stiff person syndrome due to acute gastroenteritis M. G. Kramberger 1, A. Avber šek 2, T. Hojs Fabjan 3 1Neurology Hospital, University Medical Centre Ljubljana, Ljubljana, 2Neurology Department, University Medical Centre Maribor, 3Neurology Department, University Medical Centre Maribor, Maribor, Slovenia Stiff-person syndrome (SPS) is a rare disorder characterized by progressive rigidity of the axial muscles with superimposed painful spasms precipitated by tactile ",Target appears localised in full proceedings text; trimming/manual review is still required.,2026-04-06T13:57:09.786913+00:00
5647,5647,Stiff-Person syndrome and ophthalmoplegia associated with thymoma,"Lai, E. C.; Linfante, I.; Lee, A. G.",conference_abstract,single_case_conference_abstract,heuristic,data\extraction_json\text\5647.json,data\extraction_json\text_trimmed\5647.json,data\extraction_json\text_trimmed\5647.json,trimmed_text,true,trimmed_auto,Proceedings detected and candidate abstract passed identity and completeness guardrails.,confirmed_full,false,45,0.7476,1.0000,0.8107,0,645,false,false,true,trim_record_indices,true,coded_boundary,next_soft_header,0,"T178. Stiff-Person Syndrome and Ophthalmoplegia Associated with Thymoma Eugene C. Lai, I. Linfante, and A. G. Lee; Houston, TX We report the clinical presentation, antibody production, and symptom improvement after treatment of a unique case of paraneoplastic syndrome associated with thymoma. We followed the clinical course of a previously healthy 44-year- old Caucasian woman for 6 months. She presented with sub-",Trimmed proceedings text matches and appears complete.,2026-04-06T13:57:11.050920+00:00
5803,5803,A CASE OF UNDIAGNOSED STIFF-PERSON SYNDROME REQUIRING MECHANICAL VENTILATORY SUPPORT,"Mayer, N.; Kretzer, A.; John, S.; Bleck, T.; Garg, R.",conference_abstract,single_case_conference_abstract,heuristic,data\extraction_json\text\5803.json,,data\extraction_json\text\5803.json,full_text,false,not_needed,Document does not look like a large proceedings/program PDF.,untrimmed_localised,true,0,0.6697,1.0000,0.7523,1,2742,false,false,false,,false,,,0,"POSTER: ABSTRACT ONLY A CASE OF UNDIAGNOSED STIFF-PERSON SYNDROME REQUIRING MECHANICAL VENTILATORY SUPPORT Mayer, Neil; Kretzer, Adam; John, Sayona; Bleck, Thomas; Garg, Rajeev Author Information Critical Care Medicine 40(12):p 1-328, December 2012. | DOI: 10.1097/01.ccm.0000425359.78888.40 Metrics Abstract Case Reports: We present a case of undiagnosed Stiff-Person Syndrome (SPS) requiring mechanical ventilation due to high dose sedatives for antispasticity therapy. A 38 year-old women was tran",Target appears localised in full proceedings text; trimming/manual review is still required.,2026-04-06T13:57:11.077842+00:00
5808,5808,"SEVERE, PROLONGED BACLOFEN WITHDRAWAL FOLLOWING A SECOND CATHETER FAILURE IN A PATIENT WITH STIFF-PERSON SYNDROME","McDaniel, C.",conference_abstract,single_case_conference_abstract,heuristic,data\extraction_json\text\5808.json,,data\extraction_json\text\5808.json,full_text,true,manual_review_required,Matched entry appears truncated or lacks sufficient abstract body content.,untrimmed_localised,true,0,0.6514,1.0000,0.7385,1,8166,false,false,false,,false,,,0,"Clinical Importance The purpose of this case report is to highlight potential complications associated with intrathecal baclofen (ITB) administration in a patient with Stiff Person Syndrome (SPS) Patient Case HPI : A 54-year old female presented with high fevers and mental status changes attributed to urosepsis. PMH : SPS (anti-GAD 65 Ab+) diagnosed 2004, ITB pump placed 2004, rhabdomyolysis and baclofen pump failure (kinked tubing) 7/2009 SH : Resides in SNF , full assist with all ADLs, power w",Target appears localised in full proceedings text; trimming/manual review is still required.,2026-04-06T13:57:11.102771+00:00
5839,5839,Stiff person syndrome as the initial manifestation of systemic lupus erythematosus-case report,"Munhoz, R. P.; Moscovich, M. M.; Fameli, H.; Filla, L.; Teive, H.",conference_abstract,single_case_conference_abstract,heuristic,data\extraction_json\text\5839.json,data\extraction_json\text_trimmed\5839.json,data\extraction_json\text_trimmed\5839.json,trimmed_text,true,header_only_source,Matched entry appears to contain header-only listing without abstract body.,mismatch,true,16,0.5200,0.0000,0.3900,0,179,true,false,true,trim_record_indices,true,coded_boundary,next_soft_header,0,"7. Brunberg JA, Jacquemont S, Hagerman RJ, et al. Fragile X premutation carriers: characteristic MR imaging ﬁndings of adult male patients with progressive cerebellar and cognitive dysfunction. Am J Neuroradiol 2002;23:1757–1766. Stiff Person Syndrome as the Initial Manifestation of Systemic Lupus Erythematosus Stiff person syndrome (SPS) is a rare neurological disorder characterized by the presence of ﬂuctuating muscle rigidity and spasms of the trunk and proximal body parts.",Title/author alignment is too weak for a reliable proceedings match.,2026-04-06T13:57:11.372000+00:00
5884,5884,Unable to Relax: A Case of Stiff Person Syndrome,"Ning, W.; Iantorno, S.; Zhong, C.; Li, S.",conference_abstract,single_case_conference_abstract,heuristic,data\extraction_json\text\5884.json,data\extraction_json\text_trimmed\5884.json,data\extraction_json\text_trimmed\5884.json,trimmed_text,true,header_only_source,Matched entry appears to contain header-only listing without abstract body.,header_only_source,true,0,0.8067,0.7500,0.7925,0,0,true,false,true,exact_footer_filtered_subsequence,true,coded_boundary,next_abstract_boundary,0,"D48 CRITICAL CARE CASE REPORTS: NEUROCRITICAL CARE, SEDATION, AND DELIRIUM / Thematic Poster Session Unable to Relax: A Case of Stiff Person Syndrome W. Ning 1 , S. Iantorno",Matched source appears to be a title/author listing without abstract body text.,2026-04-06T13:57:11.386499+00:00
5963,5963,"UNUSUAL ELECTROMYOGRAPHIC FINDINGS IN A PATIENT WITH PRESUMPTIVE HASHIMOTO'S THYROIDITIS, STIFF-PERSON SYNDROME, AND HERPES ZOSTER MYELORADICULITIS","Ha, J.; Gorin, F.; Zhang, L.; Oskarsson, B.; Maselli, R.",conference_abstract,single_case_conference_abstract,manual_review,data\extraction_json\text\5963.json,data\extraction_json\text_trimmed\5963.json,data\extraction_json\text_trimmed\5963.json,trimmed_text,true,trimmed_auto,Proceedings detected and candidate abstract passed identity and completeness guardrails.,confirmed_full,false,55,0.7804,1.0000,0.8353,2,231,false,false,true,trim_record_indices,true,coded_boundary,next_soft_header,0,"113 UNUSUAL ELECTROMYOGRAPHIC FINDINGS IN A PATIENT WITH PRESUMPTIVE HASHIMOTO’S THYROIDITIS, STIFF-PERSON SYNDROME, AND HERPES ZOSTER MYELORADICULITIS James Ha, Fredric Gorin, Lin Zhang, Bjorn Oskarsson, Ricardo Maselli (Sacramento, CA) INTRODUCTION: A 59-year-old woman presented with progressive gait difficulty, stiffness and spasms of the left foot, and zoster lesions on the buttocks. OBJECTIVE: To describe the unusual combination of",Trimmed proceedings text matches and appears complete.,2026-04-06T13:57:12.946230+00:00
5970,5970,DON'T CALL THE PSYCHIATRIST JUST YET; A CASE REPORT OF STIFF-PERSON SYNDROME,"Hallak, A.; Hazam, R.; Amin, M. K.; Alhbshi, K.; Islam, S.; Saadaldin, M.",conference_abstract,single_case_conference_abstract,manual_review,data\extraction_json\text\5970.json,data\extraction_json\text_trimmed\5970.json,data\extraction_json\text_trimmed\5970.json,trimmed_text,true,trimmed_auto,Proceedings detected and candidate abstract passed identity and completeness guardrails.,confirmed_full,false,447,0.5856,1.0000,0.6892,1,1563,false,false,true,trim_record_indices,true,soft_header::author+institution,next_soft_header,0,"vital for internists to have a broader understanding of the epidemiology and background of patients, in order to have a high clinical suspicion in uncommon diseases. DON'T CALL THE PSYCHIATRIST JUST YET; A CASE RE- PORT OF STIFF-PERSON SYNDROME Ahmad Hallak 1; Randa Hazam 2; Muhammad Kashif Amin 1; Khaled Alhbshi1; Sheikh Islam1; Mazin Saadaldin3 1Internal Medicine, Texas Tech University Health Sciences, Amarillo, TX; 2Internal medicine, Ttuhsc, Amarillo, TX; 3internal medicine, NWTHS, TTUHSC, A",Trimmed proceedings text matches and appears complete.,2026-04-06T13:57:25.182025+00:00
6021,6021,Paraneoplastic stiff-person syndrome and anti-Ri antibodies in metastatic breast cancer,"Hoffmann, L. A.; Ditsch, N.; Kuempfel, T.; Dudel, C.; Wick, M.; Voltz, R.",conference_abstract,single_case_conference_abstract,manual_review,data\extraction_json\text\6021.json,data\extraction_json\text_trimmed\6021.json,data\extraction_json\text_trimmed\6021.json,trimmed_text,true,trimmed_auto,Proceedings detected and candidate abstract passed identity and completeness guardrails.,confirmed_full,false,7,0.6500,0.0000,0.4875,1,1692,false,false,true,trim_record_indices,true,coded_boundary,next_soft_header,0,"O46 Paraneoplastic stiff-person syndrome and anti-Ri antibodies in metastatic breast cancer L .A .H o f f m a n n ,N .D i t s c h ,T .K u e m p f e l ,C .D u d e l ,M .W i c k ,R .V o l t z Ludwig Maximilians University (Munich, DE); University Hospital (Cologne, DE) Objectives: W e describe a patient with the unusual combination of parane- oplastic Stiff Person Syndrome (SPS), breast cancer and anti-Ri antibodies, to our knowledge for the first time Patients and methods: A 43-year-old saleswoma",Trimmed proceedings text matches and appears complete.,2026-04-06T13:57:29.665636+00:00
6060,6060,"Glycine Receptor Antibodies in Immune-Mediated Movement Disorders: Progressive Encephalomyelitis with Rigidity and Myoclonus, Opsoclonus-Myoclonus Syndrome, and Ocular Flutter Syndrome","Iizuka, T.; Urano, Y.; Miyakawa, S.; Hamada, J.; Leite, M. I.; Vincent, A.; Sakai, F.; Mochizuki, H.",conference_abstract,single_case_conference_abstract,heuristic,data\extraction_json\text\6060.json,data\extraction_json\text_trimmed\6060.json,data\extraction_json\text_trimmed\6060.json,trimmed_text,true,trimmed_auto,Proceedings detected and candidate abstract passed identity and completeness guardrails.,partial_truncated,true,0,0.7039,1.0000,0.7779,1,2385,false,false,true,trim_record_indices,false,,next_soft_header,0,"Glycine Receptor Antibodies in Immune-Mediated Movement Disorders: Progressive Encephalomyelitis with Rigidity and Myoclonus, Opsoclonus-Myoclonus Syndrome, and Ocular Flutter Syndrome Takahiro Iizuka, Yoshiaki Urano, Saori Miyakawa, Junichi Hamada, Sagamihara, Japan, Maria I. Leite, Angela Vincent, Oxford, United Kingdom, Fumihiko Sakai, Hideki Mochizuki, Sagamihara, Japan OBJECTIVE: To look for glycine receptor antibodies (GlyR-Abs) in three patients with distinct immune-mediated movement diso",Trim does not start at a detected proceedings header.,2026-04-06T13:57:29.724582+00:00
6089,6089,STIFF-LIMB SYNDROME WITH IDENTIFICATION OF GLUTAMIC ACID ANTIDECARBOXYLASE ANTIBODY GAD65: A CASE REPORT,"Jaramillo, N.; Pena, C.",conference_abstract,single_case_conference_abstract,manual_review,data\extraction_json\text\6089.json,,data\extraction_json\text\6089.json,full_text,true,manual_review_required,Matched entry appears truncated or lacks sufficient abstract body content.,untrimmed_localised,true,34,0.6658,1.0000,0.7493,808,519716,false,false,false,,false,,,0,"Abstracts MUSCLE & NERVE | October 2020 61 RESULTS OF A NOVEL DIGITAL CURRICULUM IN EMG/NCS FOR NEUROLOGY RESIDENTS Jory Liang (Slatersville, RI), Preston Douglas (Narragansett, RI), George Sachs (Providence, RI), Kara Stavros (Providence, RI) INTRODUCTION: Residents have limited time to engage in each subspecialty field during training, making it important to maximize the educational yield of a NCS/needle EMG rotation. Few published curricula address the challenges of providing a structured lea",Target appears localised in full proceedings text; trimming/manual review is still required.,2026-04-06T13:57:30.165873+00:00
6128,6128,"Rituximab therapy in a patient with recurrent Hashimoto's encephalitis, anti-GAD antibodies and progressive encephalomyelitis with rigidity and myoclonus","Kassar, D.; Damodaram, S.; Chand, P.; Iyadurai, S.",conference_abstract,single_case_conference_abstract,manual_review,data\extraction_json\text\6128.json,data\extraction_json\text_trimmed\6128.json,data\extraction_json\text_trimmed\6128.json,trimmed_text,true,trimmed_auto,Proceedings detected and candidate abstract passed identity and completeness guardrails.,confirmed_full,false,93,0.7244,1.0000,0.7933,3,511,false,false,true,trim_record_indices,true,coded_boundary,next_soft_header,0,"P423 Rituximab therapy in a patient with recurrent Hashimoto’s encephalitis, anti-GAD antibodies and progressive encephalomyelitis with rigidity and myoclonus D. Kassar, S. Damodaram, P. Chand, S. Iyadurai Saint Louis University (St. Louis, US) Objective: To report the results of therapy with Rituximab in a patient with recurrent HE, anti-GAD antibodies and PERM. Background: HE is a rare autoimmune disease with recurrent neurologic and psychiatric features. PERM is a rare disorder char- acterize",Trimmed proceedings text matches and appears complete.,2026-04-06T13:57:33.927617+00:00
6141,6141,Patient with stiff-person syndrome and negative anti-GAD antibodies,"Petelin, Z.; Brinar, V.; Honnorat, J.; Budisic, Z.; Podolski, P.",conference_abstract,single_case_conference_abstract,manual_review,data\extraction_json\text\6141.json,data\extraction_json\text_trimmed\6141.json,data\extraction_json\text_trimmed\6141.json,trimmed_text,true,header_only_source,Matched entry appears to contain header-only listing without abstract body.,header_only_source,true,137,0.7275,0.0000,0.5456,0,220,true,false,true,trim_record_indices,true,coded_boundary,next_soft_header,0,"P548 Patient with stiff-person syndrome and negative anti-GAD antibodies Z .P e t e l i n ,V .B r i n a r ,J .H o n n o r a t ,Z .B u d i s i c ,P .P o d o l s k i University Hospital Centre (Zagreb, HR); INSERM, Institut Fédératif des Neurosciences (Lyon, FR) Stiff person syndrome is a rare disorder of the central nervous system (CNS) characterized by progressive rigidity and painful episodic spasms which are most prominently affecting paravertebral muscles and proximal limb mus- cles. Accordin",Matched source appears to be a title/author listing without abstract body text.,2026-04-06T13:57:38.344321+00:00
6204,6204,Stiff Main syndrome good outcome after methylprednisolone pulse,"Rafai, M. A.; Oumari, S.; Boulaajaj, F. Z.; El Moutawakkil, B.; Slassi, I.",conference_abstract,single_case_conference_abstract,manual_review,data\extraction_json\text\6204.json,data\extraction_json\text_trimmed\6204.json,data\extraction_json\text_trimmed\6204.json,trimmed_text,true,trimmed_auto,Proceedings detected and candidate abstract passed identity and completeness guardrails.,confirmed_full,false,452,0.5687,1.0000,0.6766,6,1249,false,false,true,trim_record_indices,true,soft_header::author+section+wrapped_title,next_soft_header,0,"During the 1-year trial period, adverse events were observed in 56.6% of patients. None of the patients had positive antibody titer tested in the mouse diaphragm assay. Conclusions: NT 201 was effective and well tolerated following 1-year repeated treatments with a median dose of 400 units in patients with post-stroke spasticity of the upper limb. Tu-425 Stiff Man syndrome good outcome after methylprednisolone pulse M.A. Rafai, S. Oumari, F.Z. Boulaajaj, B. El Moutawakkil, I. Slassi (Casablanca,",Trimmed proceedings text matches and appears complete.,2026-04-06T13:57:48.260438+00:00
6219,6219,Visual-induced startle reactions in a patient with stiff limb syndrome,"Schestatsky, P.; Pizzol, A. D.; Cabral, L.; Schuh, A. S.; Roriz-Cruz, M.; Batistela, F.; Monte, T. L.; Bianchin, M. M.; Rieder, C. R. M.",conference_abstract,single_case_conference_abstract,manual_review,data\extraction_json\text\6219.json,,data\extraction_json\text\6219.json,full_text,true,manual_review_required,Matched entry appears truncated or lacks sufficient abstract body content.,untrimmed_localised,true,343,0.6504,1.0000,0.7378,5337,2550587,false,false,false,,false,,,0,"Results: The spasticity (primarily as a sequel of cerebral palsy and stroke) was the most frequent therapeutic indication of BT treatment, followed by hemifacial spasm. Other clinical conditions, such as idi- opathic hyperhidrosis, blefarospasm and other various forms of disto- nias, were also found. For the vast majority of patients treated, the primary beneﬁts were achieved, surpassing the possible side effects. Conclusions: The BT demonstrates present safety and efﬁcacy in various neurologica",Target appears localised in full proceedings text; trimming/manual review is still required.,2026-04-06T13:57:50.683712+00:00
6257,6257,Stiff person syndrome (SPS): A pediatric case report,"Shah, N. S.; Hahn, A.; Banwell, B.",conference_abstract,single_case_conference_abstract,heuristic,data\extraction_json\text\6257.json,data\extraction_json\text_trimmed\6257.json,data\extraction_json\text_trimmed\6257.json,trimmed_text,true,trimmed_auto,Proceedings detected and candidate abstract passed identity and completeness guardrails.,confirmed_full,false,0,0.6500,1.0000,0.7375,1,872,false,false,true,trim_record_indices,true,coded_boundary,next_soft_header,0,"P-459 Stiff Person Syndrome (SPS): A Pediatric Case Report N.S. Shah .1 , A. Hahn 2, B. Banwell 1. 1Toronto, Canada; 2London, Canada Introduction: SPS is a rare disorder characterized by fluctuating muscle rigidity and spasms. Most patients present in adulthood. We report a case with onset at 8 years, review of reported pediatric cases, and discuss various therapeutic modalities. Clinical evulation: A previously healthy, athletic 8 year old girl had onset of severe episodes of pain in lower back",Trimmed proceedings text matches and appears complete.,2026-04-06T13:57:50.773694+00:00
6268,6268,Quantitative analysis of the silent period in the stiff-person syndrome,"Shatzel, A. J.; Fenton, G.; Maselli, R. A.",conference_abstract,single_case_conference_abstract,manual_review,data\extraction_json\text\6268.json,,data\extraction_json\text\6268.json,full_text,false,not_needed,Document does not look like a large proceedings/program PDF.,untrimmed_localised,true,17,0.6781,1.0000,0.7586,5,1425,false,false,false,,false,,,0,"QUANTITATIVE ANALYSIS OF THE SILENT PERIOD IN THE STIFF-PERSON SYNDROME A. J. Shatzel; G. Fenton; R. A. Maselli (Sacramento, CA) Introduction: The electrodiagnostic features of the stiffperson syndrome are incompletely characterized. Objective: To define the electrodiagnostic features of the stiff-person syndrome. Methods: Electrodiagnostic study with measurement of the onset of electromyographic (EMG) activity following the H reflex in the tibial and femoral nerves. Results: The authors studied",Target appears localised in full proceedings text; trimming/manual review is still required.,2026-04-06T13:57:50.776868+00:00
6271,6271,Dementia in elderly male with Stiff man syndrome,"Sheyner, I.; Cutillar, M.",conference_abstract,single_case_conference_abstract,manual_review,data\extraction_json\text\6271.json,data\extraction_json\text_trimmed\6271.json,data\extraction_json\text_trimmed\6271.json,trimmed_text,true,trimmed_auto,Proceedings detected and candidate abstract passed identity and completeness guardrails.,confirmed_full,false,116,0.6500,1.0000,0.7375,0,893,false,false,true,trim_record_indices,true,coded_boundary,next_soft_header,0,"C14 Dementia in elderly male with Stiff Man Syndrome. I. Sheyner,M .Cutillar. Internal Medicine, University of South Florida, Tampa, FL. Abstract: We are presenting the case of a 75 year old male undergoing long term care in the nursing home with a past medical history of Stiffman syndrome diagnosed seventeen years ago. Diagnosis was based on clinical observation and had recently been confirmed by a positive anti-glutamic acid decarboxylase antibody. On admission, the chief complaint was stiffne",Trimmed proceedings text matches and appears complete.,2026-04-06T13:57:54.028960+00:00
6278,6278,Unusual Presentation of Paraneoplastic Stiff-Person Syndrome with Underlying Breast Cancer,"Shrestha, A.; Mihalova, T.; Burns, D.; Jennens, H.; Etti, R.",conference_abstract,single_case_conference_abstract,manual_review,data\extraction_json\text\6278.json,data\extraction_json\text_trimmed\6278.json,data\extraction_json\text_trimmed\6278.json,trimmed_text,true,trimmed_auto,Proceedings detected and candidate abstract passed identity and completeness guardrails.,confirmed_full,false,116,0.6500,1.0000,0.7375,0,1161,false,false,true,trim_record_indices,true,coded_boundary,next_soft_header,0,"T1830. Unusual Presentation of Paraneoplastic Stiff- Person Syndrome with Underlying Breast Cancer Alvin Shrestha, T atiana Mihalova, Daniel Burns, Hannah Jennens and Roland Etti; Birmingham, West Midlands, United Kingdom A 46 year old lady presented to the Neurologists with con- stant itching and burning sensation of the left arm followed by the right. An MRI of the head and neck and nerve con- duction study was normal. Five months later, she developed persistent stiffness of the neck and shoul",Trimmed proceedings text matches and appears complete.,2026-04-06T13:57:55.790440+00:00
6413,6413,Stiff person plus syndrome and voltage gated potassium channel antibody associated cognitive impairment: New evidence for an association?,"McGuigan, C.; Buckley, C.; Chang, T.; Vincent, A.; Everitt, E.",conference_abstract,single_case_conference_abstract,manual_review,data\extraction_json\text\6413.json,,data\extraction_json\text\6413.json,full_text,false,not_needed,Document does not look like a large proceedings/program PDF.,untrimmed_localised,true,0,0.7004,1.0000,0.7753,0,1410,false,false,false,,false,,,0,"021 Stiff person plus syndrome and voltage gated potassium channel antibody associated cognitive impairment: new evidence for an association? C. McGuigan, C. Buckley, T. Chang, A. Vincent, E. Everitt. Department of Neurology, St. Mary's Hospital, Praed Street, London, UK; Department of Neuroimmunology, University of Oxford, Oxford, UK; John Radcliffe Hospital, Oxford, UK A 29‐year‐old African man was referred with a 3‐year history of nocturnal tonic‐ clonic seizures. Three months prior to presen",Target appears localised in full proceedings text; trimming/manual review is still required.,2026-04-06T13:57:55.794386+00:00
6442,6442,Absence of cutaneous silent period changes in a patient with stiff person syndrome,"Mekideche, A.; Kuzmanovic, I.; Sottas, C.; Truffert, A.",conference_abstract,single_case_conference_abstract,manual_review,data\extraction_json\text\6442.json,,data\extraction_json\text\6442.json,full_text,true,manual_review_required,Matched entry appears truncated or lacks sufficient abstract body content.,untrimmed_localised,true,123,0.6502,1.0000,0.7377,2851,1983135,false,false,false,,false,,,0,"Results: The latencies of SSRs recorded from palm (median) and sole (tibial) of KS patients were not statistically different from control subjects (P = 0.482, P = 0.435, respectively). Additionally the mean amplitude of SSR recorded from palm and sole were not statistically different from control subjects (P = 0.571, P = 0.053). The RRIVs obtained from Acromegalics at rest and during hyperventilation were signiﬁcantly increased from control group (P \ 0.001, P \ 0.001). Conclusion: In conclusion",Target appears localised in full proceedings text; trimming/manual review is still required.,2026-04-06T13:57:57.487080+00:00
6444,6444,Clinical spectrum of stiff person syndrome associated with glutamic acid decarboxylase antibodies,"Memon, A.; Rathnam, A.; Zaman, I.; Sripathi, N.",conference_abstract,group_conference_abstract,heuristic,data\extraction_json\text\6444.json,,data\extraction_json\text\6444.json,full_text,false,not_needed,Document does not look like a large proceedings/program PDF.,untrimmed_localised,true,0,0.6851,1.0000,0.7638,4,1672,false,false,false,,false,,,0,"Clinical spectrum of stiff person syndrome associated with glutamic acid decarboxylase antibodies (5570) Anza Memon, Anirudha Rathnam, Iram Zaman, Naganand Sripathi First published April 14, 2020, Abstract Objective: The aim of this study was to examine the clinical characteristics and associated diagnosis of the SPS. Background: Stiff person syndrome (SPS) is an immune-mediated neurological disorder that can cause rigidity of the axial and limb muscles. About 80% of patient with SPS have had hi",Target appears localised in full proceedings text; trimming/manual review is still required.,2026-04-06T13:57:57.491509+00:00
6452,6452,SILENT MULTILEVEL VERTEBRAL FRACTURES IN A SEVERE CASE OF GLYCINE RECEPTOR ANTIBODY-POSITIVE PROGRESSIVE ENCEPHALOMYELITIS WITH RIGIDITY AND MYOCLONUS (PERM),"Min, M.; Liu, H.; Silberstein, P.",conference_abstract,single_case_conference_abstract,manual_review,data\extraction_json\text\6452.json,data\extraction_json\text_trimmed\6452.json,data\extraction_json\text_trimmed\6452.json,trimmed_text,true,trimmed_auto,Proceedings detected and candidate abstract passed identity and completeness guardrails.,confirmed_full,false,0,0.6994,1.0000,0.7745,5,1797,false,false,true,trim_record_indices,true,soft_header::author+institution+section+wrapped_title+uppercase_title,next_soft_header,0,"104 SILENT MULTILEVEL VERTEBRAL FRACTURES IN A SEVERE CASE OF GLYCINE RECEPTOR ANTIBODY- POSITIVE PROGRESSIVE ENCEPHALOMYELITIS WITH RIGIDITY AND MYOCLONUS (PERM) Myintzu Min*, Han Liu*, Paul Silberstein. Royal North Shore Hospital, Sydney, NSW, Australia 10.1136/jnnp-2019-anzan.92 Introduction Autoimmune encephalitides are a heterogenous and potentially devastating group of disorders. Antibodies to glycine receptor (GlyR) are rare and increasingly reported in patients with progressive encephalo",Trimmed proceedings text matches and appears complete.,2026-04-06T13:57:57.517386+00:00
6474,6474,Plasmapheresis in treatment of stiff-man syndrome with a negative anti-GAD antibody,"Svatova, J.; Machova, H.; Pitha, J.",conference_abstract,single_case_conference_abstract,manual_review,data\extraction_json\text\6474.json,data\extraction_json\text_trimmed\6474.json,data\extraction_json\text_trimmed\6474.json,trimmed_text,true,trimmed_auto,Proceedings detected and candidate abstract passed identity and completeness guardrails.,confirmed_full,false,21,0.7083,1.0000,0.7812,0,634,false,false,true,trim_record_indices,true,coded_boundary,next_soft_header,0,"P769 Plasmapheresis in treatment of stiff-man syndrome with a negative anti-GAD antibody J. Svatova, H. Machova, J. Pitha (Prague, Czech Republic) We report the effects of double ﬁltration plasma exchange, which were performed for a case of stiff-man syndrome even though the patient was negative for anti-glutamic acid decarboxylase (GAD) antibody. Stiff-man syndrome is a rare disorder characterized by progressive rigidity, stiffness and painful spasms of axial and extremity muscles. The etiology",Trimmed proceedings text matches and appears complete.,2026-04-06T13:57:58.195661+00:00
6553,6553,Glycine receptor antibody-positive progressive encephalomyelitis with rigidity and myoclonus: A disease with variable clinical course,"Vanacker, P.; Peeters, E.; Schrooten, M.; Woodhall, M.; Vincent, A.; Vandenberghe, W.",conference_abstract,case_series_conference_abstract,manual_review,data\extraction_json\text\6553.json,data\extraction_json\text_trimmed\6553.json,data\extraction_json\text_trimmed\6553.json,trimmed_text,true,trimmed_auto,Proceedings detected and candidate abstract passed identity and completeness guardrails.,partial_truncated,true,201,0.8133,1.0000,0.8599,2,219,false,false,true,trim_record_indices,true,coded_boundary,next_soft_header,0,"622 Glycine receptor antibody-positive progressive encephalomyelitis with rigidity and myoclonus: A disease with variable clinical course P. Vanacker, E. Peeters, M. Schrooten, M. Woodhall, A. Vincent, W. Vandenberghe (Leuven, Belgium) Objective: To add to the clinical spectrum of glycine receptor antibody (GlyR Ab)-positive progressive encephalomyelitis with ri- gidity and myoclonus (PERM). Background: PERM is a subacute disorder characterized by rigid-",Matched text appears related but likely incomplete/truncated.,2026-04-06T13:58:06.183126+00:00
6615,6615,A Clinical Characterization of Stiff Person Syndrome Spectrum Disorders,"Wang, Y. J.; Tian, F.; Aljarallah, S.; Fitzgerald, K.; Newsome, S. D.",conference_abstract,group_conference_abstract,manual_review,data\extraction_json\text\6615.json,,data\extraction_json\text\6615.json,full_text,false,not_needed,Document does not look like a large proceedings/program PDF.,untrimmed_localised,true,0,0.6678,1.0000,0.7508,4,2619,false,false,false,,false,,,0,"A Clinical Characterization of Stiff Person Syndrome Spectrum Disorders (2547) Yujie Wang, Fan Tian, Salman Aljarallah, Kathryn Fitzgerald, Scott D. Newsome First published April 14, 2020,   Info & Disclosures Abstract Objective: To describe the clinical features of the largest cohort of individuals with stiff person syndrome (SPS) and its variants. Background: SPS is a rare neuroimmunological condition, classically presenting with axial and/or limb rigidity along with superimposed painful epi",Target appears localised in full proceedings text; trimming/manual review is still required.,2026-04-06T13:58:06.188364+00:00
6639,6639,Severe refractory stiff-person syndrome responding to rituximab therapy,"Whetton, E.; Ealing, J.; Bruce, I.; McKee, D.",conference_abstract,single_case_conference_abstract,manual_review,data\extraction_json\text\6639.json,data\extraction_json\text_trimmed\6639.json,data\extraction_json\text_trimmed\6639.json,trimmed_text,true,trimmed_auto,Proceedings detected and candidate abstract passed identity and completeness guardrails.,confirmed_full,false,172,0.6765,0.0000,0.5074,1,1488,false,false,true,trim_record_indices,true,coded_boundary,next_abstract_boundary,0,"P701 Severe refractory stiff-person syndrome responding to rituximab therapy E .W h e t t o n ,J .E a l i n g ,I .B r u c e ,D .M c K e e University of Manchester (Manchester, UK); Hope Hospital Salford (Man- chester, UK); Manchester Royal Infirmary (Manchester, UK) Case report: A 48 year old woman with type 2 diabetes mellitus developed progressive walking difficulties and painful muscle spasms in the legs. On examination she walked with a stiff-legged gait and an exaggerated lumbar lordosis. T",Trimmed proceedings text matches and appears complete.,2026-04-06T13:58:10.966325+00:00
6680,6680,"Current clinical conditions of stiff-person syndrome in China, a national survey","Xiong, N.; Yang, J.; Liu, L.; Xiong, J.; Zhang, X.; Zhang, G.; Huang, J.; Wang, T.",conference_abstract,group_conference_abstract,heuristic,data\extraction_json\text\6680.json,data\extraction_json\text_trimmed\6680.json,data\extraction_json\text_trimmed\6680.json,trimmed_text,true,trimmed_auto,Proceedings detected and candidate abstract passed identity and completeness guardrails.,confirmed_full,false,0,0.6875,1.0000,0.7656,4,1201,false,false,true,trim_record_indices,true,coded_boundary,next_soft_header,0,"999 Current clinical conditions of stiff-person syndrome in China, a national survey N. Xiong, J. Yang, L. Liu, J. Xiong, X. Zhang, G. Zhang, J. Huang, T. Wang (Wuhan, China) Objective: To survey current status and choices regarding diag- nosis and treatment of Stiff-person syndrome (SPS) in Mainland China. Background: Stiff-person syndrome, the incidence, prevalence and clinical speciality of which in mainland China remains unex- plored. Here, we analyzed the published Chinese literature to ass",Trimmed proceedings text matches and appears complete.,2026-04-06T13:58:11.017499+00:00
6690,6690,Development of adenocarcinoma in stiff person syndrome (SPS) patients with anti-GAD antibodies: Report of 2 cases with SPS-specific antigens in their tumors,"Rakocevic, G.; Semino-Mora, C.; Dalakas, M. C.",conference_abstract,single_case_conference_abstract,heuristic,data\extraction_json\text\6690.json,data\extraction_json\text_trimmed\6690.json,data\extraction_json\text_trimmed\6690.json,trimmed_text,true,trimmed_auto,Proceedings detected and candidate abstract passed identity and completeness guardrails.,confirmed_full,false,14,0.7174,1.0000,0.7881,0,1217,false,false,true,trim_record_indices,true,coded_boundary,next_abstract_boundary,0,"T-61. Development of Adenocarcinoma in Stiff Person Syndrome (SPS) Patients with Anti-GAD Antibodies: Report of 2 Cases with SPS-Specific Antigens in Their Tumors Goran Rakocevic, Cristina Semino-Mora, and Marinos C. Dalakas; Bethesda, MD We describe two SPS patients with high anti-GAD antibodies who developed cancer after mean period of 9 years (6 – 12). One patient, a 42 year-old woman, developed breast adeno- carcinoma, and the other, a 47year-old woman, lung adeno- carcinoma. To investigate ",Trimmed proceedings text matches and appears complete.,2026-04-06T13:58:11.515734+00:00
6691,6691,Stiff person syndrome with cerebellar disease and epitope-specific anti-GAD antibodies,"Rakocevic, G.; Semino-Mora, C.; Raju, R.; Dalakas, M. C.",conference_abstract,case_series_conference_abstract,manual_review,data\extraction_json\text\6691.json,data\extraction_json\text_trimmed\6691.json,data\extraction_json\text_trimmed\6691.json,trimmed_text,true,trimmed_auto,Proceedings detected and candidate abstract passed identity and completeness guardrails.,confirmed_full,false,0,0.6863,1.0000,0.7647,0,1304,false,false,true,trim_record_indices,true,coded_boundary,next_abstract_boundary,0,"3. Stiff Person Syndrome with Cerebellar Disease and Epitope-Specific Anti-GAD Antibodies Goran Rakocevic, Cristina Semino-Mora, Raghavan Raju, and Marinos C. Dalakas; Bethesda, MD Stiff person syndrome (SPS) is an autoimmune disorder characterized by stiffness and episodic spasms. High-titer anti-GAD antibodies, although diagnostic for SPS, are also seen in rare patients with autoimmune cerebellar disease. We describe four anti-GAD–positive patients with typical SPS who developed severe cerebel",Trimmed proceedings text matches and appears complete.,2026-04-06T13:58:11.570118+00:00
6723,6723,"Stiff-Man Syndrome: Clinical Course, Treatments and Outcomes","Robinson, M. T.; Pittock, S. J.; Lennon, V. A.; Ahlskog, J. E.; McEvoy, K. M.; Matsumoto, J. Y.; McKeon, A.",conference_abstract,group_conference_abstract,heuristic,data\extraction_json\text\6723.json,,data\extraction_json\text\6723.json,full_text,false,not_needed,Document does not look like a large proceedings/program PDF.,untrimmed_localised,true,53,0.6500,0.7143,0.6661,5,6228,false,false,false,,false,,,0,"T-87. Stiff-Man Syndrome: Clinical Course, Treatments and Outcomes Maisha T. Robinson, Sean J. Pittock, Vanda A. Lennon, J. Eric Ahlskog, Kathleen M. Mc Evoy, Joseph Y. Matsumoto, and Andrew Mc Keon; Rochester, MN Stiff-man syndrome (SMS, Moersch-Woltman syndrome) is characterized by lumbar and lower extremity muscle stiffness and superimposed spasms. We describe clinical course, treatments and outcomes in this chart review and longitudinal telephone study of 60 Mayo Clinic patients with classic",Target appears localised in full proceedings text; trimming/manual review is still required.,2026-04-06T13:58:11.577112+00:00
6726,6726,Parkinsonism related to progressive encephalomyelitis with rigidity and myoclonus,"Rodier, G.; Boulay, C.; Anheim, M.; Courtois, S.; Tranchant, C.",conference_abstract,single_case_conference_abstract,manual_review,data\extraction_json\text\6726.json,data\extraction_json\text_trimmed\6726.json,data\extraction_json\text_trimmed\6726.json,trimmed_text,true,trimmed_auto,Proceedings detected and candidate abstract passed identity and completeness guardrails.,confirmed_full,false,3,0.7158,1.0000,0.7868,2,548,false,false,true,trim_record_indices,true,coded_boundary,next_soft_header,0,"P705 Parkinsonism related to progressive encephalomyelitis with rigidity and myoclonus G. Rodier, C. Boulay, M. Anheim, S. Courtois, C. Tranchant (Mulhouse, France; Strasbourg, France) Background: progressive encephalomyelitis with rigidity and myoclonus (PERM) is considered as the most severe form of the stiff-man syndrome (SMS). We present a case of parkisonism related to PERM. Case report: A 21-year-old woman was admitted wit h a 1 year history of back pain with painful spasms on lower limbs.",Trimmed proceedings text matches and appears complete.,2026-04-06T13:58:13.099871+00:00
6732,6732,Sleep Abnormalities in Stiff Person Syndrome and Stiff Leg Syndrome: A Further Evidence of a Dysfunction of GABA-ergic Inhibitory System,"Rosati, A.; Bongiovanni, L. G.; Benedetti, M. D.; Vianello, M.; Giometto, B.; Padovani, A.",conference_abstract,group_conference_abstract,heuristic,data\extraction_json\text\6732.json,data\extraction_json\text_trimmed\6732.json,data\extraction_json\text_trimmed\6732.json,trimmed_text,true,trimmed_auto,Proceedings detected and candidate abstract passed identity and completeness guardrails.,confirmed_full,false,1,0.6150,0.8333,0.6696,0,1025,false,false,true,trim_record_indices,true,soft_header::author+institution,next_soft_header,0,"Ae te Dt tat Sa (Se ee eeeonla PO ee eeee ee ee ee eae ee a ee 06.173 eep Abnormalities in Stiff Person Syndrome and # Leg Syndrome: A Further Evidence of a sfunction of GABA-ergic Inhibitory System Anna ¥ ;, Brescia, Italy, Luigi G. Bongiovanni, Maria D. Benedetti, nt a, Italy, Marika Vianello, Bruno Giometto, Treviso, Italy, andro Padovani, Brescia, Italy ECTIVE: To study sleep in stiff person syndrome (SPS) and stiff limb ome (SLS). BACKGROUND: Muscle hyperactivity syndromes in- the classic s",Trimmed proceedings text matches and appears complete.,2026-04-06T13:58:13.135159+00:00
6746,6746,Ophthalmoplegia and Downbeat Nystagmus in Stiff-Person Syndrome,"Rucker, J. C.; Szewka, A.",conference_abstract,single_case_conference_abstract,heuristic,data\extraction_json\text\6746.json,data\extraction_json\text_trimmed\6746.json,data\extraction_json\text_trimmed\6746.json,trimmed_text,true,trimmed_auto,Proceedings detected and candidate abstract passed identity and completeness guardrails.,partial_truncated,true,0,0.6710,1.0000,0.7532,4,1698,false,false,true,trim_record_indices,false,,next_abstract_boundary,0,"Ophthalmoplegia and Downbeat Nystagmus in Stiff-Person Syndrome Aimee Szewka, Janet Rucker Rush University, Chicago, Ilinois, United States Introduction: Stiff-person syndrome (SPS) is a poorly understood condition with generalized stiffness and rigidity thought to be centrally mediated. Diagnosis is supported by the presence of glutamic acid decarboxylase antibodies (GADab). Abnormal eye movements are infrequently reported in SPS and were attributed to co-existent myasthenia in early cases. Rec",Trim does not start at a detected proceedings header.,2026-04-06T13:58:13.151767+00:00
6756,6756,NEUROLEPTIC MALIGNANT SYNDROME IN STIFF PERSON SYNDROME,"Sachdev, A.; Moussa, S.",conference_abstract,single_case_conference_abstract,manual_review,data\extraction_json\text\6756.json,data\extraction_json\text_trimmed\6756.json,data\extraction_json\text_trimmed\6756.json,trimmed_text,true,trimmed_auto,Proceedings detected and candidate abstract passed identity and completeness guardrails.,confirmed_full,false,66,0.6500,1.0000,0.7375,2,396,false,false,true,trim_record_indices,true,coded_boundary,next_soft_header,0,"140 NEUROLEPTIC MALIGNANT SYNDROME IN STIFF PERSON SYNDROME Amit Sachdev (Novi, MI), Sara Moussa (East Lansing, MI) INTRODUCTION: Stiff person syndrome (SPS, also known as Moersch—Woltmann syndrome) is a rare disorder of diffuse muscle rigidity and spasticity increased startle response. An autoimmune etiology to SPS is recognized. Immune modulatory and symptomatic therapy is utilized. Baclofen, including intrathecal delivery, has been attempted. Six cases have been described since 1998 of neurol",Trimmed proceedings text matches and appears complete.,2026-04-06T13:58:14.703089+00:00
6796,6796,Clinical and cell biology analysis of stiff person syndrome with eye movement and cerebellar abnormalities. Evidence for degradation of sarcomeric cytoskeletal proteins,"Yakhno, N. N.; Golubeva, V. V.; Mozolevsky, Y. V.; Zinovyeva, O. E.; Katushkina, E. A.; Shenkman, B. S.; Chistiakov, I. N.; Podlubnaya, Z. A.; Vikhliantsev, I. M.",conference_abstract,single_case_conference_abstract,heuristic,data\extraction_json\text\6796.json,data\extraction_json\text_trimmed\6796.json,data\extraction_json\text_trimmed\6796.json,trimmed_text,true,trimmed_auto,Proceedings detected and candidate abstract passed identity and completeness guardrails.,confirmed_full,false,7,0.7309,1.0000,0.7982,2,628,false,false,true,trim_record_indices,true,coded_boundary,next_soft_header,0,"SC203 Clinical and cell biology analysis of stiff person syndrome with eye movement and cerebellar abnor- malities. Evidence for degradation of sarcomeric cytoskeletal proteins N.N. Yakhno 1, V .V . Golubeva1, Y .V . Mozolevsky1, O.E. Zinovyeva1, E.A. Katushkina1, B.S. Shenkman2, I.N. Chistiakov2, Z.A. Podlubnaya3, I.M. Vikhliantsev3 1KozhevnikovClinicofNervousDiseases,MoscowMedicalAcademy NamedAfterSechenovI.M.,2InstituteforBiomedicalProblemsof TheRussianAcademyofSciences,Moscow,3InstituteofThe",Trimmed proceedings text matches and appears complete.,2026-04-06T13:58:15.037605+00:00
6809,6809,Stiff person syndrome associated with Graves' disease and thymoma,"Yoon, S. S.; Hwang, K. J.; Woo, J. T.; Cho, S. S.",conference_abstract,single_case_conference_abstract,manual_review,data\extraction_json\text\6809.json,data\extraction_json\text_trimmed\6809.json,data\extraction_json\text_trimmed\6809.json,trimmed_text,true,trimmed_auto,Proceedings detected and candidate abstract passed identity and completeness guardrails.,confirmed_full,false,294,0.6874,1.0000,0.7655,3,940,false,false,true,trim_record_indices,true,coded_boundary,next_soft_header,0,"P1786 Stiff person syndrome associated with Graves’ disease and thymoma S.S. Yoon1, K.J. Hwang1, J.T. Woo2, S.S. Cho3 1 Neurology, 2 Endocrinology, Kyung Hee University Hospital, Seoul, 3 Pohang, Republic of Korea Background: Stiff person syndrome (SPS) is a rare neurologic disorder, in which muscle rigidity and cramps result from immune-mediated inhibition of GABAergic neuron function. SPS is associated with autoimmune diseases and paraneoplastic conditions. Case: A 50-year-old woman presented ",Trimmed proceedings text matches and appears complete.,2026-04-06T13:58:18.394975+00:00
6899,6899,An unusual brainstem encephalitis associated with anti-glycine receptor antibodies: Clinicopathological description,Lux D.; Kumar G.; Webb T.; Bodi I.; Moran N.,conference_abstract,single_case_conference_abstract,manual_review,data\extraction_json\text\6899.json,data\extraction_json\text_trimmed\6899.json,data\extraction_json\text_trimmed\6899.json,trimmed_text,true,trimmed_auto,Proceedings detected and candidate abstract passed identity and completeness guardrails.,confirmed_full,false,93,0.7739,1.0000,0.8304,1,381,false,false,true,trim_record_indices,true,coded_boundary,next_soft_header,0,"EP1183 An unusual brainstem encephalitis associated with anti-glycine receptor antibodies: Clinicopathological description D. Lux1, G. Kumar1, T. Webb2, I. Bodi3, N. Moran1 1 Neurology, Kent & Canterbury Hospital, Canterbury, United Kingdom, 2 Neurology and Stroke, Kent & Canterbury Hospital, Canterbury, United Kingdom, 3 Neuropathology, King's College Hospital, London, London, United Kingdom Background and aims: Glycine receptor (GlycR) antibodies are most frequently associated with the syndrom",Trimmed proceedings text matches and appears complete.,2026-04-06T13:58:21.042669+00:00
7503,7503,Stiff-person spectrum disorders in Russia: A retrospective analysis of 20 cases,Seliverstov Y.U.; Ginzberg M.; Melnik E.; Fominykh V.; Skalnaya A.; Brylev L.,conference_abstract,group_conference_abstract,manual_review,data\extraction_json\text\7503.json,data\extraction_json\text_trimmed\7503.json,data\extraction_json\text_trimmed\7503.json,trimmed_text,true,trimmed_auto,Proceedings detected and candidate abstract passed identity and completeness guardrails.,confirmed_full,false,140,0.7388,1.0000,0.8041,3,503,false,false,true,trim_record_indices,true,coded_boundary,next_soft_header,0,"342 Stiff-person spectrum disorders in Russia: a retrospective analysis of 20 cases Y.u. Seliverstov, M. Ginzberg, E. Melnik, V. Fominykh, A. Skalnaya, L. Brylev (Research Center of Neurology) Objective: We aimed to analyze clinical and immunologic features of a cohort of stiff-person spectrum disorder (SPSD) patients, who have been clinically managed by us in recent years. Background: To date, the largest cohort of SPSD patients was ana- lyzed in a work by Martinez-Hernandez et al. (2016) and i",Trimmed proceedings text matches and appears complete.,2026-04-06T13:58:28.595079+00:00
7804,7804,A case of gad-generalized anxiety disorder or something more?,Pedowitz E.; Shin S.,conference_abstract,single_case_conference_abstract,manual_review,data\extraction_json\text\7804.json,,data\extraction_json\text\7804.json,full_text,true,manual_review_required,Matched entry appears truncated or lacks sufficient abstract body content.,untrimmed_localised,true,18,0.6594,1.0000,0.7445,808,519716,false,false,false,,false,,,0,"Abstracts MUSCLE & NERVE | October 2020 29 A CASE OF GAD- GENERALIZED ANXIETY DISORDER OR SOMETHING MORE? Elizabeth Pedowitz (New York, NY), Susan Shin (New York, NY) INTRODUCTION/BACKGROUND: Stiff-person syndrome (SPS) is a neuroimmunological disorder characterized by progressive rigidity and painful muscle spasms. SPS is associated with autoantibodies to glutamic acid decarboxylase (GAD). Generalized anxiety disorder and panic disorder have been described in patients with SPS. CASE REPORT: A 5",Target appears localised in full proceedings text; trimming/manual review is still required.,2026-04-06T13:58:29.050738+00:00
7916,7916,Paraneoplastic stiff person syndrome mimicking tetanus: A case series report and literature review,Madhani J.; Chapman K.; Cresswell S.; Gibson G.,conference_abstract,case_series_conference_abstract,manual_review,data\extraction_json\text\7916.json,data\extraction_json\text_trimmed\7916.json,data\extraction_json\text_trimmed\7916.json,trimmed_text,true,trimmed_auto,Proceedings detected and candidate abstract passed identity and completeness guardrails.,partial_truncated,true,39,0.6968,1.0000,0.7726,1,1066,false,false,true,trim_record_indices,false,,next_soft_header,0,"Paraneoplastic stiff person syndrome mimicking tetanus: a case series report and literature review J Madhani (Vancouver)* K Chapman (Vancouver) S Cresswell (Vancouver) G Gibson (Vancouver) Background: Stiff Person Syndrome (SPS) results from an imbalance between excitatory aminergic and inhibitory GAB Aergic and glycinergic systems, and can be paraneoplastic. Methods: W e describe a case series of two patients presenting with trismus, who were initially treated for tetanus. B oth subsequently de",Trim does not start at a detected proceedings header.,2026-04-06T13:58:30.238447+00:00
7992,7992,A case of hyperekplexia with positive antiglycine receptor antibodies: PERM syndrome,Contessa G.; De Mercanti S.; Sciolla R.; Iudicello M.; Clerico M.; Ferrero B.; Coletti Moja M.; Delfico L.; Franchino F.; Viglietta E.; Vincent A.; Durelli L.,conference_abstract,single_case_conference_abstract,manual_review,data\extraction_json\text\7992.json,data\extraction_json\text_trimmed\7992.json,data\extraction_json\text_trimmed\7992.json,trimmed_text,true,trimmed_auto,Proceedings detected and candidate abstract passed identity and completeness guardrails.,confirmed_full,false,16,0.7313,1.0000,0.7984,1,416,false,false,true,trim_record_indices,true,coded_boundary,next_soft_header,0,"O63 A case of hyperekplexia with positive antiglycine receptor antibodies: PERM syndrome G. Contessa, S. De Mercanti, R. Sciolla, M. Iudicello, M. Clerico, B. Ferrero, M. Coletti Moja, L. Delﬁco, F. Franchino, E. Viglietta, A. Vincent, L. Durelli University of Turin (Orbassano, IT); John Radcliffe Hospital (Oxford, UK) Introduction: Limb and trunc rigidity, muscle spasms, brainstem signs and hyperekplexia characterize a disorder called PERM (Progressive Encephalomyelitis with Rigidity and Myoclo",Trimmed proceedings text matches and appears complete.,2026-04-06T13:58:33.909382+00:00
8009,8009,Effect of physiotherapy on the mobility of the spine and lower extremities in patients of stiff person syndrome,Fil A.; Salci Y.; Armutlu K.,conference_abstract,group_conference_abstract,heuristic,data\extraction_json\text\8009.json,data\extraction_json\text_trimmed\8009.json,data\extraction_json\text_trimmed\8009.json,trimmed_text,true,trimmed_auto,Proceedings detected and candidate abstract passed identity and completeness guardrails.,confirmed_full,false,0,0.6889,0.0000,0.5167,1,1553,false,false,true,trim_record_indices,true,soft_header::author+institution+section+wrapped_title,no_header_found,0,"Effect of physiotherapy on the mobility of the spine and lower extremities in patients of stiff person syndrome Purpose: Stiff person syndrome (SPS) ch aracterized by progresive, severe rigidity or stiffness most prominently the spine and lower extremities is an autimmune disorder. The study was planned to research spine and lower extrem ity problems and investigate the effects of physiotherapy in SPS patients. Materials and methods: 11 SPS patients (age: 40±5.53, 5 women and 6 men) hospitalized",Trimmed proceedings text matches and appears complete.,2026-04-06T13:58:33.945923+00:00
8088,8088,Follow-up in Stiff Person Syndrome with immunoglobulin treatment,Pablo M.J.; Bestue M.; Tamargo P.; Romero F.; Benavente I.,conference_abstract,single_case_conference_abstract,heuristic,data\extraction_json\text\8088.json,data\extraction_json\text_trimmed\8088.json,data\extraction_json\text_trimmed\8088.json,trimmed_text,true,trimmed_auto,Proceedings detected and candidate abstract passed identity and completeness guardrails.,partial_truncated,true,0,0.6904,1.0000,0.7678,2,741,false,false,true,trim_record_indices,false,,next_soft_header,0,"Follow-up in Stiff Person Syndrome with immunoglobulin treatment M.J. Pablo 1, M. Bestue2, P . Tamargo1, F . Romero1, I. Benavente1 1Department of Neurophysiology , San Jorge Hospital, Huesca, Spain, 2Department of Neurology , San Jorge Hospital, Huesca, Spain Introduction: Stiff Person Syndrome is a rare and disabling central nervous system disorder , probably under-diagnosed, characterized by muscle stiffness and episodic spasms that involve axial and limb musculature. It is associated with hi",Trim does not start at a detected proceedings header.,2026-04-06T13:58:33.988742+00:00
8089,8089,Seizure in patients with anti-gad antibodies,Dave H.; Nei M.; Rakocevic G.; Mintzer S.; Sperling M.,conference_abstract,group_conference_abstract,manual_review,data\extraction_json\text\8089.json,data\extraction_json\text_trimmed\8089.json,data\extraction_json\text_trimmed\8089.json,trimmed_text,true,trimmed_auto,Proceedings detected and candidate abstract passed identity and completeness guardrails.,confirmed_full,false,124,0.6988,1.0000,0.7741,1,556,false,false,true,trim_record_indices,true,coded_boundary,next_soft_header,0,"p473 SEIZURE IN PATIENTS WITH ANTI-GAD ANTIBODIES Dave H, Nei M, Rakocevic G, Mintzer S, Sperling M Thomas Jefferson University Hospital, Philadelphia, PA, U.S.A. Purpose: Anti-GAD (glutamic acid decarboxylase) antibodies are asso- ciated with refractory partial seizures and stiff person syndrome (SPS). We examined the clinical features and outcome of patients with anti- GAD antibodies and seizures. Method: Four patients had anti-GAD antibodies and seizures. Seizure type, clinical features, como",Trimmed proceedings text matches and appears complete.,2026-04-06T13:58:37.826086+00:00
8097,8097,Rehabilitation of stiff person syndrome presenting after laminectomy: A case report,Mathur R.; Bunning R.D.; Pineda C.G.; Rajaei N.,conference_abstract,single_case_conference_abstract,heuristic,data\extraction_json\text\8097.json,data\extraction_json\text_trimmed\8097.json,data\extraction_json\text_trimmed\8097.json,trimmed_text,true,header_only_source,Matched entry appears to contain header-only listing without abstract body.,partial_truncated,true,0,0.8294,0.5000,0.7470,0,0,true,false,true,trim_record_indices,false,,next_soft_header,0,"Rehabilitation of Stiff Person Syndrome Presenting After Laminectomy: A Case Report. Rajat Mathur (National Rehabilitation Hospital, Wash- ington, DC, United States); Robert D. Bunning, MD, Cynthia G. Pineda, MD, Nina Rajaei, MD. Disclosures: R. Mathur, none.",Trim does not start at a detected proceedings header.,2026-04-06T13:58:37.920806+00:00
8098,8098,Severe spasticity in a patient with stiff person syndrome: A case report,Patel R.; Finch M.; Khan A.; Velez K.A.,conference_abstract,single_case_conference_abstract,heuristic,data\extraction_json\text\8098.json,data\extraction_json\text_trimmed\8098.json,data\extraction_json\text_trimmed\8098.json,trimmed_text,true,header_only_source,Matched entry appears to contain header-only listing without abstract body.,partial_truncated,true,0,0.8288,0.7500,0.8091,0,0,true,false,true,trim_record_indices,false,,next_soft_header,0,"Severe Spasticity in a Patient With Stiff Person Syndrome: A Case Report. Reekesh Patel, MD (Tufts Medical Center, Boston, MA, United States); Maturin Finch, MD, Akbar Khan, DO, Kareen A. Velez, MD. Disclosures: R. Patel, none.",Trim does not start at a detected proceedings header.,2026-04-06T13:58:37.949944+00:00
8182,8182,Neurological syndromes associated with glutamic acid decarboxylase antibodies: A Brazilian series,Teive H.A.G.; Fernandes M.; Ferreira A.M.; Arruda W.O.; Lorenzoni P.; Munhoz R.P.; Carrilho P.,conference_abstract,group_conference_abstract,heuristic,data\extraction_json\text\8182.json,,data\extraction_json\text\8182.json,full_text,true,manual_review_required,Matched entry appears truncated or lacks sufficient abstract body content.,untrimmed_localised,true,0,0.6502,1.0000,0.7377,12,6712,false,false,false,,false,,,0,"Monday, 12 December 2011/Parkinsonism and Related Disorders 18S2 (2012) S1–S79 S75 deﬁciency may be related to the pathophysiological mechanisms underlying these results. 1.311 A NOVEL CASE OF RESTLESS LEG SYNDROME (RLS) DUE TO INTRACEREBRAL HAEMORRHAGE B. Chandra1, L. Yeo Leong Litt2. 1General Medicine, Alexandra Hospital (Jurong Health),2Neurology, National university Hospital, Singapore, Singapore Case report: We report a novel case of a 58 year old Chinese female with restless leg syndrome (",Target appears localised in full proceedings text; trimming/manual review is still required.,2026-04-06T13:58:37.958154+00:00
8194,8194,"Wobbly eyes, wobbly legs",Yap C.; Mollan S.P.; Sivaguru A.,conference_abstract,single_case_conference_abstract,heuristic,data\extraction_json\text\8194.json,,data\extraction_json\text\8194.json,full_text,true,manual_review_required,Matched entry appears truncated or lacks sufficient abstract body content.,untrimmed_localised,true,52,0.6500,1.0000,0.7375,425,276186,false,false,false,,false,,,0,"INOS Meeting 53 © 2012 Informa Healthcare USA, Inc. residual tumour enlargement was noted in one patient (parasellar haemangiopericytoma) and one with new tumour in buccal mucosa. Four patients were treated with carbamazepine after confirming the status of HLA­1502. Three patients had good clinical response and were nearly symptoms free with carbamazepine. CONCLUSION: Ocular neuromyotonia should be considered in patients presenting with repeated brief episodes of binocular diplopia especially af",Target appears localised in full proceedings text; trimming/manual review is still required.,2026-04-06T13:58:38.180062+00:00
8198,8198,Anti-glycine receptor antibody causing relapsing encephalitis with rigidity and myoclonus,Williams J.; O'Connell K.; O'Riordan S.; McGuigan C.; Connolly S.; Vincent A.; Hutchinson M.,conference_abstract,single_case_conference_abstract,manual_review,data\extraction_json\text\8198.json,data\extraction_json\text_trimmed\8198.json,data\extraction_json\text_trimmed\8198.json,trimmed_text,true,trimmed_auto,Proceedings detected and candidate abstract passed identity and completeness guardrails.,confirmed_full,false,201,0.6500,0.7143,0.6661,5,1799,false,false,true,trim_record_indices,true,coded_boundary,next_soft_header,0,"623 Anti-glycine receptor antibody causing relapsing encephalitis with rigidity and myoclonus J. Williams, K. O’Connell, S. O’Riordan, C. McGuigan, S. Connolly, A. Vincent, M. Hutchinson (Dublin, Ireland) Objective: To describe a unique case of anti-glycine receptor antibody causing relapsing progressive encephalitis with rigidity and myoclonus. Background: Progressive encepalomyelitis with rigidity and myo- clonus (PERM) is a rare disorder presenting subacutely with rigidity, muscle spasms, bra",Trimmed proceedings text matches and appears complete.,2026-04-06T13:58:46.238064+00:00
8223,8223,"Epilepsy, stiff person syndrome and anti-gad: A report of two cases",Boro A.; Weidenheim K.; Gomes W.; McGinley J.; Mariuma E.,conference_abstract,single_case_conference_abstract,heuristic,data\extraction_json\text\8223.json,data\extraction_json\text_trimmed\8223.json,data\extraction_json\text_trimmed\8223.json,trimmed_text,true,trimmed_auto,Proceedings detected and candidate abstract passed identity and completeness guardrails.,confirmed_full,false,12,0.6500,1.0000,0.7375,2,1386,false,false,true,trim_record_indices,true,coded_boundary,next_abstract_boundary,0,"F23 EPILEPSY, STIFF PERSON SYNDROME AND ANTI-GAD: A REPORT OF TWO CASES Alex Boro, M.D.; Karen Weidenheim, M.D.; William Gomes, M.D., Ph.D.; John McGinley, Ph.D.; Eric Mariuma, M.D. Monteﬁore Medical Center, Bronx, NY 11201 Background: Some patients with epilepsy and autoantibodies to glutamic acid de- carboxylase (GAD-A) also develop stiff person syndrome (SPS). The clinical character- istics and pathological correlates of this overlap syndrome are not well described. Methods: We describe the p",Trimmed proceedings text matches and appears complete.,2026-04-06T13:58:46.536172+00:00
8296,8296,Intrathecal baclofen pump implantation in 2 cases of stiff-person syndrome,Bikmullin V.; Tolstyh A.; Rudenko V.,conference_abstract,case_series_conference_abstract,manual_review,data\extraction_json\text\8296.json,data\extraction_json\text_trimmed\8296.json,data\extraction_json\text_trimmed\8296.json,trimmed_text,true,trimmed_auto,Proceedings detected and candidate abstract passed identity and completeness guardrails.,confirmed_full,false,17,0.6511,1.0000,0.7383,1,1239,false,false,true,trim_record_indices,true,coded_boundary,next_soft_header,0,"1640–1650 Neurorehabilitation/FES/ NEURAL PROSTHETICS 12 June—033. INTRATHECAL BACLOFEN PUMP IMPLANTATION IN 2 CASES OF STIFF-PERSON SYNDROME Vadim Bikmullin, PhD, AntonTolstyh, MD,Victor Rudenko, PhD The Russian Research Institute of Traumatology and Orthopedics named after R.R.Vreden, Saint-Petersburg, Russian Federation Introduction: Stiﬀ-personorstiﬀ-limbsyndromeisrareprogressivedisease of unknown etiology characterized by severe axial and/or limb rigidity and spasms resulting in vocational ",Trimmed proceedings text matches and appears complete.,2026-04-06T13:58:47.092769+00:00
8303,8303,Role of maintenance plasma exchange in stiff person syndrome-a case report,Morelli Z.M.; Dalton L.; Matevosyan K.; Sarode R.; Strunk M.,conference_abstract,single_case_conference_abstract,manual_review,data\extraction_json\text\8303.json,,data\extraction_json\text\8303.json,full_text,true,manual_review_required,Matched entry appears truncated or lacks sufficient abstract body content.,untrimmed_localised,true,18,0.6517,0.6000,0.6388,386,335803,false,false,false,,false,,,0,African American and two were Caucasian. All patients pre- sented with abdominal pain. Three patients presented with neu- rological symptoms. ADAMTS13 activity was measured in two patients; one patient had normal ADAMTS13 activity and one patient had ADAMTS13 activity /C205% with ADAMTS13 inhibi- tor. The median number of therapeutic plasma exchange (TPE) was four (range 4–13). Only two patients had a disease relapse; case 1 had two episodes of relapse and case 2 had one episode of relapse. The ,Target appears localised in full proceedings text; trimming/manual review is still required.,2026-04-06T13:58:47.403873+00:00
8316,8316,Orthostatic tremor heralding the onset of stiff-person syndrome,Fabbri M.; Vetrugno R.; Antelmi E.; D'Angelo R.; Rinaldi R.,conference_abstract,single_case_conference_abstract,heuristic,data\extraction_json\text\8316.json,data\extraction_json\text_trimmed\8316.json,data\extraction_json\text_trimmed\8316.json,trimmed_text,true,trimmed_auto,Proceedings detected and candidate abstract passed identity and completeness guardrails.,partial_truncated,true,0,0.7135,1.0000,0.7851,5,2322,false,false,true,trim_record_indices,false,,next_soft_header,0,"Orthostatic tremor heralding the onset of stiff-person syndrome M. Fabbria, R. Vetrugno b, E. Antelmi a, R. D'Angelo c, R. Rinaldi c. aIRCCS Istituto delle Scienze Neurologiche, Dipartimento di Scienze, University of Bologna, Italy; bNeurology, University of Bologna, Italy; cNeurological Unit, S. Orsola-Malpighi University Hospital, Bologna, Italy Background: Orthostatic tremor (OT) is a rare movement disorder triggered exclusively by standing and accompanied by 13 –18 bursting EMG patterns. Exa",Trim does not start at a detected proceedings header.,2026-04-06T13:58:47.500942+00:00
8317,8317,Stiff man syndrome associated with breast cancer about 2 cases,Noutsa L.; Mbonda Chimi P.C.; Camara M.; Fogang Y.; Toure K.; Ndiaye M.; Diop A.G.; Ndiaye M.M.,conference_abstract,case_series_conference_abstract,manual_review,data\extraction_json\text\8317.json,data\extraction_json\text_trimmed\8317.json,data\extraction_json\text_trimmed\8317.json,trimmed_text,true,trimmed_auto,Proceedings detected and candidate abstract passed identity and completeness guardrails.,confirmed_full,false,0,0.6535,0.8750,0.7089,1,344,false,false,true,trim_record_indices,true,soft_header::author+institution+wrapped_title,next_soft_header,0,"Early diagnosis is important not only for genetic counseling but also in view of the timely treatment with allogenic HSCT. doi:10.1016/j.jns.2013.07.1574 Abstract — WCN 2013 No: 1465 Topic: 7 — Neuromuscular disorders Stiff man syndrome associated with breast cancer about 2 cases L. Noutsaa,P . C .M b o n d aC h i m ib, M. Camara b, Y. Fogang b,K .T o u r eb, M. Ndiaye b, A.G. Diopb, M.M. Ndiayeb. aThe Cheikh Anta Diop University, Dakar, Senegal; bNeurology, Fann Teaching Hospital, Dakar, Senega",Trimmed proceedings text matches and appears complete.,2026-04-06T13:58:47.559532+00:00
8330,8330,Rash decisions-dermatological manifestations preceding a progressive neurological syndrome,Doherty G.; Vincent A.; Cox A.,conference_abstract,single_case_conference_abstract,heuristic,data\extraction_json\text\8330.json,,data\extraction_json\text\8330.json,full_text,false,not_needed,Document does not look like a large proceedings/program PDF.,untrimmed_localised,true,0,0.7245,1.0000,0.7934,0,3761,false,false,false,,false,,,0,"040 RASH DECISIONS –DERMATOLOGICAL MANIFESTATIONS PRECEDING A PROGRESSIVE NEUROLOGICAL SYNDROME Gary Doherty, Angela Vincent, Amanda Cox. Addenbrooke’s Hospital, Cambridge; Weatherall Institute of Molecular Medicine, Oxford 10.1136/jnnp-2013-306573.40 W e describe the case of a 72 year old woman who presented with sequential cranial nerve palsies preceded by irritation, pain and a vesicular rash in the sensory distributions of the affected nerves. She had signs and symptoms suggestive of aphagia",Target appears localised in full proceedings text; trimming/manual review is still required.,2026-04-06T13:58:47.564587+00:00
8331,8331,The yield from testing voltage-gated potassium channel antibodies in patients with cramp,Ansel S.; Farrugia M.E.,conference_abstract,group_conference_abstract,heuristic,data\extraction_json\text\8331.json,,data\extraction_json\text\8331.json,full_text,false,not_needed,Document does not look like a large proceedings/program PDF.,untrimmed_localised,true,0,0.6500,0.5000,0.6125,5,3614,false,false,false,,false,,,0,"142 THE YIELD FROM TESTING VOLTAGE –GATED POTASSIUM CHANNEL ANTIBODIES IN PATIENTS WITH CRAMP Sonam Ansel, Maria E Farrugia. University of Glasgow; Institute of Neurological Sciences, Southern General Hospital 10.1136/jnnp-2013-306573.142 Background Muscle cramp, twitching and stiffness are common symptoms reported by patients attending the neuromuscular clinic. In a proportion of patients, these symptoms may be due to an acquired peripheral nerve hyperexcitabilty syndrome, includ- ing benign cr",Target appears localised in full proceedings text; trimming/manual review is still required.,2026-04-06T13:58:47.569220+00:00
8335,8335,A case series of central and peripheral nervous system involvement in paraneoplastic syndromes,Richelli S.; Greco E.; Fabrizi G.M.; Cavallaro T.; Monaco S.; Ferrari S.,conference_abstract,group_conference_abstract,heuristic,data\extraction_json\text\8335.json,data\extraction_json\text_trimmed\8335.json,data\extraction_json\text_trimmed\8335.json,trimmed_text,true,trimmed_auto,Proceedings detected and candidate abstract passed identity and completeness guardrails.,confirmed_full,false,32,0.7014,0.8333,0.7344,1,1045,false,false,true,trim_record_indices,true,soft_header::author+institution+wrapped_title,next_soft_header,0,"A case series of central and peripheral nervous system involvement in paraneoplastic syndromes S. Richelli , E. Greco, GM. Fabrizi, T. Cavallaro, S. Monaco and S. Ferrari Department of Neurological, Neuropsychological, Morphological and Movement Sciences, University of Verona, Verona, Italy Introduction: Paraneoplastic syn- dromes are remote effect of cancer involving central and peripheral nervous system. The pathogenetic mechanism of tissue damage consists in immune attack mediated by cir - cu",Trimmed proceedings text matches and appears complete.,2026-04-06T13:58:48.528442+00:00
8339,8339,Stiff person syndrome with graves' disease: A rare association,Syed S.J.; Mahmoud K.H.; Chuquilin M.; Garcia-Touza M.,conference_abstract,single_case_conference_abstract,manual_review,data\extraction_json\text\8339.json,data\extraction_json\text_trimmed\8339.json,data\extraction_json\text_trimmed\8339.json,trimmed_text,true,header_only_source,Matched entry appears to contain header-only listing without abstract body.,mismatch,true,505,0.3426,0.0000,0.2570,0,15,true,false,true,trim_record_indices,false,,next_soft_header,0,"between the Graves’ disease and SPS has been described before in only rare cases. Here we present a patient with Graves’ disease who was later diagnosed with SPS with GAD-ab. Clinical Case The patient is a 29 year-old male who was evaluated in endocrinology clinic after a recent admission to an inpatient psychiatry unit for suicidal attempt where he was found to have abnormal thyroid function tests. The patient complained of feeling fatigue, poor sleep, and weight gain of about 2-3 pounds for th",Title/author alignment is too weak for a reliable proceedings match.,2026-04-06T13:59:01.308051+00:00
969,969,Novel clinical features of glycine receptor antibody syndrome: A series of 17 cases.,"Piquet, Amanda L; Khan, Murtaza; Warner, Judith E A; Wicklund, Matthew P; Bennett, Jeffrey L; Leehey, Maureen A; Seeberger, Lauren; Schreiner, Teri L; Paz Soldan, M Mateo; Clardy, Stacey L",conference_abstract,group_conference_abstract,heuristic,data\extraction_json\text\969.json,data\extraction_json\text_trimmed\969.json,data\extraction_json\text_trimmed\969.json,trimmed_text,true,trimmed_auto,Proceedings detected and candidate abstract passed identity and completeness guardrails.,confirmed_full,false,0,0.7413,1.0000,0.8059,2,280,false,false,true,exact_footer_filtered_subsequence,true,soft_header::author+institution+uppercase_title,next_soft_header,0,"ARTICLE OPEN ACCESS Novel clinical features of glycine receptor antibody syndrome A series of 17 cases Amanda L. Piquet, MD, Murtaza Khan, MD, Judith E.A. Warner, MD, Matthew P. Wicklund, MD, Jeffrey L. Bennett, MD, PhD, Maureen A. Leehey, MD, Lauren Seeberger, MD, Teri L. Schreiner, MD, MPH, M. Mateo Paz Soldan, MD, PhD, and Stacey L. Clardy, MD, PhD Neurol Neuroimmunol Neuroin ﬂamm 2019;6:e592. doi:10.1212/NXI.0000000000000592 Correspondence Dr. Piquet Amanda.Piquet@ucdenver.edu Abstract Objec",Trimmed proceedings text matches and appears complete.,2026-04-06T13:59:01.428895+00:00
980,980,An unusual cause of older adult falls: Stiff Leg Syndrome,Michaud M.; Gaudin C.; Brechemier D.; Cintas P.; Gauchet C.; Moulis G.; Vellas B.; Balardy L.,conference_abstract,single_case_conference_abstract,heuristic,data\extraction_json\text\980.json,data\extraction_json\text_trimmed\980.json,data\extraction_json\text_trimmed\980.json,trimmed_text,true,header_only_source,Matched entry appears to contain header-only listing without abstract body.,partial_truncated,true,0,0.7458,1.0000,0.8094,0,0,true,false,true,trim_record_indices,false,,next_abstract_boundary,0,"An unusual cause of older adult falls: Stiff Leg Syndrome M. Michaud a,*, C. Gaudin a, D. Brechemier a, P. Cintas b, C. Gauchet c, G. Moulis a, B. Vellas a, L. Balardy a a Department of Internal medicine and gerontology, CHU Toulouse, Toulouse, France b Department of Neurology, CHU Toulouse, Toulouse, France c Direction of research and innovation, CHU Toulouse, Toulouse, France",Trim does not start at a detected proceedings header.,2026-04-06T13:59:01.451356+00:00
