paper_id,covidence_id,title,authors,published_year,journal,tags,notes,text_json_path,preferred_text_json_path,preferred_text_source,proceedings_detected,trim_status,source_category,source_subtype,classification_confidence,likely_case_count,contains_individual_level_data,contains_group_level_data,case_series_split_candidate,preferred_langextract_mode,langextract_eligible,manual_review_required,recommended_next_action,conference_marker_hits,review_marker_hits,case_report_marker_hits,multi_case_marker_hits,observational_marker_hits,interventional_marker_hits,non_clinical_marker_hits,translational_marker_hits,patient_label_count,categorisation_reason,categorisation_version,categorised_at_utc
10,10,Stiff-person syndrome: an autoimmune disease.,"Blum, P; Jankovic, J",1991,Movement disorders : official journal of the Movement Disorder Society,Awaiting classification,,data/extraction_json/text/10.json,data/extraction_json/text/10.json,full_text,false,,case_series_or_multi_case,case_series,high,2,true,false,true,individual_case_split,true,false,split_cases_then_langextract,,,,,,,,,,"This is a case series describing two original SPS patients with detailed individual-level clinical data, including presentation, workup, and response to therapy. The paper is not a review, group study, or basic science report.",llm_v1_gpt4.1,2026-04-05T19:01:39.499989+00:00
1001,1001,Inpatient physiotherapy management for Stiff Person syndrome,Kahraman T.; Balci B.; Sengun I.S.,2014,Journal of Neurology,Treatment,,data/extraction_json/text/1001.json,data/extraction_json/text_trimmed/1001.json,trimmed,true,trimmed_auto,conference_abstract,single_case_conference_abstract,high,,false,false,false,individual,true,false,run_langextract_individual,,,,,,,,,,Manual review: Proceedings abstract matched by title and authors; describes one 65-year-old SPS patient receiving inpatient physiotherapy.,llm_v1_gpt4.1,2026-04-05T19:01:39.527720+00:00
101,101,Progressive encephalomyelitis with rigidity responsive to plasmapheresis and immunosuppression.,"Fogan, L",1996,Annals of neurology,Clinical manifestations; Treatment,,data/extraction_json/text/101.json,data/extraction_json/text/101.json,full_text,false,,single_case_report,case_report,high,1,true,false,false,individual,true,false,run_langextract_individual,,,,,,,,,,"This is a classic single case report: the entire article is devoted to the clinical course, workup, and treatment of one patient with PEMWRS, including detailed history, examination, investigations, and long-term outcome. There is no evidence of additional original SPS-spectrum patients.",llm_v1_gpt4.1,2026-04-05T19:01:43.930491+00:00
1010,1010,Intrathecal baclofen pump placement in a patient with stiff person syndrome: A case report,Avraham R.; Sharma A.; Channick R.; Angles C.A.,2014,PM and R,Treatment,,data/extraction_json/text/1010.json,data/extraction_json/text/1010.json,full_text,false,,single_case_report,case_report,high,1,true,false,false,individual,true,false,run_langextract_individual,,,,,,,,,,"This is a single case report, as indicated by the title and the detailed description of one patient's clinical presentation, diagnosis, treatment, and outcome. The abstract and extracted text both confirm only one SPS-spectrum patient is discussed.",llm_v1_gpt4.1,2026-04-05T19:01:48.147469+00:00
1011,1011,Two cases of stiff person syndrome treated with intrathecal baclofen pump in an inpatient rehabilitation unit: A case series,Shoval H.A.; Hamer O.; Chantasi K.; Nanda U.,2014,PM and R,Treatment,,data/extraction_json/text/1011.json,data/extraction_json/text/1011.json,full_text,false,,conference_abstract,single_case_conference_abstract,high,2,true,false,false,individual,true,false,run_langextract_individual,,,,,,,,,,"This is a conference abstract (poster) presenting a case series of two SPS patients treated with intrathecal baclofen pump, with individual-level clinical data reported for both. The format, page span, and 'Poster' label confirm the conference abstract category.",llm_v1_gpt4.1,2026-04-05T19:01:52.625143+00:00
1017,1017,Therapeutic plasma exchange in a patient with paraneoplastic variant of stiff-person syndrome,Madrigal E.; Fisher R.; Friedman M.T.,2014,Transfusion,Treatment,Karlo Lizarraga (2021-10-14 06:56:40)(Select): Unable to find abstract or full text. Looks like conference paper. Full text review required.;,data/extraction_json/text/1017.json,data/extraction_json/text/1017.json,full_text,false,not_needed,single_case_report,case_report,high,1,true,false,false,individual,true,false,run_langextract_individual,,,,,,,,,,"This is a single case report, as indicated by the detailed description of one patient's clinical course, laboratory findings, and treatment outcomes. No evidence of additional patients is present.",llm_v1_gpt4.1,2026-04-05T19:01:55.876517+00:00
102,102,The insulin-dependent diabetes mellitus-associated ICA 105 autoantigen in stiff-man syndrome patients.,"Martino, G; Grimaldi, L M; Bazzigaluppi, E; Passini, N; Sinigaglia, F; Rogge, L",1996,Journal of neuroimmunology,Immunological - Lab tests,,data/extraction_json/text/102.json,data/extraction_json/text/102.json,full_text,false,,lab_heavy_clinical_or_translational,group_or_frequency_focused_lab_clinical_study,high,11,true,true,false,group,true,false,run_langextract_group,,,,,,,,,,"This is a laboratory-heavy translational study that investigates the presence of anti-ICA 105 antibodies in a cohort of 11 SMS patients, providing both group-level and individual-level clinical and serological data. The focus is on immunological assays, but the patient data are original and extractable.",llm_v1_gpt4.1,2026-04-05T19:01:59.577017+00:00
1028,1028,Autoantibodies against glycine-associated synaptic proteins in stiff-person syndrome,Probst C.; Blocker I.-M.; Mindorf S.; Unger M.; Fechner K.; Meinck H.-M.; Balint B.; Stocker W.; Schlumberger W.; Komorowski L.,2014,Journal of Neuroimmunology,Clinical manifestations; Immunological - Lab tests,,data/extraction_json/text/1028.json,data/extraction_json/text_trimmed/1028.json,trimmed,true,trimmed_auto,conference_abstract,group_conference_abstract,high,44,false,true,false,group,true,false,run_langextract_group,,,,,,,,,,"This is a conference abstract (published in a proceedings issue, 2 pages, 'Abstracts' section) reporting original laboratory findings from a cohort of SPS and related movement disorder patients. It provides group-level data on 44 SPS patients, but does not present individual-level case details.",llm_v1_gpt4.1,2026-04-05T19:02:04.134053+00:00
103,103,Electrophysiological evaluation of the stiff-man syndrome: further data.,"Martinelli, P; Nassetti, S; Minardi, C; Macri, S; Ippoliti, M",1996,Journal of neurology,Electrophysiology,,data/extraction_json/text/103.json,data/extraction_json/text/103.json,full_text,false,,single_case_report,case_report,high,1,true,false,false,individual,true,false,run_langextract_individual,,,,,,,,,,"This is a single case report, as it presents the clinical and electrophysiological evaluation of one new SMS patient with detailed individual-level data. The rest of the paper discusses prior literature and comparative findings, but only one original patient is described.",llm_v1_gpt4.1,2026-04-05T19:02:09.530404+00:00
1031,1031,Autonomic dysfunction in stiff person syndrome (SPS): Observations in 8 cases,Barboi A.,2014,Clinical Autonomic Research,Clinical manifestations; Electrophysiology; Treatment,Karlo Lizarraga (2021-07-08 06:39:22)(Screen): Conference abstract/poster;,data/extraction_json/text/1031.json,data/extraction_json/text_trimmed/1031.json,trimmed,true,trimmed_auto,conference_abstract,single_case_conference_abstract,high,,false,false,false,individual,true,false,run_langextract_individual,,,,,,,,,,Manual review: Proceedings abstract matched by title and author; autonomic findings across 8 SPS cases.,llm_v1_gpt4.1,2026-04-05T19:02:09.533771+00:00
1054,1054,Efficacy of levetiracetam in case of stiff-person syndrome - Case report,Carrilho P.I.N.; Munhoz R.P.; Teive H.A.G.,2014,Revista Brasileira de Neurologia e Psiquiatria,Treatment,,data/extraction_json/text/1054.json,data/extraction_json/text/1054.json,full_text,false,,single_case_report,case_report,high,1,true,false,false,individual,true,false,run_langextract_individual,,,,,,,,,,"This is a single case report, as indicated by the title, section headings, and the detailed narrative of one patient's clinical course. No group-level or multiple patient data are presented.",llm_v1_gpt4.1,2026-04-05T19:02:28.729629+00:00
106,106,"Subacute encephalomyelitis presenting as stiff-person syndrome: clinical, polygraphic, and pathologic correlations.","Armon, C; Swanson, J W; McLean, J M; Westbrook, P R; Okazaki, H; Kurtin, P J; Kalyan-Raman, U P; Rodriguez, M",1996,Movement disorders : official journal of the Movement Disorder Society,Clinical manifestations,,data/extraction_json/text/106.json,data/extraction_json/text/106.json,full_text,false,,single_case_report,case_report,high,1,true,false,false,individual,true,false,run_langextract_individual,,,,,,,,,,"This is a classic single case report, with the entire article focused on the clinical course, investigations, and autopsy findings of one patient with SPS. There is no evidence of additional original SPS-spectrum cases.",llm_v1_gpt4.1,2026-04-05T19:02:48.411008+00:00
1068,1068,Progressive encephalomyelitis with rigidity and myoclonus: Anesthesia and glycine receptor antibodies,Papadopoulou A.; Samuels T.L.; Dassanayake A.; Spring C.; Willers J.; Uncles D.R.,2014,A and A Case Reports,Clinical manifestations; Electrophysiology; Treatment,Gustavo  Da Prat (2023-06-23 04:54:46)(Select): article doesn't match ;,data/extraction_json/text/1068.json,data/extraction_json/text/1068.json,full_text,false,,single_case_report,case_report,high,1,true,false,false,individual,true,false,run_langextract_individual,,,,,,,,,,"This is a single case report of a patient with PERM and GlyR antibodies, providing detailed individual-level clinical data. There is no evidence of additional SPS-spectrum patients or group-level data.",llm_v1_gpt4.1,2026-04-05T19:02:57.774135+00:00
10691,10691,VIGABATRIN IMPROVES RIGIDITY IN STIFF-PERSON SYNDROME (SPS),"LIGUORI, R; MEDORI, R; MARCHELLO, L; GRIMALDI, L; LUGARESI, E; MONTAGNA, P",1993,NEUROLOGY,Treatment,Karlo Lizarraga (2021-10-14 05:34:47)(Select): Unable to find abstract or full text. Looks like conference paper. Full text review required.;,data/extraction_json/text/10691.json,data/extraction_json/text/10691.json,full_text,true,manual_review_required,single_case_report,case_report,medium,1,true,false,false,individual,true,true,review_source_category_then_langextract,,,,,,,,,,"validator_flags=PROCEEDINGS_TRIM_PENDING | This is a conference abstract reporting on a single SPS patient treated with vigabatrin, with detailed individual-level clinical data. The structure and content match a single case report.",llm_v1_gpt4.1,2026-04-05T19:03:01.924265+00:00
10692,10692,SIGNIFICANT IMPROVEMENT OF STIFF-PERSON SYNDROME AFTER PARASPINAL INJECTION OF BOTULINUM TOXIN-A,"DAVIS, D; JABBARI, B",1993,MOVEMENT DISORDERS,,Davide Martino (2023-06-27 14:34:05)(Select): No full text uploaded;,data/extraction_json/text/10692.json,data/extraction_json/text/10692.json,full_text,false,,single_case_report,case_report,high,1,true,false,false,individual,true,false,run_langextract_individual,,,,,,,,,,"This is a classic single case report, as evidenced by the detailed narrative of one patient's clinical course, diagnostic findings, and response to botulinum toxin A. No group-level or multi-patient data are presented.",llm_v1_gpt4.1,2026-04-05T19:03:08.772600+00:00
10695,10695,ANESTHETIC IMPLICATIONS IN STIFF-PERSON SYNDROME,"JOHNSON, JO; MILLER, KA",1995,ANESTHESIA AND ANALGESIA,Review Article,"Benjamin Vlad (2023-07-01 23:00:33)(Select): wrong full text, removed it;",data/extraction_json/text/10695.json,data/extraction_json/text/10695.json,full_text,false,,single_case_report,case_report,high,1,true,false,false,individual,true,false,run_langextract_individual,,,,,,,,,,This is a single case report describing the anesthetic implications in a patient with SPS. The text provides individual-level clinical data for one patient and does not present group-level or aggregated data. The structure and content are consistent with a case report.,llm_v1_gpt4.1,2026-04-05T19:03:27.738534+00:00
10697,10697,STIFF-PERSON SYNDROME WITH ANTI-GLUTAMIC ACID DECARBOXYLASE AUTOANTIBODIES - COMPLETE REMISSION OF SYMPTOMS AFTER INTRATHECAL BACLOFEN ADMINISTRATION,"SEITZ, RJ; BLANK, B; KIWIT, JCW; BENECKE, R",1995,JOURNAL OF NEUROLOGY,,,data/extraction_json/text/10697.json,data/extraction_json/text/10697.json,full_text,false,,single_case_report,case_report,high,1,true,false,false,individual,true,false,run_langextract_individual,,,,,,,,,,"This is a classic single case report, providing detailed individual-level clinical data for one patient with SPS. There is no evidence of additional original SPS cases or group-level data.",llm_v1_gpt4.1,2026-04-05T19:03:46.634016+00:00
108,108,"Total alopecia, diabetes mellitus, and falls.","Mueller-Schoop, J W; Meyer, M",1996,"Lancet (London, England)",,,data/extraction_json/text/108.json,data/extraction_json/text/108.json,full_text,false,,single_case_report,case_report,high,,false,false,false,individual,true,false,run_langextract_individual,,,,,,,,,,Manual review: Lancet case vignette describing a 56-year-old woman with SPS-linked autoimmune disease.,llm_v1_gpt4.1,2026-04-05T19:03:46.634643+00:00
10801,10801,"Stiff Person Syndrom, a rare neurological disease in long-term care resident.","Bhatt, T; Medina-Walpole, A; Marshall, FJ",2006,JOURNAL OF THE AMERICAN GERIATRICS SOCIETY,,,data/extraction_json/text/10801.json,data/extraction_json/text_trimmed/10801.json,trimmed,true,trimmed_auto,conference_abstract,single_case_conference_abstract,high,,false,false,false,individual,true,false,run_langextract_individual,,,,,,,,,,Manual review: Proceedings abstract matched by title and authors; single long-term care case report of SPS.,llm_v1_gpt4.1,2026-04-05T19:03:46.648777+00:00
1087,1087,Stiff-person syndrome and myasthenia gravis as a paraneoplastic manifestation of thymoma,Pitha J.; Ehler E.,2014,Clinical and Experimental Neuroimmunology,Clinical manifestations; Electrophysiology; Treatment,,data/extraction_json/text/1087.json,data/extraction_json/text/1087.json,full_text,false,,single_case_report,case_report,high,,false,false,false,individual,true,false,run_langextract_individual,,,,,,,,,,Manual review: Clinical letter describing one paraneoplastic SPS patient with thymoma and myasthenia gravis.,llm_v1_gpt4.1,2026-04-05T19:03:46.649800+00:00
1094,1094,Stiff-person syndrome associated with myotonic dystrophy type 2 - A case report,Ehler E.; Kopal A.; Mandysova P.; Vojtisek P.; Zamecnik J.,2014,Ceska a Slovenska Neurologie a Neurochirurgie,Clinical manifestations; Electrophysiology; Review Article; Treatment,Yasamin Mahjoub (2023-07-01 07:26:56)(Select): wrong pdf - replaced;,data/extraction_json/text/1094.json,data/extraction_json/text/1094.json,full_text,false,,single_case_report,case_report,high,1,true,false,false,individual,true,false,run_langextract_individual,,,,,,,,,,"This is a classic single case report, as indicated by the title, structure, and detailed individual-level reporting of one patient with both SPS and myotonic dystrophy type 2. No group-level or multi-patient data are presented.",llm_v1_gpt4.1,2026-04-05T19:03:52.764424+00:00
1097,1097,Stiff Limb Syndrome Mimicking Corticobasal Syndrome,Balint B.; Mahant N.; Meinck H.-M.; Fung V.,2014,Movement Disorders Clinical Practice,Clinical manifestations; Electrophysiology; Treatment,,data/extraction_json/text/1097.json,data/extraction_json/text/1097.json,full_text,false,,case_series_or_multi_case,case_series,high,2,true,false,true,individual_case_split,true,false,split_cases_then_langextract,,,,,,,,,,"This is a case series describing two original patients with SLS (a variant of SPS) mimicking corticobasal syndrome. The text provides detailed clinical, laboratory, and follow-up data for each patient, confirming original SPS-spectrum data and individual-level reporting.",llm_v1_gpt4.1,2026-04-05T19:04:13.414711+00:00
1098,1098,Spasmodic dysphonia like presentation of stiff person syndrome,Rana A.Q.; Masroor M.S.; Ismail B.,2014,Journal of Neurosciences in Rural Practice,Clinical manifestations; Electrophysiology; Treatment,,data/extraction_json/text/1098.json,data/extraction_json/text/1098.json,full_text,false,,single_case_report,case_report,high,,false,false,false,individual,true,false,run_langextract_individual,,,,,,,,,,Manual review: Letter describing one woman whose SPS initially mimicked spasmodic dysphonia.,llm_v1_gpt4.1,2026-04-05T19:04:13.415355+00:00
11,11,A therapeutic trial of milacemide in myoclonus and the stiff-person syndrome.,"Brown, P; Thompson, P D; Rothwell, J C; Day, B L; Marsden, C D",1991,Movement disorders : official journal of the Movement Disorder Society,Clinical manifestations; Treatment,,data/extraction_json/text/11.json,data/extraction_json/text/11.json,full_text,false,,interventional_study,controlled_or_therapeutic_group_study,high,3,true,true,false,group,true,false,run_langextract_group,,,,,,,,,,"This is an interventional study (open-label trial) of milacemide in a mixed cohort of myoclonus and SPS patients. Three original SPS patients are included, with both individual and group-level data reported. The study is not a review, case report, or basic science paper.",llm_v1_gpt4.1,2026-04-05T19:04:17.376292+00:00
110,110,Stiff-man syndrome: abnormal late responses upon transcranial magnetic stimulation.,"Schulte-Mattler, W J; Zierz, S",1996,Muscle & nerve,Clinical manifestations; Electrophysiology; Treatment,,data/extraction_json/text/110.json,data/extraction_json/text/110.json,full_text,false,,single_case_report,case_report,high,1,true,false,false,individual,true,false,run_langextract_individual,,,,,,,,,,"This is a single case report of a 29-year-old woman with stiff-man syndrome, providing individual-level clinical and electrophysiological data. The structure and content are consistent with a single case report, and no group or series data are presented.",llm_v1_gpt4.1,2026-04-05T19:04:37.257605+00:00
1105,1105,Scoliosis in childhood-onset stiff person syndrome,Rasameesoraj T.; Katirji B.; Devereaux M.,2015,Neurology,Clinical manifestations; Electrophysiology; Treatment,,data/extraction_json/text/1105.json,data/extraction_json/text/1105.json,full_text,false,,single_case_report,case_report,high,1,true,false,false,individual,true,false,run_langextract_individual,,,,,,,,,,"This is a single case report, as indicated by the explicit mention of 'case report' in the methods and the detailed description of one patient's clinical course. There is no evidence of additional original SPS-spectrum patients.",llm_v1_gpt4.1,2026-04-05T19:04:40.886074+00:00
1106,1106,Rhabdomyolysis in stiff person syndrome: Case report,Gangadhara S.; Gandhy C.; Robertson D.,2015,Neurology,Clinical manifestations; Electrophysiology; Treatment,,data/extraction_json/text/1106.json,data/extraction_json/text/1106.json,full_text,false,,single_case_report,case_report,high,1,true,false,false,individual,true,false,run_langextract_individual,,,,,,,,,,"This is a single case report, as indicated by the title and the detailed description of one patient's clinical course. The report provides original SPS-spectrum data at the individual level.",llm_v1_gpt4.1,2026-04-05T19:04:44.095904+00:00
11109,11109,High-dose intravenous immunoglobulin in the treatment elf patients with stiff person syndrome: a controlled study,"Dalakas, MC",2004,INTRAVENOUS IMMUNOGLOBULINS IN THE THIRD MILLENNIUM,,"Yasamin Mahjoub (2023-06-11 19:02:07)(Select): It is a book that is a collection of proceedings of an international symposium held in Interlaken, Switzerland, in September 2003. 
I have requested this chapter through UCalgary Interlibrary Loan. ; Gustavo  Da Prat (2023-06-04 07:19:12)(Select): High-dose intravenous immune globulin for stiff-person syndrome. 2001; Benjamin Vlad (2023-06-01 06:12:42)(Select): It`s a book: 
https://books.google.ch/books/about/Intravenous_Immunoglobulins_in_the_Third.html?id=5iy0zQEACAAJ&redir_esc=y;",data/extraction_json/text/11109.json,data/extraction_json/text_trimmed/11109.json,trimmed,true,header_only_source,conference_abstract,single_case_conference_abstract,low,0,false,false,false,individual,true,true,review_source_category_then_langextract,,,,,,,,,,"validator_flags=EVIDENCE_NO_PAGES | The classification is based on metadata indicating this is a proceedings volume from a symposium, and the lack of substantive text. There is no evidence of original SPS patient data in the available text, but the full content is not accessible, so manual review is required.",llm_v1_gpt4.1,2026-04-05T19:04:47.296480+00:00
1112,1112,Practical management of stiff person syndrome in a limited resource setting-report of experiences in a two year follow-up,Siddi Ganie N.; Nichol R.; Janse Van Rensberg E.; Smit L.; Kruger A.; Nel M.; Lecuona E.,2015,European Journal of Neurology,,,data/extraction_json/text/1112.json,data/extraction_json/text_trimmed/1112.json,trimmed,true,trimmed_auto,conference_abstract,single_case_conference_abstract,high,,false,false,false,individual,true,false,run_langextract_individual,,,,,,,,,,Manual review: Proceedings abstract matched by title and authors; three-patient treatment experience over two years.,llm_v1_gpt4.1,2026-04-05T19:04:47.309621+00:00
1116,1116,Paediatric neurological syndromes associated with glycine receptor antibodies,Gadian J.; Hacohen Y.; Kariyawasam S.; Woodhall M.; Brilot F.; Pillai S.; Suleiman J.; Lascelles K.; Pike M.; Munot P.; Vincent A.; Dale R.C.; Lim M.,2015,European Journal of Paediatric Neurology,,,data/extraction_json/text/1116.json,data/extraction_json/text/1116.json,full_text,false,not_needed,conference_abstract,group_conference_abstract,high,6,false,true,false,group,true,false,run_langextract_group,,,,,,,,,,"This is a conference abstract (single page, supplement issue, 'S' page number) reporting original group-level clinical data on six pediatric patients with GlyR antibodies, including SPS-spectrum presentations. The data is not individual-level but does provide aggregate clinical outcomes.",llm_v1_gpt4.1,2026-04-05T19:05:06.645713+00:00
1117,1117,Glycine receptor antibody mediated progressive encephalomyelitis with rigidity and myoclonus (PERM) presenting as an abnormal startle response in an adolescent girl,Patel A.; Boyd S.; Amin B.; Robinson R.; Woodhall M.; Vincent A.; Hemingway C.; Munot P.,2015,European Journal of Paediatric Neurology,,,data/extraction_json/text/1117.json,data/extraction_json/text_trimmed/1117.json,trimmed,true,header_only_source,conference_abstract,single_case_conference_abstract,high,,false,false,false,individual,true,false,run_langextract_individual,,,,,,,,,,Manual review: Proceedings abstract matched by title and authors; adolescent girl with GlyR-antibody PERM.,llm_v1_gpt4.1,2026-04-05T19:05:06.646499+00:00
1118,1118,Prolonged cortical hyperexcitability during burst-suppression associated with glycine receptor antibodies,Patel A.; Janackova S.; Munot P.; Vincent A.; Boyd S.,2015,European Journal of Paediatric Neurology,Clinical manifestations; Electrophysiology; Treatment,,data/extraction_json/text/1118.json,data/extraction_json/text/1118.json,full_text,true,manual_review_required,conference_abstract,single_case_conference_abstract,high,,false,false,false,individual,true,false,trim_or_review_proceedings,,,,,,,,,,Manual review: Proceedings abstract matched by title and authors; one pediatric GlyR-antibody PERM case with burst-suppression.,llm_v1_gpt4.1,2026-04-05T19:05:06.647079+00:00
1119,1119,Antibody spectrum in stiff person syndrome and related disorders,Balint B.; Blocker I.M.; Unger M.; Stocker W.; Probst C.; Komorowski L.; Meinck H.M.,2015,Movement Disorders,Clinical manifestations; Electrophysiology; Immunological - Lab tests; Review Article; Treatment,Bettina Balint (2023-08-28 18:47:38)(Select): No; Annu Aggarwal (2021-10-19 05:12:18)(Select): BB please confirm if this info is covered in your subsequent papers;,data/extraction_json/text/1119.json,data/extraction_json/text_trimmed/1119.json,trimmed,true,trimmed_auto,conference_abstract,single_case_conference_abstract,high,,false,false,false,individual,true,false,run_langextract_individual,,,,,,,,,,Manual review: Proceedings abstract matched by title and authors; large antibody-spectrum cohort rather than case-level source.,llm_v1_gpt4.1,2026-04-05T19:05:06.678163+00:00
11193,11193,STIFF PERSON AND RELATED SYNDROMES: REVIEW OF 21 PATIENTS AND THEIR RESPONSE TO TREATMENT,"Thompson, J; Sadalage, G; Karim, A; Jacob, S",2019,JOURNAL OF NEUROLOGY NEUROSURGERY AND PSYCHIATRY,,,data/extraction_json/text/11193.json,data/extraction_json/text/11193.json,full_text,false,,conference_abstract,group_conference_abstract,high,21,false,true,false,group,true,false,run_langextract_group,,,,,,,,,,"This is a conference abstract (single page, E8, session listing, and abstract format) reporting original group-level data on 21 SPS-spectrum patients. The methods and results sections confirm original data collection and analysis.",llm_v1_gpt4.1,2026-04-05T19:05:10.592037+00:00
112,112,Anti-gabaergic neuron autoantibodies in a patient with stiff-man syndrome and ataxia.,"Giometto, B; Miotto, D; Faresin, F; Argentiero, V; Scaravilli, T; Tavolato, B",1996,Journal of the neurological sciences,Clinical manifestations; Electrophysiology; Treatment,,data/extraction_json/text/112.json,data/extraction_json/text/112.json,full_text,false,,single_case_report,case_report,high,1,true,false,false,individual,true,false,run_langextract_individual,,,,,,,,,,"This is a single case report, as indicated by the detailed description of one patient's clinical course, laboratory findings, and discussion focused solely on this individual. The paper does not present group-level or multi-patient data.",llm_v1_gpt4.1,2026-04-05T19:05:16.680331+00:00
1120,1120,Anti-GAD65 negative stiff-person syndrome with a favorable response to pregabalin: A case post-thymoma excision accompanying central sleep apnea,Zhang G.; Liu L.; Xiong N.; Huang J.; Wang T.,2015,Movement Disorders,Clinical manifestations; Electrophysiology; Treatment,Gustavo  Da Prat (2023-06-24 07:49:10)(Select): Abstract 740; Camila Aquino (2021-07-04 03:42:15)(Screen): Conference Abstract - excluding;,data/extraction_json/text/1120.json,data/extraction_json/text_trimmed/1120.json,trimmed,true,trimmed_auto,conference_abstract,single_case_conference_abstract,high,,false,false,false,individual,true,false,run_langextract_individual,,,,,,,,,,Manual review: Proceedings abstract matched by title and authors; one anti-GAD-negative post-thymoma SPS case responsive to pregabalin.,llm_v1_gpt4.1,2026-04-05T19:05:16.712529+00:00
11200,11200,A CASE OF PEDIATRIC STIFF-PERSON SYNDROME IN KENYA,"Lee, S; Oundoh, NL; Mercer, T; Humphrey, J; Oyungu, E",2020,AFRICAN JOURNAL OF NEUROLOGICAL SCIENCES,,,data/extraction_json/text/11200.json,data/extraction_json/text/11200.json,full_text,false,,single_case_report,case_report,high,1,true,false,false,individual,true,false,run_langextract_individual,,,,,,,,,,"This is a classic single case report, as indicated by the title, structure, and detailed narrative of one patient's clinical course. The report provides individual-level data and does not aggregate or discuss a cohort.",llm_v1_gpt4.1,2026-04-05T19:05:35.767135+00:00
1129,1129,"GAD autoimmunity: Syndromes, comorbidities, and coexisting antibodies in 121 patients",Arino H.; Gresa-Arribas N.; Hoftberger R.; Martinez-Hernandez E.; Armangue T.; Kruer M.C.; Arpa J.; Domingo J.; Rojc B.; Bataller L.; Saiz A.; Dalmau J.; Graus F.,2015,Annals of Neurology,,Davide Martino (2024-05-18 13:31:32)(Included): No extractable data;,data/extraction_json/text/1129.json,data/extraction_json/text_trimmed/1129.json,trimmed,true,header_only_source,conference_abstract,group_conference_abstract,high,0,false,true,false,group,true,false,run_langextract_group,,,,,,,,,,"This is a conference abstract (proceedings detected, single page, supplement issue) reporting on a mixed cohort of GAD antibody-associated syndromes. While SPS is mentioned, no extractable original SPS-spectrum patient data is provided.",llm_v1_gpt4.1,2026-04-05T19:05:38.921001+00:00
113,113,Gastrointestinal involvement in neurologic disorders: Stiff-man and Charcot-Marie-Tooth syndromes.,"Soykan, I; McCallum, R W",1997,The American journal of the medical sciences,Clinical manifestations; Electrophysiology; Treatment,,data/extraction_json/text/113.json,data/extraction_json/text/113.json,full_text,false,,single_case_report,case_report,high,1,true,false,false,individual,true,false,run_langextract_individual,,,,,,,,,,"This is a dual case report, with detailed individual-level clinical data for one patient with Stiff-man syndrome and one with Charcot-Marie-Tooth syndrome. Only the SMS patient is SPS-spectrum, so the paper is classified as a single case report with 1 original SPS-spectrum patient.",llm_v1_gpt4.1,2026-04-05T19:05:58.145803+00:00
11318,11318,PROGRESSIVE ENCEPHALOMYELITIS WITH RIGIDITY - ITS RELATION TO SUBACUTE MYOCLONIC SPINAL NEURONITIS AND TO STIFF MAN SYNDROME,"WHITELEY, AM; SWASH, M; URICH, H",1976,BRAIN,,,data/extraction_json/text/11318.json,data/extraction_json/text/11318.json,full_text,false,,case_series_or_multi_case,case_series,high,2,true,false,true,individual_case_split,true,false,split_cases_then_langextract,,,,,,,,,,"This is a case series describing two original patients with progressive encephalomyelitis with rigidity, including detailed clinical and pathological data. The text provides individual-level data for both cases, and there is no indication that additional original SPS-spectrum patients are included.",llm_v1_gpt4.1,2026-04-05T19:06:02.994945+00:00
1133,1133,Favorable response of botulinum toxin to the axial muscle spasms in a patient with stiff-person syndrome autoimmune: A case report,Correa Ospina D.; Paula Andrea Millan Giraldo P.; Jose Mauricio Cardenas Prieto J.; Omar Fredy Buritica O.; Simon Uribe Vargas S.,2015,Journal of the Neurological Sciences,,,data/extraction_json/text/1133.json,data/extraction_json/text/1133.json,full_text,false,,single_case_report,case_report,high,1,true,false,false,individual,true,false,run_langextract_individual,,,,,,,,,,"This is a single case report, as indicated by the title and the detailed description of one patient's clinical course, diagnosis, and treatment. The report contains original, individual-level SPS-spectrum data.",llm_v1_gpt4.1,2026-04-05T19:06:22.011792+00:00
1135,1135,Stiff person syndrome in a 64 year old male Filipino: A case report,Blanco P.; Belonguel N.J.,2015,Journal of the Neurological Sciences,,,data/extraction_json/text/1135.json,data/extraction_json/text/1135.json,full_text,false,,single_case_report,case_report,high,1,true,false,false,individual,true,false,run_langextract_individual,,,,,,,,,,"The title, abstract, and extracted text all indicate this is a single case report of SPS. The report provides detailed individual-level clinical data, including presentation, examination, EMG findings, antibody testing, and treatment response.",llm_v1_gpt4.1,2026-04-05T19:06:25.168916+00:00
1138,1138,Stiff person syndrome: Review of 14 patients,Cavalcante V.; Souza Bulle Oliveira A.,2015,Journal of the Neurological Sciences,Clinical manifestations; Electrophysiology; Treatment,,data/extraction_json/text/1138.json,data/extraction_json/text_trimmed/1138.json,trimmed,true,trimmed_auto,conference_abstract,group_conference_abstract,high,14,false,true,false,group,true,false,run_langextract_group,,,,,,,,,,"This is a conference abstract (supplement issue, single page, proceedings detected) reporting original group-level clinical data from 14 SPS patients. The data are aggregated, not individual-level, but clearly original and clinically relevant.",llm_v1_gpt4.1,2026-04-05T19:06:28.791059+00:00
114,114,The stiff leg syndrome.,"Brown, P; Rothwell, J C; Marsden, C D",1997,"Journal of neurology, neurosurgery, and psychiatry",Clinical manifestations; Electrophysiology; Treatment,,data/extraction_json/text/114.json,data/extraction_json/text/114.json,full_text,false,,case_series_or_multi_case,case_series,high,4,true,true,true,individual_case_split,true,false,split_cases_then_langextract,,,,,,,,,,"This is a case series describing four original patients with stiff leg syndrome, a form of SPS-spectrum disorder. The paper provides both individual case histories and group-level findings, with original clinical and electrophysiological data. There is no indication that these cases were previously published.",llm_v1_gpt4.1,2026-04-05T19:06:48.314576+00:00
11443,11443,A Systematic review of 192 cases of Stiff-person Syndrome in China,"Liu, Y; Zhao, YQ",2013,2013 IEEE INTERNATIONAL CONFERENCE ON BIOINFORMATICS AND BIOMEDICINE (BIBM),,"Karlo Lizarraga (2021-10-14 05:45:38)(Select): Conference paper with potential for data extraction:
https://www.computer.org/csdl/proceedings-article/bibm/2013/06732662/12OmNzkMlUb;",data/extraction_json/text/11443.json,data/extraction_json/text_trimmed/11443.json,trimmed,true,trimmed_auto,review_article,review,high,0,false,false,false,skip,false,false,skip_langextract,,,,,,,,,,"This is a systematic review article that synthesizes data from previously published reports of SPS in China. The methods section describes a literature search and inclusion/exclusion criteria for published articles, and the results are aggregate summaries from these sources. There is no indication of original patient data collected by the authors.",llm_v1_gpt4.1,2026-04-05T19:06:52.805104+00:00
1149,1149,Stiff person syndrome: A case series,Jabari D.; Dimachkie M.; Statland J.; Abuzinadah A.; Jawdat O.; Glenn M.; McVey A.; Dick A.; Dubinsky R.; Herbelin L.; Barohn R.; Pasnoor M.,2015,Journal of Clinical Neuromuscular Disease,Electrophysiology; Immunological - Lab tests; Treatment,,data/extraction_json/text/1149.json,data/extraction_json/text/1149.json,full_text,false,not_needed,case_series_or_multi_case,case_series,high,14,false,true,true,individual_case_split,true,false,split_cases_then_langextract,,,,,,,,,,"This is a case series reporting original clinical data on 14 SPS patients seen at a single center, with group-level statistics on demographics, clinical features, and treatment outcomes. There is no evidence of individual-level case descriptions, but the data are original and specific to SPS-spectrum patients.",llm_v1_gpt4.1,2026-04-05T19:06:57.483682+00:00
115,115,Improvement of stiff-man syndrome with vigabatrin.,"Prevett, M C; Brown, P; Duncan, J S",1997,Neurology,Clinical manifestations; Electrophysiology; Treatment,,data/extraction_json/text/115.json,data/extraction_json/text/115.json,full_text,false,,single_case_report,case_report,high,1,true,false,false,individual,true,false,run_langextract_individual,,,,,,,,,,This is a single case report describing one patient with stiff-man syndrome who improved with vigabatrin. The report provides individual-level clinical data and does not present group-level or aggregated data.,llm_v1_gpt4.1,2026-04-05T19:07:15.774339+00:00
1150,1150,Stiff person syndrome presenting as 'stiff eyes',Vinjam M.R.; Shanmugarajan P.; Ford H.,2015,"Journal of Neurology, Neurosurgery and Psychiatry",Clinical manifestations; Immunological - Lab tests; Treatment,,data/extraction_json/text/1150.json,data/extraction_json/text/1150.json,full_text,false,not_needed,conference_abstract,single_case_conference_abstract,high,,false,false,false,individual,true,false,run_langextract_individual,,,,,,,,,,Manual review: ABN conference abstract of one anti-amphiphysin-positive SPS case presenting with eye movement symptoms.,llm_v1_gpt4.1,2026-04-05T19:07:15.774963+00:00
1153,1153,A new clinical tool (BRIT) to monitor IVIg efficacy in patients with stiff person syndrome,Weerasinghe S.; Sadalage G.; Jacob S.,2015,"Journal of Neurology, Neurosurgery and Psychiatry",,Karlo Lizarraga (2023-07-01 22:30:41)(Select): Conference abstract;,data/extraction_json/text/1153.json,data/extraction_json/text/1153.json,full_text,false,not_needed,conference_abstract,group_conference_abstract,high,12,false,true,false,group,true,false,run_langextract_group,,,,,,,,,,"This is a conference abstract (ABN abstracts 2015, short format, supplement issue) reporting original group-level data on 12 SPS patients studied with a new clinical tool (BRIT) to monitor IVIg efficacy.",llm_v1_gpt4.1,2026-04-05T19:07:19.203529+00:00
1154,1154,Clinical features and treatment response in a large UK cohort of stiff person syndrome patients,Sadalage G.; Karim A.; Jacob S.,2015,"Journal of Neurology, Neurosurgery and Psychiatry",,,data/extraction_json/text/1154.json,data/extraction_json/text/1154.json,full_text,false,not_needed,conference_abstract,group_conference_abstract,high,12,false,true,false,group,true,false,run_langextract_group,,,,,,,,,,"This is a conference abstract (published as an ABN abstract in a supplement, single page, and labeled as such) reporting original group-level clinical data on 12 SPS patients. There is no evidence of individual-level data, but the cohort size is clearly stated.",llm_v1_gpt4.1,2026-04-05T19:07:22.327041+00:00
116,116,Antibodies to 125I-glutamic acid decarboxylase in patients with stiff man syndrome.,"Vincent, A; Grimaldi, L M; Martino, G; Davenport, C; Todd, I",1997,"Journal of neurology, neurosurgery, and psychiatry",Clinical manifestations; Electrophysiology; Immunological - Lab tests; Treatment,,data/extraction_json/text/116.json,data/extraction_json/text/116.json,full_text,false,,lab_heavy_clinical_or_translational,group_or_frequency_focused_lab_clinical_study,high,18,true,true,false,group,true,false,run_langextract_group,,,,,,,,,,"This is a laboratory-heavy translational study that develops and applies a new anti-GAD antibody assay to a cohort of patients with stiff man syndrome. The paper provides both individual and group-level data on these patients, including antibody status and clinical associations, thus fitting the lab-heavy clinical/translational category.",llm_v1_gpt4.1,2026-04-05T19:07:42.062942+00:00
11732,11732,Use of subcutaneous immunoglobulin in stiff person syndrome: Case series,"Aljarallah, Salman; Newsome, Scott D.",2021,Medicine,Treatment,,data/extraction_json/text/11732.json,data/extraction_json/text/11732.json,full_text,false,,case_series_or_multi_case,case_series,high,5,true,true,true,individual_case_split,true,false,split_cases_then_langextract,,,,,,,,,,"This is a case series reporting on five original SPS patients treated with subcutaneous immunoglobulin, with detailed individual-level clinical data and group-level summaries. The structure and content are consistent with a multi-case case series.",llm_v1_gpt4.1,2026-04-05T19:07:47.527815+00:00
11746,11746,Stiff person syndrome and gluten sensitivity,"Hadjivassiliou, Marios; Zis, Panagiotis; Sarrigiannis, Ptolemaios G.; Sanders, David S.; Hoggard, Nigel",2021,Nutrients,Treatment,,data/extraction_json/text/11746.json,data/extraction_json/text/11746.json,full_text,false,,observational_group_study,retrospective_or_cohort_group_study,high,20,false,true,false,group,true,false,run_langextract_group,,,,,,,,,,"This is a retrospective observational group study reporting original clinical data on 20 SPS patients, with aggregate (group-level) statistics and some illustrative case detail. There is no evidence this is a review or a case series with detailed individual-level data for each patient.",llm_v1_gpt4.1,2026-04-05T19:08:06.072075+00:00
11750,11750,Anti-amphiphysin positive stiff-person syndrome due to invasive ductal carcinoma in a male patient,"Connolly, Christopher; Cobain, Erin; Hughes, Tasha",2021,BMJ Case Reports,Clinical manifestations; Electrophysiology; Treatment,,data/extraction_json/text/11750.json,data/extraction_json/text/11750.json,full_text,false,,single_case_report,case_report,high,1,true,false,false,individual,true,false,run_langextract_individual,,,,,,,,,,"This is a classic single case report, as it provides a detailed narrative of one patient's presentation, diagnostic workup, treatment, and follow-up for anti-amphiphysin positive SPS. There is no evidence of additional original SPS-spectrum patients.",llm_v1_gpt4.1,2026-04-05T19:08:25.095117+00:00
11785,11785,"GAD antibody-spectrum disorders: progress in clinical phenotypes, immunopathogenesis and therapeutic interventions","Tsiortou, Popianna; Alexopoulos, Harry; Dalakas, Marinos C.",2021,Therapeutic Advances in Neurological Disorders,Clinical manifestations; Electrophysiology; Review Article; Treatment,,data/extraction_json/text/11785.json,data/extraction_json/text/11785.json,full_text,false,,review_article,review,high,0,false,false,false,skip,false,false,skip_langextract,,,,,,,,,,"The paper is explicitly described as a review, and the text repeatedly refers to summarizing clinical manifestations, pathogenesis, and therapeutic interventions based on prior studies. While it references a longitudinal study of 57 patients, this is clearly cited as prior work and not new data presented in this article.",llm_v1_gpt4.1,2026-04-05T19:08:45.730171+00:00
11789,11789,Perioperative management and complications of stiff person syndrome,"Garrigan, Ethan; Lee, Howard",2021,Critical Care Medicine,Clinical manifestations; Electrophysiology; Treatment,,data/extraction_json/text/11789.json,data/extraction_json/text/11789.json,full_text,false,not_needed,single_case_report,case_report,high,1,true,false,false,individual,true,false,run_langextract_individual,,,,,,,,,,"This is a single case report, as it presents detailed clinical information about one patient with SPS, including presentation, diagnosis, treatment, and outcomes. There is no indication of a case series or group-level data.",llm_v1_gpt4.1,2026-04-05T19:08:48.776661+00:00
11790,11790,Efficacy and safety of therapeutic plasma exchange in stiff person syndrome,"Czempik, Piotr F.; Gawryluk, Justyna; Wiorek, Agnieszka; Krzystanek, Ewa; Krzych, Lukasz J.",2021,Open Medicine (Poland),Clinical manifestations; Treatment,,data/extraction_json/text/11790.json,data/extraction_json/text/11790.json,full_text,false,,single_case_report,case_report,high,1,true,false,false,individual,true,false,run_langextract_individual,,,,,,,,,,"This is a single case report, as evidenced by the explicit presentation of one patient's clinical course and the use of language such as 'we present a case' and 'case presentation.' The remainder of the paper reviews prior literature and does not introduce additional original SPS cases.",llm_v1_gpt4.1,2026-04-05T19:09:09.348567+00:00
11798,11798,"The Dilemma, Conversion Disorder or Stiff Person Syndrome, a Case Report","Jahan, Sultana",2021,CNS spectrums,Clinical manifestations; Differential Diagnosis; Electrophysiology; Treatment,,data/extraction_json/text/11798.json,data/extraction_json/text/11798.json,full_text,false,,conference_abstract,single_case_conference_abstract,high,1,true,false,false,individual,true,false,run_langextract_individual,,,,,,,,,,"The abstract is published in a supplement/abstracts section, spans only two pages, and is labeled as a 'case report.' It provides individual-level clinical data for a single SPS-spectrum patient, fitting the definition of a single case report presented as a conference abstract.",llm_v1_gpt4.1,2026-04-05T19:09:14.462920+00:00
118,118,Stiff-persons' syndrome associated with thymoma and subsequent myasthenia gravis.,"Nicholas, A P; Chatterjee, A; Arnold, M M; Claussen, G C; Zorn, G L Jr; Oh, S J",1997,Muscle & nerve,Clinical manifestations; Electrophysiology; Treatment,,data/extraction_json/text/118.json,data/extraction_json/text/118.json,full_text,false,,single_case_report,case_report,high,1,true,false,false,individual,true,false,run_langextract_individual,,,,,,,,,,"This is a classic single case report, as evidenced by the detailed, individualized clinical description and the explicit statement that this is the first documented case of SPS with histologically proven thymoma. No group or series data are presented.",llm_v1_gpt4.1,2026-04-05T19:09:33.645602+00:00
11803,11803,Perm syndrome: A potential mimic of glycine antagonist poisoning,"Scanlon, Matthew P.; Malley, Carin K.; Westover, Rachael C.; Micciche, Andrew F.; Abesamis, Michael G.; Shulman, Joshua A.",2021,Journal of Medical Toxicology,Clinical manifestations; Electrophysiology; Review Article; Treatment,,data/extraction_json/text/11803.json,data/extraction_json/text_trimmed/11803.json,trimmed,false,,single_case_report,case_report,high,1,true,false,false,individual,true,false,run_langextract_individual,,,,,,,,,,"This is a single case report describing one original SPS-spectrum (PERM) patient with individual-level clinical data, including presentation, diagnostic workup, and treatment response. There is no evidence of additional patients or group-level data.",llm_v1_gpt4.1,2026-04-05T19:09:37.239310+00:00
11804,11804,GAD65 autoimmunity after treatment with nivolumab: a multifocal presentation,"Ranieri, Angelo; Napolitano, Massimo; Manzo, Valentino; Maniscalco, Giorgia Teresa; Allegorico, Lia; Zekeridou, Anastasia; Pezzella, Marianna; Gatta, Luigi Della; Ferrari, Sergio; Mariotto, Sara",2021,Neurological Sciences,Clinical manifestations; Electrophysiology; Treatment,,data/extraction_json/text/11804.json,data/extraction_json/text/11804.json,full_text,false,,single_case_report,case_report,high,1,true,false,false,individual,true,false,run_langextract_individual,,,,,,,,,,"This is a single case report, as evidenced by the detailed narrative of one patient's clinical course and the use of singular language throughout. The report provides original, individual-level SPS-spectrum data.",llm_v1_gpt4.1,2026-04-05T19:09:56.025466+00:00
11810,11810,Subcutaneous Immunoglobulin Therapy with IgPro20 in Patients with Stiff Person Syndrome and Primary Immunodeficiency Disease,"Francis, Olivia; Patel, Niraj C.; Joshi, Avni; Prince, Ty; Krishnaswamy, Guha",2021,Journal of neuromuscular diseases,Clinical manifestations; Electrophysiology; Treatment,,data/extraction_json/text/11810.json,data/extraction_json/text/11810.json,full_text,false,,observational_group_study,retrospective_or_cohort_group_study,high,4,true,true,false,group,true,false,run_langextract_group,,,,,,,,,,"This is an observational group study reporting original data on 4 SPS patients treated with SCIgPro20. The study provides both individual case details and aggregate outcomes, and is not a review, case report, or conference abstract. The patient count is clear and well-supported.",llm_v1_gpt4.1,2026-04-05T19:10:00.414667+00:00
11813,11813,Exacerbation of Stiff Person Syndrome by Selective Serotonin Reuptake Inhibitors,"Olszewska, Diana A.; Bhowmick, Suvorit S.; Lang, Anthony E.",2021,Movement Disorders Clinical Practice,Clinical manifestations; Electrophysiology; Treatment,,data/extraction_json/text/11813.json,data/extraction_json/text/11813.json,full_text,false,,single_case_report,case_report,high,1,true,false,false,individual,true,false,run_langextract_individual,,,,,,,,,,"This is a classic single case report, as indicated by the section heading 'Case Report' and the detailed description of one patient's clinical course, diagnostic workup, and response to medications. There is no evidence of additional original SPS-spectrum patients.",llm_v1_gpt4.1,2026-04-05T19:10:20.254542+00:00
11814,11814,Rehabilitation in paraneoplastic stiff-person syndrome-case report,"Karatekin, Bilinc Dogruoz; Sahin, Seyma Nur; Icagasioglu, Afitap",2021,Journal of Musculoskeletal Neuronal Interactions,Clinical manifestations; Electrophysiology; Treatment,,data/extraction_json/text/11814.json,data/extraction_json/text/11814.json,full_text,false,,single_case_report,case_report,high,1,true,false,false,individual,true,false,run_langextract_individual,,,,,,,,,,"This is a single case report, as indicated by the title, abstract, and detailed individual-level reporting of one patient's clinical course and rehabilitation. No group-level or multi-patient data are presented.",llm_v1_gpt4.1,2026-04-05T19:10:24.383830+00:00
11822,11822,Quantitative Assessment of Response to Long-Term Treatment with Intravenous Immunoglobulin in Patients with Stiff Person Syndrome,"Bose, Smriti; Thompson, Joseph P.; Sadalage, Girija; Karim, Abid; Jacob, Saiju",2021,Movement Disorders Clinical Practice,Clinical manifestations; Electrophysiology; Treatment,,data/extraction_json/text/11822.json,data/extraction_json/text/11822.json,full_text,false,,observational_group_study,retrospective_or_cohort_group_study,high,23,true,true,false,group,true,false,run_langextract_group,,,,,,,,,,"This is an observational group study of 23 original SPS-spectrum patients, with detailed clinical, demographic, and treatment data. The study is not a review, case report, or interventional trial, and it provides both individual and aggregate data on the cohort.",llm_v1_gpt4.1,2026-04-05T19:10:44.216555+00:00
11823,11823,Successful management of acute respiratory failure in a patient with stiff person syndrome and scoliosis,"Song, D.; Mudigonda, G.; Sithamraju, A.; Kulkarni, S.",2021,American Journal of Respiratory and Critical Care Medicine,Clinical manifestations; Electrophysiology; Treatment,Karlo Lizarraga (2023-07-01 11:27:48)(Select): Conference abstract;,data/extraction_json/text/11823.json,data/extraction_json/text/11823.json,full_text,false,not_needed,conference_abstract,single_case_conference_abstract,high,,false,false,false,individual,true,false,run_langextract_individual,,,,,,,,,,Manual review: Conference case abstract describing one SPS patient with scoliosis and acute respiratory failure.,llm_v1_gpt4.1,2026-04-05T19:10:44.217201+00:00
11834,11834,Stiff Person Syndrome: A Case Report with Sudden Onset and Coexistence of Sero-Positive Antibodies to Glutamic Acid Decarboxylase and Anti-SOX1 Antibodies.,Nguyen PM; Vu DD; Vu KD; Nguyen HT; Nguyen DV,2022,Case Rep Neurol,,,data/extraction_json/text/11834.json,data/extraction_json/text/11834.json,full_text,false,,single_case_report,case_report,high,1,true,false,false,individual,true,false,run_langextract_individual,,,,,,,,,,"This is a single case report, as indicated by the title, structure, and detailed individual-level reporting of one patient. The paper provides original SPS-spectrum data for this patient only.",llm_v1_gpt4.1,2026-04-05T19:11:02.942204+00:00
11835,11835,A Rare Case of Stiff Person Syndrome With Pulmonary Complications.,Singh P; Singhvi S; Crestani A; Perez J,2022,Cureus,,,data/extraction_json/text/11835.json,data/extraction_json/text/11835.json,full_text,false,,single_case_report,case_report,high,1,true,false,false,individual,true,false,run_langextract_individual,,,,,,,,,,"This is a single case report, as indicated by the title, abstract, and detailed case presentation of one patient. The report provides individual-level clinical data and does not aggregate or discuss a cohort.",llm_v1_gpt4.1,2026-04-05T19:11:18.637409+00:00
11849,11849,Stiff-person syndrome: an atypical presentation and a review of the literature.,Lin BC; Johal J; Sivakumar K; Romano AE; Yacoub HA,2021,Hosp Pract (1995),,,data/extraction_json/text/11849.json,data/extraction_json/text/11849.json,full_text,false,,single_case_report,case_report,high,1,true,false,false,individual,true,false,run_langextract_individual,,,,,,,,,,"The article is structured as a case report, providing detailed clinical information about one individual patient with stiff-limb syndrome (SPS variant). The remainder of the article is a literature review, but only one original patient is reported.",llm_v1_gpt4.1,2026-04-05T19:11:22.670398+00:00
11850,11850,Successful Treatment of Stiff Person Syndrome with Intrathecal Baclofen.,Geffen S; Chiang N,2019,J Rehabil Med Clin Commun,,,data/extraction_json/text/11850.json,data/extraction_json/text/11850.json,full_text,false,,single_case_report,case_report,high,1,true,false,false,individual,true,false,run_langextract_individual,,,,,,,,,,"This is a classic single case report, as indicated by the title, structure, and detailed individual-level reporting of one patient with SPS. There is no evidence of additional original SPS cases or group-level data.",llm_v1_gpt4.1,2026-04-05T19:11:27.047656+00:00
11884,11884,Effectiveness of Intrathecal Baclofen for Intractable Stiffperson Syndrome: a Case Report.,Zhang B; Lau R; van Why D; Saulino M,2021,J Rehabil Med Clin Commun,,,data/extraction_json/text/11884.json,data/extraction_json/text/11884.json,full_text,false,,single_case_report,case_report,high,1,true,false,false,individual,true,false,run_langextract_individual,,,,,,,,,,"This is a single case report, as indicated by the title, structure, and detailed individual-level clinical data for one patient with SPS. There is no evidence of additional original SPS-spectrum patients being reported.",llm_v1_gpt4.1,2026-04-05T19:11:45.821395+00:00
11893,11893,Brain and Muscle Metabolic Changes by FDG-PET in Stiff Person Syndrome Spectrum Disorders.,Wang Y; Sadaghiani MS; Tian F; Fitzgerald KC; Solnes L; Newsome SD,2021,Front Neurol,,,data/extraction_json/text/11893.json,data/extraction_json/text/11893.json,full_text,false,,observational_group_study,retrospective_or_cohort_group_study,high,,false,false,false,group,true,false,run_langextract_group,,,,,,,,,,Manual review: Retrospective FDG-PET cohort of SPS spectrum disorders with group-level imaging findings.,llm_v1_gpt4.1,2026-04-05T19:11:45.822432+00:00
11903,11903,"Pediatric stiff limb syndrome with polyautoimmunity of anti-GAD-65, anti-islet cell, and thyroid peroxidase antibodies: A case report and review of literature.",Nie DA; Abud A; Serrano-Gonzalez M; Harappanahally G; Patil R,2022,J Neuroimmunol,,,data/extraction_json/text/11903.json,data/extraction_json/text_trimmed/11903.json,trimmed,true,trimmed_auto,single_case_report,case_report,high,1,true,false,false,individual,true,false,run_langextract_individual,,,,,,,,,,"The title and abstract clearly state this is a case report of a single pediatric patient with stiff limb syndrome, followed by a review of previously reported cases. There is no evidence of additional original SPS-spectrum patients in this paper.",llm_v1_gpt4.1,2026-04-05T19:11:49.137857+00:00
11904,11904,One in a Million: A Case Report of Stiff Person Syndrome.,Yadav R; Abrol N; Terebelo S,2022,Case Rep Rheumatol,,,data/extraction_json/text/11904.json,data/extraction_json/text/11904.json,full_text,false,,single_case_report,case_report,high,1,true,false,false,individual,true,false,run_langextract_individual,,,,,,,,,,"This is a classic single case report, as indicated by the title, structure, and detailed individual-level clinical data for one patient. There is no evidence of group-level or multiple patient data.",llm_v1_gpt4.1,2026-04-05T19:12:08.436724+00:00
11913,11913,A Case of Anti-GAD 65 Autoimmune Encephalitis Associated with Focal Segmental Stiff-Person Syndrome.,Zhang C; Dai Y; Han B; Peng J; Ma J; Tang Q; Yang L,2023,Brain Sci,,,data/extraction_json/text/11913.json,data/extraction_json/text/11913.json,full_text,false,,single_case_report,case_report,high,1,true,false,false,individual,true,false,run_langextract_individual,,,,,,,,,,"This is a single case report, as indicated by the title, abstract, and detailed individual-level clinical description of one patient with focal segmental SPS. There is no evidence of additional original SPS-spectrum patients in the paper.",llm_v1_gpt4.1,2026-04-05T19:12:12.216297+00:00
11914,11914,Long-term Effectiveness of IVIg Maintenance Therapy in 36 Patients With GAD Antibody-Positive Stiff-Person Syndrome.,Yi J; Dalakas MC,2022,Neurol Neuroimmunol Neuroinflamm,,,data/extraction_json/text/11914.json,data/extraction_json/text/11914.json,full_text,false,,observational_group_study,retrospective_or_cohort_group_study,high,36,true,true,false,group,true,false,run_langextract_group,,,,,,,,,,"This is a retrospective observational cohort study of 36 original SPS-spectrum patients treated and followed at a single center. The paper provides both individual-level (Table 1) and group-level data, with clear original clinical information. It is not a review, case series, or interventional trial.",llm_v1_gpt4.1,2026-04-05T19:12:32.150069+00:00
11915,11915,Therapeutic plasma exchange in the management of stiff person syndrome spectrum disorders: a case series and review of the literature.,Mercure-Corriveau N; Roy S; Hu C; Crowe EP; Zhu X; Obando D; Patel EU; Tobian AAR; Wang Y; Bloch EM; Newsome SD,2023,Ther Adv Neurol Disord,,,data/extraction_json/text/11915.json,data/extraction_json/text_trimmed/11915.json,trimmed,true,trimmed_auto,case_series_or_multi_case,case_series,high,39,true,true,true,individual_case_split,true,false,split_cases_then_langextract,,,,,,,,,,"This is a case series and retrospective observational study of 39 original SPS-spectrum patients treated with TPE, with both individual and group-level clinical data reported. The paper also includes a literature review, but the original cohort is clearly described.",llm_v1_gpt4.1,2026-04-05T19:12:35.751647+00:00
11916,11916,"Stiff person spectrum disorder diagnosis, misdiagnosis, and suggested diagnostic criteria.",Chia NH; McKeon A; Dalakas MC; Flanagan EP; Bower JH; Klassen BT; Dubey D; Zalewski NL; Duffy D; Pittock SJ; Zekeridou A,2023,Ann Clin Transl Neurol,,,data/extraction_json/text/11916.json,data/extraction_json/text/11916.json,full_text,false,,observational_group_study,retrospective_or_cohort_group_study,high,48,false,true,false,group,true,false,run_langextract_group,,,,,,,,,,"This is a retrospective observational group study of patients referred for SPSD diagnosis at a single center, reporting aggregate clinical and laboratory data for 48 confirmed SPSD cases. The study does not provide individual-level case reports but presents group-level statistics and comparisons.",llm_v1_gpt4.1,2026-04-05T19:12:58.417476+00:00
11922,11922,Case report: Amphiphysin-IgG autoimmunity: a paraneoplastic presentation of appendiceal goblet cell carcinoma.,Lin J; Yu T; Wang M; Wang J; Li J,2022,Front Immunol,,,data/extraction_json/text/11922.json,data/extraction_json/text/11922.json,full_text,false,,single_case_report,case_report,high,1,true,false,false,individual,true,false,run_langextract_individual,,,,,,,,,,"This is a single case report, as indicated by the title, structure, and detailed individual-level clinical data for one patient. The report provides original SPS-spectrum data, specifically on paraneoplastic amphiphysin-IgG autoimmunity with neurological manifestations.",llm_v1_gpt4.1,2026-04-05T19:13:17.825441+00:00
11923,11923,Seizure semiology and predictors of outcomes in Chinese patients with glutamic acid decarboxylase antibody-associated neurological syndrome.,Lin N; Bai L; Liu Q; Chen J; Ren H; Guan H; Lu Q,2023,BMC Neurol,,,data/extraction_json/text/11923.json,data/extraction_json/text/11923.json,full_text,false,,observational_group_study,retrospective_or_cohort_group_study,high,,false,false,false,group,true,false,run_langextract_group,,,,,,,,,,Manual review: Broader GAD-associated seizure cohort with only one SPS patient; useful as group evidence and not case-level SPS source.,llm_v1_gpt4.1,2026-04-05T19:13:17.826282+00:00
11927,11927,"Prevalence, Clinical Profiles, and Prognosis of Stiff-Person Syndrome in a Japanese Nationwide Survey.","Matsui, Naoko; Tanaka, Keiko; Ishida, Mitsuyo; Yamamoto, Yohei; Matsubara, Yuri; Saika, Reiko; Iizuka, Takahiro; Nakamura, Koshi; Kuriyama, Nagato; Matsui, Makoto; Arisawa, Kokichi; Nakamura, Yosikazu; Kaji, Ryuji; Kuwabara, Satoshi; Izumi, Yuishin",2023,Neurology(R) neuroimmunology & neuroinflammation,,,data/extraction_json/text/11927.json,data/extraction_json/text/11927.json,full_text,false,,observational_group_study,retrospective_or_cohort_group_study,high,55,true,true,false,group,true,false,run_langextract_group,,,,,,,,,,"This is an observational group study based on a nationwide survey in Japan, reporting original clinical and epidemiologic data for 55 SPS-spectrum patients. The paper includes both aggregate statistics and detailed clinical data, confirming the presence of original, extractable SPS patient data.",llm_v1_gpt4.1,2026-04-05T19:13:37.875416+00:00
11928,11928,Immunotherapy-Responsive Neuropathic Pain and Allodynia in a Patient With Glycine Receptor Autoantibodies: A Case Report.,"Soleimani, Babak; Board, Callum; Yu, Tony; Tracey, Irene; Irani, Sarosh R; Foley, Peter",2023,Neurology(R) neuroimmunology & neuroinflammation,,,data/extraction_json/text/11928.json,data/extraction_json/text/11928.json,full_text,false,,single_case_report,case_report,high,1,true,false,false,individual,true,false,run_langextract_individual,,,,,,,,,,"This is a single case report of a 33-year-old woman with progressive encephalomyelitis with rigidity and myoclonus (PERM) and glycine receptor autoantibodies, a disorder within the SPS spectrum. The report provides detailed individual-level clinical data and does not describe any other patients.",llm_v1_gpt4.1,2026-04-05T19:13:57.170224+00:00
11931,11931,Progressive encephalomyelitis with rigidity and myoclonus (PERM) associated with anti-glycine receptor antibodies and urothelial carcinoma: a case report.,"Ali, Amanuel Hassen; Benterud, Anna; Holmoy, Trygve; Myro, Aija Zuleron",2023,Journal of medical case reports,,,data/extraction_json/text/11931.json,data/extraction_json/text_trimmed/11931.json,trimmed,true,trimmed_auto,single_case_report,case_report,high,1,true,false,false,individual,true,false,run_langextract_individual,,,,,,,,,,"This is a single case report, as indicated by the title and the detailed description of one patient's clinical course, diagnosis, and treatment. The paper provides original SPS-spectrum patient data.",llm_v1_gpt4.1,2026-04-05T19:14:01.091898+00:00
11933,11933,Anti-amphiphysin-positive Progressive Encephalomyelitis with Rigidity and Myoclonus.,"Fujii, Yuki; Murata, Yuki; Hokkoku, Keiichi; Chiba, Takashi; Hamada, Yuichi; Uchibori, Ayumi; Chiba, Atsuro; Kobayashi, Shunsuke; Sonoo, Masahiro",2023,The Canadian journal of neurological sciences. Le journal canadien des sciences neurologiques,,,data/extraction_json/text/11933.json,data/extraction_json/text/11933.json,full_text,false,,single_case_report,case_report,high,,false,false,false,individual,true,false,run_langextract_individual,,,,,,,,,,Manual review: Letter reporting one anti-amphiphysin-positive PERM case.,llm_v1_gpt4.1,2026-04-05T19:14:01.092739+00:00
11935,11935,Eculizumab for the treatment of glycine receptor antibody associated stiff-person syndrome.,"McCombe, Jennifer A; Klassen, Bryan T; Flanagan, Eoin P; Teener, James W; Zekeridou, Anastasia; Pittock, Sean J; McKeon, Andrew",2023,Journal of neurology,,,data/extraction_json/text/11935.json,data/extraction_json/text/11935.json,full_text,false,,case_series_or_multi_case,case_series,high,,false,false,true,individual_case_split,true,false,split_cases_then_langextract,,,,,,,,,,Manual review: Letter presents two GlyR-antibody SPS-spectrum patients treated with eculizumab.,llm_v1_gpt4.1,2026-04-05T19:14:01.093439+00:00
11936,11936,Assessment of anti-GAD65-associated cerebellar ataxia with 18F-FDG cerebellar uptake: ROC analysis.,"Sadaghiani, Mohammad S; Roman, Samantha; Wang, Yujie; Rowe, Steven P; Leal, Jeffery P; Newsome, Scott D; Solnes, Lilja B",2023,Annals of nuclear medicine,,,data/extraction_json/text/11936.json,data/extraction_json/text/11936.json,full_text,false,,observational_group_study,retrospective_or_cohort_group_study,high,30,true,true,false,group,true,false,run_langextract_group,,,,,,,,,,"This is an observational group study of 30 original patients with anti-GAD65-associated neurological disorders (classic SPS, pure CA, and SPS plus), reporting both individual-level (Table 1) and group-level data. The study is not a review, case report, or basic science paper, and it is not a conference abstract.",llm_v1_gpt4.1,2026-04-05T19:14:06.194616+00:00
11937,11937,"Centripetal Nystagmus, Slow Saccades, Cerebellar Ataxia, and Parkinsonism in a Patient With Anti-GAD65-Associated Stiff Person Syndrome Spectrum Disorder.","Hac, Nicholas E F; Murphy, Olwen C; Butala, Ankur A; Newsome, Scott D; Gold, Daniel R",2023,Journal of neuro-ophthalmology : the official journal of the North American Neuro-Ophthalmology Society,,,data/extraction_json/text/11937.json,data/extraction_json/text_trimmed/11937.json,trimmed,true,trimmed_auto,single_case_report,case_report,high,1,true,false,false,individual,true,false,run_langextract_individual,,,,,,,,,,"This is a single case report, as evidenced by the detailed narrative of one patient's presentation, diagnostic workup, and treatment. There is no indication of additional patients or aggregated data.",llm_v1_gpt4.1,2026-04-05T19:14:24.735502+00:00
11939,11939,Respiratory symptoms are common in stiff person syndrome spectrum disorders and are associated with number of body regions involved.,"Pimentel Maldonado, Daniela A; Balshi, Alexandra; Hu, Chen; Fitzgerald, Kathryn C; Koshorek, Jacqueline; Reyes-Mantilla, Maria I; Obando, Danielle; Wang, Yujie; Newsome, Scott D",2023,European journal of neurology,,,data/extraction_json/text/11939.json,data/extraction_json/text/11939.json,full_text,false,,observational_group_study,retrospective_or_cohort_group_study,high,199,false,true,false,group,true,false,run_langextract_group,,,,,,,,,,"This is a group-level observational study of 199 original SPSSD patients, with aggregate clinical and demographic data reported. There is no evidence of individual case reports or case-by-case descriptions, but rather group-level statistics and analyses.",llm_v1_gpt4.1,2026-04-05T19:14:44.276980+00:00
11940,11940,Rare Association of Autoimmune Limbic Encephalitis and Stiff Person Syndrome.,"Moustafa, Abdelmoniem; Alsamman, Mohd Amer; Fernandes, Denise",2023,Rhode Island medical journal (2013),,,data/extraction_json/text/11940.json,data/extraction_json/text/11940.json,full_text,false,,single_case_report,case_report,high,1,true,false,false,individual,true,false,run_langextract_individual,,,,,,,,,,"This is a classic single case report, as indicated by the explicit 'CASE REPORT' label, the focus on one patient's clinical course, and the absence of group or series data. The report provides individual-level clinical and laboratory details for one SPS-spectrum patient.",llm_v1_gpt4.1,2026-04-05T19:14:49.247306+00:00
11941,11941,Glycine receptor antibody associated stiff person syndrome with nigrostriatal dopamine loss and levodopa responsiveness.,"Joo, Jae Young; Chang, Hee Jin; Woo, Kyung Ah; Lee, Han Sang; Kim, Han-Joon",2023,Parkinsonism & related disorders,,,data/extraction_json/text/11941.json,data/extraction_json/text/11941.json,full_text,false,,single_case_report,case_report,high,,false,false,false,individual,true,false,run_langextract_individual,,,,,,,,,,Manual review: Correspondence describing one GlyR-antibody SPS case with dopaminergic imaging changes and levodopa responsiveness.,llm_v1_gpt4.1,2026-04-05T19:14:49.248326+00:00
11942,11942,Evaluation of glutamic acid decarboxylase (GAD) 65 antibody detection methods for neurological and diabetic investigation in an Australian diagnostic laboratory.,"Cecchin, Amelia; Reynolds, Claire; Ali, Syed; Hissaria, Pravin",2023,Pathology,,Davide Martino (2024-07-17 13:07:19)(Included): Clinical sample is for GAD65-positive individuals; insufficient information to extract from those who had a diagnosis of SPS.;,data/extraction_json/text/11942.json,data/extraction_json/text/11942.json,full_text,false,,lab_heavy_clinical_or_translational,group_or_frequency_focused_lab_clinical_study,high,,false,false,false,group,true,false,run_langextract_group,,,,,,,,,,Manual review: Diagnostic laboratory comparison of GAD65 testing across 55 samples; translational cohort and not a case-level source.,llm_v1_gpt4.1,2026-04-05T19:14:49.249566+00:00
11943,11943,"Coexisting Stiff Limb Syndrome, Myositis, and Myasthenia Gravis in a Patient with Thymoma.","Jiang, Yun; Hou, Shifang; Zhang, Hua; Zhang, Jinsong; Guo, Hong",2023,The Canadian journal of neurological sciences. Le journal canadien des sciences neurologiques,,,data/extraction_json/text/11943.json,data/extraction_json/text/11943.json,full_text,false,,single_case_report,case_report,high,1,true,false,false,individual,true,false,run_langextract_individual,,,,,,,,,,"This is a single case report, as evidenced by the detailed narrative of one patient's presentation, workup, and outcome. The report provides original SPS-spectrum data (stiff limb syndrome) and does not present group-level or aggregated data.",llm_v1_gpt4.1,2026-04-05T19:15:08.331516+00:00
11946,11946,Psychiatric Symptoms in Stiff-Person Syndrome: A Systematic Review and a Report of Two Cases.,"Nasri, Amina; Gharbi, Alya; Ouali, Uta; Mrabet, Saloua; Souissi, Amira; Jomli, Rabaa; Gargouri, Amina; Bendjebara, Mouna; Kacem, Imen; Gouider, Riadh",2023,Journal of the Academy of Consultation-Liaison Psychiatry,,,data/extraction_json/text/11946.json,data/extraction_json/text_trimmed/11946.json,trimmed,true,trimmed_auto,review_article,review,high,2,true,false,false,skip,false,false,skip_langextract,,,,,,,,,,"validator_flags=SKIP_CATEGORY_CLAIMS_ORIGINAL_DATA; SKIP_CATEGORY_NONZERO_COUNT | This paper is a systematic review that also reports two new SPS cases. The main content is review/synthesis, but the inclusion of two original cases means it is best classified as a review article with original data. Only the two new cases are counted as original SPS-spectrum patients.",llm_v1_gpt4.1,2026-04-05T19:15:12.185195+00:00
11947,11947,Asymmetric slowness and dystonic posturing.,"Casaletto, Emily; Ratliff, Jeffrey",2023,Practical neurology,,,data/extraction_json/text/11947.json,data/extraction_json/text/11947.json,full_text,false,,single_case_report,case_report,high,,false,false,false,individual,true,false,run_langextract_individual,,,,,,,,,,Manual review: Ward-round diagnostic case that resolves to probable stiff-person syndrome after anti-GAD testing.,llm_v1_gpt4.1,2026-04-05T19:15:12.186086+00:00
11948,11948,A genome-wide association study in autoimmune neurological syndromes with anti-GAD65 autoantibodies.,"Strippel, Christine; Herrera-Rivero, Marisol; Wendorff, Mareike; Tietz, Anja K; Degenhardt, Frauke; Witten, Anika; Schroeter, Christina; Nelke, Christopher; Golombeck, Kristin S; Madlener, Marie; Ruber, Theodor; Ernst, Leon; Racz, Attila; Baumgartner, Tobias; Widman, Guido; Doppler, Kathrin; Thaler, Franziska; Siebenbrodt, Kai; Dik, Andre; Kerin, Constanze; Rauber, Saskia; Gallus, Marco; Kovac, Stjepana; Grauer, Oliver M; Grimm, Alexander; Pruss, Harald; Wickel, Jonathan; Geis, Christian; Lewerenz, Jan; Goebels, Norbert; Ringelstein, Marius; Menge, Til; Tackenberg, Bjorn; Kellinghaus, Christoph; Bien, Christian G; Kraft, Andrea; Zettl, Uwe; Ismail, Fatme Seval; Ayzenberg, Ilya; Urbanek, Christian; Suhs, Kurt-Wolfram; Tauber, Simone C; Mues, Sigrid; Kortvelyessy, Peter; Markewitz, Robert; Paliantonis, Asterios; Elger, Christian E; Surges, Rainer; Sommer, Claudia; Kumpfel, Tania; Gross, Catharina C; Lerche, Holger; Wellmer, Jorg; Quesada, Carlos M; Then Bergh, Florian; Wandinger, Klaus-Peter; Becker, Albert J; Kunz, Wolfram S; Meyer Zu Horste, Gerd; Malter, Michael P; Rosenow, Felix; Wiendl, Heinz; Kuhlenbaumer, Gregor; Leypoldt, Frank; Lieb, Wolfgang; Franke, Andre; Meuth, Sven G; Stoll, Monika; Melzer, Nico",2023,Brain : a journal of neurology,,,data/extraction_json/text/11948.json,data/extraction_json/text/11948.json,full_text,false,,lab_heavy_clinical_or_translational,group_or_frequency_focused_lab_clinical_study,high,48,false,true,false,group,true,false,run_langextract_group,,,,,,,,,,"This is a genome-wide association study (GWAS) of anti-GAD65 autoimmune neurological syndromes, including SPS, with original clinical and genetic data from a large German cohort. The paper provides group-level data on the number of SPS patients (48) within the anti-GAD65 AINS cohort. The primary focus is genetic and proteomic analysis, but the clinical cohort is original and well-defined.",llm_v1_gpt4.1,2026-04-05T19:15:31.981827+00:00
11951,11951,Hung-up knee jerk in stiff-person syndrome.,"Chen, Tychicus",2023,BMJ case reports,,,data/extraction_json/text/11951.json,data/extraction_json/text/11951.json,full_text,false,,single_case_report,case_report,high,,false,false,false,individual,true,false,run_langextract_individual,,,,,,,,,,Manual review: BMJ case report of one woman with SPS and hung-up knee jerk sign.,llm_v1_gpt4.1,2026-04-05T19:15:31.982504+00:00
11952,11952,Glutamic acid decarboxylase antibody-associated neurological syndromes: Clinical and antibody characteristics and therapy response.,"Madlener, Marie; Strippel, Christine; Thaler, Franziska S; Doppler, Kathrin; Wandinger, Klaus P; Lewerenz, Jan; Ringelstein, Marius; Roessling, Rosa; Menge, Til; Wickel, Jonathan; Kellingshaus, Christoph; Mues, Sigrid; Kraft, Andrea; Linsa, Andreas; Tauber, Simone C; Berg, Florian Then; Gerner, Stefan T; Paliantonis, Asterios; Finke, Alexander; Priller, Josef; Schirotzek, Ingo; Suse, Marie; Suhs, Kurt W; Urbanek, Christian; Senel, Makbule; Sommer, Claudia; Kuempfel, Tania; Pruess, Harald; Fink, Gereon R; Leypoldt, Frank; Melzer, Nico; Malter, Michael P",2023,Journal of the neurological sciences,,,data/extraction_json/text/11952.json,data/extraction_json/text_trimmed/11952.json,trimmed,true,trimmed_auto,conference_abstract,group_conference_abstract,high,0,false,true,false,group,true,false,run_langextract_group,,,,,,,,,,"The paper is published in a proceedings volume (conference abstract), as indicated by the 'Proceedings detected: True' metadata and the format of the extracted text. While it discusses a cohort including SPS-spectrum patients, it does not provide extractable original patient-level data, so the count is 0.",llm_v1_gpt4.1,2026-04-05T19:15:35.615728+00:00
11954,11954,Thymoma-Related Stiff-Person Syndrome with Successfully Treated by Surgery.,"Sasaki, Akihiro; Kato, Tatsuya; Ujiie, Hideki; Wakasa, Satoru; Otake, Setsuyuki; Kikuchi, Keisuke; Ohno, Koichi",2022,Annals of thoracic and cardiovascular surgery : official journal of the Association of Thoracic and Cardiovascular Surgeons of Asia,,,data/extraction_json/text/11954.json,data/extraction_json/text/11954.json,full_text,false,,single_case_report,case_report,high,1,true,false,false,individual,true,false,run_langextract_individual,,,,,,,,,,"This is a single case report, as indicated by the structure, the explicit 'Case Report' label, and the detailed narrative of one patient's clinical course. The remainder of the paper discusses prior literature and summarizes previously published cases, but only one original SPS-spectrum patient is reported.",llm_v1_gpt4.1,2026-04-05T19:15:41.469195+00:00
11956,11956,Teaching Video NeuroImage: Hung-Up Reflex in Stiff Limb Syndrome.,"Lopez-Jimenez, Alejandro; Gutierrez-Gutierrez, Gerardo; Guerra-Hiraldo, Juan Diego; Kurtis, Monica M; Parees, Isabel",2022,Neurology,,,data/extraction_json/text/11956.json,data/extraction_json/text/11956.json,full_text,false,,single_case_report,case_report,high,1,true,false,false,individual,true,false,run_langextract_individual,,,,,,,,,,"This is a single case report, as it provides detailed clinical, laboratory, and EMG data for one individual with stiff limb syndrome, a variant of SPS. There is no evidence of additional cases or group-level data.",llm_v1_gpt4.1,2026-04-05T19:16:00.459817+00:00
11957,11957,Postoperative hypotonia in a patient with stiff person syndrome: a case report and literature review.,"Elsherbini, Noha; Weingartshofer, Antonio; Backman, Steven B",2022,Canadian journal of anaesthesia = Journal canadien d'anesthesie,,,data/extraction_json/text/11957.json,data/extraction_json/text/11957.json,full_text,false,,single_case_report,case_report,high,1,true,false,false,individual,true,false,run_langextract_individual,,,,,,,,,,"This is a single case report with a literature review. The main original clinical content is the detailed description of one SPS patient, with no evidence of additional original cases. The literature review summarizes prior reports but does not present new patient data.",llm_v1_gpt4.1,2026-04-05T19:16:04.973215+00:00
11960,11960,Glutamic acid decarboxylase (GAD) antibody-positive paraneoplastic stiff person syndrome associated with mediastinal liposarcoma.,"Yohannan, Binoy; Sridhar, Arthi; Kachira, Johncy John; Jafri, Syed H",2022,BMJ case reports,,,data/extraction_json/text/11960.json,data/extraction_json/text/11960.json,full_text,false,,single_case_report,case_report,high,1,true,false,false,individual,true,false,run_langextract_individual,,,,,,,,,,"This is a single case report, as indicated by the structure, the explicit statement of reporting a single case, and the detailed individual-level clinical data. There is no evidence of additional SPS-spectrum patients being reported.",llm_v1_gpt4.1,2026-04-05T19:16:23.867602+00:00
11966,11966,Pilomotor seizures in autoimmune limbic encephalitis: description of two GAD65 antibodies- related cases and literature review.,"Pondrelli, Federica; Giannoccaro, Maria Pia; Bisulli, Francesca; Ferri, Lorenzo; Menghi, Veronica; Mostacci, Barbara; Avoni, Patrizia; Liguori, Rocco; Tinuper, Paolo; Licchetta, Laura",2022,Seizure,,,data/extraction_json/text/11966.json,data/extraction_json/text/11966.json,full_text,false,,case_series_or_multi_case,case_series,high,,false,false,true,individual_case_split,true,false,split_cases_then_langextract,,,,,,,,,,Manual review: Seizure journal paper centered on two anti-GAD65 clinical cases plus short literature review.,llm_v1_gpt4.1,2026-04-05T19:16:23.868558+00:00
11971,11971,Neuropsychiatric Manifestations of Autoimmune Encephalitis in a Tertiary Hospital: A Case Series and Current Perspectives.,"Sinha, Akriti; Smolik, Trenton J; Roy, Kamalika; Bollu, Pradeep C",2022,The Journal of clinical psychiatry,,"Benjamin Vlad (2024-01-05 09:08:32)(Select): https://www.psychiatrist.com/jcp/neuropsychiatric-symptoms-autoimmune-encephalitis/

Not accessible from zurich;",data/extraction_json/text/11971.json,data/extraction_json/text/11971.json,full_text,false,,case_series_or_multi_case,case_series,high,2,true,true,true,individual_case_split,true,false,split_cases_then_langextract,,,,,,,,,,"This is a retrospective case series of 7 patients with autoimmune encephalitis, with individual-level clinical data provided for each. Two cases (Case 6 and Case 7) are GAD65 antibody positive; Case 7 is explicitly described as having stiff-person syndrome, which is within the SPS spectrum. Case 6 is less clear but may represent a broader GAD65 AE phenotype. Both are counted as original SPS-spectrum cases.",llm_v1_gpt4.1,2026-04-05T19:16:44.653159+00:00
11972,11972,Unusual presentation of stiff-person syndrome in a patient with type 1 diabetes mellitus.,"Munipalli, Bala; Shah, Jaimin S",2022,BMJ case reports,,,data/extraction_json/text/11972.json,data/extraction_json/text/11972.json,full_text,false,,single_case_report,case_report,high,1,true,false,false,individual,true,false,run_langextract_individual,,,,,,,,,,"This is a classic single case report, as indicated by the title, structure, and detailed description of one patient's presentation, workup, treatment, and outcome. No group or series data are presented.",llm_v1_gpt4.1,2026-04-05T19:16:50.711857+00:00
11974,11974,Inspiratory laryngeal stridor as the main feature of progressive encephalomyelitis with rigidity and myoclonus: a case report and literature review.,"Yao, Qingyang; Fu, Maolin; Ren, Lijie; Lin, Caihong; Cao, Liming",2022,BMC neurology,,,data/extraction_json/text/11974.json,data/extraction_json/text/11974.json,full_text,false,,single_case_report,case_report,high,1,true,false,false,individual,true,false,run_langextract_individual,,,,,,,,,,"This is a classic single case report: the title, abstract, and full text all focus on one patient with PERM, a Stiff-Person Spectrum disorder. The paper includes individual-level clinical data and does not present group-level or aggregated data from a cohort.",llm_v1_gpt4.1,2026-04-05T19:17:10.918207+00:00
11975,11975,Stiff Person Syndrome and Encephalitis with GAD Antibodies with Severe Anterograde Amnesia in an Adolescent: A Case Study and Literature Review.,"Herbulot, Lea; Bost, Chloe; Viguier, Agnes; Faure-Marie, Nathalie; Baudou, Eloise; Cheuret, Emmanuel",2022,Neuropediatrics,,,data/extraction_json/text/11975.json,data/extraction_json/text/11975.json,full_text,false,,single_case_report,case_report,high,1,true,false,false,individual,true,false,run_langextract_individual,,,,,,,,,,"This is a single case report, as indicated by the title, abstract, and detailed case description of one adolescent patient. The remainder of the paper is a literature review and does not present additional original SPS-spectrum cases.",llm_v1_gpt4.1,2026-04-05T19:17:29.765494+00:00
11976,11976,Severe dysautonomia in glycine receptor antibody-positive progressive encephalomyelitis with rigidity and myoclonus (PERM): A case report.,"Mizutani, Yasuaki; Adachi, Shunsuke; Nakano, Shoko; Hayashi, Kazutaka; Higashi, Atsuhiro; Kikuchi, Kouichi; Maeda, Toshiki; Murate, Kenichiro; Shima, Sayuri; Iizuka, Takahiro; Ueda, Akihiro; Ito, Mizuki; Watanabe, Hirohisa",2022,Autonomic neuroscience : basic & clinical,,,data/extraction_json/text/11976.json,data/extraction_json/text/11976.json,full_text,false,,single_case_report,case_report,high,1,true,false,false,individual,true,false,run_langextract_individual,,,,,,,,,,"validator_flags=EVIDENCE_NO_PAGES | The title, abstract, and main text all indicate this is a single case report of a patient with PERM (a form of SPS-spectrum disorder) with detailed clinical, laboratory, and treatment information. There is no indication of additional patients or group-level data.",llm_v1_gpt4.1,2026-04-05T19:17:33.022738+00:00
11978,11978,Autoimmune encephalitis: the first observational study from Iran.,"Etemadifar, Masoud; Aghababaei, Ali; Nouri, Hosein; Kargaran, Parisa K; Mohammadi, Shaghayegh; Salari, Mehri",2022,Neurological sciences : official journal of the Italian Neurological Society and of the Italian Society of Clinical Neurophysiology,,,data/extraction_json/text/11978.json,data/extraction_json/text/11978.json,full_text,false,,observational_group_study,retrospective_or_cohort_group_study,high,,false,false,false,group,true,false,run_langextract_group,,,,,,,,,,Manual review: Mixed autoimmune encephalitis cohort with only a small SPS subset and no usable case-level detail.,llm_v1_gpt4.1,2026-04-05T19:17:33.024291+00:00
11979,11979,Progressive encephalomyelitis with rigidity and myoclonus (PERM).,"Grech, Neil; Caruana Galizia, John Paul; Pace, Adrian",2022,Practical neurology,,,data/extraction_json/text/11979.json,data/extraction_json/text/11979.json,full_text,false,,single_case_report,case_report,high,1,true,false,false,individual,true,false,run_langextract_individual,,,,,,,,,,"This is a classic single case report, providing individual-level clinical data for one patient with PERM, including presentation, diagnostic workup, antibody testing, treatment, and follow-up. There is no evidence of additional original SPS-spectrum cases.",llm_v1_gpt4.1,2026-04-05T19:17:51.873223+00:00
11981,11981,Serum glutamate decarboxylase antibodies and neurological disorders: when to suspect their association?.,"Lacruz Ballester, Laura; Fernandez-Fournier, Mireya; Puertas Munoz, Inmaculada; Rodriguez Fraga, Olaia; Lastras Fernandez-Escandon, Clara; Rodriguez de Rivera Garrido, Francisco Javier; Alba Suarez, Elda Maria; Tallon Barranco, Antonio",2022,Neurological sciences : official journal of the Italian Neurological Society and of the Italian Society of Clinical Neurophysiology,,,data/extraction_json/text/11981.json,data/extraction_json/text/11981.json,full_text,false,,observational_group_study,retrospective_or_cohort_group_study,high,1,true,true,false,group,true,false,run_langextract_group,,,,,,,,,,"This is an observational retrospective study of 173 patients tested for GAD-Abs, with detailed group and some individual-level data. Only 1 patient in the cohort was diagnosed with stiff-person syndrome (SPS), which is the only SPS-spectrum case. The rest of the cohort includes other anti-GAD syndromes and atypical presentations.",llm_v1_gpt4.1,2026-04-05T19:18:11.208077+00:00
11984,11984,Stiff-person syndrome with rhabdomyolysis.,"Nakanishi, Toshiyuki; Kenzaka, Tsuneaki",2021,BMJ case reports,,,data/extraction_json/text/11984.json,data/extraction_json/text/11984.json,full_text,false,,single_case_report,case_report,high,,false,false,false,individual,true,false,run_langextract_individual,,,,,,,,,,Manual review: BMJ case report of one woman with stiff-person syndrome and rhabdomyolysis/spasm episodes.,llm_v1_gpt4.1,2026-04-05T19:18:11.208902+00:00
11985,11985,Quantitative brain imaging analysis of neurological syndromes associated with anti-GAD antibodies.,"Dade, Maelle; Giry, Marine; Berzero, Giulia; Benazra, Marion; Huberfeld, Gilles; Leclercq, Delphine; Navarro, Vincent; Delattre, Jean-Yves; Psimaras, Dimitri; Alentorn, Agusti",2021,NeuroImage. Clinical,,,data/extraction_json/text/11985.json,data/extraction_json/text/11985.json,full_text,false,,observational_group_study,retrospective_or_cohort_group_study,high,6,false,true,false,group,true,false,run_langextract_group,,,,,,,,,,"This is an observational group study analyzing clinical and MRI data from a cohort of 26 anti-GAD patients, including those with SPS, cerebellar ataxia, and limbic encephalitis. The study provides group-level data and explicitly reports the number of SPS-spectrum patients.",llm_v1_gpt4.1,2026-04-05T19:18:17.323067+00:00
11988,11988,Progressive encephalomyelitis with rigidity: A Taiwanese case and review of literature.,"Chang, Anna; Lin, Kuan-Yu; Chuang, Kai-Ju; Waters, Patrick; Irani, Sarosh; Mgbachi, Victor; Yeh, Hsu-Ling; Lien, Li-Ming; Chiu, Hou-Chang; Chen, Wei-Hung",2021,Clinical neurology and neurosurgery,,,data/extraction_json/text/11988.json,data/extraction_json/text/11988.json,full_text,false,,case_series_or_multi_case,case_series,high,1,true,true,true,individual_case_split,true,false,split_cases_then_langextract,,,,,,,,,,"This paper is a hybrid: it presents a single new case of PERM (SPS-spectrum) with detailed clinical data, and then reviews and aggregates data from 80 previously published cases. The presence of a detailed case report and a literature review means it is best classified as a single_case_report, but since it also provides group-level analysis from the literature, it contains both individual and group-level data. However, only one original SPS-spectrum patient is reported.",llm_v1_gpt4.1,2026-04-05T19:18:36.763574+00:00
11990,11990,Thymoma and Autoimmune Encephalitis: Clinical Manifestations and Antibodies.,"Guasp, Mar; Landa, Jon; Martinez-Hernandez, Eugenia; Sabater, Lidia; Iizuka, Takahiro; Simabukuro, Mateus; Nakamura, Masataka; Kinoshita, Makoto; Kurihara, Masanori; Kaida, Kenichi; Bruna, Jordi; Kapetanovic, Solange; Sanchez, Pedro; Ruiz-Garcia, Raquel; Naranjo, Laura; Planaguma, Jesus; Munoz-Lopetegi, Amaia; Bataller, Luis; Saiz, Albert; Dalmau, Josep; Graus, Francesc",2021,Neurology(R) neuroimmunology & neuroinflammation,,,data/extraction_json/text/11990.json,data/extraction_json/text/11990.json,full_text,false,,observational_group_study,retrospective_or_cohort_group_study,high,4,false,true,false,group,true,false,run_langextract_group,,,,,,,,,,"This is an observational group study of 43 patients with thymoma-associated autoimmune encephalitis, reporting aggregate clinical and antibody data. The paper provides group-level data and specifically identifies 4 patients with PERM, an SPS-spectrum disorder.",llm_v1_gpt4.1,2026-04-05T19:18:55.908970+00:00
12012,12012,Ocular Motor and Vestibular Characteristics of Antiglutamic Acid Decarboxylase-Associated Neurologic Disorders.,"Wang, Yujie; Tourkevich, Roksolyana; Bosley, Justin; Gold, Daniel R; Newsome, Scott D",2021,Journal of neuro-ophthalmology : the official journal of the North American Neuro-Ophthalmology Society,,,data/extraction_json/text/12012.json,data/extraction_json/text/12012.json,full_text,false,,observational_group_study,retrospective_or_cohort_group_study,high,22,true,true,false,group,true,false,run_langextract_group,,,,,,,,,,"This is an observational group study reporting original clinical data on 22 patients with anti-GAD-associated SPS-spectrum disorders, including both SPS and CA phenotypes. The study provides both individual-level and group-level data, including detailed tables and case vignettes.",llm_v1_gpt4.1,2026-04-05T19:19:15.764919+00:00
12013,12013,The effect of clinical pilates-based physiotherapy program for a Stiff Person Syndrome patient: a case report.,"Belgen Kaygisiz, Beliz; Coban, Fahriye; Selcuk, Ferda",2021,Acta neurologica Belgica,,,data/extraction_json/text/12013.json,data/extraction_json/text/12013.json,full_text,false,,single_case_report,case_report,high,1,true,false,false,individual,true,false,run_langextract_individual,,,,,,,,,,"This is a classic single case report: the title, abstract, and full text all focus on a single 43-year-old female SPS patient. The report provides individual-level clinical data, including history, examination, intervention, and outcomes, with no mention of additional SPS patients.",llm_v1_gpt4.1,2026-04-05T19:19:19.987523+00:00
12031,12031,Transient Neurological Symptoms Preceding Cerebellar Ataxia with Glutamic Acid Decarboxylase Antibodies.,"Muniz-Castrillo, Sergio; Vogrig, Alberto; Joubert, Bastien; Pinto, Anne-Laurie; Goncalves, David; Chaumont, Hugo; Rogemond, Veronique; Picard, Geraldine; Fabien, Nicole; Honnorat, Jerome",2020,"Cerebellum (London, England)",,,data/extraction_json/text/12031.json,data/extraction_json/text/12031.json,full_text,false,,observational_group_study,retrospective_or_cohort_group_study,high,31,true,true,false,group,true,false,run_langextract_group,,,,,,,,,,"This is an observational group study reporting original data on a cohort of 31 patients with autoimmune cerebellar ataxia and GAD antibodies. The paper provides both individual-level (case table) and group-level (aggregate statistics) data, and the patients are original to this study.",llm_v1_gpt4.1,2026-04-05T19:19:38.998965+00:00
12094,12094,Diplopia management in a patient with stiff person syndrome,"Skiadopoulos, D",2023,CLINICAL AND EXPERIMENTAL OPTOMETRY,,,data/extraction_json/text/12094.json,data/extraction_json/text/12094.json,full_text,false,,single_case_report,case_report,high,1,true,false,false,individual,true,false,run_langextract_individual,,,,,,,,,,"This is a single case report describing the management of diplopia in one patient with stiff person syndrome. The text provides individual-level clinical data and follows the structure of a case report, with no evidence of additional cases or group-level data.",llm_v1_gpt4.1,2026-04-05T19:19:59.857406+00:00
121,121,Stiff-man syndrome associated with antecedent myasthenia gravis and organ-specific autoimmunopathy.,"Aso, Y; Sato, A; Narimatsu, M; Takiguchi, Y; Yamaguchi, Y; Inukai, T; Takemura, Y",1997,"Internal medicine (Tokyo, Japan)",Clinical manifestations; Electrophysiology; Treatment,,data/extraction_json/text/121.json,data/extraction_json/text/121.json,full_text,false,,single_case_report,case_report,high,1,true,false,false,individual,true,false,run_langextract_individual,,,,,,,,,,"This is a classic single case report, as indicated by the structure, the use of 'case report' in the section heading, and the detailed description of one patient's clinical course. No group or series data are presented.",llm_v1_gpt4.1,2026-04-05T19:20:03.243326+00:00
1210,1210,Status spasticus and psoas muscle edema due to anti-GAD antibody associated stiff-man syndrome,Maramattom B.V.,2015,Indian Journal of Critical Care Medicine,Clinical manifestations,,data/extraction_json/text/1210.json,data/extraction_json/text/1210.json,full_text,false,,single_case_report,case_report,high,1,true,false,false,individual,true,false,run_langextract_individual,,,,,,,,,,"This is a single case report, as indicated by the explicit statement 'We present a case...' and the detailed individual-level clinical narrative. No group-level or multiple patient data are provided.",llm_v1_gpt4.1,2026-04-05T19:20:08.823376+00:00
12114,12114,Case Report: Amphiphysin Antibody-Associated Stiff-Limb Syndrome and Myelopathy: An Unusual Presentation of Breast Cancer in an Elderly Woman,"Gogia, B; Shanina, E; Fang, X; He, J; Li, XP",2021,FRONTIERS IN NEUROLOGY,,,data/extraction_json/text/12114.json,data/extraction_json/text/12114.json,full_text,true,manual_review_required,single_case_report,case_report,medium,1,true,false,false,individual,true,true,review_source_category_then_langextract,,,,,,,,,,"validator_flags=PROCEEDINGS_TRIM_PENDING | This is a single case report, as indicated by the title, abstract, and detailed case presentation of one individual patient with SPS-spectrum disorder. There is no evidence of additional original SPS-spectrum patients.",llm_v1_gpt4.1,2026-04-05T19:20:30.493705+00:00
12117,12117,Stiff-person syndrome with sensorimotor polyneuropathy - case report,"Jastrzebski, K; Romanowska, N; Rek-Paczes, M; Kepczynski, L; Plucinska, A; Galecka-Kowalska, M; Paczes, K",2021,AKTUALNOSCI NEUROLOGICZNE,,,data/extraction_json/text/12117.json,data/extraction_json/text/12117.json,full_text,false,,single_case_report,case_report,high,1,true,false,false,individual,true,false,run_langextract_individual,,,,,,,,,,"This is a single case report, as indicated by the title, abstract, and detailed narrative of one patient's clinical course, diagnostic workup, and management. The report contains original, extractable SPS-spectrum patient data.",llm_v1_gpt4.1,2026-04-05T19:20:48.896404+00:00
12137,12137,THERAPEUTIC TRIAL OF MILACEMIDE IN PATIENTS WITH MYOCLONUS AND OTHER INTRACTABLE MOVEMENT-DISORDERS,"GORDON, MF; DIAZOLIVO, R; HUNT, AL; FAHN, S",1993,MOVEMENT DISORDERS,,,data/extraction_json/text/12137.json,data/extraction_json/text/12137.json,full_text,false,,interventional_study,controlled_or_therapeutic_group_study,high,1,true,true,false,group,true,false,run_langextract_group,,,,,,,,,,"This is a therapeutic trial (interventional study) of milacemide in 10 patients with intractable movement disorders, including one with stiff-person syndrome. The paper provides original, extractable clinical data for this SPS patient, including demographics, diagnosis, treatment, and antibody status.",llm_v1_gpt4.1,2026-04-05T19:21:08.583161+00:00
12138,12138,Glycine Receptor Antibody-Associated Progressive Encephalomyelitis with Rigidity and Myoclonus (PERM) During SARS-CoV-2 Infection: a Video-Case Report,"Giacomozzi, S; Barone, V; Merli, E; Contardi, S; Ricciardiello, F; Giannoccaro, MP; Liguori, R; Zini, A",2023,MOVEMENT DISORDERS CLINICAL PRACTICE,,,data/extraction_json/text/12138.json,data/extraction_json/text/12138.json,full_text,false,,single_case_report,case_report,high,1,true,false,false,individual,true,false,run_langextract_individual,,,,,,,,,,"This article is a classic single case report, as indicated by the title, structure, and detailed narrative of one patient's clinical course, diagnostic workup, and treatment. There is no evidence of additional original SPS-spectrum patients.",llm_v1_gpt4.1,2026-04-05T19:21:12.542435+00:00
12141,12141,Paraneoplastic Stiff Person Syndrome With Anti-amphiphysin Antibodies Presenting With Pruritus as the Initial Manifestation: An Unusual Case,"Raj, A; Alapatt, P; Johny, P; Ashraf, VV",2023,CUREUS JOURNAL OF MEDICAL SCIENCE,,,data/extraction_json/text/12141.json,data/extraction_json/text/12141.json,full_text,false,,single_case_report,case_report,high,1,true,false,false,individual,true,false,run_langextract_individual,,,,,,,,,,"This is a single case report, as evidenced by the detailed narrative of one patient's clinical course, laboratory findings, and treatment. No group or series data are presented, and the entire report focuses on this individual.",llm_v1_gpt4.1,2026-04-05T19:21:31.398383+00:00
1215,1215,Three cases of elevated IL-1beta in common variable immunodeficiency (CVID) with autoimmune complications,Toh J.; Gavrilova T.; Rubinstein A.,2016,Journal of Allergy and Clinical Immunology,,,data/extraction_json/text/1215.json,data/extraction_json/text/1215.json,full_text,false,,conference_abstract,single_case_conference_abstract,high,1,true,false,false,individual,true,false,run_langextract_individual,,,,,,,,,,"This is a conference abstract (short, supplement issue, abstract format) reporting three individual CVID cases, with only one patient (Case 3) described as having stiff-person's syndrome. The abstract provides individual-level clinical data for each case.",llm_v1_gpt4.1,2026-04-05T19:21:34.960902+00:00
1216,1216,Two atypical cases of stiff-person syndrome,Pires K.; Amaral C.; Pupe C.; Pessoa B.; Orsini M.; Custodio R.; Andorinho A.; Souza O.; Nascimento O.,2016,Neurology,,,data/extraction_json/text/1216.json,data/extraction_json/text/1216.json,full_text,false,,case_series_or_multi_case,case_series,high,2,true,false,true,individual_case_split,true,false,split_cases_then_langextract,,,,,,,,,,"This is a case series reporting two original SPS patients with individual-level clinical detail. The structure and content match a case series, not a review or group study.",llm_v1_gpt4.1,2026-04-05T19:21:38.783843+00:00
1217,1217,Epidemiology of stiff person syndrome in the United States veterans health administration database,Galli J.; Greenlee J.; Soldan M.P.; Clardy S.,2016,Neurology,,,data/extraction_json/text/1217.json,data/extraction_json/text/1217.json,full_text,false,,conference_abstract,group_conference_abstract,high,79,false,true,false,group,true,false,run_langextract_group,,,,,,,,,,"This is a conference abstract (Neurology, volume 86, issue 16 SUPPL. 1, single page, abstract format) reporting a retrospective review of SPS patients in the VHA database. It provides original group-level data on 79 SPS-spectrum patients.",llm_v1_gpt4.1,2026-04-05T19:21:45.085188+00:00
1220,1220,Stiff-person syndrome exacerbated with serotonin-norepinephrine reuptake inhibitor use,Benavides D.; Newsome S.,2016,Neurology,,,data/extraction_json/text/1220.json,data/extraction_json/text/1220.json,full_text,false,,case_series_or_multi_case,case_series,high,4,true,false,true,individual_case_split,true,false,split_cases_then_langextract,,,,,,,,,,"This is a retrospective case series reporting four original SPS patients who experienced exacerbations after SNRI use. The text provides clear evidence of original, individual-level SPS patient data, and the count is explicitly stated.",llm_v1_gpt4.1,2026-04-05T19:21:49.183326+00:00
12202,12202,Progressive Encephalomyelitis with Rigidity and Myoclonus with an Aggressive Presentation Mimicking Septic Shock: A Pediatric Case Report and Literature Review,"Ho, SCS; Leung, KY; Ng, GSF; Yiu, WL; Yau, EKC; Fong, NC",2023,JOURNAL OF PEDIATRIC NEUROLOGY,,,data/extraction_json/text/12202.json,data/extraction_json/text/12202.json,full_text,false,,single_case_report,case_report,high,1,true,false,false,individual,true,false,run_langextract_individual,,,,,,,,,,"This is a single case report of a pediatric patient with PERM, a disorder within the SPS spectrum. The paper provides individual-level clinical data for one patient and includes a literature review, but only one original case is reported.",llm_v1_gpt4.1,2026-04-05T19:22:08.359732+00:00
12206,12206,Paraneoplastic Stiff-Person syndrome with adenocarcinoma of the bladder and anti-glycine receptor antibodies,"Papantoniou, M; Sotiriou, K",2023,ACTA NEUROLOGICA BELGICA,,,data/extraction_json/text/12206.json,data/extraction_json/text/12206.json,full_text,false,,single_case_report,case_report,high,,false,false,false,individual,true,false,run_langextract_individual,,,,,,,,,,Manual review: Letter describing one paraneoplastic GlyR-antibody SPS case linked to bladder adenocarcinoma.,llm_v1_gpt4.1,2026-04-05T19:22:08.360359+00:00
12219,12219,Stiff person syndrome associated with dermatitis herpetiformis: a case report,"Tayebi, L; Keita, AM; Louhab, N; Zahlane, M; Benjilali, L; Essaadouni, L",2021,PAN AFRICAN MEDICAL JOURNAL,,,data/extraction_json/text/12219.json,data/extraction_json/text/12219.json,full_text,false,,single_case_report,case_report,high,1,true,false,false,individual,true,false,run_langextract_individual,,,,,,,,,,"This is a single case report, as indicated by the title, abstract, and detailed individual-level clinical description of one patient. There is no evidence of additional SPS-spectrum patients in the text.",llm_v1_gpt4.1,2026-04-05T19:22:28.500168+00:00
12222,12222,A THERAPEUTIC TRIAL OF MILACEMIDE IN MYOCLONUS AND THE STIFF-PERSON SYNDROME,"BROWN, P; THOMPSON, PD; ROTHWELL, JC; DAY, BL; MARSDEN, CD",1991,MOVEMENT DISORDERS,,,data/extraction_json/text/12222.json,data/extraction_json/text/12222.json,full_text,false,,interventional_study,controlled_or_therapeutic_group_study,high,3,true,true,false,group,true,false,run_langextract_group,,,,,,,,,,"This is an interventional study (open-label trial) of milacemide in a mixed cohort including 3 SPS patients. The paper provides both individual-level and group-level data for these patients, including clinical characteristics, treatments, and outcomes.",llm_v1_gpt4.1,2026-04-05T19:22:33.140235+00:00
12234,12234,Anti-glycine receptor antibody-positive progressive encephalomyelitis with rigidity and myoclonus initially presenting with one-sided stiff face: A case report,"Irie, KI; Tateishi, T; Moritaka, T; Sakurada, N; Kikuchi, S; Taniwaki, T",2022,FRONTIERS IN NEUROLOGY,,,data/extraction_json/text/12234.json,data/extraction_json/text/12234.json,full_text,false,,single_case_report,case_report,high,1,true,false,false,individual,true,false,run_langextract_individual,,,,,,,,,,"This article is explicitly labeled as a case report and provides a detailed clinical narrative, workup, and outcome for one patient with SPS-spectrum disease (PERM). There is no evidence of additional original cases.",llm_v1_gpt4.1,2026-04-05T19:22:52.423234+00:00
12236,12236,Stiff person syndrome in a Nepalese man with uncontrolled diabetes mellitus and ketonuria: A rare case report,"Kharel, S; Ojha, R; Bhandari, S; Sharma, A; Parajuli, N; Karn, R; Gajurel, BP; Rajbhandari, R; Gautam, N; Shrestha, A",2023,CLINICAL CASE REPORTS,,,data/extraction_json/text/12236.json,data/extraction_json/text/12236.json,full_text,false,,single_case_report,case_report,high,1,true,false,false,individual,true,false,run_langextract_individual,,,,,,,,,,"This is a classic single case report, as indicated by the title, abstract, and detailed narrative of one patient's clinical course. There is no evidence of additional original SPS-spectrum patients or group-level data.",llm_v1_gpt4.1,2026-04-05T19:23:10.941352+00:00
12244,12244,Successful management of dyspnea in a patient with stiff person syndrome with noninvasive positive-pressure ventilation: A case report,"Kim, D; Chang, MC",2021,NEUROLOGY ASIA,,,data/extraction_json/text/12244.json,data/extraction_json/text/12244.json,full_text,false,,single_case_report,case_report,high,1,true,false,false,individual,true,false,run_langextract_individual,,,,,,,,,,"This is a classic single case report, as indicated by the title, structure, and detailed individual-level clinical data for one SPS patient. There is no evidence of additional original SPS-spectrum patients in the text.",llm_v1_gpt4.1,2026-04-05T19:23:18.385212+00:00
12246,12246,Progressive Encephalomyelitis With Rigidity and Myoclonus <i>The First Pediatric Case With Glycine Receptor Antibodies</i>,"Damásio, J; Leite, MI; Coutinho, E; Waters, P; Woodhall, M; Santos, MA; Carrilho, I; Vincent, A",2013,JAMA NEUROLOGY,,,data/extraction_json/text/12246.json,data/extraction_json/text/12246.json,full_text,false,,single_case_report,case_report,high,,false,false,false,individual,true,false,run_langextract_individual,,,,,,,,,,Manual review: Full pediatric PERM case report with one anti-glycine receptor-positive patient.,llm_v1_gpt4.1,2026-04-05T19:23:18.385971+00:00
12247,12247,AUTOANTIBODIES TO A 128-KD SYNAPTIC PROTEIN IN 3 WOMEN WITH THE STIFF-MAN SYNDROME AND BREAST-CANCER,"FOLLI, F; SOLIMENA, M; COFIELL, R; AUSTONI, M; TALLINI, G; FASSETTA, G; BATES, D; CARTLIDGE, N; BOTTAZZO, GF; PICCOLO, G; DECAMILLI, P",1993,NEW ENGLAND JOURNAL OF MEDICINE,,Manfredi Carta (2024-07-09 22:11:31)(Included): duplicate of #30;,data/extraction_json/text/12247.json,data/extraction_json/text/12247.json,full_text,false,,case_series_or_multi_case,case_series,high,3,true,false,true,individual_case_split,true,false,split_cases_then_langextract,,,,,,,,,,"This is a case series describing three original patients with stiff-man syndrome and breast cancer, with individual-level clinical and laboratory data reported for each. The structure and content match the definition of a case series or multi-case report.",llm_v1_gpt4.1,2026-04-05T19:23:39.072474+00:00
12251,12251,Stiff limb syndrome: a case report,"Farhat, E; Zouari, M; Beyrouti, R; Ben Sassi, S; Hentati, F",2014,JOURNAL OF NEUROLOGY,,,data/extraction_json/text/12251.json,data/extraction_json/text_trimmed/12251.json,trimmed,true,trimmed_auto,conference_abstract,single_case_conference_abstract,high,,false,false,false,individual,true,false,run_langextract_individual,,,,,,,,,,Manual review: Proceedings abstract localized by exact title; one young woman with stiff-limb syndrome.,llm_v1_gpt4.1,2026-04-05T19:23:39.101026+00:00
12262,12262,STIFF-MAN SYNDROME - REPORT OF A CASE,"TARSY, D; MIYAWAKI, EK",1994,ARCHIVES OF INTERNAL MEDICINE,,,data/extraction_json/text/12262.json,data/extraction_json/text/12262.json,full_text,false,,single_case_report,case_report,high,1,true,false,false,individual,true,false,run_langextract_individual,,,,,,,,,,"This is a classic single case report, as indicated by the title and the detailed narrative of one patient's clinical course. No group-level or multiple patient data are presented.",llm_v1_gpt4.1,2026-04-05T19:23:58.322576+00:00
1227,1227,Role of plasma exchange in stiff person syndrome,Albahra S.; Yates S.; Matevosyan K.; Sarode R.,2016,Journal of Clinical Apheresis,,"Manfredi Carta (2023-06-24 23:30:07)(Select): Duplicate. This is only an abstract, the other ref is the full text;",data/extraction_json/text/1227.json,data/extraction_json/text_trimmed/1227.json,trimmed,true,trimmed_auto,conference_abstract,single_case_conference_abstract,high,,false,false,false,individual,true,false,run_langextract_individual,,,,,,,,,,Manual review: Proceedings abstract localized by title; retrospective review of five SPS patients treated with plasma exchange.,llm_v1_gpt4.1,2026-04-05T19:23:58.326990+00:00
12270,12270,Rapid Onset Stiff Person Syndrome,"Neeley, B; Pawar, G; Tripathi, R",2021,MOVEMENT DISORDERS,,,data/extraction_json/text/12270.json,data/extraction_json/text_trimmed/12270.json,trimmed,true,trimmed_auto,conference_abstract,single_case_conference_abstract,high,,false,false,false,individual,true,false,run_langextract_individual,,,,,,,,,,Manual review: Proceedings abstract localized by exact title; one 24-year-old male with rapid-onset SPS.,llm_v1_gpt4.1,2026-04-05T19:23:58.356631+00:00
12288,12288,MRI abnormalities in stiff person syndrome,"Seefried, S; Homola, G; Pham, M; Sommer, C",2023,EUROPEAN JOURNAL OF NEUROLOGY,,,data/extraction_json/text/12288.json,data/extraction_json/text_trimmed/12288.json,trimmed,true,trimmed_auto,conference_abstract,single_case_conference_abstract,high,,false,false,false,individual,true,false,run_langextract_individual,,,,,,,,,,Manual review: Covidence card metadata indicates a 2023 proceedings abstract,llm_v1_gpt4.1,2026-04-05T19:23:58.372444+00:00
1229,1229,Progressive encephalomyelitis with rigidity and myoclonus (PERM) associated with glycine receptor antibodies as first manifestation of hodgkin's lymphoma: A case report,Borellini L.; Lanfranconi S.; Trezzi I.; Franco G.; Di Fonzo A.; Bonato S.; Bresolin N.,2016,European Journal of Neurology,,,data/extraction_json/text/1229.json,data/extraction_json/text_trimmed/1229.json,trimmed,true,trimmed_auto,conference_abstract,single_case_conference_abstract,high,,false,false,false,individual,true,false,run_langextract_individual,,,,,,,,,,Manual review: Proceedings abstract localized by exact title and authors; one PERM case associated with Hodgkin lymphoma.,llm_v1_gpt4.1,2026-04-05T19:23:58.381256+00:00
1230,1230,Stiff Person Syndrome: A female case report with focal onset and multiple limb involvement,Vaz S.; Barros A.; Calado A.; Sequeira J.; Melancia D.; Fernandes A.,2016,European Journal of Neurology,,,data/extraction_json/text/1230.json,data/extraction_json/text_trimmed/1230.json,trimmed,true,trimmed_auto,conference_abstract,single_case_conference_abstract,high,,false,false,false,individual,true,false,run_langextract_individual,,,,,,,,,,Manual review: Proceedings abstract localized by exact title; one woman with focal-onset SPS and later multi-limb involvement.,llm_v1_gpt4.1,2026-04-05T19:23:58.391918+00:00
12301,12301,Stiff Person Syndrome Presenting with Dystonia,"Gao, F",2021,MOVEMENT DISORDERS,,,data/extraction_json/text/12301.json,data/extraction_json/text_trimmed/12301.json,trimmed,true,trimmed_auto,conference_abstract,single_case_conference_abstract,high,,false,false,false,individual,true,false,run_langextract_individual,,,,,,,,,,Manual review: Proceedings abstract localized by exact title; one SPS case initially presenting with dystonia.,llm_v1_gpt4.1,2026-04-05T19:23:58.423889+00:00
12302,12302,STIFF EYES IN STIFF-PERSON SYNDROME,"Pittock, SJ; Lennon, VA; McKeon, A",2009,NEUROLOGY,,,data/extraction_json/text/12302.json,data/extraction_json/text/12302.json,full_text,false,,review_article,review,high,,false,false,false,skip,false,false,skip_langextract,,,,,,,,,,Manual review: Letter-to-the-editor commentary discussing anti-amphiphysin interpretation rather than presenting a new extractable clinical case set.,llm_v1_gpt4.1,2026-04-05T19:23:58.425578+00:00
12305,12305,Breast Carcinoma Presenting with Anti-amphiphysin Antibody-associated Stiff-limb Syndrome,"Closas, AMD; Tan, AH; Goh, KJ; Schee, JP; See, MH; Tai, SML; Lim, SY",2023,MOVEMENT DISORDERS,,,data/extraction_json/text/12305.json,data/extraction_json/text/12305.json,full_text,true,manual_review_required,single_case_report,case_report,medium,1,true,false,false,individual,true,true,review_source_category_then_langextract,,,,,,,,,,"validator_flags=PROCEEDINGS_TRIM_PENDING | This is a single case report, as evidenced by the detailed narrative of one patient's presentation, workup, treatment, and outcome. The report includes individual-level clinical data and does not mention any additional original SPS-spectrum patients.",llm_v1_gpt4.1,2026-04-05T19:24:02.475449+00:00
1231,1231,Therapeutic challenges of stiff person syndrome: A case report,Varga E.T.; Gyorgyi Md T.; Vecsei L.,2016,European Journal of Neurology,,,data/extraction_json/text/1231.json,data/extraction_json/text_trimmed/1231.json,trimmed,true,trimmed_auto,conference_abstract,single_case_conference_abstract,high,,false,false,false,individual,true,false,run_langextract_individual,,,,,,,,,,Manual review: Proceedings abstract localized by exact title in the poster supplement; one SPS case report.,llm_v1_gpt4.1,2026-04-05T19:24:02.485485+00:00
12322,12322,Celiac Disease With Concurrent Stiff Person Syndrome,"Hall, H; Zheng, XN; Chastant, W; Hutchings, J",2022,AMERICAN JOURNAL OF GASTROENTEROLOGY,,,data/extraction_json/text/12322.json,data/extraction_json/text/12322.json,full_text,false,not_needed,conference_abstract,single_case_conference_abstract,high,,false,false,false,individual,true,false,run_langextract_individual,,,,,,,,,,Manual review: Conference abstract localized by exact title on the poster page; one celiac disease case with concurrent SPS.,llm_v1_gpt4.1,2026-04-05T19:24:02.486221+00:00
12328,12328,Painful spasms during childhood: Stiff-person syndrome,"Curado, A; Rosário, M; Gonçalves, C; Silva, D; Conceiçao, I; Coelho, J; Santos, T; Moreno, T",2021,NEUROMUSCULAR DISORDERS,,,data/extraction_json/text/12328.json,data/extraction_json/text/12328.json,full_text,false,,single_case_report,case_report,high,1,true,false,false,individual,true,false,run_langextract_individual,,,,,,,,,,"This is a single case report of a 10-year-old boy with Stiff-person syndrome, providing detailed individual-level clinical data. There is no evidence of additional SPS-spectrum patients in the report.",llm_v1_gpt4.1,2026-04-05T19:24:06.566654+00:00
1233,1233,Stiff person syndrome,Dosekova P.; Krastev G.; Haring J.; Lackovic R.,2016,Movement Disorders,,Manfredi Carta (2023-06-25 01:51:35)(Select): wrong pdf - removed;,data/extraction_json/text/1233.json,data/extraction_json/text_trimmed/1233.json,trimmed,true,trimmed_auto,conference_abstract,single_case_conference_abstract,high,,false,false,false,individual,true,false,run_langextract_individual,,,,,,,,,,Manual review: Proceedings abstract explicitly reports and discusses three SPS-spectrum cases with distinct clinical features.,llm_v1_gpt4.1,2026-04-05T19:24:06.606872+00:00
12345,12345,Partial Stiff Person Syndrome as a Stroke Mimic,"Machado, D; Hodges, K",2020,ANNALS OF NEUROLOGY,,,data/extraction_json/text/12345.json,data/extraction_json/text_trimmed/12345.json,trimmed,true,header_only_source,conference_abstract,single_case_conference_abstract,medium,0,false,false,false,individual,true,true,review_source_category_then_langextract,,,,,,,,,,"This is a conference abstract (proceedings detected, single page, S-page numbering). The title suggests a clinical case, but without an abstract or further content, it is unclear whether original SPS-spectrum patient data is reported or how many cases are included.",llm_v1_gpt4.1,2026-04-05T19:24:11.181686+00:00
12358,12358,Type 1 Diabetes Mellitus and Stiff-Person Syndrome,"Araújo, CA; Baptista, C; Paiva, I; Morgadinho, A",2021,DIABETES,,,data/extraction_json/text/12358.json,data/extraction_json/text/12358.json,full_text,false,not_needed,conference_abstract,single_case_conference_abstract,high,,false,false,false,individual,true,false,run_langextract_individual,,,,,,,,,,Manual review: Conference abstract describing one woman with LADA and anti-GAD-positive SPS.,llm_v1_gpt4.1,2026-04-05T19:24:11.183196+00:00
1237,1237,Stiff person syndrome: Case series,Sasse E.; Amorelli G.; Spitz M.; Germano C.S.B.; Vasconcellos L.F.,2016,Movement Disorders,,,data/extraction_json/text/1237.json,data/extraction_json/text_trimmed/1237.json,trimmed,true,trimmed_auto,conference_abstract,single_case_conference_abstract,high,,false,false,false,individual,true,false,run_langextract_individual,,,,,,,,,,Manual review: Proceedings abstract localized later in the supplement and explicitly presents three SPS cases.,llm_v1_gpt4.1,2026-04-05T19:24:11.244626+00:00
12376,12376,Lupus revealing itself after a stiff-person syndrome,"Goëb, V; Dubreuil, F; Cabre, P; Jean-Baptiste, G; Arfi, S",2004,LUPUS,,,data/extraction_json/text/12376.json,data/extraction_json/text/12376.json,full_text,false,,unclear_manual_review,unclear,high,,false,false,false,manual_review,false,false,review_source_category,,,,,,,,,,Manual review: single_case_report,llm_v1_gpt4.1,2026-04-05T19:24:11.246194+00:00
12387,12387,Successful treatment of Stiff Person Syndrome with botulinum toxin,"Goncalves, A; Brunet, F; Ariton, D; De Fabregues, O",2022,MOVEMENT DISORDERS,,,data/extraction_json/text/12387.json,data/extraction_json/text_trimmed/12387.json,trimmed,true,trimmed_auto,conference_abstract,single_case_conference_abstract,high,,false,false,false,individual,true,false,run_langextract_individual,,,,,,,,,,Manual review: Proceedings abstract localized by exact title; one SPS patient with marked benefit from botulinum toxin injections.,llm_v1_gpt4.1,2026-04-05T19:24:11.281897+00:00
1239,1239,Stiff-person syndrome and hypogammaglobulinaemia: An unusual combination,Suratannon N.; Dalm V.; Van Bilsen K.; Van Paassen P.; Tervaert J.W.C.; Driessen G.J.; Wentink M.W.; Van Der Burg M.; Van Hagen P.M.,2016,Allergy: European Journal of Allergy and Clinical Immunology,Awaiting classification,,data/extraction_json/text/1239.json,data/extraction_json/text_trimmed/1239.json,trimmed,true,trimmed_auto,conference_abstract,single_case_conference_abstract,high,,false,false,false,individual,true,false,run_langextract_individual,,,,,,,,,,Manual review: Conference abstract localized by exact title in the allergy proceedings; one unusual SPS plus hypogammaglobulinaemia case.,llm_v1_gpt4.1,2026-04-05T19:24:11.288609+00:00
12390,12390,Stiff Person Syndrome Misdiagnosis: Clinical and Ancillary Testing Characteristics,"Chia, N; McKeon, A; Flanagan, E; Dubey, D; Zalewski, N; Pittock, S; Zekeridou, A",2022,NEUROLOGY,,Manfredi Carta (2024-05-26 00:45:30)(Included): duplicate of #11916;,data/extraction_json/text/12390.json,data/extraction_json/text/12390.json,full_text,false,,conference_abstract,group_conference_abstract,high,48,false,true,false,group,true,false,run_langextract_group,,,,,,,,,,"This is a conference abstract (2 pages, supplement issue, S-page numbers) presenting original group-level data on SPS misdiagnosis from a defined cohort at the Mayo Clinic. It reports aggregate statistics and the number of SPS patients diagnosed in the study period.",llm_v1_gpt4.1,2026-04-05T19:24:30.535122+00:00
12399,12399,Neuropsychological performance and psychiatric symptoms in stiff person syndrome,"Chan, C; Wang, YJ; Obando, D; Newsome, S",2021,NEUROLOGY,,,data/extraction_json/text/12399.json,data/extraction_json/text/12399.json,full_text,false,not_needed,conference_abstract,single_case_conference_abstract,high,,false,false,false,individual,true,false,run_langextract_individual,,,,,,,,,,Manual review: AAN conference abstract reporting retrospective neuropsychological and psychiatric review across SPS patients.,llm_v1_gpt4.1,2026-04-05T19:24:30.535713+00:00
12405,12405,"Immunotherapy in Stiff Person Syndrome, is Timing Really Important?","Reyes, M; Wang, YJ; Kalaitzidis, G; Pimentel, D; Koshorek, J; Obando, D; Newsome, S",2021,NEUROLOGY,,,data/extraction_json/text/12405.json,data/extraction_json/text/12405.json,full_text,false,,observational_group_study,retrospective_or_cohort_group_study,high,211,false,true,false,group,true,false,run_langextract_group,,,,,,,,,,"This is an observational group study of a large original cohort of SPS patients, reporting aggregate data on immunotherapy timing and outcomes. The study is not a review, case report, or conference abstract, and it provides group-level clinical data from a retrospective cohort.",llm_v1_gpt4.1,2026-04-05T19:24:34.606693+00:00
12412,12412,Long-term effect of gabapentin in stiff limb syndrome: A case report,"Holmoy, T",2007,EUROPEAN NEUROLOGY,,,data/extraction_json/text/12412.json,data/extraction_json/text/12412.json,full_text,false,,single_case_report,case_report,high,1,true,false,false,individual,true,false,run_langextract_individual,,,,,,,,,,"This is a single case report, as indicated by the title and the detailed narrative of one patient's clinical course. The report provides individual-level data and does not aggregate or discuss a group of original patients.",llm_v1_gpt4.1,2026-04-05T19:24:38.321566+00:00
12414,12414,The stiff limb syndrome - a new case and a literature review,"Bartsch, T; Herzog, J; Baron, R; Deuschl, G",2003,JOURNAL OF NEUROLOGY,,Davide Martino (2024-05-28 10:59:07)(Included): This is a duplicate;,data/extraction_json/text/12414.json,data/extraction_json/text/12414.json,full_text,false,,single_case_report,case_report,high,1,true,false,false,individual,true,false,run_langextract_individual,,,,,,,,,,"This is a single case report: the main original clinical content is a detailed account of one patient with stiff limb syndrome, followed by a review of previously published cases. There is no evidence of additional original SPS-spectrum patients in this paper.",llm_v1_gpt4.1,2026-04-05T19:24:56.949467+00:00
1242,1242,Stiff-person syndrome in association with cerebellar ataxia: Overlapping syndrome: A case report,Chauhan V.H.; Jowkar A.A.,2016,Annals of Neurology,,,data/extraction_json/text/1242.json,data/extraction_json/text_trimmed/1242.json,trimmed,true,trimmed_auto,conference_abstract,single_case_conference_abstract,high,,false,false,false,individual,true,false,run_langextract_individual,,,,,,,,,,Manual review: ANA abstract localized by exact title; one overlapping SPS plus cerebellar ataxia case report.,llm_v1_gpt4.1,2026-04-05T19:24:56.970160+00:00
12424,12424,Unanticipated Improvement of Stiff Person Syndrome after severe COVID-19,"Tofade, T; Shaulov, S; Surathi, P; Mulvey, M; Marks, D",2021,NEUROLOGY,,,data/extraction_json/text/12424.json,data/extraction_json/text/12424.json,full_text,false,not_needed,conference_abstract,single_case_conference_abstract,high,,false,false,false,individual,true,false,run_langextract_individual,,,,,,,,,,Manual review: AAN conference abstract describing one SPS patient with marked improvement after severe COVID-19 and tocilizumab exposure.,llm_v1_gpt4.1,2026-04-05T19:24:56.971101+00:00
12428,12428,"Unrecognized thymoma-associated paraneoplastic ""stiff person"" syndrome - a case report","Novoselska, N; Mateva, G; Bochev, P",2022,EUROPEAN JOURNAL OF NUCLEAR MEDICINE AND MOLECULAR IMAGING,,,data/extraction_json/text/12428.json,data/extraction_json/text_trimmed/12428.json,trimmed,true,trimmed_auto,conference_abstract,single_case_conference_abstract,high,,false,false,false,individual,true,false,run_langextract_individual,,,,,,,,,,Manual review: EANM abstract localized by exact title and authors; one paraneoplastic thymoma-associated SPS case.,llm_v1_gpt4.1,2026-04-05T19:24:57.024313+00:00
12433,12433,AUTOANTIBODIES TO GABAERGIC NEURONS AND RESPONSE TO PLASMAPHERESIS IN STIFF-MAN SYNDROME,"BRASHEAR, HR; PHILLIPS, LH",1991,NEUROLOGY,,,data/extraction_json/text/12433.json,data/extraction_json/text/12433.json,full_text,false,,single_case_report,case_report,high,1,true,false,false,individual,true,false,run_langextract_individual,,,,,,,,,,"This is a classic single case report: the entire clinical and laboratory investigation centers on one patient with stiff-man syndrome, including detailed history, examination, immunological studies, and response to plasmapheresis. No other original SPS-spectrum patients are described.",llm_v1_gpt4.1,2026-04-05T19:25:03.889167+00:00
12437,12437,SEROTONIN-NOREPINEPHRINE REUPTAKE INHIBITORS MAY EXACERBATE STIFF-PERSON SYNDROME,"Benavides, DR; Newsome, SD",2016,NEUROLOGY-NEUROIMMUNOLOGY & NEUROINFLAMMATION,,,data/extraction_json/text/12437.json,data/extraction_json/text/12437.json,full_text,false,,case_series_or_multi_case,case_series,high,4,true,false,true,individual_case_split,true,false,split_cases_then_langextract,,,,,,,,,,"This is a case series describing four original SPS-spectrum patients, each with detailed individual clinical information regarding their response to SNRIs. The structure and content are consistent with a multi-case report/case series, not a review or group study.",llm_v1_gpt4.1,2026-04-05T19:25:22.226500+00:00
12440,12440,The Evolving Spectrum of Gastrointestinal Dysfunction in Stiff Person Syndrome,"Koshorek, J; Maldonado, DP; Reyes-Mantilla, M; Obando, D; Wang, YJ; Newsome, S",2021,NEUROLOGY,,,data/extraction_json/text/12440.json,data/extraction_json/text/12440.json,full_text,false,,observational_group_study,retrospective_or_cohort_group_study,high,53,false,true,false,group,true,false,run_langextract_group,,,,,,,,,,This is an observational group study reporting aggregate clinical data from a retrospective chart review of SPS patients with GI symptoms. The paper provides original group-level data on 53 SPS-spectrum patients.,llm_v1_gpt4.1,2026-04-05T19:25:25.602364+00:00
1245,1245,Bilateral hip fracture during hospitalization for spasm exacerbation in an adult with stiff person syndrome: A case report,Podobinski T.K.; Mimbella P.C.; Irvine M.J.; Verduzco-Gutierrez M.,2016,PM and R,,,data/extraction_json/text/1245.json,data/extraction_json/text/1245.json,full_text,false,not_needed,conference_abstract,single_case_conference_abstract,high,1,true,false,false,individual,true,false,run_langextract_individual,,,,,,,,,,"This is a conference abstract (poster) presenting a single case report of an SPS patient, as indicated by the structure, content, and explicit labeling as a case report. The abstract provides individual-level clinical data for one original SPS-spectrum patient.",llm_v1_gpt4.1,2026-04-05T19:25:29.769749+00:00
12457,12457,TREATMENT OF STIFF MAN SYNDROME WITH INTRAVENOUS IMMUNOGLOBULIN,"CORNMAN, EW; AMATO, AA; KISSEL, JT",1994,NEUROLOGY,,,data/extraction_json/text/12457.json,data/extraction_json/text/12457.json,full_text,false,,case_series_or_multi_case,case_series,high,3,true,true,true,individual_case_split,true,false,split_cases_then_langextract,,,,,,,,,,"This is a case series describing three original SPS patients treated with IVIG. The paper provides individual-level clinical data for each patient, including history, examination, diagnostic findings, treatment, and outcomes, fulfilling the criteria for a case series or multi-case report.",llm_v1_gpt4.1,2026-04-05T19:25:48.728963+00:00
1246,1246,Acute rehabilitation of a patient with stiff person syndrome (SPS) and GAD-antibody cerebellar Ataxia: A case report,Strong N.A.; Love N.F.; Brusky K.M.; Salim S.,2016,PM and R,,,data/extraction_json/text/1246.json,data/extraction_json/text/1246.json,full_text,false,,conference_abstract,single_case_conference_abstract,high,1,true,false,false,individual,true,false,run_langextract_individual,,,,,,,,,,"This is a conference abstract (poster) presenting a single case report of SPS with GAD-antibody cerebellar ataxia, as evidenced by the detailed individual patient description and the explicit statement that this is the first reported case of this SPS variant in acute rehabilitation. The format and context confirm it is a conference abstract.",llm_v1_gpt4.1,2026-04-05T19:25:55.372394+00:00
12465,12465,Successful treatment of stiff man syndrome with intravenous immunoglobulin,"Barker, RA; Marsden, CD",1997,JOURNAL OF NEUROLOGY NEUROSURGERY AND PSYCHIATRY,,"Gustavo  Da Prat (2024-04-23 02:27:48)(Included): Duplicate of 
#9477 – Barker 1997;",data/extraction_json/text/12465.json,data/extraction_json/text/12465.json,full_text,false,,single_case_report,case_report,high,1,true,false,false,individual,true,false,run_langextract_individual,,,,,,,,,,This is a single case report describing the clinical course and treatment of one patient with stiff man syndrome (SPS) who responded to intravenous immunoglobulin. The report includes individual-level clinical data and does not present group-level or aggregated data.,llm_v1_gpt4.1,2026-04-05T19:26:13.966288+00:00
1247,1247,A novel approach to the treatment of stiff-person-syndrome with botulinum toxin: A case report,Shah C.D.; Bunzol D.,2016,PM and R,,,data/extraction_json/text/1247.json,data/extraction_json/text/1247.json,full_text,false,,single_case_report,case_report,high,1,true,false,false,individual,true,false,run_langextract_individual,,,,,,,,,,"This is a single case report, as indicated by the title and the detailed description of one patient's clinical course, diagnosis, and treatment. The report contains original, individual-level SPS-spectrum data.",llm_v1_gpt4.1,2026-04-05T19:26:16.977752+00:00
12473,12473,Stiff-person syndrome - a 15-year review at a tertiary hospital,"Rodrigues, R; Sousa, L; Samoes, R; Caçao, G; Chaves, J; Cardoso, M; Barros, J; Santos, E; Damásio, J",2021,MOVEMENT DISORDERS,,,data/extraction_json/text/12473.json,data/extraction_json/text_trimmed/12473.json,trimmed,true,trimmed_auto,conference_abstract,single_case_conference_abstract,high,,false,false,false,individual,true,false,run_langextract_individual,,,,,,,,,,Manual review: MDS congress abstract metadata clearly indicates a tertiary-hospital 15-year SPS review; exact title block was not localized in the generic supplement text.,llm_v1_gpt4.1,2026-04-05T19:26:17.023935+00:00
12474,12474,F-18 fluorodeoxyglucose positron emission tomography/computed tomography muscle uptake in antiglutamic acid decarboxylase antibody-positive stiff-person syndrome,"Kamaleshwaran, KK; Ramkumar, E; Senthilkumar, E",2023,INDIAN JOURNAL OF NUCLEAR MEDICINE,,,data/extraction_json/text/12474.json,data/extraction_json/text/12474.json,full_text,false,,single_case_report,case_report,high,,false,false,false,individual,true,false,run_langextract_individual,,,,,,,,,,Manual review: Imaging brief centered on one anti-GAD-positive SPS patient with characteristic FDG PET/CT findings.,llm_v1_gpt4.1,2026-04-05T19:26:17.024990+00:00
1248,1248,How a flexible differential yielded an elusive diagnosis: A case report,Ross K.; Harrington A.; Khurana S.R.,2016,PM and R,,,data/extraction_json/text/1248.json,data/extraction_json/text/1248.json,full_text,false,,single_case_report,case_report,high,1,true,false,false,individual,true,false,run_langextract_individual,,,,,,,,,,"This is a single case report of a 48-year-old woman diagnosed with SPS, with detailed individual-level clinical data and no evidence of additional SPS patients. The structure and content are consistent with a case report.",llm_v1_gpt4.1,2026-04-05T19:26:35.230892+00:00
12484,12484,Stiff-person Syndrome Associated with Anti-Yo1 Antibodies: A Case Report,"Chekanova, E; Luneva, I; Kozlova, A; Smetanina, O; Zakharova, M",2023,MOVEMENT DISORDERS,,,data/extraction_json/text/12484.json,data/extraction_json/text/12484.json,full_text,false,,single_case_report,case_report,high,1,true,false,false,individual,true,false,run_langextract_individual,,,,,,,,,,"This is a single case report, as indicated by the title and the detailed description of one patient's clinical presentation, diagnostic workup, and management. There is no evidence of additional SPS-spectrum patients in the text.",llm_v1_gpt4.1,2026-04-05T19:26:38.550512+00:00
12486,12486,Early Predictors of Future Disability in Stiff Person Syndrome Spectrum Disorders,"Wang, Y; Hu, C; Mukharesh, L; Aljarallah, S; Reyes-Mantilla, M; Comisac, M; Balshi, A; Obando, D; Snoops, S; Fitzgerald, K; Newsome, S",2023,NEUROLOGY,,Shermyn  Neo (2023-12-22 09:18:52)(Screen): published here: 10.1007/s00415-023-12123-0;,data/extraction_json/text/12486.json,data/extraction_json/text/12486.json,full_text,false,,observational_group_study,retrospective_or_cohort_group_study,high,235,false,true,false,group,true,false,run_langextract_group,,,,,,,,,,"This is an observational group study, as it reports aggregate clinical data and outcomes from a large, original cohort of SPS-spectrum patients. The study analyzes predictors of disability using group-level statistics and does not provide individual-level case details.",llm_v1_gpt4.1,2026-04-05T19:26:41.719578+00:00
1249,1249,Thymic abnormalities and stiff person syndrome,Yanlin R.C.; Kabir T.; Asmat A.; Basheer D.; Aneez A.,2016,Chest,,,data/extraction_json/text/1249.json,data/extraction_json/text/1249.json,full_text,false,not_needed,conference_abstract,single_case_conference_abstract,high,,false,false,false,individual,true,false,run_langextract_individual,,,,,,,,,,Manual review: Thoracic-surgery poster abstract reporting two SPS patients who underwent thymectomy.,llm_v1_gpt4.1,2026-04-05T19:26:41.720162+00:00
12495,12495,ATYPICAL STIFF PERSON SYNDROME WITH ANTI-IGLON5 ANTIBODIES: A CASE REPORT,"Castellano, C; Bellucci, M; Germano, F; Gemelli, C; Marinelli, L; Lechiara, A; Schenone, A; Franciotta, D; Benedetti, L",2023,JOURNAL OF THE PERIPHERAL NERVOUS SYSTEM,,Gustavo  Da Prat (2023-12-27 05:54:24)(Select): s16;,data/extraction_json/text/12495.json,data/extraction_json/text_trimmed/12495.json,trimmed,true,header_only_source,conference_abstract,single_case_conference_abstract,high,,false,false,false,individual,true,false,run_langextract_individual,,,,,,,,,,Manual review: Conference abstract localized by exact title and authors; one atypical SPS case with anti-IgLON5 antibodies.,llm_v1_gpt4.1,2026-04-05T19:26:41.723558+00:00
12497,12497,Late-onset Stiff Person Syndrome (SPS): Challenges in Diagnosis and Management,"Yi, J; Dalakas, M",2023,NEUROLOGY,,,data/extraction_json/text/12497.json,data/extraction_json/text/12497.json,full_text,false,not_needed,conference_abstract,single_case_conference_abstract,high,,false,false,false,individual,true,false,run_langextract_individual,,,,,,,,,,Manual review: AAN conference abstract reviewing eight late-onset GAD-positive SPS patients with delayed diagnosis and treatment issues.,llm_v1_gpt4.1,2026-04-05T19:26:41.724335+00:00
12501,12501,Stiff person syndrome is commonly associated with gastrointestinal symptoms and dysmotility,"Villatoro, L; Barahona, G; McKnight, M; Burns, R; Koshorek, J; Newsome, S; Pasricha, PJ",2021,NEUROGASTROENTEROLOGY AND MOTILITY,,Benjamin Vlad (2024-01-05 09:25:55)(Select): I think there was a pretty similar conference abstract from the newsome group published in neurology;,data/extraction_json/text/12501.json,data/extraction_json/text/12501.json,full_text,false,not_needed,observational_group_study,retrospective_or_cohort_group_study,high,30,false,true,false,group,true,false,run_langextract_group,,,,,,,,,,"This is an observational group study reporting aggregate clinical and laboratory data from a cohort of 30 SPS patients with GI symptoms. The study design is retrospective and non-interventional, and all data are original to this cohort.",llm_v1_gpt4.1,2026-04-05T19:26:44.999341+00:00
12502,12502,"Immunological, Physical, and Psychological Interventions in Young-Onset Stiff-Person Syndrome","Phua, CS; Bhaskar, S",2022,JOURNAL OF CLINICAL NEUROLOGY,,,data/extraction_json/text/12502.json,data/extraction_json/text/12502.json,full_text,false,,unclear_manual_review,unclear,high,,false,false,false,manual_review,false,false,review_source_category,,,,,,,,,,Manual review: single_case_report,llm_v1_gpt4.1,2026-04-05T19:26:45.000081+00:00
1251,1251,Double trouble: Opisthotonos associated with guillain-barre Syndrome and GAD autoantibody,Alwis A.; Ram D.; Vassallo G.,2016,Developmental Medicine and Child Neurology,,,data/extraction_json/text/1251.json,data/extraction_json/text_trimmed/1251.json,trimmed,true,trimmed_auto,conference_abstract,single_case_conference_abstract,high,,false,false,false,individual,true,false,run_langextract_individual,,,,,,,,,,Manual review: Paediatric conference abstract describing one child with GBS-like illness,llm_v1_gpt4.1,2026-04-05T19:26:45.004262+00:00
12512,12512,Teaching Neuro<i>Images</i>: PET-CT hypermetabolism paralleling muscle hyperactivity in stiff-person syndrome,"O'Toole, O; Murphy, R; Tracy, JA; McKeon, A",2013,NEUROLOGY,,,data/extraction_json/text/12512.json,data/extraction_json/text/12512.json,full_text,false,,single_case_report,case_report,high,,false,false,false,individual,true,false,run_langextract_individual,,,,,,,,,,Manual review: Teaching NeuroImages report focused on one SPS patient with PET-CT hypermetabolism paralleling clinical muscle hyperactivity.,llm_v1_gpt4.1,2026-04-05T19:26:45.004839+00:00
12515,12515,Stiff-Person Syndrome <i>Persistent Elevation of Glutamic Acid Decarboxylase Antibodies Despite Successful Treatment With Rituximab</i>,"Bacorro, EA; Tehrani, R",2010,JCR-JOURNAL OF CLINICAL RHEUMATOLOGY,,,data/extraction_json/text/12515.json,data/extraction_json/text/12515.json,full_text,false,,single_case_report,case_report,high,1,true,false,false,individual,true,false,run_langextract_individual,,,,,,,,,,"This is a classic single case report, as indicated by the structure, the explicit 'CASE REPORT' section, and the focus on one patient's clinical course. The paper provides original, individual-level SPS-spectrum data.",llm_v1_gpt4.1,2026-04-05T19:27:03.598454+00:00
12517,12517,THE ACOUSTIC STARTLE REFLEX IN STIFF-MAN SYNDROME,"MATSUMOTO, JY; CAVINESS, JN; MCEVOY, KM",1994,NEUROLOGY,,,data/extraction_json/text/12517.json,data/extraction_json/text/12517.json,full_text,false,,observational_group_study,retrospective_or_cohort_group_study,high,,false,false,false,group,true,false,run_langextract_group,,,,,,,,,,Manual review: Physiology study of the acoustic startle reflex across eight stiff-man syndrome patients.,llm_v1_gpt4.1,2026-04-05T19:27:03.599254+00:00
12531,12531,STIFF-MAN SYNDROME AND ENCEPHALOMYELITIS MAY COEXIST - CLINICAL-PATHOLOGICAL CORRELATIONS,"ARMON, C; SWANSON, JW; MCLEAN, JM; WESTBROOK, PR; OKAZAKI, H; KURTIN, PJ; KAYLANRAMAN, UP; RODRIGUEZ, MR",1993,ANNALS OF NEUROLOGY,,,data/extraction_json/text/12531.json,data/extraction_json/text_trimmed/12531.json,trimmed,true,trimmed_auto,single_case_report,case_report,high,1,true,false,false,individual,true,false,run_langextract_individual,,,,,,,,,,"The report provides detailed individual-level clinical and pathological data for one patient with SMS, consistent with a single case report. There is no evidence of group-level data or additional cases.",llm_v1_gpt4.1,2026-04-05T19:27:06.847279+00:00
12532,12532,Standing Still: A Case of Stiff-person Syndrome and Common Variable Immunodeficiency,"Escobar, S; Khazar, V; Szema, A",2023,AMERICAN JOURNAL OF RESPIRATORY AND CRITICAL CARE MEDICINE,,,data/extraction_json/text/12532.json,data/extraction_json/text/12532.json,full_text,false,,conference_abstract,single_case_conference_abstract,high,1,true,false,false,individual,true,false,run_langextract_individual,,,,,,,,,,"This is a conference abstract (thematic poster session, single page, online abstracts issue) presenting a single case of SPS with detailed clinical information, fitting the single_case_report pattern but classified as a conference_abstract due to the format.",llm_v1_gpt4.1,2026-04-05T19:27:10.806250+00:00
12536,12536,Misdiagnosis of Stiff Person Syndrome Spectrum Disorders: Identifying the Most Common Culprits,"Roy, S; Wang, YJ; Newsome, S",2023,NEUROLOGY,,,data/extraction_json/text/12536.json,data/extraction_json/text/12536.json,full_text,false,,conference_abstract,group_conference_abstract,high,240,false,true,false,group,true,false,run_langextract_group,,,,,,,,,,"validator_flags=CONF_NO_METADATA_SUPPORT | This is a conference abstract (supplement issue, short format, abstract structure) reporting group-level data from an original cohort of 240 SPS-spectrum patients. The focus is on misdiagnosis patterns, not individual case details.",llm_v1_gpt4.1,2026-04-05T19:27:16.303045+00:00
12537,12537,Caesarean section under spinal anaesthesia for a patient with stiff person syndrome,"Forbes, A; Skelton, V",2021,ANAESTHESIA,,,data/extraction_json/text/12537.json,data/extraction_json/text/12537.json,full_text,false,,single_case_report,case_report,high,1,true,false,false,individual,true,false,run_langextract_individual,,,,,,,,,,This is a single case report detailing the management of one patient with SPS during caesarean section under spinal anaesthesia. The report provides individual-level clinical data and does not present group-level or aggregated data.,llm_v1_gpt4.1,2026-04-05T19:27:19.705868+00:00
12538,12538,Characterization of Spasm-Related Respiratory Impairment in Stiff Person Syndrome Spectrum Disorders,"Maldonado, DP; Koshorek, J; Reyes-Mantilla, M; Obando, D; Wang, YJ; Newsome, S",2021,NEUROLOGY,,,data/extraction_json/text/12538.json,data/extraction_json/text/12538.json,full_text,false,,conference_abstract,group_conference_abstract,high,211,false,true,false,group,true,false,run_langextract_group,,,,,,,,,,"This is a conference abstract (published in a supplement, short format, and labeled as an abstract) reporting original group-level data from a cohort of 211 SPS-spectrum patients. No individual-level data is provided, but aggregate clinical data is reported.",llm_v1_gpt4.1,2026-04-05T19:27:25.239206+00:00
12545,12545,Case Report: Deep Brain Stimulation as a Potential Treatment for Stiff-Person Syndrome,"Shah, E; Isfahani, S; Swope, D",2022,MOVEMENT DISORDERS,,,data/extraction_json/text/12545.json,data/extraction_json/text/12545.json,full_text,false,,single_case_report,case_report,high,,false,false,false,individual,true,false,run_langextract_individual,,,,,,,,,,Manual review: Reference metadata indicates a DBS case report for SPS,llm_v1_gpt4.1,2026-04-05T19:27:25.239773+00:00
12554,12554,Botulinum Toxin Could Be Helpful as an Adjunct Therapy in Stiff Person Syndrome,"Roman, S; Taylor, E; Newsome, S; Moukheiber, E",2023,ANNALS OF NEUROLOGY,,,data/extraction_json/text/12554.json,data/extraction_json/text_trimmed/12554.json,trimmed,true,header_only_source,conference_abstract,single_case_conference_abstract,medium,0,false,false,false,individual,true,true,review_source_category_then_langextract,,,,,,,,,,"This is a conference abstract (proceedings detected, single page, 'M114' session marker). However, the content is header-only, so it is unclear whether original SPS patient data is included. Manual review is required to determine if any extractable SPS cases are present.",llm_v1_gpt4.1,2026-04-05T19:27:28.247161+00:00
12567,12567,A Case of Stiff Person Syndrome with Response to Methotrexate Therapy for Lymphoma,"Birjandian, Z; Graber, J",2023,NEUROLOGY,,,data/extraction_json/text/12567.json,data/extraction_json/text/12567.json,full_text,false,,conference_abstract,single_case_conference_abstract,high,1,true,false,false,individual,true,false,run_langextract_individual,,,,,,,,,,"validator_flags=CONF_NO_METADATA_SUPPORT | This is a conference abstract (supplement issue, short format, abstract structure) reporting a single original SPS-spectrum patient with individual-level clinical data.",llm_v1_gpt4.1,2026-04-05T19:27:46.575978+00:00
1257,1257,Left-side asymmetry in cortical and spinal inhibitory circuits in stiff-person syndrome: A case report,Bocek V.; Cvickova B.; Peisker T.; Stetkarova I.,2016,Clinical Neurophysiology,,,data/extraction_json/text/1257.json,data/extraction_json/text/1257.json,full_text,false,not_needed,conference_abstract,single_case_conference_abstract,high,,false,false,false,individual,true,false,run_langextract_individual,,,,,,,,,,Manual review: Clinical neurophysiology conference abstract localized by exact title; one SPS case with paired TMS and silent-period analysis.,llm_v1_gpt4.1,2026-04-05T19:27:46.576624+00:00
12584,12584,Stiff person syndrome vs functional neurological disorder: two patients with hyperkinetic movement disorder,"Garcia, J; Mireles, S; Martinez, Y; Alcocer, A",2023,MOVEMENT DISORDERS,,Shermyn  Neo (2023-12-22 09:58:50)(Screen): unable to locate abstract;,data/extraction_json/text/12584.json,data/extraction_json/text_trimmed/12584.json,trimmed,true,trimmed_auto,conference_abstract,single_case_conference_abstract,high,,false,false,false,individual,true,false,run_langextract_individual,,,,,,,,,,Manual review: Conference abstract contrasting two hyperkinetic movement-disorder patients and the diagnostic distinction between SPS and FND.,llm_v1_gpt4.1,2026-04-05T19:27:46.577387+00:00
12594,12594,Rituximab is Associated with Limiting Progression in Individuals with Stiff Person Syndrome Spectrum Disorders,"Harrison, K; Hu, C; Aljarallah, S; Wang, Y; Fitzgerald, K; Newsome, S",2023,NEUROLOGY,,,data/extraction_json/text/12594.json,data/extraction_json/text/12594.json,full_text,false,,conference_abstract,group_conference_abstract,high,63,false,true,false,group,true,false,run_langextract_group,,,,,,,,,,"validator_flags=CONF_NO_METADATA_SUPPORT | This is a conference abstract (published in a supplement, short format, and labeled as such) reporting original group-level data from 63 SPSD patients treated with rituximab at a single center. The study is observational, not interventional, as it analyzes outcomes in a treated cohort without a controlled trial design.",llm_v1_gpt4.1,2026-04-05T19:27:50.422039+00:00
126,126,Stiff-man syndrome: possible autoimmune etiology targeted against GABA-ergic cells.,"Warich-Kirches, M; Von Bossanyi, P; Treuheit, T; Kirches, E; Dietzmann, K; Feistner, H; Wittig, H",1997,Clinical neuropathology,,Yasamin Mahjoub (2023-06-08 23:17:37)(Select): Requested through UCalgary Interlibrary loan;,data/extraction_json/text/126.json,data/extraction_json/text/126.json,full_text,false,,single_case_report,case_report,high,1,true,false,false,individual,true,false,run_langextract_individual,,,,,,,,,,"This is a classic single case report, as it describes the clinical presentation, laboratory findings, and autopsy results of one patient with stiff-man syndrome. The text repeatedly refers to 'the patient' and provides no indication of additional cases.",llm_v1_gpt4.1,2026-04-05T19:28:10.562517+00:00
12600,12600,Catatonia or Depression - A Diagnostic Dilemma in Stiff Person Syndrome: A rare case report,"Das, D; Mamtani, H; Prasad, K",2023,INDIAN JOURNAL OF PSYCHIATRY,,,data/extraction_json/text/12600.json,data/extraction_json/text/12600.json,full_text,false,,single_case_report,case_report,high,1,true,false,false,individual,true,false,run_langextract_individual,,,,,,,,,,"This is a single case report, as indicated by the title and the detailed description of one patient's clinical course, diagnosis, and management. There is no mention of additional patients or aggregated data.",llm_v1_gpt4.1,2026-04-05T19:28:14.518594+00:00
12613,12613,AUTOANTIBODIES TO GABAERGIC NEURONS AND PANCREATIC BETA-CELLS IN STIFF-MAN SYNDROME,"SOLIMENA, M; FOLLI, F; APARISI, R; POZZA, G; DECAMILLI, P",1990,NEW ENGLAND JOURNAL OF MEDICINE,,,data/extraction_json/text/12613.json,data/extraction_json/text/12613.json,full_text,false,,lab_heavy_clinical_or_translational,group_or_frequency_focused_lab_clinical_study,high,32,true,true,false,group,true,false,run_langextract_group,,,,,,,,,,"This is a laboratory-heavy translational study that investigates autoantibodies in a cohort of 32 original SPS (stiff-man syndrome) patients, with both individual-level (Table 1) and group-level data. The focus is on immunological assays, but the clinical cohort is clearly described and original.",llm_v1_gpt4.1,2026-04-05T19:28:21.132671+00:00
12623,12623,Inpatient care for stiff person syndrome in the United States: A nationwide readmission study,"Crispo, J; Thibault, D; Fortin, Y; Willis, A",2017,MOVEMENT DISORDERS,,,data/extraction_json/text/12623.json,data/extraction_json/text/12623.json,full_text,false,,conference_abstract,group_conference_abstract,high,0,false,true,false,group,true,false,run_langextract_group,,,,,,,,,,"The abstract is published in a supplement issue (Vol. 32, Suppl. 2, 2017), is only two pages, and is labeled as an abstract. It reports group-level statistics from a national database, not original patient-level data. Therefore, it is a conference abstract with no extractable original SPS-spectrum patient data.",llm_v1_gpt4.1,2026-04-05T19:28:40.633838+00:00
12627,12627,Coexistence of neuromyelitis optica and stiff person syndrome in a single patient: a case report,"Thuringer, A; Jassam, Y",2019,NEUROLOGY,,,data/extraction_json/text/12627.json,data/extraction_json/text/12627.json,full_text,false,,single_case_report,case_report,high,1,true,false,false,individual,true,false,run_langextract_individual,,,,,,,,,,"This is a single case report, as indicated by the title and the detailed description of one patient's clinical course, laboratory findings, and treatment. The report provides original SPS-spectrum data for one patient only.",llm_v1_gpt4.1,2026-04-05T19:28:44.268861+00:00
12630,12630,Autologous Haematopoietic Stem Cell Transplantation (Auto-HSCT) in Stiff Person Syndrome (SPS): The Sheffield Experience,"Thorpe, AE; Kass-Iliyya, L; Jessop, H; Chantry, A; Hadjivassiliou, M; Sharrack, B; Snowden, JA",2018,BONE MARROW TRANSPLANTATION,,Shermyn  Neo (2023-12-22 10:11:23)(Screen): published here: 10.1007/s00415-020-10054-8;,data/extraction_json/text/12630.json,data/extraction_json/text/12630.json,full_text,false,,conference_abstract,case_series_conference_abstract,high,6,true,true,true,individual_case_split,true,false,split_cases_then_langextract,,,,,,,,,,"This is a conference abstract (poster session, short page span, and explicit poster session label) reporting original clinical data on six SPS-spectrum patients, with both individual and group-level details. The table and narrative confirm six unique SPS patients assessed for auto-HSCT.",llm_v1_gpt4.1,2026-04-05T19:28:50.826068+00:00
12642,12642,Identifying Key Components for Diagnosing Stiff Person Syndrome Spectrum Disorders: A Sensitivity and Specificity Study,"Roy, S; Hu, C; Wang, YJ; Fitzgerald, K; Newsome, S",2023,NEUROLOGY,,,data/extraction_json/text/12642.json,data/extraction_json/text/12642.json,full_text,false,not_needed,conference_abstract,single_case_conference_abstract,high,,false,false,false,individual,true,false,run_langextract_individual,,,,,,,,,,Manual review: AAN conference abstract reporting a diagnostic sensitivity and specificity analysis across SPSD cases and controls.,llm_v1_gpt4.1,2026-04-05T19:28:50.826733+00:00
12643,12643,"Allodynia, rigidity and gait disturbance","Ruiz-Ortiz, M; Díaz-Santiáñez, M; Azcárate-Díaz, FJ; Gonzalo-Martínez, JF; Moreno-García, S; Ruiz-García, R; Calleja-Castaño, P",2021,PRACTICAL NEUROLOGY,,,data/extraction_json/text/12643.json,data/extraction_json/text/12643.json,full_text,false,,unclear_manual_review,unclear,high,,false,false,false,manual_review,false,false,review_source_category,,,,,,,,,,Manual review: diagnostic_case_report,llm_v1_gpt4.1,2026-04-05T19:28:50.827611+00:00
12660,12660,Epilepsia Partialis Continua & Stiff Person Syndrome Occurring Together in a Child with Anti-GAD Antibody Positivity,"Varma-Doyle, A; Vega, J; Wojcicki, K; Weimer, M; Miller, D",2021,NEUROLOGY,,,data/extraction_json/text/12660.json,data/extraction_json/text/12660.json,full_text,false,,single_case_report,case_report,high,1,true,false,false,individual,true,false,run_langextract_individual,,,,,,,,,,"This is a single case report, as indicated by the explicit 'Case-Report' label and the detailed description of one child's clinical course, laboratory findings, and treatment. No group-level or multiple patient data are presented.",llm_v1_gpt4.1,2026-04-05T19:28:54.018786+00:00
12663,12663,Stiff-person syndrome with paraneoplastic neurological syndrome: a case report and literature review,"Zhang, HW; Wei, WS",2022,AMERICAN JOURNAL OF TRANSLATIONAL RESEARCH,,,data/extraction_json/text/12663.json,data/extraction_json/text/12663.json,full_text,false,,single_case_report,case_report,high,1,true,false,false,individual,true,false,run_langextract_individual,,,,,,,,,,"This is a single case report, as indicated by the title, structure, and detailed individual-level clinical data for one patient. The remainder of the paper is a literature review and does not present additional original SPS cases.",llm_v1_gpt4.1,2026-04-05T19:29:13.944721+00:00
12664,12664,Use of Immunotherapy and Symptomatic Therapy Differs Between Clinical Phenotypes of Stiff Person Syndrome Spectrum Disorders,"Simpson, A; Balshi, A; Obando, D; Miles, A; Taylor, E; Snoops, S; Wang, YJ; Newsome, S",2023,NEUROLOGY,,,data/extraction_json/text/12664.json,data/extraction_json/text/12664.json,full_text,false,not_needed,conference_abstract,single_case_conference_abstract,high,,false,false,false,individual,true,false,run_langextract_individual,,,,,,,,,,Manual review: AAN conference abstract summarizing treatment-pattern differences across SPS spectrum phenotypes in a longitudinal cohort.,llm_v1_gpt4.1,2026-04-05T19:29:13.945290+00:00
12668,12668,Stiff Person Syndrome <i>Presentation of a Case With Repetitive Complex Discharges in Electromiograms</i>,"Caballero, PEJ",2009,NEUROLOGIST,,,data/extraction_json/text/12668.json,data/extraction_json/text/12668.json,full_text,false,,single_case_report,case_report,high,1,true,false,false,individual,true,false,run_langextract_individual,,,,,,,,,,"This is a classic single case report, as it provides a detailed narrative of one patient's clinical course, diagnostic workup, and management for stiff person syndrome. No group-level or multi-patient data are presented.",llm_v1_gpt4.1,2026-04-05T19:29:33.132834+00:00
12679,12679,Longitudinal brain and skeletal muscle FDG-PET changes in people with stiff person syndrome spectrum disorders,"Roman, S; Wang, YJ; Sadaghiani, M; Newsome, S",2023,NEUROLOGY,,,data/extraction_json/text/12679.json,data/extraction_json/text/12679.json,full_text,false,not_needed,conference_abstract,single_case_conference_abstract,high,,false,false,false,individual,true,false,run_langextract_individual,,,,,,,,,,Manual review: AAN conference abstract reporting a longitudinal retrospective FDG-PET study across SPS spectrum disorder patients with serial imaging.,llm_v1_gpt4.1,2026-04-05T19:29:33.133522+00:00
12682,12682,PURELY TORSIONAL NYSTAGMUS IN A PATIENT WITH THE STIFF-MAN SYNDROME - A CASE-REPORT,"STEARNS, MQ; SINOFF, SE; ROSENBERG, ML",1993,NEUROLOGY,,,data/extraction_json/text/12682.json,data/extraction_json/text_trimmed/12682.json,trimmed,true,trimmed_auto,conference_abstract,single_case_conference_abstract,high,,false,false,false,individual,true,false,run_langextract_individual,,,,,,,,,,Manual review: Older meeting-book record whose metadata clearly indicates a single-patient stiff-man syndrome case report with torsional nystagmus,llm_v1_gpt4.1,2026-04-05T19:29:33.157152+00:00
12683,12683,"Stiff person syndrome (SPS), a basal ganglia disease?: Striatal MRI lesions in a patient with SPS","Santervas, PLG; Padillo, AA; Castro, PS; Romero, JO; Callejón, JR; Verdegay, GA; Hurtado, AH",2007,JOURNAL OF NEUROLOGY NEUROSURGERY AND PSYCHIATRY,,,data/extraction_json/text/12683.json,data/extraction_json/text/12683.json,full_text,false,,single_case_report,case_report,high,1,true,false,false,individual,true,false,run_langextract_individual,,,,,,,,,,"This is a single case report describing one patient with SPS, as evidenced by the detailed individual clinical narrative and absence of additional original SPS cases. The structure and content are consistent with a case report.",llm_v1_gpt4.1,2026-04-05T19:29:37.082774+00:00
12687,12687,GABAergic Changes in <SUP>11</SUP>C-Flumazenil PET in the Drug-Naive Stiff-Person Syndrome,"Kim, MJ; Lim, YM; Kim, JS; Kim, KK",2013,CANADIAN JOURNAL OF NEUROLOGICAL SCIENCES,,,data/extraction_json/text/12687.json,data/extraction_json/text/12687.json,full_text,false,,single_case_report,case_report,high,,false,false,false,individual,true,false,run_langextract_individual,,,,,,,,,,Manual review: Full case report of one drug-naive SPS patient with lateralized 11C-flumazenil PET abnormalities correlated with clinical severity.,llm_v1_gpt4.1,2026-04-05T19:29:37.083446+00:00
12691,12691,Cascade apheresis as a monotherapy or in combination with IVIG in therapy of stiff-person syndrome,"Mikhailova, V; Degterev, D",2022,EUROPEAN JOURNAL OF NEUROLOGY,,,data/extraction_json/text/12691.json,data/extraction_json/text/12691.json,full_text,false,,conference_abstract,group_conference_abstract,high,4,false,true,false,group,true,false,run_langextract_group,,,,,,,,,,"This is a conference abstract (ePosters, supplement issue, single page, abstract format) reporting original group-level data on 4 SPS patients treated with cascade apheresis and/or IVIG. The data are original and not a review or basic science.",llm_v1_gpt4.1,2026-04-05T19:29:41.676597+00:00
12696,12696,"A DOUBLE-BLIND, PLACEBO-CONTROLLED TRIAL OF INTRATHECAL BACLOFEN THERAPY IN STIFF-MAN SYNDROME","MCEVOY, KM; SILBERT, PL; STOLPSMITH, KA; MATSUMOTO, JY; MCMANIS, PG; ELLIOTT, BA",1994,ANNALS OF NEUROLOGY,,Shermyn  Neo (2023-12-22 10:03:54)(Screen): published here: https://doi.org/10.1212/WNL.45.10.1893;,data/extraction_json/text/12696.json,data/extraction_json/text/12696.json,full_text,false,,conference_abstract,case_series_conference_abstract,high,3,true,true,true,individual_case_split,true,false,split_cases_then_langextract,,,,,,,,,,"This is a conference abstract (single page, program/abstracts context, and structure) reporting a double-blind, placebo-controlled trial in three original SMS patients, with both individual and group-level data described.",llm_v1_gpt4.1,2026-04-05T19:30:02.564625+00:00
12697,12697,A Case of Stiff Person Syndrome Complicated by Acute Interstitial Pneumonia: Successful Treatment With IVIG and Glucocorticoids,"Kumar, K; Chung, J",2023,AMERICAN JOURNAL OF RESPIRATORY AND CRITICAL CARE MEDICINE,,,data/extraction_json/text/12697.json,data/extraction_json/text/12697.json,full_text,false,,conference_abstract,single_case_conference_abstract,high,1,true,false,false,individual,true,false,run_langextract_individual,,,,,,,,,,"This is a conference abstract (poster session, single page, online abstracts issue) presenting a single case report of SPS complicated by acute interstitial pneumonia. The text provides individual-level clinical data for one SPS patient.",llm_v1_gpt4.1,2026-04-05T19:30:06.512530+00:00
127,127,Sporadic Stiffman syndrome in a young girl.,"Udani, V P; Dharnidharka, V R; Gajendragadkar, A R; Udani, S V",1997,Pediatric neurology,,,data/extraction_json/text/127.json,data/extraction_json/text/127.json,full_text,false,,single_case_report,case_report,high,1,true,false,false,individual,true,false,run_langextract_individual,,,,,,,,,,"This is a classic single case report, as evidenced by the detailed narrative of one patient's clinical course and the explicit statement that this is the youngest case reported. There is no evidence of additional original SPS-spectrum patients.",llm_v1_gpt4.1,2026-04-05T19:30:11.318306+00:00
12700,12700,GAD65 Antibody-Associated Neurologic Disease Presenting With Hemiparkinsonism at Onset,"Patel, RA; Joyce, J; Witek, N; Afshari, M",2021,NEUROLOGY-CLINICAL PRACTICE,,,data/extraction_json/text/12700.json,data/extraction_json/text/12700.json,full_text,false,,single_case_report,case_report,high,1,true,false,false,individual,true,false,run_langextract_individual,,,,,,,,,,"This is a single case report, as evidenced by the detailed description of one patient's clinical course and the absence of any group-level or multi-patient data. The paper provides original SPS-spectrum data for this individual.",llm_v1_gpt4.1,2026-04-05T19:30:15.019524+00:00
12720,12720,STIFF-MAN SYNDROME,"TORO, C; JACOBWITZ, DM; HALLETT, M",1994,SEMINARS IN NEUROLOGY,,,data/extraction_json/text/12720.json,data/extraction_json/text/12720.json,full_text,false,,review_article,review,high,0,false,false,false,skip,false,false,skip_langextract,,,,,,,,,,"This is a narrative review article summarizing the clinical features, pathophysiology, diagnosis, and treatment of stiff-person syndrome, with all patient data attributed to prior studies. There is no evidence of original SPS-spectrum patient data reported by the authors.",llm_v1_gpt4.1,2026-04-05T19:30:34.163275+00:00
12726,12726,STIFF-MAN-SYNDROME-80 - A VARIANT ASSOCIATED WITH ABNORMAL VISUAL PROCESSING AND A NEW ANTINEURONAL ANTIBODY,"DARNELL, RB; RUBIN, M; VICTOR, J; PLUM, F",1990,ANNALS OF NEUROLOGY,,Manfredi Carta (2024-06-27 18:50:17)(Included): duplicate of #34;,data/extraction_json/text/12726.json,data/extraction_json/text_trimmed/12726.json,trimmed,true,header_only_source,conference_abstract,single_case_conference_abstract,high,,false,false,false,individual,true,false,run_langextract_individual,,,,,,,,,,Manual review: Historical ANA abstract-book entry that appears to represent a single atypical stiff-man syndrome variant case,llm_v1_gpt4.1,2026-04-05T19:30:34.168292+00:00
1273,1273,Long-term efficacy of pregabalin in stiff person syndrome,Sofia V.; Reggio E.; Giuliano L.; Fatuzzo D.; Sueri C.; Sciacca G.; Zappia M.,2016,European Journal of Neurology,,Karlo Lizarraga (2023-07-01 23:38:07)(Select): Letter to the editor reporting case (with potential for data extraction);,data/extraction_json/text/1273.json,data/extraction_json/text/1273.json,full_text,false,,single_case_report,case_report,high,,false,false,false,individual,true,false,run_langextract_individual,,,,,,,,,,Manual review: Letter describing durable long-term symptomatic benefit from pregabalin in one SPS patient.,llm_v1_gpt4.1,2026-04-05T19:30:34.169003+00:00
12741,12741,Glycine receptor autoantibodies bind to the glycine receptor β subunit representing a novel target of stiff person syndrome,"Eckes, AL; Piro, I; Seefried, S; Tüzün, E; Sommer, C; Villmann, C",2022,JOURNAL OF NEUROCHEMISTRY,,Benjamin Vlad (2024-01-05 07:58:57)(Select): uploaded it; Shermyn  Neo (2023-12-22 09:06:13)(Screen): unable to locate this abstract;,data/extraction_json/text/12741.json,data/extraction_json/text_trimmed/12741.json,trimmed,false,,lab_heavy_clinical_or_translational,group_or_frequency_focused_lab_clinical_study,high,,false,false,false,group,true,false,run_langextract_group,,,,,,,,,,Manual review: Poster abstract focused on molecular target identification of GlyR autoantibodies in SPS rather than case-level clinical extraction.,llm_v1_gpt4.1,2026-04-05T19:30:34.171909+00:00
12751,12751,Anti-Glycine Receptor Antibody-Associated Lateral Tractopathy,"Vázquez-Vélez, GE; Perez, EJ",2023,NEUROHOSPITALIST,,,data/extraction_json/text/12751.json,data/extraction_json/text/12751.json,full_text,false,,single_case_report,case_report,high,,false,false,false,individual,true,false,run_langextract_individual,,,,,,,,,,Manual review: Images in Clinical Neurology report centered on one patient with serum anti-GlyR-associated lateral tractopathy.,llm_v1_gpt4.1,2026-04-05T19:30:34.172496+00:00
12755,12755,STIFF-MAN SYNDROME,"MCEVOY, KM",1991,SEMINARS IN NEUROLOGY,,,data/extraction_json/text/12755.json,data/extraction_json/text/12755.json,full_text,false,,review_article,review,high,0,false,false,false,skip,false,false,skip_langextract,,,,,,,,,,"The text repeatedly references prior literature, reviews diagnostic criteria, and summarizes previously published cases, but does not describe any new patients or original clinical data. The structure and content are consistent with a review article.",llm_v1_gpt4.1,2026-04-05T19:30:53.852920+00:00
12758,12758,Defining the Expanding Clinical Spectrum of Pediatric Onset Stiff-Person Syndrome (p-SPS) and Differentiating this from Mimics,"Yeshokumar, AK; Sun, LR; Newsome, SD",2015,ANNALS OF NEUROLOGY,,"Benjamin Vlad (2024-01-05 09:33:58)(Select): this one is a conference abstract, uploaded it; Shermyn  Neo (2023-12-22 09:50:09)(Screen): published here: 10.1016/j.pediatrneurol.2020.09.007;",data/extraction_json/text/12758.json,data/extraction_json/text_trimmed/12758.json,trimmed,true,trimmed_auto,conference_abstract,group_conference_abstract,high,6,false,true,false,group,true,false,run_langextract_group,,,,,,,,,,"This is a conference abstract (single page, proceedings detected, S-page number, and concise format). It reports original group-level data on at least six pediatric-onset SPS patients, summarizing their clinical features and antibody titers, but does not provide individual-level details.",llm_v1_gpt4.1,2026-04-05T19:30:57.753363+00:00
12760,12760,Therapeutic Plasma Exchange in the Management of Stiff Person Syndrome Spectrum Disorders: A Case Series and Review of the Literature,"Roy, S; Mercure-Corriveau, N; Obando, D; Wang, YJ; Daou, L; Tobian, A; Bloch, E; Newsome, S",2022,NEUROLOGY,,,data/extraction_json/text/12760.json,data/extraction_json/text/12760.json,full_text,false,,observational_group_study,retrospective_or_cohort_group_study,high,39,false,true,false,group,true,false,run_langextract_group,,,,,,,,,,"This is an observational group study reporting original clinical data on 39 SPS-spectrum patients treated with TPE, with aggregate demographic and clinical outcome data. The paper is not a review article, case series, or interventional trial, but a retrospective cohort study.",llm_v1_gpt4.1,2026-04-05T19:31:18.715236+00:00
12762,12762,The use of combined therapy with CFPE and IVIG in a patient with refractory standard therapy for stiff person syndrome,"Tkachenko, V; Makaruk, J; Degterev, D; Nikitina, A; Smolentseva, K; Ginzberg, M",2021,JOURNAL OF THE NEUROLOGICAL SCIENCES,,,data/extraction_json/text/12762.json,data/extraction_json/text/12762.json,full_text,false,,single_case_report,case_report,high,1,true,false,false,individual,true,false,run_langextract_individual,,,,,,,,,,"This is a single case report, as it provides a detailed account of one patient's history, diagnosis, and treatment for stiff person syndrome. The text includes individual-level clinical data and does not mention any other SPS patients.",llm_v1_gpt4.1,2026-04-05T19:31:23.337337+00:00
12767,12767,Brachial monomelic amyotrophy as an initial manifestation of stiff person syndrome,"Ray, S; Kamath, V; Rajesh, KN",2022,JOURNAL OF NEUROSCIENCES IN RURAL PRACTICE,,,data/extraction_json/text/12767.json,data/extraction_json/text/12767.json,full_text,false,,single_case_report,case_report,high,1,true,false,false,individual,true,false,run_langextract_individual,,,,,,,,,,"This is a single case report, as indicated by the title, abstract, and detailed individual patient description. The paper provides original clinical data on one SPS-spectrum patient, with no evidence of additional cases or group-level data.",llm_v1_gpt4.1,2026-04-05T19:31:27.278870+00:00
12780,12780,Neuropsychological Evaluation and Cognitive Profile of Stiff Person Syndrome (SPS) in a Predominantly Spanish-Speaking Older Adult: Is Cognition Really Affected?,"Saldana, DG; Suarez, P",2023,ARCHIVES OF CLINICAL NEUROPSYCHOLOGY,,,data/extraction_json/text/12780.json,data/extraction_json/text/12780.json,full_text,false,not_needed,conference_abstract,single_case_conference_abstract,high,,false,false,false,individual,true,false,run_langextract_individual,,,,,,,,,,Manual review: Clinical neuropsychology abstract presenting one older predominantly Spanish-speaking SPS case study.,llm_v1_gpt4.1,2026-04-05T19:31:27.279465+00:00
12785,12785,STIFF-MAN SYNDROME IN A PATIENT WITH HODGKINS-DISEASE - AN UNUSUAL PARANEOPLASTIC SYNDROME,"FERRARI, P; FEDERICO, M; GRIMALDI, LME; SILINGARDI, V",1990,HAEMATOLOGICA,,,data/extraction_json/text/12785.json,data/extraction_json/text/12785.json,full_text,false,,single_case_report,case_report,high,1,true,false,false,individual,true,false,run_langextract_individual,,,,,,,,,,"This is a classic single case report, providing a detailed narrative of one patient's presentation, workup, treatment, and outcome for stiff-man syndrome in the context of Hodgkin's disease. No other original SPS-spectrum cases are described.",llm_v1_gpt4.1,2026-04-05T19:31:45.979099+00:00
12798,12798,A CASE OF PROGRESSIVE ENCEPHALOMYELITIS WITH RIGIDITY AND POSITIVE ANTIGLUTAMIC ACID DEHYDROGENASE ANTIBODIES,"BURN, DJ; BALL, J; LEES, AJ; BEHAN, PO; MORGANHUGHES, JA",1991,JOURNAL OF NEUROLOGY NEUROSURGERY AND PSYCHIATRY,,,data/extraction_json/text/12798.json,data/extraction_json/text/12798.json,full_text,false,,single_case_report,case_report,high,1,true,false,false,individual,true,false,run_langextract_individual,,,,,,,,,,"This is a classic single case report, providing individual-level clinical, laboratory, and follow-up data for one patient with progressive encephalomyelitis with rigidity and anti-GAD antibodies, which falls within the SPS spectrum. There is no evidence of additional original cases.",llm_v1_gpt4.1,2026-04-05T19:31:49.643155+00:00
12807,12807,Stiff Person Syndrome in a Patient with Atypical Carcinoid Tumor of the Lung Secondary to Antiamphiphysin Antibodies: A Case Report and Literature Review,"Abusamra, K; Thandampallayam, M; Sudhakar, P; Lukins, D",2022,ANNALS OF NEUROLOGY,,,data/extraction_json/text/12807.json,data/extraction_json/text_trimmed/12807.json,trimmed,true,header_only_source,conference_abstract,single_case_conference_abstract,high,1,true,false,false,individual,true,false,run_langextract_individual,,,,,,,,,,"This is a conference abstract (proceedings detected, single page, 'case report' in title) describing a single SPS-spectrum patient. The mention of 'literature review' does not affect the count, as only the original case is counted.",llm_v1_gpt4.1,2026-04-05T19:31:52.899175+00:00
1281,1281,Rhabdomyolysis and autoimmune variant stiff-person syndrome,Gangadhara S.; Gandhy C.; Robertson D.,2016,Clinics and Practice,Clinical manifestations,,data/extraction_json/text/1281.json,data/extraction_json/text/1281.json,full_text,false,,single_case_report,case_report,high,1,true,false,false,individual,true,false,run_langextract_individual,,,,,,,,,,"This is a single case report, as indicated by the structure, the explicit use of 'case report', and the detailed description of one patient's clinical course. The paper provides individual-level clinical data for one SPS-spectrum patient.",llm_v1_gpt4.1,2026-04-05T19:32:13.366100+00:00
12849,12849,Stiff-Person Syndrome (SPS) with Very High GAD-Titers Triggered by COVID-19-Booster in 2 Neurologically Asymptomatic GAD-Positive Patients with Diabetes Mellitus Type 1 (DM1),"Giler, G; Dalakas, MC",2023,ANNALS OF NEUROLOGY,,,data/extraction_json/text/12849.json,data/extraction_json/text_trimmed/12849.json,trimmed,true,trimmed_auto,conference_abstract,single_case_conference_abstract,high,2,true,false,false,individual,true,false,run_langextract_individual,,,,,,,,,,"This is a conference abstract (proceedings detected, short page span, abstract format) reporting two original SPS-spectrum patients with detailed clinical context, thus it is not a review or basic science paper.",llm_v1_gpt4.1,2026-04-05T19:32:17.043909+00:00
12866,12866,STIFF-MAN SYNDROME,"CLIFTON, ER; SUBRAMONY, SH",1992,SOUTHERN MEDICAL JOURNAL,,Yasamin Mahjoub (2024-06-13 06:06:05)(Included): duplicate of 19;,data/extraction_json/text/12866.json,data/extraction_json/text/12866.json,full_text,false,,case_series_or_multi_case,case_series,high,2,true,false,true,individual_case_split,true,false,split_cases_then_langextract,,,,,,,,,,"This is a case series describing two original patients with SMS, with individual-level clinical data provided for each. The structure and content are consistent with a case series or multi-case report, not a review or group study.",llm_v1_gpt4.1,2026-04-05T19:32:22.640496+00:00
12894,12894,Paraneoplastic stiff-person syndrome with lung cancer: a case report and literature review,"Li, Z; Han, D; Chen, T; Zhang, LF; Wang, Y; Liu, YX; Zhang, XJ",2023,AMERICAN JOURNAL OF TRANSLATIONAL RESEARCH,,,data/extraction_json/text/12894.json,data/extraction_json/text/12894.json,full_text,false,,single_case_report,case_report,high,1,true,false,false,individual,true,false,run_langextract_individual,,,,,,,,,,"This is a single case report, as indicated by the title, structure, and detailed individual-level clinical data for one patient. The remainder of the paper consists of a literature review and summary table of previously published cases, but no additional original SPS patients are reported.",llm_v1_gpt4.1,2026-04-05T19:32:42.653660+00:00
1291,1291,"A unique combination of autoimmune limbic encephalitis, type 1 diabetes, and Stiff person syndrome associated with GAD-65 antibody",Sharma C.M.; Pandey R.K.; Kumawat B.; Khandelwal D.L.; Gandhi P.,2016,Annals of Indian Academy of Neurology,,,data/extraction_json/text/1291.json,data/extraction_json/text/1291.json,full_text,false,,single_case_report,case_report,high,1,true,false,false,individual,true,false,run_langextract_individual,,,,,,,,,,"This is a single case report, as evidenced by the detailed narrative of one patient's clinical course, workup, and outcome. The report focuses on a unique combination of disorders in one individual, with no indication of a broader cohort.",llm_v1_gpt4.1,2026-04-05T19:32:49.256502+00:00
12920,12920,SUDDEN-DEATH AND PAROXYSMAL AUTONOMIC DYSFUNCTION IN STIFF-MAN SYNDROME,"MITSUMOTO, H; SCHWARTZMAN, MJ; ESTES, ML; CHOU, SM; LAFRANCHISE, EF; DECAMILLI, P; SOLIMENA, M",1991,JOURNAL OF NEUROLOGY,,Shermyn  Neo (2024-05-26 17:23:13)(Included): duplicate of 391;,data/extraction_json/text/12920.json,data/extraction_json/text/12920.json,full_text,false,,case_series_or_multi_case,case_series,high,,false,false,true,individual_case_split,true,false,split_cases_then_langextract,,,,,,,,,,Manual review: Full report describing two women with typical stiff-man syndrome complicated by severe autonomic dysfunction and sudden death.,llm_v1_gpt4.1,2026-04-05T19:32:49.257729+00:00
12940,12940,Stiff-Eye Syndrome-Anti-GAD Ataxia Presenting with Isolated Ophthalmoplegia: A Case Report,"Belém, AD; Vasconcelos, TDF; de Paula, RCD; da Costa, FBS; Rodrigues, PGB; Pereira, ID; Tavares, PRD; Galdino, GS; Dias, DA; Santos, CD; Sobreira-Neto, MA; Braga-Neto, P; Nobrega, PR",2021,BRAIN SCIENCES,,,data/extraction_json/text/12940.json,data/extraction_json/text/12940.json,full_text,false,,single_case_report,case_report,high,1,true,false,false,individual,true,false,run_langextract_individual,,,,,,,,,,"This is a single case report, as indicated by the title, abstract, and detailed individual patient description. The report provides original clinical data on one SPS-spectrum patient (anti-GAD ataxia with features overlapping SPS-spectrum disorders).",llm_v1_gpt4.1,2026-04-05T19:33:08.730946+00:00
12951,12951,Cognitive and Mood Profiles Among Patients With Stiff Person Syndrome Spectrum Disorders,"Chan, CK; Maldonado, DPA; Wang, YJ; Obando, D; Hughes, AJ; Newsome, SD",2022,FRONTIERS IN NEUROLOGY,,,data/extraction_json/text/12951.json,data/extraction_json/text/12951.json,full_text,false,,case_series_or_multi_case,case_series,high,20,true,true,true,individual_case_split,true,false,split_cases_then_langextract,,,,,,,,,,"This is a retrospective case series describing 20 SPS-spectrum patients who underwent cognitive testing, with both individual-level and group-level data reported. The study is not a review, conference abstract, or basic science paper, and the patient count is clearly delineated.",llm_v1_gpt4.1,2026-04-05T19:33:27.326833+00:00
1297,1297,Anesthetic management for a patient with stiff-person syndrome,Nakamura K.; Murao K.; Kimoto-Shirakawa M.; Takahira K.; Toorabally F.; Shingu K.,2016,Japanese Journal of Anesthesiology,,,data/extraction_json/text/1297.json,data/extraction_json/text/1297.json,full_text,false,,single_case_report,case_report,high,1,true,false,false,individual,true,false,run_langextract_individual,,,,,,,,,,"The article is explicitly labeled as a case report and provides detailed individual-level clinical data for one SPS patient, including demographics, diagnosis, treatment, and perioperative course. There is no evidence of additional SPS patients.",llm_v1_gpt4.1,2026-04-05T19:33:30.834824+00:00
1298,1298,Stiff person syndrome with pyramidal signs,Nalbantoglu M.; Battal H.; Kiziltan M.E.; Akalin M.A.; Kiziltan G.,2016,Noropsikiyatri Arsivi,,,data/extraction_json/text/1298.json,data/extraction_json/text/1298.json,full_text,false,,single_case_report,case_report,high,,false,false,false,individual,true,false,run_langextract_individual,,,,,,,,,,Manual review: Letter to the editor detailing one SPS patient with atypical pyramidal signs and supportive electrophysiology.,llm_v1_gpt4.1,2026-04-05T19:33:30.835544+00:00
13026,13026,A NOVEL ANTINEURONAL ANTIBODY IN STIFF-MAN SYNDROME,"DARNELL, RB; VICTOR, J; RUBIN, M; CLOUSTON, P; PLUM, F",1993,NEUROLOGY,,,data/extraction_json/text/13026.json,data/extraction_json/text/13026.json,full_text,false,,lab_heavy_clinical_or_translational,group_or_frequency_focused_lab_clinical_study,high,2,true,false,false,group,true,false,run_langextract_group,,,,,,,,,,"This is a laboratory-heavy translational study that investigates the immunological characteristics of sera from two original SMS patients, including clinical details and laboratory findings. The paper is not a review, case report, or group observational study, but rather focuses on antibody characterization in two original patients.",llm_v1_gpt4.1,2026-04-05T19:33:51.380225+00:00
13027,13027,Stiff-man syndrome:: identification of 17β-hydroxysteroid dehydrogenase type 4 as a novel 80-kDa antineuronal antigen,"Dinkel, K; Rickert, M; Möller, G; Adamski, J; Meinck, HM; Richter, W",2002,JOURNAL OF NEUROIMMUNOLOGY,,,data/extraction_json/text/13027.json,data/extraction_json/text/13027.json,full_text,false,,lab_heavy_clinical_or_translational,group_or_frequency_focused_lab_clinical_study,high,1,true,true,false,group,true,false,run_langextract_group,,,,,,,,,,"This is a laboratory-heavy translational study focused on antibody characterization, but it includes original clinical data from one SPS-spectrum patient (HG) whose B cells were used to generate monoclonal antibodies. The rest of the SMS patient samples were used only for immunological screening, not for clinical reporting.",llm_v1_gpt4.1,2026-04-05T19:34:11.242724+00:00
13028,13028,The many faces of gastrointestinal dysfunction in stiff person syndrome spectrum disorders,"Koshorek, J; Wang, YJ; Maldonado, DP; Reyes-Mantilla, MI; Obando, D; Balshi, A; Comisac, M; Pasricha, PJ; Newsome, SD",2023,FRONTIERS IN NEUROLOGY,,,data/extraction_json/text/13028.json,data/extraction_json/text/13028.json,full_text,false,,observational_group_study,retrospective_or_cohort_group_study,high,77,false,true,false,group,true,false,run_langextract_group,,,,,,,,,,"This is a retrospective observational group study of SPSD patients with GI symptoms, reporting aggregate statistics and clinical characteristics for a defined cohort. The study does not provide individual-level case reports but presents group-level data for 77 original SPSD patients.",llm_v1_gpt4.1,2026-04-05T19:34:15.177555+00:00
13031,13031,"INTRATHECAL BACLOFEN THERAPY IN STIFF-MAN SYNDROME - A DOUBLE-BLIND, PLACEBO-CONTROLLED TRIAL","SILBERT, PL; MATSUMOTO, JY; MCMANIS, PG; STOLPSMITH, KA; ELLIOTT, BA; MCEVOY, KM",1995,NEUROLOGY,,,data/extraction_json/text/13031.json,data/extraction_json/text/13031.json,full_text,false,,interventional_study,controlled_or_therapeutic_group_study,high,3,true,true,false,group,true,false,run_langextract_group,,,,,,,,,,"This is an interventional study (double-blind, placebo-controlled trial) involving three original SPS-spectrum patients. The paper provides both individual and group-level clinical and electrophysiological data for these patients.",llm_v1_gpt4.1,2026-04-05T19:34:33.899118+00:00
13042,13042,A Rarity Among the Rare: Psychiatric Manifestations in a Young Woman With Stiff- Person Syndrome,"Sanak, D; Marticorena-Martinez, R; Acosta, E",2022,CUREUS JOURNAL OF MEDICAL SCIENCE,,,data/extraction_json/text/13042.json,data/extraction_json/text/13042.json,full_text,false,,single_case_report,case_report,high,1,true,false,false,individual,true,false,run_langextract_individual,,,,,,,,,,"This is a single case report, as indicated by the detailed narrative of one patient's clinical course, and the explicit use of 'case report' in the text. The report provides original, individual-level SPS-spectrum data.",llm_v1_gpt4.1,2026-04-05T19:34:53.064140+00:00
13049,13049,Stiff-Leg Syndrome Associated with Autoimmune Retinopathy and Its Treatment with IVIg-A Case Report and Review of the Literature,"Papadopoulos, VE; Papadimas, GK; Androudi, S; Anagnostouli, M; Evangelopoulos, ME",2023,BRAIN SCIENCES,,,data/extraction_json/text/13049.json,data/extraction_json/text/13049.json,full_text,false,,single_case_report,case_report,high,1,true,false,false,individual,true,false,run_langextract_individual,,,,,,,,,,"Despite the 'review' label and literature review content, the main original clinical content is a single detailed case report of stiff-leg syndrome (SPS-spectrum) associated with autoimmune retinopathy. This fits the single_case_report category, and only one original SPS-spectrum patient is reported.",llm_v1_gpt4.1,2026-04-05T19:34:56.273452+00:00
13056,13056,<SUP>11</SUP>C-Flumazenil positron emission tomography demonstrates reduction of both global and local cerebral benzodiazepine receptor binding in a patient with Stiff Person Syndrome,"Galldiks, N; Thiel, A; Haense, C; Fink, GR; Hilker, R",2008,JOURNAL OF NEUROLOGY,,,data/extraction_json/text/13056.json,data/extraction_json/text/13056.json,full_text,false,,single_case_report,case_report,high,1,true,false,false,individual,true,false,run_langextract_individual,,,,,,,,,,"This is a single case report, as it provides an in-depth description of one SPS patient, including clinical presentation, diagnostic workup, and imaging findings. The rest of the paper discusses prior literature and compares the patient to healthy controls, but does not present additional SPS cases.",llm_v1_gpt4.1,2026-04-05T19:35:15.334231+00:00
13064,13064,Efgartigimod beyond myasthenia gravis: the role of FcRn-targeting therapies in stiff-person syndrome,"Di Stefano, V; Alonge, P; Rini, N; Militello, M; Lupica, A; Torrente, A; Brighina, F",2023,JOURNAL OF NEUROLOGY,,,data/extraction_json/text/13064.json,data/extraction_json/text/13064.json,full_text,false,,case_series_or_multi_case,case_series,high,3,true,true,true,individual_case_split,true,false,split_cases_then_langextract,,,,,,,,,,"This is a case series describing three original SPS-spectrum patients (all with anti-GAD-seropositive SPS and MG) treated with efgartigimod. The paper provides both individual-level and group-level clinical data, including case histories, treatment protocols, and outcome measures.",llm_v1_gpt4.1,2026-04-05T19:35:34.809402+00:00
13066,13066,Case Report: Dexmedetomidine for Intractable Clusters of Myoclonic Jerks and Paroxysmal Sympathetic Hyperactivity in Progressive Encephalomyelitis With Rigidity and Myoclonus,"Fujino, Y; Shiga, K; Hori, M; Tamura, A; Iizuka, T",2021,FRONTIERS IN NEUROLOGY,,,data/extraction_json/text/13066.json,data/extraction_json/text/13066.json,full_text,false,,single_case_report,case_report,high,1,true,false,false,individual,true,false,run_langextract_individual,,,,,,,,,,"This is a single case report, as indicated by the title, structure, and detailed individual-level clinical description of one patient with PERM. There is no evidence of additional original SPS-spectrum patients in the text.",llm_v1_gpt4.1,2026-04-05T19:35:53.859732+00:00
131,131,Psychiatric consultations in stiff-man syndrome.,"Tinsley, J A; Barth, E M; Black, J L; Williams, D E",1997,The Journal of clinical psychiatry,Clinical manifestations,,data/extraction_json/text/131.json,data/extraction_json/text/131.json,full_text,false,,observational_group_study,retrospective_or_cohort_group_study,high,12,true,true,false,group,true,false,run_langextract_group,,,,,,,,,,"This is an observational group study of 12 original SPS patients, with both group-level and individual-level clinical data reported. The study is not a review, case report, or basic science paper, and the patient count is clearly stated and supported by detailed case descriptions.",llm_v1_gpt4.1,2026-04-05T19:35:58.872485+00:00
13100,13100,TREATMENT OF STIFF-MAN SYNDROME WITH INTRAVENOUS IMMUNE GLOBULIN,"KARLSON, HW; SUDARSKY, L; RUDERMAN, E; PIERSON, S; SCOTT, M; HELFGOTT, SM",1994,ARTHRITIS AND RHEUMATISM,,,data/extraction_json/text/13100.json,data/extraction_json/text/13100.json,full_text,false,,case_series_or_multi_case,case_series,high,3,true,true,true,individual_case_split,true,false,split_cases_then_langextract,,,,,,,,,,"This is a case series describing three original patients with stiff-man syndrome treated with IVIG. The paper provides individual-level clinical data for each patient, including demographics, clinical course, and response to therapy, which fits the definition of a case series or multi-case report.",llm_v1_gpt4.1,2026-04-05T19:36:19.656631+00:00
1311,1311,Stiff leg syndrome after epidural anesthesia,Perez-Sanchez J.R.; Contreras Chicote A.; Gutierrez-Ruano B.; De La Casa-Fages B.; Traba A.; Grandas F.,2016,European Journal of Neurology,,"Bettina Balint (2023-08-28 19:01:35)(Select): Critical review warranted, but relevant for DDx;",data/extraction_json/text/1311.json,data/extraction_json/text/1311.json,full_text,false,,case_series_or_multi_case,case_series,high,2,true,false,true,individual_case_split,true,false,split_cases_then_langextract,,,,,,,,,,"This is a letter to the editor presenting two original cases of stiff leg syndrome (SLS), a focal SPS-spectrum disorder, following epidural anesthesia. The report provides individual-level clinical and neurophysiological data for both patients, fitting the case series/multi-case category.",llm_v1_gpt4.1,2026-04-05T19:36:22.992099+00:00
13150,13150,Progressive Encephalomyelitis with Rigidity and Myoclonus and Myasthenia Gravis Comorbid Status with Thymoma,"Ogawa, T; Ogaki, K; Daida, K; Nishimaki, T; Ando, M; Kawajiri, S; Wada, R; Noda, K; Hattori, N; Okuma, Y",2021,MOVEMENT DISORDERS CLINICAL PRACTICE,,,data/extraction_json/text/13150.json,data/extraction_json/text/13150.json,full_text,false,,single_case_report,case_report,high,,false,false,false,individual,true,false,run_langextract_individual,,,,,,,,,,Manual review: Case report of one thymoma-associated PERM patient with concurrent myasthenia gravis and anti-GlyR/AChR antibodies.,llm_v1_gpt4.1,2026-04-05T19:36:22.992828+00:00
13177,13177,A Case of Stiff Person Syndrome: Immunomodulatory Effect of Benzodiazepines <i>Successful Rituximab and Tizanidine Therapy</i>,"Zdziarski, P",2015,MEDICINE,,,data/extraction_json/text/13177.json,data/extraction_json/text/13177.json,full_text,false,,single_case_report,case_report,high,1,true,false,false,individual,true,false,run_langextract_individual,,,,,,,,,,"This is a single case report, as evidenced by the detailed description of one patient's clinical course, laboratory data, and therapeutic interventions. The structure and content are consistent with a case report, and there is no evidence of additional original SPS cases.",llm_v1_gpt4.1,2026-04-05T19:36:41.916818+00:00
13200,13200,Proprioceptive Stimuli as a New Type of Trigger for Epilepsy in Stiff Person Syndrome,"Basterra, PP; Nombela, F; Iriarte, P; Del Rincon, CR; Maroto, JA; Quintas, S",2022,NEUROLOGY,,,data/extraction_json/text/13200.json,data/extraction_json/text/13200.json,full_text,false,,single_case_report,case_report,high,1,true,false,false,individual,true,false,run_langextract_individual,,,,,,,,,,"This is a single case report, as it focuses on one patient with SPS, describing her clinical course and unique presentation. The text provides individual-level clinical data and does not mention any other SPS patients.",llm_v1_gpt4.1,2026-04-05T19:36:45.292989+00:00
13202,13202,Facial Palsy as Initial Symptom in Glycine Receptor Antibody Positive Progressive Encephalomyelitis With Rigidity and Myoclonus: A Case Report,"Wang, L; Zhang, R; Liu, K; Xu, YF; Song, B; Xu, YM",2022,FRONTIERS IN NEUROLOGY,,,data/extraction_json/text/13202.json,data/extraction_json/text/13202.json,full_text,false,,single_case_report,case_report,high,1,true,false,false,individual,true,false,run_langextract_individual,,,,,,,,,,"This is a single case report, as indicated by the title, abstract, and detailed case presentation of one patient with PERM. The report provides individual-level clinical data and does not describe a cohort or group of patients.",llm_v1_gpt4.1,2026-04-05T19:37:03.652471+00:00
13206,13206,"GAD AUTOANTIBODIES IN IDDM, STIFF-MAN SYNDROME, AND AUTOIMMUNE POLYENDOCRINE SYNDROME TYPE-I RECOGNIZE DIFFERENT EPITOPES","BJORK, E; VELLOSO, LA; KAMPE, O; KARLSSON, FA",1994,DIABETES,,,data/extraction_json/text/13206.json,data/extraction_json/text/13206.json,full_text,false,,lab_heavy_clinical_or_translational,group_or_frequency_focused_lab_clinical_study,high,4,true,true,false,group,true,false,run_langextract_group,,,,,,,,,,"This is a laboratory-heavy translational study that includes original clinical data from 4 SMS (SPS-spectrum) patients, whose sera were analyzed for GAD antibody reactivity and functional effects. The study provides both individual-level and group-level data for these patients.",llm_v1_gpt4.1,2026-04-05T19:37:22.549900+00:00
13222,13222,Brain γ-aminobutyric acid changes in stiff-person syndrome,"Levy, LM; Levy-Reis, I; Fujii, M; Dalakas, MC",2005,ARCHIVES OF NEUROLOGY,,,data/extraction_json/text/13222.json,data/extraction_json/text/13222.json,full_text,false,,observational_group_study,retrospective_or_cohort_group_study,high,8,false,true,false,group,true,false,run_langextract_group,,,,,,,,,,"This is a prospective case-control observational study of 8 SPS patients and 16 controls, reporting original group-level clinical and neuroimaging data. There is no individual-level case reporting, but the SPS cohort is clearly original and extractable.",llm_v1_gpt4.1,2026-04-05T19:37:29.821777+00:00
13224,13224,GABA<sub>B</sub> receptor antibodies in limbic encephalitis and anti-GAD-associated neurologic disorders,"Boronat, A; Sabater, L; Saiz, A; Dalmau, J; Graus, F",2011,NEUROLOGY,,,data/extraction_json/text/13224.json,data/extraction_json/text/13224.json,full_text,false,,observational_group_study,retrospective_or_cohort_group_study,high,29,true,true,false,group,true,false,run_langextract_group,,,,,,,,,,"This is an observational group study that prospectively tested 147 patients (including 29 with SPS) for GABA(B)R antibodies, reporting both group-level and some individual-level clinical data. The SPS patient count is clearly stated and these are original patients, not literature cases.",llm_v1_gpt4.1,2026-04-05T19:37:49.433152+00:00
13226,13226,"Stiff person syndrome -: Quantification, specificity, and intrathecal synthesis of GAD<sub>65</sub> antibodies","Dalakas, MC; Mian, L; Fujii, M; Jacobowitz, DM",2001,NEUROLOGY,,Natalie Witek (2024-06-16 20:53:30)(Included): Same as 620;,data/extraction_json/text/13226.json,data/extraction_json/text/13226.json,full_text,false,,lab_heavy_clinical_or_translational,group_or_frequency_focused_lab_clinical_study,high,18,true,true,false,group,true,false,run_langextract_group,,,,,,,,,,"This paper presents original laboratory and clinical data on 18 SPS patients, including antibody titers, CSF studies, and immunocytochemistry. The focus is on immunological characterization, but detailed clinical inclusion criteria and per-patient data are provided, making it a lab-heavy clinical/translational study with original SPS-spectrum data.",llm_v1_gpt4.1,2026-04-05T19:38:08.376848+00:00
13233,13233,Progressive encephalomyelitis with rigidity and myoclonus in a Mexican patient,"Garcia-Bermudez, R; Leon-Castillo, D; Bertado-Cortes, B",2021,MOVEMENT DISORDERS,,,data/extraction_json/text/13233.json,data/extraction_json/text_trimmed/13233.json,trimmed,true,trimmed_auto,conference_abstract,single_case_conference_abstract,high,,false,false,false,individual,true,false,run_langextract_individual,,,,,,,,,,Manual review: Proceedings abstract localized by exact title; one Mexican PERM case with reported good steroid response.,llm_v1_gpt4.1,2026-04-05T19:38:08.408867+00:00
13237,13237,Progressive encephalomyelitis with rigidity and myoclonus: A new variant with DPPX antibodies,"Balint, B; Nagel, S; Probst, C; Blöcker, IM; Bahtz, R; Komorowski, L; Stöcker, W; Meinck, HM",2014,MOVEMENT DISORDERS,,"Davide Martino (2024-05-25 13:12:53)(Included): Agree, no data to extract here as duplicat; Manfredi Carta (2024-05-10 00:42:33)(Included): this is probably a duplicate of #715;",data/extraction_json/text/13237.json,data/extraction_json/text/13237.json,full_text,false,,case_series_or_multi_case,case_series,high,,false,false,true,individual_case_split,true,false,split_cases_then_langextract,,,,,,,,,,Manual review: Case series describing three PERM patients with a distinct DPPX-antibody-associated syndrome.,llm_v1_gpt4.1,2026-04-05T19:38:08.410859+00:00
1326,1326,Progressive encephalomyelitis with rigidity and myoclonus (PERM): Brucellosis as a possible triggering factor and long-term follow-up therapy with rituximab,Magira E.E.; Alexopoulos H.; Charitatos E.; Michas D.; Dalakas M.C.,2016,Therapeutic Advances in Neurological Disorders,Clinical manifestations; Treatment,,data/extraction_json/text/1326.json,data/extraction_json/text/1326.json,full_text,false,,single_case_report,case_report,high,,false,false,false,individual,true,false,run_langextract_individual,,,,,,,,,,Manual review: Full case report of one PERM patient with possible neurobrucellosis trigger and long-term rituximab follow-up.,llm_v1_gpt4.1,2026-04-05T19:38:08.411561+00:00
13267,13267,A Case of Progressive Encephalomyelitis with Rigidity and Myoclonus (PERM syndrome) in a Patient with Myasthenia Gravis,"Dai, X; Sarezky, J; Stavros, K",2021,NEUROLOGY,,,data/extraction_json/text/13267.json,data/extraction_json/text/13267.json,full_text,false,,single_case_report,case_report,high,1,true,false,false,individual,true,false,run_langextract_individual,,,,,,,,,,"This is a single case report, as indicated by the 'case report' design and the detailed description of one patient's clinical course. The report provides original SPS-spectrum data (PERM with anti-GAD antibodies) and does not aggregate or discuss multiple cases.",llm_v1_gpt4.1,2026-04-05T19:38:12.305151+00:00
1327,1327,Pediatric stiff-person syndrome with renal failure,Kumar M.V.; Savida P.,2016,Journal of Neurosciences in Rural Practice,,,data/extraction_json/text/1327.json,data/extraction_json/text/1327.json,full_text,false,,single_case_report,case_report,high,1,true,false,false,individual,true,false,run_langextract_individual,,,,,,,,,,"This is a classic single case report, as indicated by the structure, the explicit statement of reporting a single case, and the detailed narrative of one patient's presentation, diagnosis, and management. No group or series data are present.",llm_v1_gpt4.1,2026-04-05T19:38:18.888305+00:00
13276,13276,Glial Fibrillary Acidic Protein Astrocytopathy Presenting as Progressive Encephalomyelitis with Rigidity and Myoclonus,"Lim, GZ; Yap, LG; Chuang, DF; Yeo, TR; Tan, KV",2023,MOVEMENT DISORDERS CLINICAL PRACTICE,,,data/extraction_json/text/13276.json,data/extraction_json/text/13276.json,full_text,false,,single_case_report,case_report,high,,false,false,false,individual,true,false,run_langextract_individual,,,,,,,,,,Manual review: Case report of one GFAP astrocytopathy patient with a PERM-like syndrome.,llm_v1_gpt4.1,2026-04-05T19:38:18.889112+00:00
133,133,Botulinum toxin A improves muscle spasms and rigidity in stiff-person syndrome.,"Liguori, R; Cordivari, C; Lugaresi, E; Montagna, P",1997,Movement disorders : official journal of the Movement Disorder Society,Treatment,,data/extraction_json/text/133.json,data/extraction_json/text/133.json,full_text,false,,case_series_or_multi_case,case_series,high,2,true,false,true,individual_case_split,true,false,split_cases_then_langextract,,,,,,,,,,"This is a case series describing two original SPS patients treated with botulinum toxin A. The paper includes individual-level clinical data and outcomes for both patients, fulfilling criteria for a case series or multi-case report.",llm_v1_gpt4.1,2026-04-05T19:38:38.092569+00:00
13311,13311,Progressive encephalomyelitis with rigidity and myoclonus with glycine receptor and GAD65 autoantibodies-Clinico-pathological correlates and potential pathomechanisms of a rare disease,"Winklehner, M; Wickel, J; Gelpi, E; Brämer, D; Rauschenberger, V; Günther, A; Bauer, J; Ricken, G; Villmann, C; Höftberger, R; Geis, C",2023,BRAIN PATHOLOGY,,"Benjamin Vlad (2024-01-05 07:14:57)(Select): https://onlinelibrary.wiley.com/doi/epdf/10.1111/bpa.13194

Page 132;",data/extraction_json/text/13311.json,data/extraction_json/text/13311.json,full_text,false,not_needed,conference_abstract,single_case_conference_abstract,high,,false,false,false,individual,true,false,run_langextract_individual,,,,,,,,,,Manual review: Congress abstract reporting one PERM case with clinico-pathological correlation and both GlyR and GAD65 antibodies.,llm_v1_gpt4.1,2026-04-05T19:38:38.093407+00:00
1332,1332,Stiff face syndrome associated with glycine receptor antibodies,Gadian J.; Lascelles K.; Lim M.,2017,Developmental Medicine and Child Neurology,Clinical manifestations,,data/extraction_json/text/1332.json,data/extraction_json/text/1332.json,full_text,false,,conference_abstract,single_case_conference_abstract,high,1,true,false,false,individual,true,false,run_langextract_individual,,,,,,,,,,"validator_flags=EVIDENCE_NO_PAGES | This is a conference abstract (published in a supplement, short format, and labeled as an oral presentation) presenting a single original case of 'stiff face syndrome' associated with glycine receptor antibodies, which falls within the SPS spectrum. The report provides individual-level clinical details for one patient.",llm_v1_gpt4.1,2026-04-05T19:38:57.409508+00:00
1333,1333,Glycine antibody mediated progressive encephalomyelitis with rigidity and myoclonus (PERM): A paediatric presentation,Kariyawasam D.S.T.; Hildebrand D.; Jayawant S.; Palace J.; Leite M.I.; Ramdas S.,2017,Developmental Medicine and Child Neurology,,,data/extraction_json/text/1333.json,data/extraction_json/text_trimmed/1333.json,trimmed,true,header_only_source,conference_abstract,single_case_conference_abstract,high,,false,false,false,individual,true,false,run_langextract_individual,,,,,,,,,,Manual review: Paediatric conference abstract localized by exact title; one APS1-associated GlyR-antibody PERM presentation in a child.,llm_v1_gpt4.1,2026-04-05T19:38:57.414786+00:00
13339,13339,Case report: Varicella-zoster virus infection triggering progressive encephalomyelitis with rigidity and myoclonus,"Yuan, J; Wang, AH; Hou, YF; Xu, XX",2022,FRONTIERS IN NEUROLOGY,,,data/extraction_json/text/13339.json,data/extraction_json/text/13339.json,full_text,false,,single_case_report,case_report,high,1,true,false,false,individual,true,false,run_langextract_individual,,,,,,,,,,"This is a classic single case report, as indicated by the title, structure, and detailed individual-level clinical narrative. Only one SPS-spectrum patient is described, and no group or series data are presented.",llm_v1_gpt4.1,2026-04-05T19:39:03.557501+00:00
1337,1337,Visual Dysfunction and Retinal Pathology occurs in Stiff-Person Syndrome,Rothman A.; Shoemaker T.; Prince J.; Saidha S.; Calabresi P.; Newsome S.,2017,Neurology,,,data/extraction_json/text/1337.json,data/extraction_json/text/1337.json,full_text,false,,observational_group_study,retrospective_or_cohort_group_study,high,40,false,true,false,group,true,false,run_langextract_group,,,,,,,,,,"This is an observational group study reporting aggregate data from a cohort of 40 SPS patients compared to controls, with group-level clinical and imaging outcomes. There is no evidence of individual-level case reporting, and the study is not a review, interventional trial, or basic science paper.",llm_v1_gpt4.1,2026-04-05T19:39:09.620887+00:00
1339,1339,Anti-GAD65 antibody testing at a tertiary care center,Vodopivec I.; Loomis A.; Baron J.; Cho T.; Bhattacharyya S.,2017,Neurology,,"Natalie Witek (2021-10-13 05:21:07)(Select): Review of cases at the hospital, may have patient level data;",data/extraction_json/text/1339.json,data/extraction_json/text/1339.json,full_text,false,,conference_abstract,group_conference_abstract,high,2,false,true,false,group,true,false,run_langextract_group,,,,,,,,,,"This is a conference abstract (Neurology, Supplement 1, single page, abstract format). It reports original data from a retrospective review, including group-level data on anti-GAD65 positive patients and their diagnoses. Two patients are clearly within the SPS spectrum: one with SPS and one with CA with stiff-limb syndrome.",llm_v1_gpt4.1,2026-04-05T19:39:16.053323+00:00
134,134,Intrathecal baclofen therapy for stiff-man syndrome and progressive encephalomyelopathy with rigidity and myoclonus.,"Stayer, C; Tronnier, V; Dressnandt, J; Mauch, E; Marquardt, G; Rieke, K; Muller-Schwefe, G; Schumm, F; Meinck, H M",1997,Neurology,,,data/extraction_json/text/134.json,data/extraction_json/text/134.json,full_text,false,,case_series_or_multi_case,case_series,high,8,true,true,true,individual_case_split,true,false,split_cases_then_langextract,,,,,,,,,,"This is a case series describing eight original SPS-spectrum patients (SMS and PERM) treated with intrathecal baclofen. The paper provides both individual-level and group-level clinical data, including outcomes, complications, and follow-up for each patient.",llm_v1_gpt4.1,2026-04-05T19:39:36.596579+00:00
1340,1340,Seronegative progressive encephalomyelitis with rigidity and myoclonus (PERM),Khalid E.; Estevez-Ordonez D.; Lavin P.,2017,Neurology,Immunological - Lab tests,Natalie Witek (2021-10-13 06:32:22)(Select): AB neg;,data/extraction_json/text/1340.json,data/extraction_json/text/1340.json,full_text,false,,single_case_report,case_report,high,1,true,false,false,individual,true,false,run_langextract_individual,,,,,,,,,,"This is a single case report, as it provides detailed individual-level clinical data for one patient with PERM, including presentation, diagnostic workup, and treatment. There is no evidence of additional cases or group-level data.",llm_v1_gpt4.1,2026-04-05T19:39:40.135220+00:00
1341,1341,Prodromal stiffperson syndrome: Two cases of antibody detection over a decade after symptom onset,Piquet A.; O'Donnell S.; Greenlee J.; Warner J.; Clardy S.,2017,Neurology,,,data/extraction_json/text/1341.json,data/extraction_json/text/1341.json,full_text,false,,case_series_or_multi_case,case_series,high,2,true,false,true,individual_case_split,true,false,split_cases_then_langextract,,,,,,,,,,"The paper reports on two original SPS-spectrum patients with detailed clinical histories, antibody findings, and disease evolution, fitting the definition of a case series or multi-case report. There is no evidence of group-level data or a review-only focus.",llm_v1_gpt4.1,2026-04-05T19:39:43.446184+00:00
1343,1343,Case control analysis of glycine receptor autoimmunity,Lopez-Chiriboga A.S.; Hinson S.; Bower J.; Matsumoto J.; Hassan A.; Basal E.; Lennon V.; Pittock S.; McKeon A.,2017,Neurology,,"Karlo Lizarraga (2021-10-14 05:57:19)(Select): Conference paper with potential for data extraction:
https://n.neurology.org/content/88/16_Supplement/P5.125;",data/extraction_json/text/1343.json,data/extraction_json/text/1343.json,full_text,false,not_needed,conference_abstract,group_conference_abstract,high,19,false,true,false,group,true,false,run_langextract_group,,,,,,,,,,"This is a conference abstract (published in a supplement, short format, and labeled with a poster number) reporting original group-level data on 19 SPS-spectrum patients with GlyRα1 antibody positivity. The data are aggregated, not individual-level, but clearly represent an original cohort.",llm_v1_gpt4.1,2026-04-05T19:40:01.780173+00:00
1344,1344,Stiff person syndrome masquerading as more common movement disorders,Stone D.; Kaye L.; Wicklund M.; Malaty I.,2017,Neurology,,,data/extraction_json/text/1344.json,data/extraction_json/text/1344.json,full_text,false,,case_series_or_multi_case,case_series,high,2,true,false,true,individual_case_split,true,false,split_cases_then_langextract,,,,,,,,,,"This is a case series reporting two original SPS-spectrum patients, with individual-level clinical data for each. The structure and content are consistent with a multi-case report, not a review or group study.",llm_v1_gpt4.1,2026-04-05T19:40:05.339832+00:00
13469,13469,Neuroimaging Pearls from the MDS Congress Video Challenge. Part 2: Acquired Disorders,"Fearon, C; Rawal, S; Olszewska, D; Alcaide-Leon, P; Kern, DS; Sharma, S; Jaiswal, SK; Murthy, JMK; Ha, AD; Schwartz, RS; Fung, VSC; Spears, C; Tholanikunnel, T; Almeida, L; Hatano, T; Oji, Y; Hattori, N; Shubham, S; Kumar, H; Bhidayasiri, R; Laohathai, C; Lang, AE",2022,MOVEMENT DISORDERS CLINICAL PRACTICE,,,data/extraction_json/text/13469.json,data/extraction_json/text/13469.json,full_text,false,,case_series_or_multi_case,case_series,high,2,true,false,true,individual_case_split,true,false,split_cases_then_langextract,,,,,,,,,,"This is a case series presenting seven individual cases, with detailed clinical and imaging data for each. Two cases (Case 1: anti-GAD65, Case 2: Sjogren syndrome with tonic spasms and LETM) clearly fall within the SPS spectrum and are original, extractable cases. The paper is not a review or conference abstract, and the cases are not previously published cohorts.",llm_v1_gpt4.1,2026-04-05T19:40:27.145458+00:00
13506,13506,Hypersomnia in anti-glutamic acid decarboxylase 65 (GAD65) associated neurological syndromes: A pilot study,"Jeantin, L; Gales, A; Berzero, G; Leu, S; Proust, J; Giry, M; Valyraki, NE; Birzu, C; Alentorn, A; Vidailhet, M; Psimaras, D; Arnulf, I",2023,EUROPEAN JOURNAL OF NEUROLOGY,,,data/extraction_json/text/13506.json,data/extraction_json/text/13506.json,full_text,false,,observational_group_study,retrospective_or_cohort_group_study,high,,false,false,false,group,true,false,run_langextract_group,,,,,,,,,,Manual review: Pilot group study assessing hypersomnia and sleep phenotyping across anti-GAD65-associated neurological syndrome patients.,llm_v1_gpt4.1,2026-04-05T19:40:27.146300+00:00
13507,13507,A genome-wide association study in autoimmune neurological syndromes with anti-GAD65 autoantibodies,"German Network Res Autoimmune Ence; Strippel, C; Herrera-Rivero, M; Wendorff, M; Tietz, AK; Degenhardt, F; Witten, A; Schroeter, C; Nelke, C; Golombeck, KS; Madlener, M; Rüber, T; Ernst, L; Racz, A; Baumgartner, T; Widman, G; Doppler, K; Thaler, F; Siebenbrodt, K; Dik, A; Kerin, C; Räuber, S; Gallus, M; Kovac, S; Grauer, OM; Grimm, A; Prüss, H; Wickel, J; Geis, C; Lewerenz, J; Goebels, N; Ringelstein, M; Menge, T; Tackenberg, B; Kellinghaus, C; Bien, CG; Kraft, A; Zettl, U; Ismail, FS; Ayzenberg, I; Urbanek, C; Sühs, KW; Tauber, SC; Mues, S; Körtvélyessy, P; Markewitz, R; Paliantonis, A; Elger, CE; Surges, R; Sommer, C; Kümpfel, T; Gross, CC; Lerche, H; Wellmer, J; Quesada, CM; Bergh, FT; Wandinger, KP; Becker, AJ; Kunz, WS; zu Hörste, GM; Malter, MP; Rosenow, F; Wiendl, H; Kuhlenbäumer, G; Leypoldt, F; Lieb, W; Franke, A; Meuth, SG; Stoll, M; Melzer, N",2022,BRAIN,,,data/extraction_json/text/13507.json,data/extraction_json/text/13507.json,full_text,false,,observational_group_study,retrospective_or_cohort_group_study,high,48,false,true,false,group,true,false,run_langextract_group,,,,,,,,,,"This is an observational group study reporting original clinical and genetic data from a cohort of 167 anti-GAD65 AINS patients, including 48 with SPS. The study provides aggregate (group-level) data, not individual case details, and is not a review or basic science paper.",llm_v1_gpt4.1,2026-04-05T19:40:33.212099+00:00
1363,1363,Stiff-person syndrome with cerebellar manifestations and foot deformities,Chu C.-I.; Hsueh I.-H.; Cheng S.-J.,2013,International Journal of Gerontology,,,data/extraction_json/text/1363.json,data/extraction_json/text/1363.json,full_text,false,,single_case_report,case_report,high,1,true,false,false,individual,true,false,run_langextract_individual,,,,,,,,,,"This is a single case report, as indicated by the explicit language in the abstract and main text, and the detailed individual-level clinical data provided for one patient. No group-level or multi-patient data are present.",llm_v1_gpt4.1,2026-04-05T19:40:51.615734+00:00
13684,13684,Clinical Features and Prognosis in Chinese Patients With Dipeptidyl-Peptidase-Like Protein 6 Antibody-Associated Encephalitis,"Miao, AL; Shi, YW; Wang, XS; Ge, JQ; Yu, CY",2022,FRONTIERS IN NEUROLOGY,,,data/extraction_json/text/13684.json,data/extraction_json/text/13684.json,full_text,false,,observational_group_study,retrospective_or_cohort_group_study,high,5,true,true,false,group,true,false,run_langextract_group,,,,,,,,,,"This is an original observational group study describing five new cases of anti-DPPX encephalitis, with detailed clinical and laboratory data for each patient. Both individual and group-level data are presented, and the cohort is not derived from prior literature.",llm_v1_gpt4.1,2026-04-05T19:40:58.450043+00:00
13688,13688,Neurological disorders associated with glutamic acid decarboxylase 65 antibodies: Clinical spectrum and prognosis of a cohort from China,"Bai, L; Ren, HT; Liang, ML; Lu, Q; Lin, N; Liu, ME; Fan, SY; Cui, RX; Guan, HZ",2022,FRONTIERS IN NEUROLOGY,,,data/extraction_json/text/13688.json,data/extraction_json/text/13688.json,full_text,false,,observational_group_study,retrospective_or_cohort_group_study,high,18,true,true,false,group,true,false,run_langextract_group,,,,,,,,,,"This is a retrospective observational cohort study from a single center in China, reporting original clinical and outcome data on 55 patients with GAD65 antibody-associated neurological disorders. Of these, 18 are classified as SPS, with detailed group and some individual-level data provided. The study is not a review, case series, or interventional trial.",llm_v1_gpt4.1,2026-04-05T19:41:18.900490+00:00
1372,1372,Stiff person syndrome with negative anti-GAD65 antibodies. Case report,Roman-Filip C.; Radu D.; Ungureanu A.; Deaconu A.; Pereanu M.,2013,Romanian Journal of Neurology/ Revista Romana de Neurologie,,,data/extraction_json/text/1372.json,data/extraction_json/text/1372.json,full_text,false,,single_case_report,case_report,high,1,true,false,false,individual,true,false,run_langextract_individual,,,,,,,,,,"This is a classic single case report, as indicated by the title, structure, and detailed individual-level clinical data for one patient. There is no evidence of group-level or multiple patient data.",llm_v1_gpt4.1,2026-04-05T19:41:38.553329+00:00
13723,13723,STIFFMAN SYNDROME - A RARE PARANEOPLASTIC DISORDER,"BATEMAN, DE; WELLER, RO; KENNEDY, P",1990,JOURNAL OF NEUROLOGY NEUROSURGERY AND PSYCHIATRY,,,data/extraction_json/text/13723.json,data/extraction_json/text/13723.json,full_text,false,,single_case_report,case_report,high,,false,false,false,individual,true,false,run_langextract_individual,,,,,,,,,,Manual review: Short report of one stiff-man syndrome case associated with oat-cell carcinoma and paraneoplastic encephalomyelitis pathology.,llm_v1_gpt4.1,2026-04-05T19:41:38.553965+00:00
13747,13747,Rituximab Treatment and Long-term Outcome of Patients With Autoimmune Encephalitis Real-world Evidence From the GENERATE Registry,"Thaler, FS; Zimmermann, L; Kammermeier, S; Strippel, C; Ringelstein, M; Kraft, A; Suhs, KW; Wickel, J; Geis, C; Markewitz, R; Urbanek, C; Sommer, C; Doppler, K; Penner, L; Lewerenz, J; Rössling, R; Finke, C; Pruss, H; Melzer, N; Wandinger, KP; Leypoldt, F; Kumpfel, T",2021,NEUROLOGY-NEUROIMMUNOLOGY & NEUROINFLAMMATION,,,data/extraction_json/text/13747.json,data/extraction_json/text/13747.json,full_text,false,,observational_group_study,retrospective_or_cohort_group_study,high,84,false,true,false,group,true,false,run_langextract_group,,,,,,,,,,"This is a retrospective observational group study from a registry, reporting aggregate data on patients with autoimmune encephalitis, including those with GAD65 disease (which encompasses SPS). The study provides original group-level clinical data, but does not provide individual-level case details. The number of SPS-spectrum patients is estimated from the GAD65 disease group, but the precise number of SPS cases is unclear.",llm_v1_gpt4.1,2026-04-05T19:41:44.387098+00:00
13783,13783,Brain <SUP>18</SUP>F-FDG-PET characteristics in patients with paraneoplastic neurological syndrome and its correlation with clinical and MRI findings,"Masangkay, N; Basu, S; Moghbel, M; Kwee, T; Alavi, A",2014,NUCLEAR MEDICINE COMMUNICATIONS,,,data/extraction_json/text/13783.json,data/extraction_json/text/13783.json,full_text,false,,observational_group_study,retrospective_or_cohort_group_study,high,1,true,true,false,group,true,false,run_langextract_group,,,,,,,,,,"This is an observational group study reporting original clinical and imaging data on a cohort of 19 patients with paraneoplastic neurological syndromes, including one with stiff-person syndrome. Both individual-level and group-level data are presented, and the SPS-spectrum patient is clearly identified.",llm_v1_gpt4.1,2026-04-05T19:42:03.242117+00:00
13799,13799,A Familial Analysis of Stiff-Person Spectrum Disorder utilizing the Utah Population Database,"Abbatemarco, J; Crane, P; Galli, J; Rodenbeck, S; Yu, Z; Date, A; West, J; Fraser, A; Madsen, M; Wong, KH; Greenlee, J; Clardy, S",2023,NEUROLOGY,,,data/extraction_json/text/13799.json,data/extraction_json/text/13799.json,full_text,false,,conference_abstract,group_conference_abstract,high,46,false,true,false,group,true,false,run_langextract_group,,,,,,,,,,"This is a conference abstract, as indicated by the supplement issue (100(17_supplement_2)), the short format, and the presence of a session code (S40.003). The abstract reports original group-level data on 46 SPS-spectrum patients from a retrospective review, making it a conference abstract with original SPS data.",llm_v1_gpt4.1,2026-04-05T19:42:07.494719+00:00
13804,13804,Successful Autologous Hematopoietic Stem Cell Transplant in a Case of Stiff Person Spectrum Disorder with a positive Glycine Receptor antibody,"Celli, S; Nash, R; McMenamin, C; Garza, M; Von Geldern, G; Georges, G; Piquet, A",2023,NEUROLOGY,,,data/extraction_json/text/13804.json,data/extraction_json/text/13804.json,full_text,false,,single_case_report,case_report,high,1,true,false,false,individual,true,false,run_langextract_individual,,,,,,,,,,"This is a single case report, as indicated by the 'case report' design/methods and the detailed description of one patient's clinical course and treatment. The paper provides original, extractable SPS-spectrum patient data for one individual.",llm_v1_gpt4.1,2026-04-05T19:42:15.139293+00:00
1381,1381,Determination of antibodies to GAD67 and other antigens in patients with GAD65 antibody-associated syndromes,Gresa-Arribas N.; Arino H.; Sabater L.; Caballero E.; Alba M.; Martinez-Hernandez E.; Petit M.; Saiz A.; Dalmau J.; Graus F.,2014,Neurology,Clinical manifestations; Electrophysiology; Immunological - Lab tests; Treatment,Karlo Lizarraga (2023-07-01 11:36:38)(Select): Conference abstract;,data/extraction_json/text/1381.json,data/extraction_json/text/1381.json,full_text,false,not_needed,conference_abstract,group_conference_abstract,high,32,false,true,false,group,true,false,run_langextract_group,,,,,,,,,,"This is a conference abstract (published in Neurology supplement, 1 page, abstract format) reporting original group-level data on a cohort of GAD65-antibody-associated syndromes, including 32 SMS (SPS-spectrum) patients. No individual-level data is provided, but group-level data is reported.",llm_v1_gpt4.1,2026-04-05T19:42:22.030823+00:00
1382,1382,"Clinical manifestations, imaging findings, and immunomodulatory therapeutic strategies for three patients with concurrent stiff person syndrome and cerebellar ataxia due to Anti-GAD antibodies: A case series",DeNiro L.; Graber J.; Geyer H.; Boro A.,2014,Neurology,,,data/extraction_json/text/1382.json,data/extraction_json/text/1382.json,full_text,false,,case_series_or_multi_case,case_series,high,3,true,true,true,individual_case_split,true,false,split_cases_then_langextract,,,,,,,,,,"This is a case series describing three original patients with SPS-spectrum disorders (SPS and cerebellar ataxia) associated with anti-GAD antibodies. The text provides individual-level clinical data for each patient, confirming original reporting.",llm_v1_gpt4.1,2026-04-05T19:42:27.283090+00:00
1383,1383,Effect of IVIG on gad epitopes in patients with stiff-person syndrome: Implications for other antibody-mediated neurological disorders responding to IVIG,Fouka P.; Alexopoulos H.; Politis P.; Dalakas M.,2014,Neurology,Immunological - Lab tests,,data/extraction_json/text/1383.json,data/extraction_json/text/1383.json,full_text,false,,lab_heavy_clinical_or_translational,group_or_frequency_focused_lab_clinical_study,high,6,false,true,false,group,true,false,run_langextract_group,,,,,,,,,,"This is a laboratory-heavy translational study focusing on antibody epitope mapping in SPS patients treated with IVIg. It reports original group-level data from six SPS patients, with clinical context (treatment and response) and laboratory findings. There is no evidence of individual-level case descriptions, but the group-level data is original.",llm_v1_gpt4.1,2026-04-05T19:42:33.559127+00:00
1388,1388,A retrospective analysis of patient-reported outcomes for 34 patients with stiff person syndrome receiving home IVIg infusions,Ladha S.; Ayer G.; Souayah N.,2014,Neurology,Treatment,"Karlo Lizarraga (2021-10-14 05:02:28)(Select): Conference paper with potential for data extraction:
https://n.neurology.org/content/82/10_Supplement/P7.113;",data/extraction_json/text/1388.json,data/extraction_json/text/1388.json,full_text,false,not_needed,conference_abstract,group_conference_abstract,high,34,false,true,false,group,true,false,run_langextract_group,,,,,,,,,,"This is a conference abstract (published in a supplement, short format, and labeled with an abstract code) reporting original group-level clinical data from 34 SPS patients treated with home IVIG. The data are original and not a review or basic science.",llm_v1_gpt4.1,2026-04-05T19:42:39.255627+00:00
139,139,Stiff-man syndrome in a woman with breast cancer: an uncommon central nervous system paraneoplastic syndrome.,"Rosin, L; DeCamilli, P; Butler, M; Solimena, M; Schmitt, H P; Morgenthaler, N; Meinck, H M",1998,Neurology,,,data/extraction_json/text/139.json,data/extraction_json/text/139.json,full_text,false,,single_case_report,case_report,high,,false,false,false,individual,true,false,run_langextract_individual,,,,,,,,,,Manual review: Single paraneoplastic case report with one woman and longitudinal response after surgery/steroids.,llm_v1_gpt4.1,2026-04-05T19:42:39.256746+00:00
1391,1391,Progressive encephalomyelitis with rigidity and myoclonus: A new variant with DPPX antibodies,Balint B.; Jarius S.; Nagel S.; Haberkorn U.; Probst C.; BlOcker I.M.; Bahtz R.; Komorowski L.; StOcker W.; Kastrup A.; Kuthe M.; Meinck H.-M.,2014,European Journal of Neurology,,Annu Aggarwal (2021-10-19 05:14:20)(Select): BB pl confirm if this info is covered in your subsequent papers;,data/extraction_json/text/1391.json,data/extraction_json/text_trimmed/1391.json,trimmed,true,trimmed_auto,conference_abstract,case_series_conference_abstract,high,3,true,true,true,individual_case_split,true,false,split_cases_then_langextract,,,,,,,,,,"This is a conference abstract (supplement issue, single page, proceedings detected) reporting a case series of three original SPS-spectrum (PERM) patients with DPPX antibodies. Both individual and group-level data are described.",llm_v1_gpt4.1,2026-04-05T19:42:44.902340+00:00
1393,1393,Stiff limb syndrome: A case report,Farhat E.; Zouari M.; Beyrouti R.; Sassi S.B.; Hentati F.,2014,European Journal of Neurology,,"Yasamin Mahjoub (2023-07-02 04:18:18)(Select): same as 1000, same authors/case, different conference;",data/extraction_json/text/1393.json,data/extraction_json/text_trimmed/1393.json,trimmed,true,trimmed_auto,conference_abstract,single_case_conference_abstract,high,,false,false,false,individual,true,false,run_langextract_individual,,,,,,,,,,Manual review: Proceedings abstract localized by exact title and authors; one young woman with stiff-limb syndrome affecting the upper limb.,llm_v1_gpt4.1,2026-04-05T19:42:44.915419+00:00
1394,1394,Inpatient physiotherapy management for stiff person syndrome,Kahraman T.; Balci B.; Sengun I.S.,2014,European Journal of Neurology,,,data/extraction_json/text/1394.json,data/extraction_json/text_trimmed/1394.json,trimmed,true,header_only_source,conference_abstract,single_case_conference_abstract,high,1,true,false,false,individual,true,false,run_langextract_individual,,,,,,,,,,"This is a conference abstract (supplement issue, single page, proceedings detected) presenting a single SPS case report with original individual-level clinical data.",llm_v1_gpt4.1,2026-04-05T19:42:50.040059+00:00
1395,1395,An atypical Stiff-Person Syndrome associated with type 3 autoimmune polyglandular syndrome,Viana P.; Abreu L.; Fonseca V.R.; Cortes M.; Neutel D.; Pita Lobo P.; Albuquerque L.,2014,European Journal of Neurology,,,data/extraction_json/text/1395.json,data/extraction_json/text_trimmed/1395.json,trimmed,true,trimmed_auto,conference_abstract,single_case_conference_abstract,high,,false,false,false,individual,true,false,run_langextract_individual,,,,,,,,,,Manual review: Proceedings abstract localized by exact title; one atypical SPS case associated with type 3 autoimmune polyglandular syndrome.,llm_v1_gpt4.1,2026-04-05T19:42:50.068008+00:00
1397,1397,Reducing excess stiffness in stiff-person syndrome using CBT: A case study,Morris L.L.; Dysch L.; Salkovskis P.M.,2014,Movement Disorders,,Davide Martino (2023-06-29 15:09:40)(Select): Wrong upload;,data/extraction_json/text/1397.json,data/extraction_json/text_trimmed/1397.json,trimmed,true,trimmed_auto,conference_abstract,single_case_conference_abstract,high,,false,false,false,individual,true,false,run_langextract_individual,,,,,,,,,,Manual review: Proceedings abstract localized by exact title; psychological case study describing one SPS patient whose stiffness worsened with social anxiety and improved with CBT.,llm_v1_gpt4.1,2026-04-05T19:42:50.103032+00:00
1398,1398,A neurological syndrome in a patient with anti glutamic acid decarboxylase (GAD) antibodies,Rachana G.; Tarannum K.,2014,Movement Disorders,,Kevin Duque (2023-06-27 13:36:41)(Select): Abstract available on page S125; Luca Marsili (2023-06-26 06:59:20)(Select): wrong PDF;,data/extraction_json/text/1398.json,data/extraction_json/text_trimmed/1398.json,trimmed,true,trimmed_auto,conference_abstract,single_case_conference_abstract,high,,false,false,false,individual,true,false,run_langextract_individual,,,,,,,,,,Manual review: Proceedings abstract localized by exact title; one anti-GAD-positive patient with mixed gait,llm_v1_gpt4.1,2026-04-05T19:42:50.136684+00:00
140,140,Stiff-leg syndrome: a focal form of stiff-man syndrome.,"Saiz, A; Graus, F; Valldeoriola, F; Valls-Sole, J; Tolosa, E",1998,Annals of neurology,,,data/extraction_json/text/140.json,data/extraction_json/text/140.json,full_text,false,,case_series_or_multi_case,case_series,high,2,true,false,true,individual_case_split,true,false,split_cases_then_langextract,,,,,,,,,,"This is a case series describing two original patients with a focal form of stiff-person syndrome (stiff-leg syndrome), with individual-level clinical and laboratory data provided for each. The structure and content are consistent with a case series or multi-case report.",llm_v1_gpt4.1,2026-04-05T19:43:10.391402+00:00
1401,1401,Pseudohemidystonia associated with anti-GAD antibodies,Kenda J.; Kojovic M.; Trost M.; Zupancic N.; Pirtosek Z.; Gregoric Kramberger M.,2014,Movement Disorders,,Annu Aggarwal (2023-06-30 00:28:44)(Select): wrong upload;,data/extraction_json/text/1401.json,data/extraction_json/text_trimmed/1401.json,trimmed,true,trimmed_auto,conference_abstract,single_case_conference_abstract,high,1,true,false,false,individual,true,false,run_langextract_individual,,,,,,,,,,"This is a conference abstract (supplement issue, single page, proceedings detected) presenting a single SPS-spectrum patient in detail, consistent with a single case report. The clinical description and laboratory findings confirm original SPS-spectrum data.",llm_v1_gpt4.1,2026-04-05T19:43:15.163013+00:00
1407,1407,Increased cortical excitability in patients with stiff person syndrome assessed by paired-pulse transcranial magnetic stimulation. A case study of two patients,Wilenius J.; Vaalto S.; Toppila J.; Partanen J.,2014,Clinical Neurophysiology,,,data/extraction_json/text/1407.json,data/extraction_json/text_trimmed/1407.json,trimmed,true,trimmed_auto,conference_abstract,single_case_conference_abstract,high,2,true,false,false,individual,true,false,run_langextract_individual,,,,,,,,,,"This is a conference abstract (supplement issue, proceedings detected, single page) reporting original clinical and neurophysiological data on two SPS patients, with individual-level results described for each.",llm_v1_gpt4.1,2026-04-05T19:43:18.765829+00:00
1416,1416,Immunomodulatory therapy in stiff-person syndrome (SPS): A controlled Rituximab-randomised study,Amarandei M.,2017,Movement Disorders,Treatment,,data/extraction_json/text/1416.json,data/extraction_json/text_trimmed/1416.json,trimmed,true,trimmed_auto,conference_abstract,single_case_conference_abstract,high,,false,false,false,individual,true,false,run_langextract_individual,,,,,,,,,,Manual review: Proceedings abstract localized by title fragment; randomized crossover conference study of 20 anti-GAD-positive SPS patients receiving rituximab versus placebo.,llm_v1_gpt4.1,2026-04-05T19:43:18.808282+00:00
1418,1418,Stiff-limb syndrome with cerebellar features and atypical EMG findings responds to IVIG,Rametta S.; Robinson G.; Hellmers N.; Jacoby N.; Sarva H.,2017,Movement Disorders,Electrophysiology,"Kevin Duque (2023-06-28 02:58:43)(Select): It is not page 884-885, but page S516-517.;",data/extraction_json/text/1418.json,data/extraction_json/text_trimmed/1418.json,trimmed,true,trimmed_auto,conference_abstract,single_case_conference_abstract,high,,false,false,false,individual,true,false,run_langextract_individual,,,,,,,,,,Manual review: Proceedings abstract localized by exact title; one stiff-limb syndrome case with cerebellar features and delayed EMG abnormalities responding to IVIG.,llm_v1_gpt4.1,2026-04-05T19:43:18.848554+00:00
1421,1421,Response to IVIG leads to diagnosis of stiff person syndrome in a patient with limbic encephalitis and GAD65 autoantibodies (AB) without diabetes,Khan M.S.; Hao J.B.; Chaudhry F.; Tiwari A.; Sharma H.; Jaume J.C.,2017,Endocrine Reviews,Review Article; Treatment,,data/extraction_json/text/1421.json,data/extraction_json/text/1421.json,full_text,false,,conference_abstract,single_case_conference_abstract,high,,false,false,false,individual,true,false,run_langextract_individual,,,,,,,,,,Manual review: Proceedings abstract localized by OCR to supplement page 187; one case abstract describing SPS with limbic encephalitis and IVIG-linked diagnosis.,llm_v1_gpt4.1,2026-04-05T19:43:18.851606+00:00
1422,1422,Intrathecal baclofen therapy for GAD(+) stiff-person syndrome: A case series of 4 patients,Ungar L.; Taira T.; Zibly Z.,2017,Stereotactic and Functional Neurosurgery,Treatment,Gustavo  Da Prat (2023-06-22 03:51:00)(Select): Poster P 128 ;,data/extraction_json/text/1422.json,data/extraction_json/text_trimmed/1422.json,trimmed,true,header_only_source,conference_abstract,single_case_conference_abstract,high,,false,false,false,individual,true,false,run_langextract_individual,,,,,,,,,,Manual review: Proceedings abstract localized by exact title; four-patient SPS intrathecal baclofen case series.,llm_v1_gpt4.1,2026-04-05T19:43:18.866253+00:00
1426,1426,Respiratory manifestations of stiff person syndrome (SPS),Woodford M.R.; Pack K.; Allen A.; Rakocevic G.; Sexauer W.P.,2017,American Journal of Respiratory and Critical Care Medicine,Clinical manifestations,,data/extraction_json/text/1426.json,data/extraction_json/text/1426.json,full_text,false,,conference_abstract,group_conference_abstract,high,15,false,true,false,group,true,false,run_langextract_group,,,,,,,,,,"This is a conference abstract (short, single-page, presented at a poster session, and published as an abstract in a supplement). It reports original group-level clinical data on 15 SPS patients, recruited from a neurology clinic, with detailed results on their respiratory symptoms and pulmonary function.",llm_v1_gpt4.1,2026-04-05T19:43:38.452198+00:00
1433,1433,Early empirical treatment of antibody-negative autoimmune/paraneoplastic encephalitis with immunosuppression,Dai P.; Lin M.-W.; Mahant N.; Gao B.; Brown D.,2017,Internal Medicine Journal,Clinical manifestations; Treatment,,data/extraction_json/text/1433.json,data/extraction_json/text/1433.json,full_text,false,,conference_abstract,single_case_conference_abstract,high,2,true,false,false,individual,true,false,run_langextract_individual,,,,,,,,,,"This is a conference abstract (published in a supplement, single page, and labeled as an abstract) reporting two original cases of antibody-negative autoimmune/paraneoplastic encephalitis, with one case specifically diagnosed as PERM and the other as opsoclonus-myoclonus syndrome. Both are SPS-spectrum disorders, and individual-level data is provided.",llm_v1_gpt4.1,2026-04-05T19:43:43.091812+00:00
1437,1437,Acute lower limb spasticity: Stiff person syndrome responsive to immunomodulatory therapy in an adolescent female,Ogilvie R.; Kolski H.,2017,Canadian Journal of Neurological Sciences,,Karlo Lizarraga (2021-07-08 07:47:10)(Screen): Conference abstract/poster;,data/extraction_json/text/1437.json,data/extraction_json/text/1437.json,full_text,false,not_needed,conference_abstract,single_case_conference_abstract,high,1,true,false,false,individual,true,false,run_langextract_individual,,,,,,,,,,"This is a conference abstract (supplement issue, single page, abstract format) reporting a single SPS case with detailed clinical information. It is not a review or group study, and the content is consistent with a single case report presented as a conference abstract.",llm_v1_gpt4.1,2026-04-05T19:43:47.182250+00:00
1439,1439,Unrecognized respiratory manifestations of stiff person syndrome (SPS),Rakocevic G.; Woodford M.; Pack K.; Allen A.; Sexaur W.,2017,Annals of Neurology,Clinical manifestations,,data/extraction_json/text/1439.json,data/extraction_json/text_trimmed/1439.json,trimmed,true,header_only_source,conference_abstract,group_conference_abstract,high,15,false,true,false,group,true,false,run_langextract_group,,,,,,,,,,"This is a conference abstract (published in a supplement, single page, proceedings detected) reporting original group-level clinical data from 15 SPS patients prospectively recruited at a single center. No individual-level data is provided, but aggregate clinical and pulmonary function data are reported.",llm_v1_gpt4.1,2026-04-05T19:43:51.070443+00:00
1441,1441,Spectrum of stiff person syndrome expands with presence of retinal pathology,Shoemaker T.; Rothman A.; Prince J.; Saidha S.; Calabresi P.A.; Newsome S.D.,2017,Multiple Sclerosis Journal,Clinical manifestations,Kevin Duque (2023-06-27 13:34:53)(Select): available on page 277; Luca Marsili (2023-06-26 07:04:19)(Select): wrong pdf;,data/extraction_json/text/1441.json,data/extraction_json/text_trimmed/1441.json,trimmed,true,trimmed_auto,conference_abstract,single_case_conference_abstract,high,,false,false,false,individual,true,false,run_langextract_individual,,,,,,,,,,Manual review: Proceedings abstract localized by exact title; observational conference cohort comparing retinal structure and visual function in SPS patients and matched controls.,llm_v1_gpt4.1,2026-04-05T19:43:51.087457+00:00
1446,1446,Neurologic disorders associated with anti-glutamic acid decarboxylase antibodies: Comparison of anti-GAD antibodies titer and time-dependent changes between neurologic disease and type I diabetes mellitus,Tani H.; Hideto N.; Kiichi U.; Toshifumi H.; Shimon I.; Fumiharu K.; Shigeki A.,2017,Journal of the Neurological Sciences,Clinical manifestations; Immunological - Lab tests,,data/extraction_json/text/1446.json,data/extraction_json/text_trimmed/1446.json,trimmed,true,trimmed_auto,conference_abstract,case_series_conference_abstract,high,2,true,true,true,individual_case_split,true,false,split_cases_then_langextract,,,,,,,,,,"This is a conference abstract (supplement issue, short page span, proceedings detected) reporting original data on 6 patients with anti-GAD antibody-positive neurologic disorders, including 2 with SPS. Both individual and group-level data are present, and the SPS case count is clearly stated.",llm_v1_gpt4.1,2026-04-05T19:43:56.335087+00:00
1447,1447,"Hypokinesia, brainstem involvement, rigidity and exaggerated startle in a child with glycine receptors antibodies",Amin S.; Hameed B.; Babiker M.O.E.,2017,Developmental Medicine and Child Neurology,Clinical manifestations,,data/extraction_json/text/1447.json,data/extraction_json/text_trimmed/1447.json,trimmed,true,trimmed_auto,conference_abstract,single_case_conference_abstract,high,,false,false,false,individual,true,false,run_langextract_individual,,,,,,,,,,Manual review: Proceedings abstract localized by title fragment; one paediatric PERM/glycine-receptor-antibody case with video-described phenotype and response to steroids plus intermittent IVIG.,llm_v1_gpt4.1,2026-04-05T19:43:56.340381+00:00
1451,1451,Spontaneous bilateral hip fractures in a paraneoplastic stiff person patient with severe spasticity: A case report,Rutzen-Lopez I.M.; Fu J.B.; Yadav R.,2017,PM and R,Clinical manifestations,,data/extraction_json/text/1451.json,data/extraction_json/text/1451.json,full_text,false,,single_case_report,case_report,high,1,true,false,false,individual,true,false,run_langextract_individual,,,,,,,,,,"This is a single case report, as indicated by the title and the detailed description of one patient's clinical course. The report provides original, individual-level SPS-spectrum data for one patient only.",llm_v1_gpt4.1,2026-04-05T19:44:02.032777+00:00
1452,1452,A stiff diagnosis: An unusual case of low back pain,Patel K.G.; Montero-Cruz F.-R.L.; Vishnubhakat S.M.,2017,PM and R,Treatment,,data/extraction_json/text/1452.json,data/extraction_json/text/1452.json,full_text,false,,conference_abstract,single_case_conference_abstract,high,1,true,false,false,individual,true,false,run_langextract_individual,,,,,,,,,,"This is a conference abstract (poster) reporting a single case of stiff person syndrome with detailed clinical and laboratory data. The format, page span, and explicit 'Poster' label confirm the source type.",llm_v1_gpt4.1,2026-04-05T19:44:20.726971+00:00
1453,1453,Stiff person syndrome without axial stiffness or hyperekplexia: A case report,Lee M.,2017,PM and R,Treatment,"Karlo Lizarraga (2021-10-14 05:11:37)(Select): Conference paper with potential for data extraction:
https://coek.info/pdf-poster-292-stiff-person-syndrome-without-axial-stiffness-or-hyperekplexia-a-case.html;",data/extraction_json/text/1453.json,data/extraction_json/text/1453.json,full_text,false,not_needed,conference_abstract,single_case_conference_abstract,high,1,true,false,false,individual,true,false,run_langextract_individual,,,,,,,,,,"The abstract is a conference poster (Poster 292) and is explicitly labeled as a case report, describing one patient with stiff person syndrome. The detailed clinical narrative and the singular pronouns confirm only one original SPS-spectrum patient is reported.",llm_v1_gpt4.1,2026-04-05T19:44:24.413857+00:00
1458,1458,Unrecognized respiratory manifestations of stiff person syndrome,Rakocevic G.; Allen A.; Pack K.; Woodford M.; Sexauer W.,2017,Muscle and Nerve,Clinical manifestations,,data/extraction_json/text/1458.json,data/extraction_json/text_trimmed/1458.json,trimmed,true,trimmed_auto,conference_abstract,single_case_conference_abstract,high,,false,false,false,individual,true,false,run_langextract_individual,,,,,,,,,,Manual review: Proceedings abstract localized by exact title; prospective respiratory-symptom cohort of 16 SPS patients rather than a single case.,llm_v1_gpt4.1,2026-04-05T19:44:24.420586+00:00
146,146,Stiff-man syndrome. Results of interviews and psychologic testing.,"Black, J L; Barth, E M; Williams, D E; Tinsley, J A",1998,Psychosomatics,,,data/extraction_json/text/146.json,data/extraction_json/text/146.json,full_text,false,,observational_group_study,retrospective_or_cohort_group_study,high,13,true,true,false,group,true,false,run_langextract_group,,,,,,,,,,"This is an observational group study of 13 original SMS patients, with both aggregate and individual-level clinical and psychiatric data reported. The study is not a review, case report, or basic science paper, and the patient count is clearly stated and supported by detailed results.",llm_v1_gpt4.1,2026-04-05T19:44:43.726705+00:00
1470,1470,DPPX antibody-associated encephalitis Main syndrome and antibody effects,Hara M.; Arino H.; Petit-Pedrol M.; Sabater L.; Titulaer M.J.; Hernandez E.M.; Schreurs M.W.J.; Rosenfeld M.R.; Graus F.; Dalmau J.,2017,Neurology,Immunological - Lab tests; Treatment,Natalie Witek (2021-10-13 05:28:53)(Select): looks like it may include 9 patients seen at the clinic;,data/extraction_json/text/1470.json,data/extraction_json/text/1470.json,full_text,false,,case_series_or_multi_case,case_series,high,9,true,true,true,individual_case_split,true,false,split_cases_then_langextract,,,,,,,,,,"This is a case series describing 9 new patients with anti-DPPX encephalitis, a disorder within the SPS spectrum. The paper provides both individual-level and group-level clinical data, including a detailed table of patient characteristics and outcomes. Prior literature is reviewed, but the main original content is the new cohort.",llm_v1_gpt4.1,2026-04-05T19:45:03.116241+00:00
1476,1476,Progressive encephalomyelitis with rigidity and myoclonus associated with anti-GlyR antibodies and Hodgkin's lymphoma: A case report,Borellini L.; Lanfranconi S.; Bonato S.; Trezzi I.; Franco G.; Torretta L.; Bresolin N.; Di Fonzo A.B.,2017,Frontiers in Neurology,Clinical manifestations,,data/extraction_json/text/1476.json,data/extraction_json/text/1476.json,full_text,false,,single_case_report,case_report,high,1,true,false,false,individual,true,false,run_langextract_individual,,,,,,,,,,"This is a classic single case report, as indicated by the title, structure, and detailed individual-level clinical description of one patient with PERM (an SPS-spectrum disorder). There is no evidence of additional original SPS-spectrum patients.",llm_v1_gpt4.1,2026-04-05T19:45:07.166022+00:00
1479,1479,Stiff person case misdiagnosed as conversion disorder: A case report,Razmeh S.; Habibi A.H.; Sina F.; Alizadeh E.; Eslami M.,2017,Caspian Journal of Internal Medicine,,,data/extraction_json/text/1479.json,data/extraction_json/text/1479.json,full_text,false,,single_case_report,case_report,high,1,true,false,false,individual,true,false,run_langextract_individual,,,,,,,,,,"This is a classic single case report: the title, abstract, and main text all focus on one patient with SPS. The report provides detailed individual-level clinical, laboratory, and treatment data, with no evidence of additional original SPS cases.",llm_v1_gpt4.1,2026-04-05T19:45:27.926425+00:00
150,150,Stiff-man syndrome in a child.,"Garzo, C; Perez-Sotelo, M; Traba, A; Esteban, A; Grandas, F; Munoz-Blanco, J L",1998,Movement disorders : official journal of the Movement Disorder Society,,,data/extraction_json/text/150.json,data/extraction_json/text/150.json,full_text,false,,single_case_report,case_report,high,1,true,false,false,individual,true,false,run_langextract_individual,,,,,,,,,,"This is a single case report of a child with stiff-man syndrome, providing individual-level clinical data and fulfilling the criteria for a case report. There is no evidence of additional SPS-spectrum patients in the paper.",llm_v1_gpt4.1,2026-04-05T19:45:31.854546+00:00
1501,1501,Ocular motor function in stiff person syndrome-Role of GABA and beyond,Wang F.; Neilson L.; Wang H.; Wilmot G.; Shaikh A.,2018,Movement Disorders,Clinical manifestations,,data/extraction_json/text/1501.json,data/extraction_json/text/1501.json,full_text,false,not_needed,conference_abstract,group_conference_abstract,high,11,false,true,false,group,true,false,run_langextract_group,,,,,,,,,,"This is a conference abstract (published in a supplement, single page, labeled as an abstract) reporting original group-level clinical data from 11 SPS patients. The data is aggregate, not individual-level, but clearly original to this study.",llm_v1_gpt4.1,2026-04-05T19:45:35.564982+00:00
1504,1504,"Progressive encephalomyelitis with rigidity and myoclonus (PERM): Phenomenology, investigations and management of two recent cases",Munteanu T.; Lamas-Osorio Y.; Cullinane P.; Lynch T.,2018,Movement Disorders,Clinical manifestations; Immunological - Lab tests; Treatment,,data/extraction_json/text/1504.json,data/extraction_json/text/1504.json,full_text,false,not_needed,conference_abstract,single_case_conference_abstract,high,2,true,false,false,individual,true,false,run_langextract_individual,,,,,,,,,,"This is a conference abstract (published in a supplement, short page span, and includes meeting/session information) that reports two original SPS-spectrum (PERM) patients with individual-level clinical data.",llm_v1_gpt4.1,2026-04-05T19:45:53.875526+00:00
1505,1505,Quantitative clinical and autoimmune assessments in stiff person syndrome: Evidence for a progressive disorder,Rakocevic G.; Alexopoulos H.; Dalakas M.,2018,Muscle and Nerve,Clinical manifestations; Immunological - Lab tests,,data/extraction_json/text/1505.json,data/extraction_json/text/1505.json,full_text,false,,observational_group_study,retrospective_or_cohort_group_study,high,57,true,true,false,group,true,false,run_langextract_group,,,,,,,,,,"This is a prospective observational cohort study of 57 original SPS patients, with both group-level and individual-level clinical and laboratory data reported. The study provides new, extractable SPS-spectrum patient data and does not fit the criteria for a review, case series, or lab-heavy translational paper.",llm_v1_gpt4.1,2026-04-05T19:45:59.553829+00:00
1511,1511,Stiff-limb syndrome: Thinking about that!,Delorme A.; Pencu D.E.; De Saint-Hubert G.,2018,Acta Clinica Belgica: International Journal of Clinical and Laboratory Medicine,Clinical manifestations; Electrophysiology; Review Article; Treatment,,data/extraction_json/text/1511.json,data/extraction_json/text_trimmed/1511.json,trimmed,true,header_only_source,conference_abstract,single_case_conference_abstract,high,,false,false,false,individual,true,false,run_langextract_individual,,,,,,,,,,Manual review: Proceedings title localized in the congress index only; likely a single-case stiff-limb presentation but abstract body was not visible in extracted text.,llm_v1_gpt4.1,2026-04-05T19:45:59.625516+00:00
1528,1528,Glycine receptor modulating antibody predicting treatable stiff-person spectrum disorders,Hinson S.R.; Lopez-Chiriboga A.S.; Bower J.H.; Matsumoto J.Y.; Hassan A.; Basal E.; Lennon V.A.; Pittock S.J.; McKeon A.,2018,Neurology: Neuroimmunology and NeuroInflammation,Clinical manifestations; Treatment,,data/extraction_json/text/1528.json,data/extraction_json/text/1528.json,full_text,false,,lab_heavy_clinical_or_translational,group_or_frequency_focused_lab_clinical_study,high,,false,false,false,group,true,false,run_langextract_group,,,,,,,,,,Manual review: Translational biomarker paper with clinically characterized SPS-spectrum cohort and antibody-modulation assay rather than case-level extraction.,llm_v1_gpt4.1,2026-04-05T19:45:59.635532+00:00
1529,1529,Paraneoplastic neurologic syndromes: Rare but more common than expected nine cases with a literature review,Erkoyun H.U.; Gundogan S.; Secil Y.; Beckmann Y.; Incesu T.K.; Ture H.S.; Akhan G.,2018,Turk Noroloji Dergisi,,,data/extraction_json/text/1529.json,data/extraction_json/text/1529.json,full_text,false,,case_series_or_multi_case,case_series,high,3,true,true,true,individual_case_split,true,false,split_cases_then_langextract,,,,,,,,,,"This is a case series describing nine original patients with paraneoplastic neurologic syndromes, including three with Stiff-person syndrome. The paper provides individual-level clinical data for each case, including demographics, presentation, workup, and outcomes.",llm_v1_gpt4.1,2026-04-05T19:46:19.804701+00:00
154,154,"Atypical stiff-person syndrome with spinal MRI findings, amphiphysin autoantibodies, and immunosuppression.","Schmierer, K; Valdueza, J M; Bender, A; DeCamilli, P; David, C; Solimena, M; Zschenderlein, R",1998,Neurology,,,data/extraction_json/text/154.json,data/extraction_json/text/154.json,full_text,false,,single_case_report,case_report,high,,false,false,false,individual,true,false,run_langextract_individual,,,,,,,,,,Manual review: Single atypical SPS patient with MRI lesion and treatment response.,llm_v1_gpt4.1,2026-04-05T19:46:19.864336+00:00
1540,1540,Multiplex family with GAD65-Abs neurologic syndromes,Belbezier A.; Joubert B.; Montero-Martin G.; Fernandez-Vina M.; Fabien N.; Rogemond V.; Mignot E.; Honnorat J.,2018,Neuroimmunology and Neuroinflammation,Immunological - Lab tests,,data/extraction_json/text/1540.json,data/extraction_json/text/1540.json,full_text,true,manual_review_required,case_series_or_multi_case,case_series,medium,2,true,false,true,individual_case_split,true,true,review_source_category_then_split,,,,,,,,,,"validator_flags=PROCEEDINGS_TRIM_PENDING | This is a case series describing two original patients from the same family with GAD65-Abs neurologic syndromes, including one with stiff-person syndrome and one with cerebellar ataxia/limbic encephalitis. The paper provides detailed clinical, laboratory, and genetic data for both, qualifying as a case series with original SPS-spectrum data.",llm_v1_gpt4.1,2026-04-05T19:46:40.022003+00:00
155,155,Humoral and cellular immune parameters before and during immunosuppressive therapy of a patient with stiff-man syndrome and insulin dependent diabetes mellitus.,"Hummel, M; Durinovic-Bello, I; Bonifacio, E; Lampasona, V; Endl, J; Fessele, S; Then Bergh, F; Trenkwalder, C; Standl, E; Ziegler, A G",1998,"Journal of neurology, neurosurgery, and psychiatry",,,data/extraction_json/text/155.json,data/extraction_json/text/155.json,full_text,false,,single_case_report,case_report,high,1,true,false,false,individual,true,false,run_langextract_individual,,,,,,,,,,"This is a single case report focusing on one patient with stiff-man syndrome and insulin dependent diabetes mellitus, providing detailed clinical and laboratory data before and during immunosuppressive therapy. There is no evidence of additional SPS-spectrum patients.",llm_v1_gpt4.1,2026-04-05T19:46:45.945717+00:00
1558,1558,Successful anesthetic management of patient with stiff pesrson syndrome,Sohaib M.; Siddiqui A.S.,2018,Journal of the College of Physicians and Surgeons Pakistan,Treatment,,data/extraction_json/text/1558.json,data/extraction_json/text/1558.json,full_text,false,,single_case_report,case_report,high,1,true,false,false,individual,true,false,run_langextract_individual,,,,,,,,,,"This is a single case report, as it provides detailed individual-level clinical and anesthetic data for one SPS patient, with no evidence of additional original cases. The structure and content are consistent with a case report.",llm_v1_gpt4.1,2026-04-05T19:47:04.889265+00:00
1597,1597,O-35 The Stiff Person Syndrome. Neurophysiological findings,Maeztu Sardina M.C.; Martinez Garcia F.A.; Garnes C.; Garcia L.; Puerto A.M.,2019,Clinical Neurophysiology,Electrophysiology,"Karlo Lizarraga (2021-10-14 06:58:28)(Select): Conference paper with potential for data extraction:
https://www.sciencedirect.com/science/article/pii/S1388245719304870;",data/extraction_json/text/1597.json,data/extraction_json/text/1597.json,full_text,false,not_needed,single_case_report,case_report,high,1,true,false,false,individual,true,false,run_langextract_individual,,,,,,,,,,"This is a conference abstract presenting a single SPS-spectrum patient in detail, including clinical presentation, neurophysiological findings, antibody results, and treatment response. There is no evidence of additional SPS patients.",llm_v1_gpt4.1,2026-04-05T19:47:08.361582+00:00
1598,1598,Coexistence of neuromyelitis optica and stiff person syndrome in a single patient: A case report,Thuringer A.J.; Jassam Y.N.,2019,Multiple Sclerosis Journal,Clinical manifestations,Annu Aggarwal (2024-06-20 19:51:21)(Included): This abstract is not contained in the uploaded full text.; Davide Martino (2023-06-27 14:02:21)(Select): This abstract is not contained in the uploaded full text.;,data/extraction_json/text/1598.json,data/extraction_json/text/1598.json,full_text,true,manual_review_required,conference_abstract,single_case_conference_abstract,medium,1,true,false,false,individual,true,true,review_source_category_then_langextract,,,,,,,,,,"validator_flags=PROCEEDINGS_TRIM_PENDING | This is a conference abstract (supplement issue, short page span, proceedings detected) reporting a single case of SPS in detail, consistent with a single case report presented as a conference abstract. The clinical description is original and individual-level.",llm_v1_gpt4.1,2026-04-05T19:47:12.743994+00:00
160,160,"Review of 23 patients affected by the stiff man syndrome: clinical subdivision into stiff trunk (man) syndrome, stiff limb syndrome, and progressive encephalomyelitis with rigidity.","Barker, R A; Revesz, T; Thom, M; Marsden, C D; Brown, P",1998,"Journal of neurology, neurosurgery, and psychiatry",Clinical manifestations,,data/extraction_json/text/160.json,data/extraction_json/text/160.json,full_text,false,,observational_group_study,retrospective_or_cohort_group_study,high,23,true,true,false,group,true,false,run_langextract_group,,,,,,,,,,"This is an observational group study of 23 original SPS-spectrum patients, with both individual-level and group-level clinical data reported. The study is not a review, case report, or conference abstract, and the patient count is clearly stated and supported by detailed clinical tables.",llm_v1_gpt4.1,2026-04-05T19:47:32.403061+00:00
1602,1602,Progressive encephalomyelitis with rigidity and myoclonus - Case report,Barbov I.; Stojkoska F.; Petovska-Cvetkovska D.; Lazarova S.,2019,European Journal of Neurology,Clinical manifestations,,data/extraction_json/text/1602.json,data/extraction_json/text_trimmed/1602.json,trimmed,true,header_only_source,conference_abstract,single_case_conference_abstract,high,,false,false,false,individual,true,false,run_langextract_individual,,,,,,,,,,Manual review: Proceedings abstract localized by exact title and authors; one rapidly progressive PERM case in a 38-year-old woman.,llm_v1_gpt4.1,2026-04-05T19:47:32.493780+00:00
1603,1603,Clinical characteristics of 88 confirmed cases of anti-Ri antibody-associated syndrome,Vogrig A.; Simard C.; Joubert B.; Picard G.; Rogemond V.; Ducray F.; Psimaras D.; Desestret V.; Honnorat J.,2019,European Journal of Neurology,,,data/extraction_json/text/1603.json,data/extraction_json/text/1603.json,full_text,false,,observational_group_study,retrospective_or_cohort_group_study,high,,false,false,false,group,true,false,run_langextract_group,,,,,,,,,,Manual review: Large observational cohort of 88 anti-Ri-associated neurological syndrome cases; not a case-series splitting target.,llm_v1_gpt4.1,2026-04-05T19:47:32.522970+00:00
1605,1605,A stiff woman,Srinithya F.; Gadde S.,2019,Journal of General Internal Medicine,Clinical manifestations,Camila Aquino (2023-08-02 09:37:41)(Select): untraceable;,data/extraction_json/text/1605.json,data/extraction_json/text/1605.json,full_text,true,manual_review_required,conference_abstract,single_case_conference_abstract,high,,false,false,false,individual,true,false,trim_or_review_proceedings,,,,,,,,,,Manual review: Conference abstract localized by exact title; one SPS case presented as a general-internal-medicine case vignette.,llm_v1_gpt4.1,2026-04-05T19:47:32.588182+00:00
1609,1609,Unusual respiratory manifestation in a patient with Stiff Person Syndrome (SPS),Lin A.; Arias A.A.; Casul Y.R.; Gupta A.; Calder C.,2019,Neurology,Clinical manifestations,"Karlo Lizarraga (2021-10-14 05:36:28)(Select): Conference paper with potential for data extraction:

https://n.neurology.org/content/92/15_Supplement/P1.9-059;",data/extraction_json/text/1609.json,data/extraction_json/text/1609.json,full_text,false,not_needed,conference_abstract,single_case_conference_abstract,high,,false,false,false,individual,true,false,run_langextract_individual,,,,,,,,,,Manual review: Conference abstract describing one SPS patient with severe diaphragmatic and jaw-clenching respiratory spells requiring prolonged airway support.,llm_v1_gpt4.1,2026-04-05T19:47:32.597068+00:00
1610,1610,Longitudinally extensive dorsal column lesion in a patient with longstanding anti-hu and anti-amphphysin autoimmunity,Aljarallah S.; Newsome S.,2019,Neurology,Immunological - Lab tests,Annu Aggarwal (2021-10-19 04:26:41)(Select): Not sure if this is relavant;,data/extraction_json/text/1610.json,data/extraction_json/text/1610.json,full_text,false,,single_case_report,case_report,high,1,true,false,false,individual,true,false,run_langextract_individual,,,,,,,,,,"validator_flags=EVIDENCE_NO_PAGES | This is a single case report, as indicated by the explicit 'case report' design and the detailed description of one patient's clinical course, laboratory findings, and imaging. The report provides original SPS-spectrum data for one patient only.",llm_v1_gpt4.1,2026-04-05T19:47:36.299353+00:00
1611,1611,Presence of systemic autoantibodies and associated comorbid conditions in a large cohort of stiff person syndrome,Comisac M.; Wang Y.; Aljarallah S.; Lukish N.; Newsome S.,2019,Neurology,Immunological - Lab tests,,data/extraction_json/text/1611.json,data/extraction_json/text/1611.json,full_text,false,,conference_abstract,group_conference_abstract,high,39,false,true,false,group,true,false,run_langextract_group,,,,,,,,,,"This is a conference abstract (published in a supplement, short format, and labeled with a poster code) reporting original group-level data on 39 SPS patients. It is not a review, case report, or basic science paper.",llm_v1_gpt4.1,2026-04-05T19:47:40.356142+00:00
1614,1614,Long-term rituximab use benefits patients with stiff person syndrome,Aljarallah S.; Wang Y.; Shoemaker T.; Newsome S.,2019,Neurology,Treatment,,data/extraction_json/text/1614.json,data/extraction_json/text/1614.json,full_text,false,not_needed,conference_abstract,single_case_conference_abstract,high,,false,false,false,individual,true,false,run_langextract_individual,,,,,,,,,,Manual review: Conference abstract reporting long-term rituximab outcomes in a Johns Hopkins SPS cohort with 23 analyzable patients.,llm_v1_gpt4.1,2026-04-05T19:47:40.415912+00:00
1616,1616,Double hit and excellent treatment response: AMPA and GAD-65 receptor antibodies in a young woman with stiff person plus syndrome misdiagnosed as acute scoliosis and bipolar disorder,Witek N.; Gera A.; Denike J.; Goetz C.; Bailey M.,2019,Neurology,Clinical manifestations; Immunological - Lab tests; Treatment,,data/extraction_json/text/1616.json,data/extraction_json/text/1616.json,full_text,false,,single_case_report,case_report,high,1,true,false,false,individual,true,false,run_langextract_individual,,,,,,,,,,"This is a single case report, as it focuses on one patient with SPS-plus syndrome, describing her clinical course, antibody findings, and treatment response in detail. No group or series data are presented.",llm_v1_gpt4.1,2026-04-05T19:48:00.379929+00:00
1618,1618,Bortezomib for the treatment of refractory stiff person spectrum disorder,Husari K.; Tardo L.; Greenberg B.,2019,Neurology,Clinical manifestations; Immunological - Lab tests,,data/extraction_json/text/1618.json,data/extraction_json/text/1618.json,full_text,false,,single_case_report,case_report,high,1,true,false,false,individual,true,false,run_langextract_individual,,,,,,,,,,"This is a single case report, as it presents the clinical course, treatment, and outcome of one individual SPSD patient. The report includes detailed demographic and clinical information, consistent with the case report category.",llm_v1_gpt4.1,2026-04-05T19:48:04.266551+00:00
162,162,Severe insulin resistance in a patient with type 1 diabetes and stiff-man syndrome treated with insulin lispro.,"Hirsch, I B; D'Alessio, D; Eng, L; Davis, C; Lernmark, A; Chait, A",1998,Diabetes research and clinical practice,,,data/extraction_json/text/162.json,data/extraction_json/text/162.json,full_text,false,,single_case_report,case_report,high,1,true,false,false,individual,true,false,run_langextract_individual,,,,,,,,,,"This is a classic single case report, as indicated by the title, structure, and detailed individual-level clinical narrative. The text repeatedly refers to 'a patient' and 'the patient,' and no other SPS-spectrum cases are described.",llm_v1_gpt4.1,2026-04-05T19:48:09.378234+00:00
1621,1621,"A rare case of non-neoplastic anti-gad positive cerebellar ataxia and progressive encephalomyelitis with rigidity and myoclonus (PERM), responsive to ivig therapy",Jazebi N.; Rodrigo S.; Hamouda D.; Shawagfeh A.,2019,Neurology,Clinical manifestations,,data/extraction_json/text/1621.json,data/extraction_json/text/1621.json,full_text,false,,single_case_report,case_report,high,1,true,false,false,individual,true,false,run_langextract_individual,,,,,,,,,,"This is a single case report, as indicated by the detailed description of one patient's clinical course and the repeated use of singular language. The report provides original SPS-spectrum data for this individual.",llm_v1_gpt4.1,2026-04-05T19:48:28.546319+00:00
1625,1625,Neuronal autoantibodies and clinical significance in stiff-person spectrum disorder,Kaneko J.; Iizuka T.; Kondo Y.; Abe Y.; Kaneko A.; Hattori K.; Kobayashi S.; Ugawa Y.; Sekiguchi K.; Maeda K.; Matsumoto Y.; Kanazawa N.; Kitamura E.; Dalmau J.; Nishiyama K.,2019,Neurology,Clinical manifestations; Electrophysiology; Review Article; Treatment,,data/extraction_json/text/1625.json,data/extraction_json/text/1625.json,full_text,false,,conference_abstract,group_conference_abstract,high,20,false,true,false,group,true,false,run_langextract_group,,,,,,,,,,"This is a conference abstract (short, supplement issue, abstract format) reporting original group-level clinical data on 20 SPS-spectrum patients. The study design and results sections confirm original data collection and analysis.",llm_v1_gpt4.1,2026-04-05T19:48:33.083922+00:00
1628,1628,Stiff person syndrome as a mimic of Parkinsonism,Diaz M.; Ratliff J.,2019,Neurology,Clinical manifestations; Electrophysiology; Treatment,,data/extraction_json/text/1628.json,data/extraction_json/text/1628.json,full_text,false,,single_case_report,case_report,high,1,true,false,false,individual,true,false,run_langextract_individual,,,,,,,,,,"This is a single case report, as it provides detailed clinical information about one patient with SPS. There is no evidence of additional cases or group-level data.",llm_v1_gpt4.1,2026-04-05T19:48:36.379486+00:00
1636,1636,A stiff person case admitted phsysical medicine and rehabilitation outpatient clinic with low back pain,Karaoglan B.; Ote S.; Koseoglu E.; Balevi E.,2015,Turkiye Fiziksel Tip ve Rehabilitasyon Dergisi,Clinical manifestations,,data/extraction_json/text/1636.json,data/extraction_json/text/1636.json,full_text,false,,single_case_report,case_report,high,1,true,false,false,individual,true,false,run_langextract_individual,,,,,,,,,,"This is a classic single case report, as indicated by the structure, the explicit statement of 'we report a case', and the detailed individual-level clinical data. No group-level or multi-patient data are presented.",llm_v1_gpt4.1,2026-04-05T19:48:42.532022+00:00
1640,1640,"Anti-GAD antibody syndrome with concomitant cerebellar ataxia, stiff person syndrome, and limbic encephalitis",Schaefer S.M.; Moeller J.J.,2015,Neurology: Clinical Practice,Clinical manifestations; Treatment,,data/extraction_json/text/1640.json,data/extraction_json/text/1640.json,full_text,false,,single_case_report,case_report,high,1,true,false,false,individual,true,false,run_langextract_individual,,,,,,,,,,"This is a single case report, as it provides detailed individual-level clinical data for one patient with SPS-spectrum disorders. There is no evidence of additional original patients or group-level data.",llm_v1_gpt4.1,2026-04-05T19:49:01.188383+00:00
1646,1646,(Pseudo)hemidystonia associated with anti-glutamic acid decarboxylase antibodies - a case report,Kenda J.; Kojovic M.; Graus F.; Gregoric Kramberger M.,2015,European Journal of Neurology,,,data/extraction_json/text/1646.json,data/extraction_json/text/1646.json,full_text,false,,single_case_report,case_report,high,1,true,false,false,individual,true,false,run_langextract_individual,,,,,,,,,,"This is a single case report, as indicated by the title and the detailed clinical narrative of one patient. The report includes individual-level clinical, laboratory, and treatment data for this patient, with no mention of additional cases.",llm_v1_gpt4.1,2026-04-05T19:49:05.384111+00:00
1658,1658,Neonatal hyperekplexia (the stiff baby syndrome),Saeed M.; Al-Dhalaan H.; Wali A.; Ahmad W.,2015,Pakistan Paediatric Journal,Clinical manifestations,Natalie Witek (2021-10-13 05:33:29)(Select): Did not mention ab testing;,data/extraction_json/text/1658.json,data/extraction_json/text/1658.json,full_text,false,,single_case_report,case_report,high,,false,false,false,individual,true,false,run_langextract_individual,,,,,,,,,,Manual review: Full paediatric case report of neonatal hyperekplexia with dramatic response to clonazepam.,llm_v1_gpt4.1,2026-04-05T19:49:05.442888+00:00
166,166,Stiffman syndrome.,"Pagarkar, W; Khopkar, S; Agrawal, M",1998,Indian pediatrics,,,data/extraction_json/text/166.json,data/extraction_json/text/166.json,full_text,false,,single_case_report,case_report,high,,false,false,false,individual,true,false,run_langextract_individual,,,,,,,,,,Manual review: Pediatric case report of one 7-year-old boy responding to diazepam.,llm_v1_gpt4.1,2026-04-05T19:49:05.451704+00:00
1661,1661,Anti-GAD65 positive stiff-person syndrome: Novel association with common variable immune deficiency,Ghably J.G.; Guido M.; Atwater S.; Krishnaswamy G.,2016,Journal of Allergy and Clinical Immunology,Clinical manifestations,,data/extraction_json/text/1661.json,data/extraction_json/text/1661.json,full_text,false,,single_case_report,case_report,high,1,true,false,false,individual,true,false,run_langextract_individual,,,,,,,,,,"This is a single case report, as it describes one patient with SPS in detail, including history, diagnosis, antibody status, and treatment response. The structure and language are consistent with a case report.",llm_v1_gpt4.1,2026-04-05T19:49:08.762922+00:00
1662,1662,Progressive encephalomyelitis with rigidity and myoclonus with antibodies to glycine receptor presenting with temporomandibular joint dislocation,Mahdi Aljedani R.; Meyer I.; Novy J.; Pagani J.-L.; Arlettaz L.; Ribi C.,2019,Swiss Medical Weekly,Clinical manifestations; Immunological - Lab tests; Treatment,Karlo Lizarraga (2021-10-14 07:00:09)(Select): Unable to find abstract or full text. Looks like conference paper. Full text review required.;,data/extraction_json/text/1662.json,data/extraction_json/text_trimmed/1662.json,trimmed,true,header_only_source,conference_abstract,single_case_conference_abstract,high,1,true,false,false,individual,true,false,run_langextract_individual,,,,,,,,,,"This is a conference abstract (supplement issue, single page, proceedings detected) reporting a single original SPS-spectrum patient with detailed clinical information. No evidence of additional cases or group-level data.",llm_v1_gpt4.1,2026-04-05T19:49:13.283150+00:00
1664,1664,A rare person with Stiff Person syndrome,Suciu R.; Stoicanescu D.; Cevei M.; Bodog F.,2019,European Journal of Human Genetics,Clinical manifestations,Karlo Lizarraga (2023-07-01 22:32:18)(Select): Conference abstract;,data/extraction_json/text/1664.json,data/extraction_json/text_trimmed/1664.json,trimmed,true,trimmed_auto,conference_abstract,single_case_conference_abstract,high,,false,false,false,individual,true,false,run_langextract_individual,,,,,,,,,,Manual review: Proceedings abstract localized by exact title and body; one 44-year-old woman with anti-GAD-positive SPS presenting for rehabilitation.,llm_v1_gpt4.1,2026-04-05T19:49:13.311698+00:00
1665,1665,Stiff person syndrome: An elusive diagnosis in a pediatric patient,Tuttrup G.; Miller D.; Weimer M.,2019,Neurology,Clinical manifestations,,data/extraction_json/text/1665.json,data/extraction_json/text/1665.json,full_text,false,,single_case_report,case_report,high,1,true,false,false,individual,true,false,run_langextract_individual,,,,,,,,,,"This is a single case report describing the clinical course, diagnosis, and treatment of one pediatric patient with stiff person syndrome. There is no evidence of additional cases or group-level data.",llm_v1_gpt4.1,2026-04-05T19:49:19.040045+00:00
1668,1668,Botulinum toxin for the treatment of muscle spasms associated with stiff person syndrome,Moukheiber E.; Comisac M.; Newsome S.,2019,Neurology,Treatment,,data/extraction_json/text/1668.json,data/extraction_json/text/1668.json,full_text,false,,conference_abstract,group_conference_abstract,high,20,false,true,false,group,true,false,run_langextract_group,,,,,,,,,,"This is a conference abstract (published in a supplement, short format, and with a DOI indicating a supplement) reporting original group-level data on 20 SPS patients treated with botulinum toxin. No individual-level data is provided, but aggregate outcomes and demographics are reported.",llm_v1_gpt4.1,2026-04-05T19:49:38.297022+00:00
167,167,Large motor neuron involvement in Stiff-man syndrome: a qualitative and quantitative study.,"Ishizawa, K; Komori, T; Okayama, K; Qin, X; Kaneko, K; Sasaki, S; Iwata, M",1999,Acta neuropathologica,Clinical manifestations; Differential Diagnosis,,data/extraction_json/text/167.json,data/extraction_json/text/167.json,full_text,false,,single_case_report,case_report,high,1,true,false,false,individual,true,false,run_langextract_individual,,,,,,,,,,"This is a single case report, as it presents the clinical course, laboratory findings, and post-mortem neuropathological analysis of one SMS patient in detail. The rest of the study involves comparison to four non-SPS controls.",llm_v1_gpt4.1,2026-04-05T19:49:42.843004+00:00
1671,1671,Autoimmune retinopathy in two patients with stiff-person syndrome with anti-GAD65 autoantibodies,Vargas M.E.; Vasconcelos H.; Yang S.; Adamus G.; Yang P.,2019,Investigative Ophthalmology and Visual Science,Clinical manifestations,Karlo Lizarraga (2023-07-01 11:34:49)(Select): Conference abstract;,data/extraction_json/text/1671.json,data/extraction_json/text/1671.json,full_text,false,not_needed,case_series_or_multi_case,case_series,high,2,true,false,true,individual_case_split,true,false,split_cases_then_langextract,,,,,,,,,,"This is a case series describing two original SPS-spectrum patients with detailed individual-level clinical data, including diagnosis, symptoms, treatment, and outcomes. The structure and content are consistent with a case series or multi-case report.",llm_v1_gpt4.1,2026-04-05T19:49:48.609985+00:00
1674,1674,Anti-glutamic acid decarboxylase associated neurologic disorders referred from neuro-ophthalmology and neurotology: A case series with characterization of vestibulo-ocular function,Wang Y.; Tourkevich R.; Gold D.; Newsome S.D.,2019,Neurology,Differential Diagnosis,,data/extraction_json/text/1674.json,data/extraction_json/text/1674.json,full_text,false,not_needed,conference_abstract,single_case_conference_abstract,high,,false,false,false,individual,true,false,run_langextract_individual,,,,,,,,,,Manual review: Conference abstract reporting an eight-patient anti-GAD referral case series with vestibulo-ocular characterization.,llm_v1_gpt4.1,2026-04-05T19:49:48.668920+00:00
1675,1675,Autologous Haematopoietic Stem Cell Transplantation (Auto-HSCT) in Stiff Person Syndrome (SPS): The UK experience,Thorpe A.; Kass-Iliyya L.; Jessop H.; Chantry A.; Hadjivassiliou M.; Snowden J.; Sharrack B.,2019,Neurology,Treatment,,data/extraction_json/text/1675.json,data/extraction_json/text/1675.json,full_text,false,,conference_abstract,single_case_conference_abstract,high,3,true,false,false,individual,true,false,run_langextract_individual,,,,,,,,,,"This is a conference abstract (published in a supplement, short format, and with an abstract structure) reporting original clinical data on three SPS-spectrum patients treated with auto-HSCT. Individual-level data is provided for each treated patient.",llm_v1_gpt4.1,2026-04-05T19:50:07.381678+00:00
1688,1688,Complex phenotype in a C9ORF72-positive patient with high-titer anti-glutamic acid decarboxylase antibodies: neuroimmunology meets neurogenetics,Varvaressos S.; Breza M.; Marousi S.; Printzou M.; Georgoulis A.; Papageorgiou E.; Kartanou C.; Karadima G.; Tagaris G.; Koutsis G.; Tzartos J.S.,2019,European Journal of Neurology,,,data/extraction_json/text/1688.json,data/extraction_json/text/1688.json,full_text,false,,single_case_report,case_report,high,,false,false,false,individual,true,false,run_langextract_individual,,,,,,,,,,Manual review: Letter describing one complex overlap case with SPS features,llm_v1_gpt4.1,2026-04-05T19:50:07.441524+00:00
1692,1692,Movement disorders and nonmotor symptoms in patient with idiopathic stiff person syndrome,Maksimova A.S.; Zinovyeva O.E.; Solokha O.A.; Pilyuzina A.L.; Petelin D.S.; Volel B.A.; Ulanova A.D.; Vikhlyantsev I.M.,2019,Journal of Pharmaceutical Sciences and Research,Clinical manifestations; Treatment,,data/extraction_json/text/1692.json,data/extraction_json/text/1692.json,full_text,false,,single_case_report,case_report,high,1,true,false,false,individual,true,false,run_langextract_individual,,,,,,,,,,"This is a single case report, as evidenced by the detailed narrative of one patient's history, examination, and management. The text repeatedly refers to 'the patient' and provides no evidence of additional cases.",llm_v1_gpt4.1,2026-04-05T19:50:13.381554+00:00
1694,1694,Anti-glutamic acid decarboxylase antibody (GAD) syndromes may have more aggressive disease course in African Americans and early onset of presentation compare to Caucasians group,Sriwastava S.; Srinivas M.; Kanna A.; Yarraguntla K.; Jowkar A.; George E.,2019,eNeurologicalSci,Clinical manifestations,,data/extraction_json/text/1694.json,data/extraction_json/text/1694.json,full_text,false,,observational_group_study,retrospective_or_cohort_group_study,high,7,false,true,false,group,true,false,run_langextract_group,,,,,,,,,,"This is an observational group study of 40 anti-GAD positive patients, reporting aggregate data on clinical phenotypes, including SPS, with group-level statistics by ethnicity. The paper provides original SPS-spectrum patient data, specifically identifying 7 SPS cases.",llm_v1_gpt4.1,2026-04-05T19:50:33.083264+00:00
1699,1699,Stiff person syndrome: An unusual paraneoplastic neurological phenomenon in Carcinoid tumour,Vithoosan S.; Herath T.; Gamlaksha D.S.; Yogendranathan N.; Kulatunga A.; Senanayake B.,2019,Neurology Asia,Clinical manifestations; Differential Diagnosis,,data/extraction_json/text/1699.json,data/extraction_json/text/1699.json,full_text,false,,single_case_report,case_report,high,1,true,false,false,individual,true,false,run_langextract_individual,,,,,,,,,,"This is a single case report, as evidenced by the detailed narrative of one patient's clinical course and the explicit statement 'We report a 58 year old Sri Lankan male with stiff person syndrome...'. No group or series data are presented.",llm_v1_gpt4.1,2026-04-05T19:50:36.721491+00:00
17,17,Muscle spasms and stiffness that progressed for four years.,"Bhutani, M S; Mathews, T; Akuthota, P",1992,Hospital practice (Office ed.),,Yasamin Mahjoub (2023-06-07 21:51:27)(Select): Requested from UCalgary Interlibrary Loan;,data/extraction_json/text/17.json,data/extraction_json/text/17.json,full_text,false,,single_case_report,case_report,high,,false,false,false,individual,true,false,run_langextract_individual,,,,,,,,,,Manual review: Interlibrary-loan scan but content is a single patient vignette/case note.,llm_v1_gpt4.1,2026-04-05T19:50:36.758139+00:00
1700,1700,Successful treatment of glycine-receptor-antibody-mediated progressive encephalomyelitis with rigidity and myoclonus by combining steroids and azathioprine,Lee E.-J.; Kim K.; Choi J.-Y.; Park K.S.,2019,Journal of Clinical Neurology (Korea),Treatment,,data/extraction_json/text/1700.json,data/extraction_json/text/1700.json,full_text,false,,single_case_report,case_report,high,,false,false,false,individual,true,false,run_langextract_individual,,,,,,,,,,Manual review: Letter-style case report of one GlyR-antibody-positive PERM patient responding to steroids and azathioprine.,llm_v1_gpt4.1,2026-04-05T19:50:36.768157+00:00
1707,1707,Stiff Person Syndrome Associated with Compartment Syndrome,Yong K.P.; Lo Y.L.,2019,Case Reports in Neurology,Clinical manifestations,,data/extraction_json/text/1707.json,data/extraction_json/text/1707.json,full_text,false,,single_case_report,case_report,high,1,true,false,false,individual,true,false,run_langextract_individual,,,,,,,,,,"This is a classic single case report, as indicated by the structure, the detailed individual patient narrative, and explicit statements such as 'We describe a patient...' and 'This is the first case report...'. The entire report focuses on one individual with SPS.",llm_v1_gpt4.1,2026-04-05T19:50:55.206219+00:00
1718,1718,Association of stiff-person syndrome with autoimmune endocrine diseases,Lee Y.-Y.; Chen I.-W.; Chen S.-T.; Wang C.-C.,2019,World Journal of Clinical Cases,Clinical manifestations; Immunological - Lab tests,,data/extraction_json/text/1718.json,data/extraction_json/text/1718.json,full_text,false,,observational_group_study,retrospective_or_cohort_group_study,high,,false,false,false,group,true,false,run_langextract_group,,,,,,,,,,Manual review: Full observational study examining SPS/SLS association with autoimmune endocrine disease in a clinical cohort.,llm_v1_gpt4.1,2026-04-05T19:50:55.266844+00:00
1721,1721,Anti-glutamic acid decarboxylase positive stiff person syndrome treated with immunoglobulin in a 38-year old filipina: A case report,Perez J.A.L.; Damian L.,2019,Journal of the Neurological Sciences,Clinical manifestations; Electrophysiology; Immunological - Lab tests; Treatment,,data/extraction_json/text/1721.json,data/extraction_json/text/1721.json,full_text,false,,conference_abstract,single_case_conference_abstract,high,1,true,false,false,individual,true,false,run_langextract_individual,,,,,,,,,,"This is a conference abstract (poster session, supplement issue, 2-page span) reporting a single case of SPS with detailed clinical and laboratory findings. The structure and content match a single case report presented as a conference abstract.",llm_v1_gpt4.1,2026-04-05T19:50:58.787238+00:00
1722,1722,Stiff person syndrome - An unusual paraneoplastic neurological phenomenon in carcinoid tumour,Sahathevan V.; Herath T.; Gamlaksha D.; Yogendranathan N.; Kulatunga A.; Senanayake B.,2019,Journal of the Neurological Sciences,Clinical manifestations; Differential Diagnosis; Immunological - Lab tests,,data/extraction_json/text/1722.json,data/extraction_json/text/1722.json,full_text,false,,conference_abstract,single_case_conference_abstract,high,1,true,false,false,individual,true,false,run_langextract_individual,,,,,,,,,,"This is a conference abstract (poster session, supplement issue, single page) reporting a single original SPS-spectrum patient (a 58-year-old Sri Lankan male with SPS and carcinoid tumour). The case is described with clinical and laboratory details, confirming original individual-level data.",llm_v1_gpt4.1,2026-04-05T19:51:16.775141+00:00
173,173,Immune-mediated retinopathy in a patient with stiff-man syndrome.,"Steffen, H; Menger, N; Richter, W; Nolle, B; Krastel, H; Stayer, C; Kolling, G H; Wassle, H; Meinck, H M",1999,Graefe's archive for clinical and experimental ophthalmology = Albrecht von Graefes Archiv fur klinische und experimentelle Ophthalmologie,,,data/extraction_json/text/173.json,data/extraction_json/text/173.json,full_text,false,,single_case_report,case_report,high,1,true,false,false,individual,true,false,run_langextract_individual,,,,,,,,,,"This is a single case report, as indicated by the detailed narrative of one patient's clinical course, diagnostic workup, and outcome. The text repeatedly refers to 'the patient' and provides no evidence of a cohort or multiple cases.",llm_v1_gpt4.1,2026-04-05T19:51:36.328877+00:00
1739,1739,Case report: Stiff person syndrome with thymoma,Sonokawa T.; Shizukawa H.; Ichihara S.; Muraoka S.; Usuda J.; Tanaka K.,2019,Japanese Journal of Lung Cancer,,,data/extraction_json/text/1739.json,data/extraction_json/text/1739.json,full_text,false,,single_case_report,case_report,high,1,true,false,false,individual,true,false,run_langextract_individual,,,,,,,,,,"This is a classic single case report, as indicated by the title, structure, and detailed individual-level clinical data for one patient. There is no evidence of additional original SPS-spectrum patients in the paper.",llm_v1_gpt4.1,2026-04-05T19:51:40.057778+00:00
1740,1740,Low-Dose Naltrexone reduces symptoms in Stiff-Person Syndrome,Zappaterra M.; Shouse E.; Levine R.L.,2020,Medical Hypotheses,Treatment,,data/extraction_json/text/1740.json,data/extraction_json/text/1740.json,full_text,false,,single_case_report,case_report,high,1,true,false,false,individual,true,false,run_langextract_individual,,,,,,,,,,"This is a single case report describing one SPS patient in detail, with individual-level clinical data and follow-up. There is no evidence of additional original SPS cases or group-level data.",llm_v1_gpt4.1,2026-04-05T19:51:59.487869+00:00
1742,1742,Medical Cannabis as an Effective Treatment for Refractory Symptoms of Paraneoplastic Stiff Person Syndrome,Portman D.; Donovan K.A.; Bobonis M.,2020,Journal of Pain and Symptom Management,Treatment,,data/extraction_json/text/1742.json,data/extraction_json/text/1742.json,full_text,false,,single_case_report,case_report,high,,false,false,false,individual,true,false,run_langextract_individual,,,,,,,,,,Manual review: Letter describing symptom relief with medical cannabis in one refractory paraneoplastic SPS patient.,llm_v1_gpt4.1,2026-04-05T19:51:59.548172+00:00
175,175,GAD65-Reactive T cells in a non-diabetic stiff-man syndrome patient.,"Schloot, N C; Batstra, M C; Duinkerken, G; De Vries, R R; Dyrberg, T; Chaudhuri, A; Behan, P O; Roep, B O",1999,Journal of autoimmunity,,,data/extraction_json/text/175.json,data/extraction_json/text/175.json,full_text,false,,lab_heavy_clinical_or_translational,group_or_frequency_focused_lab_clinical_study,high,,false,false,false,group,true,false,run_langextract_group,,,,,,,,,,Manual review: Cellular autoimmunity paper centered on T-cell assays; clinically relevant but not suitable for case-level extraction.,llm_v1_gpt4.1,2026-04-05T19:51:59.558001+00:00
1759,1759,Stiff person-syndrome IgG affects presynaptic GABAergic release mechanisms,Werner C.; Haselmann H.; Weishaupt A.; Toyka K.V.; Sommer C.; Geis C.,2014,Journal of Neural Transmission,Clinical manifestations; Electrophysiology; Treatment,,data/extraction_json/text/1759.json,data/extraction_json/text/1759.json,full_text,false,,lab_heavy_clinical_or_translational,group_or_frequency_focused_lab_clinical_study,high,2,true,false,false,group,true,false,run_langextract_group,,,,,,,,,,"This is a translational/lab-heavy study using IgG from two SPS patients to investigate effects on GABAergic neurotransmission in mouse models and cell cultures. The paper provides original SPS-spectrum patient data (antibody titers, source of IgG), but the main focus is mechanistic. No group-level clinical data are reported.",llm_v1_gpt4.1,2026-04-05T19:52:18.718255+00:00
1762,1762,Trismus as a Presenting Symptom in a Case of Progressive Encephalopathy with Rigidity and Myoclonus,Blomme L.; Van De Velde K.,2019,Case Reports in Neurology,Clinical manifestations; Electrophysiology; Treatment,,data/extraction_json/text/1762.json,data/extraction_json/text/1762.json,full_text,false,,single_case_report,case_report,high,1,true,false,false,individual,true,false,run_langextract_individual,,,,,,,,,,"This is a single case report, as indicated by the title, structure, and detailed individual patient narrative. The report provides original clinical data on one SPS-spectrum (PERM) patient, with no evidence of additional cases.",llm_v1_gpt4.1,2026-04-05T19:52:22.464639+00:00
1764,1764,"Rituximab improves not only back stiffness but also ""stiff eyes"" in stiff person syndrome: Implications for immune-mediated treatment",Kodama S.; Tokushige S.-I.; Sugiyama Y.; Sato K.; Otsuka J.; Shirota Y.; Hamada M.; Iwata A.; Toda T.; Tsuji S.; Terao Y.,2020,Journal of the Neurological Sciences,Clinical manifestations; Treatment,,data/extraction_json/text/1764.json,data/extraction_json/text_trimmed/1764.json,trimmed,true,trimmed_auto,single_case_report,case_report,high,1,true,false,false,individual,true,false,run_langextract_individual,,,,,,,,,,"This is a single case report, as it focuses on one SPS patient with detailed individual-level clinical and experimental data, including treatment response and symptom progression. There is no evidence of group-level or multiple patient data.",llm_v1_gpt4.1,2026-04-05T19:52:26.941077+00:00
1768,1768,Cerebellar Ataxia Followed by Stiff Person Syndrome in a Patient with Anti-GAD Antibodies,Seneviratne S.O.; Buzzard K.A.; Cruse B.; Monif M.,2020,Case Reports in Immunology,Clinical manifestations,,data/extraction_json/text/1768.json,data/extraction_json/text/1768.json,full_text,false,,single_case_report,case_report,high,1,true,false,false,individual,true,false,run_langextract_individual,,,,,,,,,,"This is a single case report, as evidenced by the explicit statement that the paper presents 'a case of a young woman' and the detailed, individualized clinical course. No group or series data are presented, and the rest of the paper discusses prior literature.",llm_v1_gpt4.1,2026-04-05T19:52:45.790358+00:00
1769,1769,Improvement of stiff-person syndrome symptoms in pregnancy: Case series and literature review,Esch M.E.; Newsome S.D.,2020,Neurology(R) neuroimmunology & neuroinflammation,Clinical manifestations; Treatment,,data/extraction_json/text/1769.json,data/extraction_json/text/1769.json,full_text,false,,case_series_or_multi_case,case_series,high,2,true,true,true,individual_case_split,true,false,split_cases_then_langextract,,,,,,,,,,"This is a case series and literature review. The paper provides detailed individual-level clinical data for two original SPS patients from the authors' institution, fulfilling the criteria for a case series. The rest of the cases are from previously published reports and are not counted as original data.",llm_v1_gpt4.1,2026-04-05T19:53:04.389150+00:00
1770,1770,Neurologic syndromes related to anti-GAD65: Clinical and serologic response to treatment,Munoz-Lopetegi A.; de Bruijn M.A.A.M.; Boukhrissi S.; Bastiaansen A.E.M.; Nagtzaam M.M.P.; Hulsenboom E.S.P.; Boon A.J.W.; Neuteboom R.F.; de Vries J.M.; Sillevis Smitt P.A.E.; Schreurs M.W.J.; Titulaer M.J.,2020,Neurology(R) neuroimmunology & neuroinflammation,,,data/extraction_json/text/1770.json,data/extraction_json/text/1770.json,full_text,false,,lab_heavy_clinical_or_translational,group_or_frequency_focused_lab_clinical_study,high,,false,false,false,group,true,false,run_langextract_group,,,,,,,,,,Manual review: Retrospective anti-GAD65 clinical-serologic cohort of 56 patients emphasizing biomarker levels and treatment response across neurologic syndromes.,llm_v1_gpt4.1,2026-04-05T19:53:04.401026+00:00
1772,1772,Autoimmune musicogenic epilepsy associated with anti-glutamic acid decarboxylase antibodies and Stiff-person syndrome,Jesus-Ribeiro J.; Bozorgi A.; Alkhaldi M.; Shaqfeh M.; Fernandez-Baca Vaca G.; Katirji B.,2020,Clinical Case Reports,Clinical manifestations,,data/extraction_json/text/1772.json,data/extraction_json/text/1772.json,full_text,false,,single_case_report,case_report,high,1,true,false,false,individual,true,false,run_langextract_individual,,,,,,,,,,"This is a single case report, as evidenced by the detailed narrative of one patient's clinical course and the explicit labeling as a 'CASE REPORT.' The paper provides original, individual-level SPS-spectrum data for one patient only.",llm_v1_gpt4.1,2026-04-05T19:53:10.957371+00:00
1773,1773,Stiff limb syndrome associated to anti NMDA-R antibodies,Birzu C.; Jaume L.; Rostomashvilli S.; Honnorat J.; Berzero G.; Psimaras D.,2019,Neuro-Oncology,,,data/extraction_json/text/1773.json,data/extraction_json/text/1773.json,full_text,false,,single_case_report,case_report,high,1,true,false,false,individual,true,false,run_langextract_individual,,,,,,,,,,"validator_flags=EVIDENCE_NO_PAGES | This is a single case report describing a 44-year-old male with stiff limb syndrome and anti-NMDAR antibodies, with detailed clinical, laboratory, and treatment information provided. There is no evidence of additional SPS-spectrum patients.",llm_v1_gpt4.1,2026-04-05T19:53:29.023873+00:00
1774,1774,An unusual presentation of stiff-person syndrome,Saengphatrachai W.; Wantaneeyawong C.; Pitakpatapee Y.; Srivanitchapoom P.,2019,Clinical Neurology,Clinical manifestations,Karlo Lizarraga (2023-07-01 22:37:00)(Select): Conference abstract in Japanese;,data/extraction_json/text/1774.json,data/extraction_json/text_trimmed/1774.json,trimmed,true,header_only_source,conference_abstract,single_case_conference_abstract,high,,false,false,false,individual,true,false,run_langextract_individual,,,,,,,,,,Manual review: Conference abstract describing one anti-GAD-associated SPS presentation with parkinsonian features and good response to immunomodulation.,llm_v1_gpt4.1,2026-04-05T19:53:29.086745+00:00
1782,1782,Stiff Limb Syndrome Masquerading As a Focal Limb Dystonia,Morrison P.; Barbano R.,2019,Movement Disorder,Clinical manifestations,,data/extraction_json/text/1782.json,data/extraction_json/text/1782.json,full_text,true,manual_review_required,conference_abstract,single_case_conference_abstract,high,,false,false,false,individual,true,false,trim_or_review_proceedings,,,,,,,,,,Manual review: Conference abstract reporting one stiff-limb syndrome case initially referred as focal dystonia.,llm_v1_gpt4.1,2026-04-05T19:53:29.095719+00:00
1784,1784,Stiff-person syndrome and limbic encephalopathy associated with GAD-antibody: A case report,Li S.L.; Yang Y.M.; Guan H.Z.; Wan X.H.; Ren H.T.,2019,Movement Disorder,Clinical manifestations,"Karlo Lizarraga (2021-10-14 05:33:15)(Select): Conference paper with potential for data extraction:

https://www.mdsabstracts.org/abstract/stiff-person-syndrome-and-limbic-encephalopathy-associated-with-gad-antibody-a-case-report/;",data/extraction_json/text/1784.json,data/extraction_json/text/1784.json,full_text,false,not_needed,single_case_report,case_report,high,1,true,false,false,individual,true,false,run_langextract_individual,,,,,,,,,,"This is a single case report, as indicated by the title, abstract, and detailed individual-level clinical description of one patient. There is no evidence of additional SPS-spectrum patients in the report.",llm_v1_gpt4.1,2026-04-05T19:53:32.349731+00:00
1785,1785,Stiff Limb Syndrome Progressing to Stiff Man Syndrome in a nondiabetic man,Ali T.; Ginjupally D.; Guduru Z.,2019,Movement Disorder,Review Article,,data/extraction_json/text/1785.json,data/extraction_json/text/1785.json,full_text,false,,single_case_report,case_report,high,1,true,false,false,individual,true,false,run_langextract_individual,,,,,,,,,,"This is a single case report, as evidenced by the detailed narrative of one patient's clinical course and the explicit statement that 'we present a case.' There is no evidence of group-level data or additional cases.",llm_v1_gpt4.1,2026-04-05T19:53:51.192034+00:00
1787,1787,Functional stiff person like disorders: Clinical features and red flags,Balint B.; Jha A.; Edwards M.; Meinck H.M.; Bhatia K.,2019,Movement Disorder,Clinical manifestations; Differential Diagnosis,Davide Martino (2024-05-25 13:10:03)(Included): No data extractable (wrong diagnosis);,data/extraction_json/text/1787.json,data/extraction_json/text/1787.json,full_text,false,not_needed,conference_abstract,single_case_conference_abstract,high,,false,false,false,individual,true,false,run_langextract_individual,,,,,,,,,,Manual review: Conference case-control abstract comparing functional stiff-person-like disorders with organic SPSD and highlighting diagnostic red flags.,llm_v1_gpt4.1,2026-04-05T19:53:51.251547+00:00
1788,1788,"Pseudoagoraphobia, a Diagnostic Clue in Stiff-Limb Syndrome",Marano M.; Motolese F.; Lanzone J.; Di Santo A.; Rossi M.; Bevacqua M.G.; Ranieri F.; Capone F.; Gatto E.M.; Di Lazzaro V.,2020,Movement Disorders Clinical Practice,Differential Diagnosis,,data/extraction_json/text/1788.json,data/extraction_json/text/1788.json,full_text,false,,case_series_or_multi_case,case_series,high,2,true,false,true,individual_case_split,true,false,split_cases_then_langextract,,,,,,,,,,"This is a case series describing two original patients with stiff-limb syndrome, a form of SPS-spectrum disorder. The text provides individual-level clinical data for both cases, including presentation, diagnostic process, and response to treatment.",llm_v1_gpt4.1,2026-04-05T19:53:56.000440+00:00
1789,1789,Intranasal midazolam for treating acute respiratory crises in a woman with stiff person syndrome,Cosentino G.; Romano M.; Algeri M.; Brighina F.; Alfonsi E.; Tassorelli C.; Crescimanno G.,2020,Neurology(R) neuroimmunology & neuroinflammation,Treatment,,data/extraction_json/text/1789.json,data/extraction_json/text/1789.json,full_text,false,,single_case_report,case_report,high,1,true,false,false,individual,true,false,run_langextract_individual,,,,,,,,,,"This is a single case report, as evidenced by the focus on one patient's clinical course and treatment. The report provides individual-level data and does not aggregate or discuss a cohort. The title and text both confirm the single-patient focus.",llm_v1_gpt4.1,2026-04-05T19:54:17.238856+00:00
1793,1793,Stiff-person syndrome: The analyses of 15 cases and their prognosises,Wei X.; Cai J.; Zhang C.; Lin H.,2019,Basic and Clinical Pharmacology and Toxicology,Clinical manifestations; Treatment,,data/extraction_json/text/1793.json,data/extraction_json/text_trimmed/1793.json,trimmed,true,trimmed_auto,conference_abstract,single_case_conference_abstract,high,,false,false,false,individual,true,false,run_langextract_individual,,,,,,,,,,Manual review: Proceedings abstract localized by exact title; retrospective analysis of 15 SPS cases with clinical features,llm_v1_gpt4.1,2026-04-05T19:54:17.316479+00:00
180,180,Paraneoplastic stiff limb syndrome.,"Silverman, I E",1999,"Journal of neurology, neurosurgery, and psychiatry",,,data/extraction_json/text/180.json,data/extraction_json/text/180.json,full_text,false,,unclear_manual_review,unclear,low,0,false,false,false,manual_review,false,true,review_source_category,,,,,,,,,,The extracted text does not match the title or topic of the target article. No SPS-spectrum patient data or relevant clinical information is present. Manual review is required to confirm the correct text and classification.,llm_v1_gpt4.1,2026-04-05T19:54:21.916827+00:00
1802,1802,Advanced progression of scoliosis after intrathecal baclofen in an adult with stiff person syndrome: A case report,Oh D.C.; LaGrant B.; Sein M.,2019,PM and R,Clinical manifestations,,data/extraction_json/text/1802.json,data/extraction_json/text/1802.json,full_text,true,manual_review_required,conference_abstract,single_case_conference_abstract,high,,false,false,false,individual,true,false,trim_or_review_proceedings,,,,,,,,,,Manual review: Conference case report localized by exact title; one adult SPS patient with rapid scoliosis progression after functional improvement on intrathecal baclofen.,llm_v1_gpt4.1,2026-04-05T19:54:21.987503+00:00
1805,1805,Possible link of genetic variants to autoimmunity in GAD-antibody-associated neurological disorders,Thaler F.S.; Bangol B.; Biljecki M.; Havla J.; Schumacher A.-M.; Kumpfel T.,2020,Journal of the neurological sciences,,,data/extraction_json/text/1805.json,data/extraction_json/text_trimmed/1805.json,trimmed,true,trimmed_auto,lab_heavy_clinical_or_translational,group_or_frequency_focused_lab_clinical_study,high,4,false,true,false,group,true,false,run_langextract_group,,,,,,,,,,"This is a translational study analyzing genetic and immunological markers in a cohort of 19 GAD-antibody positive patients with various neurological phenotypes, including 4 with stiff person syndrome. The study reports original group-level data on these patients, fitting the 'lab_heavy_clinical_or_translational' category.",llm_v1_gpt4.1,2026-04-05T19:54:25.743053+00:00
1807,1807,Anti-GAD65 antibody mediated systemic small vessel vasculitis with CNS involvement presenting as refractory status epilepticus and stiff-limb syndrome,Neupert D.; Leibu N.; Aysenne A.; Dunn C.R.,2019,Neurocritical Care,Clinical manifestations,Karlo Lizarraga (2023-07-01 11:42:17)(Select): Conference abstract;,data/extraction_json/text/1807.json,data/extraction_json/text_trimmed/1807.json,trimmed,true,header_only_source,conference_abstract,single_case_conference_abstract,high,,false,false,false,individual,true,false,run_langextract_individual,,,,,,,,,,Manual review: Conference abstract localized by exact title; one atypical anti-GAD65 vasculitic case presenting with refractory status epilepticus and stiff-limb syndrome.,llm_v1_gpt4.1,2026-04-05T19:54:25.817482+00:00
1812,1812,Effectiveness of Combined Immunoglobulin and Glucocorticoid Treatments in a Patient With Stiff Limb Syndrome: Case Report and Review of the Literature,Huang J.; Meng H.-Y.; Duan X.; Li W.-W.; Xu H.-W.; Zhou Y.-F.; Zhou L.,2020,Frontiers in Neurology,Clinical manifestations; Electrophysiology; Immunological - Lab tests; Treatment,,data/extraction_json/text/1812.json,data/extraction_json/text/1812.json,full_text,false,,single_case_report,case_report,high,1,true,false,false,individual,true,false,run_langextract_individual,,,,,,,,,,"This is a single case report, as indicated by the title, abstract, and detailed case presentation of one patient. The review of 40 other cases is a literature summary, not original data. Only one original SPS-spectrum patient is reported.",llm_v1_gpt4.1,2026-04-05T19:54:45.042507+00:00
182,182,Plasmapheresis and immunosuppression in stiff-man syndrome with type 1 diabetes: a 2-year study.,"Hao, W; Davis, C; Hirsch, I B; Eng, L J; Daniels, T; Walsh, D; Lernmark, A",1999,Journal of neurology,,,data/extraction_json/text/182.json,data/extraction_json/text/182.json,full_text,false,,single_case_report,case_report,high,1,true,false,false,individual,true,false,run_langextract_individual,,,,,,,,,,"This is a single case report, as the entire clinical narrative, treatment interventions, and outcomes are focused on one individual patient with SMS and type 1 diabetes. The text provides individual-level data and does not present group-level or aggregated data.",llm_v1_gpt4.1,2026-04-05T19:55:04.029648+00:00
1829,1829,Providing relief from stiff person syndrome through intrathecal baclofen: A case report,Mazzola A.J.; Escalon M.X.,2018,PM and R,Clinical manifestations; Treatment,"Karlo Lizarraga (2021-10-14 12:07:14)(Select): Conference paper with potential for data extraction:
https://onlinelibrary.wiley.com/doi/abs/10.1016/j.pmrj.2018.08.266;",data/extraction_json/text/1829.json,data/extraction_json/text_trimmed/1829.json,trimmed,true,trimmed_auto,conference_abstract,single_case_conference_abstract,high,,false,false,false,individual,true,false,run_langextract_individual,,,,,,,,,,Manual review: Conference case report localized by exact title; one SPS patient with refractory spasms improved through intrathecal baclofen.,llm_v1_gpt4.1,2026-04-05T19:55:04.099129+00:00
1830,1830,"Rehabilitation challenges in a rare combination of Stiff-man syndrome, cerebellar ataxia, and Grave's Disease: A case report",Rivelis Y.; Saad E.,2018,PM and R,Clinical manifestations; Treatment,,data/extraction_json/text/1830.json,data/extraction_json/text/1830.json,full_text,false,,conference_abstract,single_case_conference_abstract,high,1,true,false,false,individual,true,false,run_langextract_individual,,,,,,,,,,"This is a conference abstract (poster) presenting a single case report of a patient with Stiff-man Syndrome, with detailed clinical and rehabilitation information. The structure and content confirm it is a single case report within a conference supplement.",llm_v1_gpt4.1,2026-04-05T19:55:10.801474+00:00
1836,1836,Stiff person syndrome-the less common antibody: A case report,Ozdemir H.N.; Yondem D.; Kaplan S.; Gokcay F.,2020,Turk Noroloji Dergisi,,,data/extraction_json/text/1836.json,data/extraction_json/text/1836.json,full_text,false,,single_case_report,case_report,high,1,true,false,false,individual,true,false,run_langextract_individual,,,,,,,,,,"This is a classic single case report, as indicated by the title, structure, and detailed individual-level clinical data for one patient. There is no evidence of additional original SPS-spectrum patients.",llm_v1_gpt4.1,2026-04-05T19:55:29.720029+00:00
1838,1838,Progressive encephalomyelitis with rigidity and myoclonus with multiple autoantibodies as a first manifestation of thymoma,Florea A.; Matei A.; Mitu C.E.; Popescu B.O.,2020,European Journal of Neurology,Clinical manifestations; Immunological - Lab tests,,data/extraction_json/text/1838.json,data/extraction_json/text_trimmed/1838.json,trimmed,true,header_only_source,conference_abstract,single_case_conference_abstract,high,,false,false,false,individual,true,false,run_langextract_individual,,,,,,,,,,Manual review: Proceedings abstract localized by title fragments and body text; one thymoma-associated PERM case with multiple autoantibodies.,llm_v1_gpt4.1,2026-04-05T19:55:29.815819+00:00
184,184,The stiff-person syndrome: an autoimmune disorder affecting neurotransmission of gamma-aminobutyric acid.,"Levy, L M; Dalakas, M C; Floeter, M K",1999,Annals of internal medicine,Review Article,Karlo Lizarraga (2021-10-14 05:22:36)(Select): Seems to report a case series within the review. Full text review required.;,data/extraction_json/text/184.json,data/extraction_json/text/184.json,full_text,false,,case_series_or_multi_case,case_series,high,12,true,true,true,individual_case_split,true,false,split_cases_then_langextract,,,,,,,,,,"Although the paper is structured as an NIH Clinical Staff Conference and contains review elements, it clearly presents original clinical and laboratory data from a series of 12 SPS patients, including detailed symptomatology, laboratory findings, and immunological studies. This fits the definition of a case series.",llm_v1_gpt4.1,2026-04-05T19:55:37.760483+00:00
1841,1841,Stiff person syndrome: A case report,Marin Conesa E.; Marin Marin J.; Gomez Lopez E.; Martinez Zarco M.; Pellicer Espinosa I.; Gimenez Lopez E.; Rodriguez Garcia J.M.; Martinez Navarro M.L.; Iniesta Valera J.A.,2020,European Journal of Neurology,Clinical manifestations,"Gustavo  Da Prat (2023-07-23 05:36:10)(Select): Not the corresponding full text, DOI does not match. ; Karlo Lizarraga (2021-10-14 11:04:36)(Select): Unable to find abstract or full text. Looks like conference paper. Full text review required.;",data/extraction_json/text/1841.json,data/extraction_json/text_trimmed/1841.json,trimmed,true,header_only_source,unclear_manual_review,unclear,high,,false,false,false,manual_review,false,false,review_source_category,,,,,,,,,,Manual review: Incorrect reference: the stored DOI and attached PDF resolve to an unrelated functional movement disorders article and no correct local source has been found for the target case report.,llm_v1_gpt4.1,2026-04-05T19:55:37.835312+00:00
185,185,Stiff-man syndrome with vacuolar degeneration of anterior horn motor neurons.,"Saiz, A; Minguez, A; Graus, F; Marin, C; Tolosa, E; Cruz-Sanchez, F",1999,Journal of neurology,,,data/extraction_json/text/185.json,data/extraction_json/text/185.json,full_text,false,,single_case_report,case_report,high,1,true,false,false,individual,true,false,run_langextract_individual,,,,,,,,,,"This is a single case report, as indicated by the detailed narrative of one patient's clinical presentation, workup, treatment, and autopsy. The text uses language typical of case reports ('We present a SMS patient...'), and no other original patients are described.",llm_v1_gpt4.1,2026-04-05T19:55:56.433460+00:00
1859,1859,Surgical Treatment for Toe Deformities in Stiff-Person Syndrome: A Case Report,Takeda R.; Isawa K.; Matsumoto T.; Tanaka S.; Yasui T.,2020,JBJS case connector,Clinical manifestations; Treatment,,data/extraction_json/text/1859.json,data/extraction_json/text/1859.json,full_text,false,,single_case_report,case_report,high,1,true,false,false,individual,true,false,run_langextract_individual,,,,,,,,,,"This is a classic single case report, as indicated by the title, abstract, and detailed individual-level clinical description of one patient with SPS. There is no evidence of additional original SPS-spectrum patients.",llm_v1_gpt4.1,2026-04-05T19:56:01.050552+00:00
1860,1860,Exogenous Insulin Injection-Induced Stiff-Person Syndrome in a Patient With Latent Autoimmune Diabetes: A Case Report and Literature Review,Lee Y.-Y.; Lin C.-W.; Chen I.-W.,2020,Frontiers in Endocrinology,Clinical manifestations; Differential Diagnosis; Treatment,,data/extraction_json/text/1860.json,data/extraction_json/text/1860.json,full_text,false,,single_case_report,case_report,high,1,true,false,false,individual,true,false,run_langextract_individual,,,,,,,,,,"This is a single case report, as indicated by the title, abstract, and detailed individual-level clinical description. The paper also includes a literature review, but only one original SPS-spectrum patient is described.",llm_v1_gpt4.1,2026-04-05T19:56:23.058287+00:00
1861,1861,Stiff Person Syndrome and Acetylcholine Receptor Ganglionic Neuronal Antibodies,Lester J.; Cojab J.; Kleriga E.,2020,Case Reports in Neurology,Clinical manifestations; Immunological - Lab tests,,data/extraction_json/text/1861.json,data/extraction_json/text/1861.json,full_text,false,,single_case_report,case_report,high,1,true,false,false,individual,true,false,run_langextract_individual,,,,,,,,,,"This is a classic single case report, as indicated by the structure, the explicit mention of a single patient, and the detailed individual-level clinical narrative. There is no evidence of additional SPS-spectrum patients being reported.",llm_v1_gpt4.1,2026-04-05T19:56:27.525653+00:00
1867,1867,Amphiphysin expression in a case of occult cancer with paraneoplastic stiff-person syndrome,Doi Y.; Ishida S.,2020,Clinical and Experimental Neuroimmunology,Immunological - Lab tests,,data/extraction_json/text/1867.json,data/extraction_json/text/1867.json,full_text,false,,single_case_report,case_report,high,1,true,false,false,individual,true,false,run_langextract_individual,,,,,,,,,,"This is a single case report, as it details the clinical course, laboratory findings, and treatment of one patient with paraneoplastic SPS. There is no evidence of additional original SPS-spectrum patients in the paper.",llm_v1_gpt4.1,2026-04-05T19:56:31.707136+00:00
187,187,Long-term remission of refractory stiff-man syndrome after treatment with intravenous immunoglobulin.,"Khanlou, H; Eiger, G",1999,Mayo Clinic proceedings,,,data/extraction_json/text/187.json,data/extraction_json/text_trimmed/187.json,trimmed,true,trimmed_auto,single_case_report,case_report,high,1,true,false,false,individual,true,false,run_langextract_individual,,,,,,,,,,"This is a single case report describing one patient with refractory stiff-person syndrome treated with IVIg, with detailed individual-level clinical data provided. No group-level or additional patient data are present.",llm_v1_gpt4.1,2026-04-05T19:56:50.172436+00:00
1877,1877,Can certain baseline characteristics in patients with stiff person syndrome (SPS) predict disease burden and functional outcomes?,Mukharesh L.; Fitzgerald K.; Wang Y.; Newsome S.,2020,Neurology,Clinical manifestations,,data/extraction_json/text/1877.json,data/extraction_json/text/1877.json,full_text,false,,conference_abstract,group_conference_abstract,high,186,false,true,false,group,true,false,run_langextract_group,,,,,,,,,,"This is a conference abstract (published in a supplement, single page, and structured as an abstract) reporting original group-level data from a retrospective cohort of 186 SPS-spectrum patients. The study analyzes baseline characteristics and outcomes, fitting the observational group study design, but the format and metadata confirm it is a conference abstract.",llm_v1_gpt4.1,2026-04-05T19:56:54.620074+00:00
189,189,Stiff-man syndrome--diagnostic criteria and pitfalls.,"Kuruvilla, T; Bharucha, N E; Thompson, E J; Hawa, M; Chauhan, V; Agarwal, R",1999,The Journal of the Association of Physicians of India,,Yasamin Mahjoub (2023-06-08 08:49:42)(Select): Requested from UCalgary Interlibrary Loan; Karlo Lizarraga (2021-10-14 04:57:23)(Select): Unable to find abstract or full text but indexed as Case Report in PubMed;,data/extraction_json/text/189.json,data/extraction_json/text_trimmed/189.json,trimmed,true,trimmed_auto,single_case_report,case_report,high,1,true,false,false,individual,true,false,run_langextract_individual,,,,,,,,,,"The text provides a detailed narrative of one patient's presentation, diagnostic process, and clinical findings, which is characteristic of a single case report. There is no mention of additional cases or aggregated data.",llm_v1_gpt4.1,2026-04-05T19:56:57.962350+00:00
1897,1897,Autologous hematopoietic stem cell transplantation may be highly effective treatment for severe stiff person syndrome,Georges G.E.; Bowen J.D.; Pearlman M.; Wundes A.; Von Geldern G.; Kraft G.H.; Weiss M.D.; McLaughlin B.; Sytsma J.; Nash R.,2018,Biology of Blood and Marrow Transplantation,Clinical manifestations; Treatment,Yasamin Mahjoub (2023-07-03 01:45:06)(Select): same authors and abstract as 1909;,data/extraction_json/text/1897.json,data/extraction_json/text_trimmed/1897.json,trimmed,true,trimmed_auto,conference_abstract,group_conference_abstract,high,9,false,true,false,group,true,false,run_langextract_group,,,,,,,,,,"This is a conference abstract (published in a supplement, single page, proceedings detected) reporting original group-level clinical data on 9 SPS patients treated with AHSCT. The abstract provides aggregate outcomes and demographic details for this original cohort.",llm_v1_gpt4.1,2026-04-05T19:57:02.296595+00:00
1898,1898,"Anti-gad positive syndrome (stiff-man): A 9-years-case report of treatment, evolution and a review",De Camargo Carmello J.F.; Oliveira A.S.B.,2018,Diabetology and Metabolic Syndrome,Treatment,,data/extraction_json/text/1898.json,data/extraction_json/text_trimmed/1898.json,trimmed,true,trimmed_auto,conference_abstract,single_case_conference_abstract,high,,false,false,false,individual,true,false,run_langextract_individual,,,,,,,,,,Manual review: Diabetes congress abstract describing one long-course anti-GAD stiff-man syndrome case with treatment evolution and review context.,llm_v1_gpt4.1,2026-04-05T19:57:02.324576+00:00
1899,1899,Stiff-person syndrome and type 1 diabetes mellitus: Report of a family,Faro F.N.; Bussular T.C.; Feder C.K.R.; Salles J.E.N.; Scalissi N.M.; Pereira M.V.,2018,Diabetology and Metabolic Syndrome,Clinical manifestations,Kevin Duque (2023-06-28 02:41:51)(Select): Abstract available on page 176;,data/extraction_json/text/1899.json,data/extraction_json/text/1899.json,full_text,true,manual_review_required,conference_abstract,single_case_conference_abstract,high,,false,false,false,individual,true,false,trim_or_review_proceedings,,,,,,,,,,Manual review: Same diabetes-society supplement and overlapping author group were present but the exact family-case title block was not recovered cleanly from extracted text; likely a familial SPS/T1DM conference abstract.,llm_v1_gpt4.1,2026-04-05T19:57:02.344778+00:00
19,19,Stiff-man syndrome.,"Clifton, E R; Subramony, S H",1992,Southern medical journal,Review Article,,data/extraction_json/text/19.json,data/extraction_json/text/19.json,full_text,false,,case_series_or_multi_case,case_series,high,2,true,false,true,individual_case_split,true,false,split_cases_then_langextract,,,,,,,,,,"Although the paper is tagged as a review article, it explicitly provides detailed individual-level data for two original SPS patients, fulfilling the criteria for a case series. The remainder of the paper discusses literature and pathogenesis, but the primary original clinical content is the two cases.",llm_v1_gpt4.1,2026-04-05T19:57:21.622030+00:00
190,190,Double filtration plasma exchange and immunoadsorption therapy in a case of stiff-man syndrome with negative anti-GAD antibody.,"Hayashi, A; Nakamagoe, K; Ohkoshi, N; Hoshino, S; Shoji, S",1999,Journal of medicine,,Yasamin Mahjoub (2023-06-08 08:14:49)(Select): Requested through UCalgary Interlibrary Loan;,data/extraction_json/text/190.json,data/extraction_json/text/190.json,full_text,false,,single_case_report,case_report,high,1,true,false,false,individual,true,false,run_langextract_individual,,,,,,,,,,"This is a single case report, as indicated by the title, abstract, and the detailed case description of one patient with stiff-man syndrome. The report provides individual-level clinical data and does not mention any other original SPS-spectrum patients.",llm_v1_gpt4.1,2026-04-05T19:57:25.620228+00:00
1900,1900,Stiff person syndrome exacerbations & therapeutic plasma exchange,Stiefel E.; Leeper J.; Alquist C.,2018,Journal of Clinical Apheresis,Treatment,Kevin Duque (2023-06-27 12:39:14)(Select): page 172;,data/extraction_json/text/1900.json,data/extraction_json/text_trimmed/1900.json,trimmed,true,trimmed_auto,conference_abstract,single_case_conference_abstract,high,,false,false,false,individual,true,false,run_langextract_individual,,,,,,,,,,Manual review: Apheresis conference abstract reviewing hospitalized SPS exacerbations and the subset treated with therapeutic plasma exchange.,llm_v1_gpt4.1,2026-04-05T19:57:25.710248+00:00
1901,1901,Iatrogenic hypoglobulinemia due to the therapeutic plasma exchange: Managing the patient with allergies to blood products,Linnik Y.A.; Moiseff R.; Thomasson R.; Szczepiorkowski Z.; Dunbar N.,2018,Journal of Clinical Apheresis,Treatment,Karlo Lizarraga (2021-10-14 05:41:07)(Select): Might not be relevant/specific for SPSD. Full text review required.;,data/extraction_json/text/1901.json,data/extraction_json/text_trimmed/1901.json,trimmed,true,trimmed_auto,conference_abstract,single_case_conference_abstract,high,,false,false,false,individual,true,false,run_langextract_individual,,,,,,,,,,Manual review: Apheresis conference abstract describing one GAD65-positive SPS patient with TPE-induced hypogammaglobulinemia and blood-product allergy management challenges.,llm_v1_gpt4.1,2026-04-05T19:57:25.745743+00:00
1903,1903,Stiff person's syndrome: Challenging symptom control,Thakolkaran N.T.; Kaur R.,2018,Journal of the American Geriatrics Society,Clinical manifestations; Electrophysiology; Treatment,,data/extraction_json/text/1903.json,data/extraction_json/text_trimmed/1903.json,trimmed,true,trimmed_auto,conference_abstract,single_case_conference_abstract,high,,false,false,false,individual,true,false,run_langextract_individual,,,,,,,,,,Manual review: Conference case report of SPS symptom-control challenges in an older patient where intrathecal treatment was contraindicated.,llm_v1_gpt4.1,2026-04-05T19:57:25.795336+00:00
1904,1904,Serial CSF studies of anti-GAD antibodies and GAD-IgG intrathecal synthesis in stiff-person syndrome (SPS): Correlation with disease severity and progression,Alexopoulos H.; Akrivou S.; Rakocevic G.; Dalakas M.,2018,Neurology,Clinical manifestations; Electrophysiology; Immunological - Lab tests; Treatment,,data/extraction_json/text/1904.json,data/extraction_json/text/1904.json,full_text,false,,conference_abstract,group_conference_abstract,high,37,false,true,false,group,true,false,run_langextract_group,,,,,,,,,,"This is a conference abstract (Neurology, Supplement 1, single page, abstract format) reporting original group-level data on 37 SPS-spectrum patients (32 typical SPS, 5 SPS-Cer). The focus is on laboratory findings (CSF anti-GAD antibodies) and their correlation with clinical severity and progression.",llm_v1_gpt4.1,2026-04-05T19:57:44.202612+00:00
1907,1907,Unrecognized respiratory manifestations of stiff person syndrome (SPS),Allen A.; Rakocevic G.; Woodford M.; Pack K.; Sexauer W.,2018,Neurology,Clinical manifestations,,data/extraction_json/text/1907.json,data/extraction_json/text/1907.json,full_text,false,,conference_abstract,group_conference_abstract,high,16,false,true,false,group,true,false,run_langextract_group,,,,,,,,,,"This is a conference abstract (published in a supplement, short format, and labeled with a poster number) reporting original group-level clinical data on SPS patients. The study prospectively recruited SPS patients and assessed respiratory symptoms and pulmonary function, providing aggregate data for the cohort.",llm_v1_gpt4.1,2026-04-05T19:57:47.973444+00:00
1908,1908,Multiple antibody positive autoimmune encephalomyelitis; Role of immunosuppression in relapsing disease,Hussaini S.; Elwan S.; Singh G.; Simionescu L.; Beach R.,2018,Neurology,,,data/extraction_json/text/1908.json,data/extraction_json/text/1908.json,full_text,false,,single_case_report,case_report,high,1,true,false,false,individual,true,false,run_langextract_individual,,,,,,,,,,"This is a single case report, as indicated by the detailed narrative of one patient's clinical course and the use of singular language throughout. The report provides original SPS-spectrum data (PERM phenotype with GlyR and NMDA antibodies).",llm_v1_gpt4.1,2026-04-05T19:57:51.424446+00:00
1909,1909,"Autologous hematopoietic stem cell transplantation may be highly effective treatment for severe, treatment refractory stiff person syndrome",Georges G.; McSweeney P.; Bowen J.; Pearlman M.; Wundes A.; Von Geldern G.; Kraft G.; Weiss M.; Sytsma J.; McLaughlin B.; Nash R.,2018,Neurology,Clinical manifestations; Electrophysiology; Treatment,Yasamin Mahjoub (2023-07-03 01:45:18)(Select): same authors and abstract as 1897;,data/extraction_json/text/1909.json,data/extraction_json/text_trimmed/1909.json,trimmed,true,header_only_source,conference_abstract,single_case_conference_abstract,high,,false,false,false,individual,true,false,run_langextract_individual,,,,,,,,,,Manual review: Conference abstract reporting outcomes after autologous hematopoietic stem cell transplantation in 9 severe treatment-refractory SPS patients.,llm_v1_gpt4.1,2026-04-05T19:57:51.443054+00:00
191,191,Motor evoked potentials in a case of stiff-man syndrome: a longitudinal study.,"Logullo, F; Di Bella, P; Provinciali, L",1999,Italian journal of neurological sciences,Electrophysiology,,data/extraction_json/text/191.json,data/extraction_json/text/191.json,full_text,false,,single_case_report,case_report,high,1,true,false,false,individual,true,false,run_langextract_individual,,,,,,,,,,"This is a single case report, as indicated by the explicit description of one patient with stiff-man syndrome, with detailed clinical, laboratory, and electrophysiological data presented over a three-year period. No group-level or multi-patient data are reported.",llm_v1_gpt4.1,2026-04-05T19:58:10.082729+00:00
1910,1910,Spastic dysarthria as a presenting sign of stiff person syndrome,Giles S.; Persaud A.; Pulley M.; Shneyder N.,2018,Neurology,Clinical manifestations; Electrophysiology; Treatment,,data/extraction_json/text/1910.json,data/extraction_json/text/1910.json,full_text,false,,single_case_report,case_report,high,1,true,false,false,individual,true,false,run_langextract_individual,,,,,,,,,,This is a single case report describing one patient with SPS who presented with spastic dysarthria. The report provides individual-level clinical details and does not mention any additional original SPS-spectrum patients.,llm_v1_gpt4.1,2026-04-05T19:58:13.239290+00:00
1911,1911,Anti-GAD-65 associated progressive encephalomyelitis with rigidity and myoclonus following west NILE virus encephalitis,Loeb J.S.; Devine M.; Perven G.,2018,Neurology,Clinical manifestations,"Karlo Lizarraga (2021-10-14 05:51:38)(Select): Conference paper with potential for data extraction:
https://n.neurology.org/content/90/15_Supplement/P5.404;",data/extraction_json/text/1911.json,data/extraction_json/text/1911.json,full_text,false,not_needed,conference_abstract,single_case_conference_abstract,high,,false,false,false,individual,true,false,run_langextract_individual,,,,,,,,,,Manual review: Conference abstract describing one anti-GAD65 PERM case following West Nile virus encephalitis.,llm_v1_gpt4.1,2026-04-05T19:58:13.252160+00:00
1912,1912,Defining the clinical spectrum of variant-stiff person syndrome: A case series,Shoemaker T.; Aljarallah S.; Lukish N.; Comisac M.; Saylor D.; Newsome S.,2018,Neurology,Clinical manifestations; Immunological - Lab tests,,data/extraction_json/text/1912.json,data/extraction_json/text/1912.json,full_text,false,,conference_abstract,group_conference_abstract,high,18,false,true,false,group,true,false,run_langextract_group,,,,,,,,,,"This is a conference abstract (published in a supplement, short format, and labeled as a case series) that reports original group-level clinical data on 18 v-SPS patients. There is no individual-level data, but aggregate clinical and laboratory findings are described for the cohort.",llm_v1_gpt4.1,2026-04-05T19:58:17.287858+00:00
1913,1913,Improvement of stiff person syndrome symptoms during pregnancy,Esch M.; Newsome S.,2018,Neurology,Clinical manifestations; Treatment,,data/extraction_json/text/1913.json,data/extraction_json/text/1913.json,full_text,false,,single_case_report,case_report,high,1,true,false,false,individual,true,false,run_langextract_individual,,,,,,,,,,"This is a single case report, as indicated by the detailed description of one patient's clinical course and the explicit statement that a case is being presented. The discussion of other cases refers to prior literature, not new patients.",llm_v1_gpt4.1,2026-04-05T19:58:20.672383+00:00
1916,1916,A rare cause of progressive encephalopathy - PERM,Hartigan S.; Turner R.; Hastings J.,2018,Irish Journal of Medical Science,Clinical manifestations; Treatment,,data/extraction_json/text/1916.json,data/extraction_json/text_trimmed/1916.json,trimmed,true,trimmed_auto,conference_abstract,single_case_conference_abstract,high,,false,false,false,individual,true,false,run_langextract_individual,,,,,,,,,,Manual review: Proceedings abstract localized by exact title; one glycine-receptor-antibody-positive PERM case with severe encephalopathy and rigidity.,llm_v1_gpt4.1,2026-04-05T19:58:20.884500+00:00
1918,1918,Spasmodic reflex myoclonus-an characteristic electrophysiological manifestation for the diagnosis of Stiff-person syndrome,Tsai C.-H.,2018,Clinical Neurophysiology,Electrophysiology,,data/extraction_json/text/1918.json,data/extraction_json/text_trimmed/1918.json,trimmed,true,trimmed_auto,conference_abstract,single_case_conference_abstract,high,1,true,false,false,individual,true,false,run_langextract_individual,,,,,,,,,,"This is a conference abstract (supplement issue, short page span, proceedings detected) presenting original clinical and electrophysiological data from a single SPS patient, consistent with a single case report format.",llm_v1_gpt4.1,2026-04-05T19:58:26.121718+00:00
1921,1921,Refractory anti-gad positive stiff-person syndrome controlled after rituximab therapy,Aragao V.; Braga E.; Marinho A.R.; Nobrega P.; Simabukuro M.; Ferreira G.; Maia F.,2018,Movement Disorders,,Gustavo  Da Prat (2024-04-25 00:59:31)(Included): identical case to #1910; Karlo Lizarraga (2023-07-01 13:01:26)(Select): Conference abstract;,data/extraction_json/text/1921.json,data/extraction_json/text_trimmed/1921.json,trimmed,true,trimmed_auto,conference_abstract,single_case_conference_abstract,high,,false,false,false,individual,true,false,run_langextract_individual,,,,,,,,,,Manual review: Proceedings abstract localized by authors and title fragment; one refractory anti-GAD-positive SPS case with excellent response to rituximab.,llm_v1_gpt4.1,2026-04-05T19:58:26.148552+00:00
1922,1922,Stiff person syndrome presenting with spastic dysarthria,Persaud A.; Shneyder N.; Pulley M.; Giles S.,2018,Movement Disorders,Clinical manifestations; Treatment,,data/extraction_json/text/1922.json,data/extraction_json/text_trimmed/1922.json,trimmed,true,trimmed_auto,conference_abstract,single_case_conference_abstract,high,,false,false,false,individual,true,false,run_langextract_individual,,,,,,,,,,Manual review: Proceedings abstract localized by exact title; one SPS case presenting with acute spastic dysarthria and stroke-like features.,llm_v1_gpt4.1,2026-04-05T19:58:26.178997+00:00
1923,1923,Intrathecal baclofen effects in stiff person syndrome: Clinical and instrumented gait analysis,Rocha M.S.; Terzian P.R.; Ferreira R.; Majdoub A.A.; Barbosa J.; Godinho F.,2018,Movement Disorders,,,data/extraction_json/text/1923.json,data/extraction_json/text_trimmed/1923.json,trimmed,true,trimmed_auto,conference_abstract,single_case_conference_abstract,high,,false,false,false,individual,true,false,run_langextract_individual,,,,,,,,,,Manual review: Proceedings abstract localized by exact title; two anti-GAD-positive SPS patients assessed after intrathecal baclofen test dosing with instrumented gait analysis.,llm_v1_gpt4.1,2026-04-05T19:58:26.208355+00:00
1924,1924,Status dystonicus in a young person as an unusual presentation of stiff person syndrome: A case report,Di Luca D.G.; Bette S.; Luca C.; Singer C.,2018,Movement Disorders,Clinical manifestations,,data/extraction_json/text/1924.json,data/extraction_json/text_trimmed/1924.json,trimmed,true,trimmed_auto,conference_abstract,single_case_conference_abstract,high,,false,false,false,individual,true,false,run_langextract_individual,,,,,,,,,,Manual review: Proceedings abstract localized by exact title; one young SPS patient presenting in status dystonicus.,llm_v1_gpt4.1,2026-04-05T19:58:26.237397+00:00
1928,1928,Stiff person syndrome with reflex myoclonus and occupational incapacity. Case report,Sanchez B.S.; Avelar S.; Hurtado P.; Aguilar M.,2018,Occupational and Environmental Medicine,Clinical manifestations; Differential Diagnosis,,data/extraction_json/text/1928.json,data/extraction_json/text/1928.json,full_text,false,,single_case_report,case_report,high,1,true,false,false,individual,true,false,run_langextract_individual,,,,,,,,,,This is a single case report of a 39-year-old worker diagnosed with stiff person syndrome with reflex myoclonus. The report provides individual-level clinical data and does not mention any other SPS-spectrum patients.,llm_v1_gpt4.1,2026-04-05T19:58:45.075308+00:00
193,193,Marked improvement in a stiff-limb patient treated with intravenous immunoglobulin.,"Souza-Lima, C F; Ferraz, H B; Braz, C A; Araujo, A M; Manzano, G M",2000,Movement disorders : official journal of the Movement Disorder Society,,,data/extraction_json/text/193.json,data/extraction_json/text/193.json,full_text,false,,single_case_report,case_report,high,1,true,false,false,individual,true,false,run_langextract_individual,,,,,,,,,,"validator_flags=EVIDENCE_NO_PAGES | The paper is a single case report describing marked improvement in a stiff-limb patient treated with intravenous immunoglobulin. The title and typical structure of such reports, along with the absence of group data, support this classification.",llm_v1_gpt4.1,2026-04-05T19:58:49.444185+00:00
1931,1931,"""Stiff young woman"": Case report",Sousa M.; Varela R.; Carneiro D.; Januario C.; Morgadinho A.,2018,Movement Disorders,Clinical manifestations,,data/extraction_json/text/1931.json,data/extraction_json/text/1931.json,full_text,false,not_needed,conference_abstract,single_case_conference_abstract,high,1,true,false,false,individual,true,false,run_langextract_individual,,,,,,,,,,"This is a conference abstract (published in a supplement, single page, and labeled as a meeting abstract) reporting a single SPS-spectrum patient in a case report format, with detailed individual-level clinical data.",llm_v1_gpt4.1,2026-04-05T19:59:08.510444+00:00
1932,1932,An international survey of stiff person spectrum disorders: Exploring the clinical spectrum and unmet needs,Balint B.; Gatto E.; Etcheverry J.; Cesarini M.; Virginia Parisi V.; Rodriguez Violante M.; Garcia Ruiz P.; Bhatia K.,2018,Movement Disorders,Clinical manifestations; Treatment,Annu Aggarwal (2021-10-19 05:13:09)(Select): BB pl check if this info is covered in your subsequent papers;,data/extraction_json/text/1932.json,data/extraction_json/text/1932.json,full_text,false,not_needed,conference_abstract,group_conference_abstract,high,16,false,true,false,group,true,false,run_langextract_group,,,,,,,,,,"validator_flags=EVIDENCE_NO_PAGES | This is a conference abstract, as indicated by the session information, abstract format, and citation style. It reports original group-level data on 16 SPS-spectrum patients from a multicentre survey.",llm_v1_gpt4.1,2026-04-05T19:59:11.958768+00:00
1935,1935,Stiff limb syndrome: A rare variant of stiff person's syndrome,Lin B.; Sivakumar K.; Yacoub H.; Varrato J.; Walsh A.; Romano A.,2020,Neurology,Clinical manifestations,"Karlo Lizarraga (2021-10-14 05:39:17)(Select): Conference paper: https://n.neurology.org/content/94/15_Supplement/4487

Duplicate of:

Hosp Pract (1995). 2021 Aug 20;1-7. 
doi: 10.1080/21548331.2021.1961456. Online ahead of print.

""Stiff-person syndrome: an atypical presentation and a review of the literature""
PMID: 34313523 DOI: 10.1080/21548331.2021.1961456 ;",data/extraction_json/text/1935.json,data/extraction_json/text/1935.json,full_text,false,not_needed,single_case_report,case_report,high,1,true,false,false,individual,true,false,run_langextract_individual,,,,,,,,,,"This is a single case report, as it presents detailed clinical information about one individual patient with SLS, a variant of SPS. The text explicitly states it is a case report and provides individual-level data.",llm_v1_gpt4.1,2026-04-05T19:59:16.517402+00:00
1937,1937,Prevalence of neurological anti-gad autoimmunity in martinique,Duclos S.; Cabre P.; Deligny C.; Signate A.,2020,Neurology,Clinical manifestations,,data/extraction_json/text/1937.json,data/extraction_json/text/1937.json,full_text,false,,conference_abstract,group_conference_abstract,high,13,false,true,false,group,true,false,run_langextract_group,,,,,,,,,,"This is a conference abstract (published in a supplement, short format, and labeled as an abstract) reporting original group-level prevalence data for SPS-spectrum disorders in Martinique. It provides the number of SPS patients identified in their cohort.",llm_v1_gpt4.1,2026-04-05T19:59:21.278357+00:00
1938,1938,Stiff-person spectrum disorders can be highly underdiagnosed in Russia: A retrospective analysis,Seliverstov Y.; Melnik E.; Fominykh V.; Skalnaya A.; Brylev L.,2020,Neurology,Clinical manifestations,,data/extraction_json/text/1938.json,data/extraction_json/text/1938.json,full_text,false,,conference_abstract,group_conference_abstract,high,11,false,true,false,group,true,false,run_langextract_group,,,,,,,,,,"This is a conference abstract (published in a supplement, single page, and abstract format) reporting original group-level clinical data from 11 SPS-spectrum patients managed by the authors' group. The data are aggregated, not individual-level, but clearly original.",llm_v1_gpt4.1,2026-04-05T19:59:25.109709+00:00
1941,1941,The effect of clinical pilates-based physiotherapy program for a Stiff Person Syndrome patient: a case report,Belgen Kaygisiz B.; Coban F.; Selcuk F.,2020,Acta Neurologica Belgica,Treatment,,data/extraction_json/text/1941.json,data/extraction_json/text/1941.json,full_text,false,,single_case_report,case_report,high,1,true,false,false,individual,true,false,run_langextract_individual,,,,,,,,,,"This is a single case report, as indicated by the title, abstract, and full text, which all describe the evaluation and treatment of one SPS patient. The report provides individual-level clinical data and outcomes for this patient only.",llm_v1_gpt4.1,2026-04-05T19:59:44.879293+00:00
1943,1943,Amphiphysin-positive paraneoplastic myelitis and stiff-person syndrome,Faissner S.; Lukas C.; Reinacher-Schick A.; Tannapfel A.; Gold R.; Kleiter I.,2016,Neurology: Neuroimmunology and NeuroInflammation,Clinical manifestations; Electrophysiology,,data/extraction_json/text/1943.json,data/extraction_json/text/1943.json,full_text,false,,single_case_report,case_report,high,,false,false,false,individual,true,false,run_langextract_individual,,,,,,,,,,Manual review: Full clinical note describing one amphiphysin-positive paraneoplastic longitudinally extensive myelitis plus SPS case.,llm_v1_gpt4.1,2026-04-05T19:59:44.941532+00:00
1945,1945,Paraneoplastic Stiff Person Syndrome in Early-Stage Breast Cancer with Positive Anti-Amphiphysin Antibodies,Vacaras V.; Cucu E.E.; Radu R.; Muresanu D.F.,2020,Case Reports in Neurology,Clinical manifestations; Differential Diagnosis; Immunological - Lab tests,,data/extraction_json/text/1945.json,data/extraction_json/text/1945.json,full_text,false,,single_case_report,case_report,high,1,true,false,false,individual,true,false,run_langextract_individual,,,,,,,,,,"This is a single case report, as indicated by the structure, the explicit statement 'we present the case of a patient', and the detailed individual-level clinical data. No group-level or multiple patient data are present.",llm_v1_gpt4.1,2026-04-05T20:00:04.218072+00:00
1947,1947,AN INTERESTING PRESENTATION OF STIFF-PERSON SYNDROME,Lezama K.; Hudey S.; Glaum M.,2020,"Annals of Allergy, Asthma and Immunology",Clinical manifestations; Differential Diagnosis,"Karlo Lizarraga (2021-10-14 05:25:16)(Select): Conference paper with potential for data extraction:

https://www.annallergy.org/article/S1081-1206(20)30812-7/fulltext#relatedArticles;",data/extraction_json/text/1947.json,data/extraction_json/text_trimmed/1947.json,trimmed,true,trimmed_auto,conference_abstract,single_case_conference_abstract,high,,false,false,false,individual,true,false,run_langextract_individual,,,,,,,,,,Manual review: Conference abstract of one SPS case with angioedema and urticarial rash as an unusual presenting feature.,llm_v1_gpt4.1,2026-04-05T20:00:04.235943+00:00
1949,1949,Ocular Motor and Vestibular Characteristics of Antiglutamic Acid Decarboxylase-Associated Neurologic Disorders,Wang Y.; Tourkevich R.; Bosley J.; Gold D.R.; Newsome S.D.,2020,Journal of neuro-ophthalmology : the official journal of the North American Neuro-Ophthalmology Society,Clinical manifestations,Manfredi Carta (2023-07-23 20:18:57)(Select): incorrect pdf -> correct one uploaded;,data/extraction_json/text/1949.json,data/extraction_json/text/1949.json,full_text,false,,observational_group_study,retrospective_or_cohort_group_study,high,14,true,true,false,group,true,false,run_langextract_group,,,,,,,,,,"This is an observational group study reporting original clinical data on a cohort of patients with anti-GAD-associated SPS-spectrum disorders, including both SPS and CA phenotypes. The study provides both individual-level and group-level data, including tables and case vignettes. The SPS-spectrum patient count is estimated from the group described as having an SPS phenotype.",llm_v1_gpt4.1,2026-04-05T20:00:09.922911+00:00
1950,1950,Stiff-Person Syndrome Outpatient Rehabilitation: Case Report,Khan F.; Chevidikunnan M.F.; Almalki R.A.; Mirdad M.K.; Nimatallah K.A.; Al-Zahrani S.; Alshareef A.A.,2020,Journal of Neurosciences in Rural Practice,Clinical manifestations; Treatment,,data/extraction_json/text/1950.json,data/extraction_json/text/1950.json,full_text,false,,single_case_report,case_report,high,1,true,false,false,individual,true,false,run_langextract_individual,,,,,,,,,,"This is a classic single case report, as indicated by the title, structure, and detailed reporting of one patient's clinical course, intervention, and outcomes. No group-level or multi-patient data are presented.",llm_v1_gpt4.1,2026-04-05T20:00:28.913255+00:00
1954,1954,Defining the Expanding Clinical Spectrum of Pediatric-Onset Stiff Person Syndrome,Yeshokumar A.K.; Sun L.R.; Newsome S.D.,2021,Pediatric Neurology,Clinical manifestations,,data/extraction_json/text/1954.json,data/extraction_json/text/1954.json,full_text,false,,case_series_or_multi_case,case_series,high,15,true,true,true,individual_case_split,true,false,split_cases_then_langextract,,,,,,,,,,"This is a retrospective case series of 15 pediatric-onset SPS patients treated at a tertiary center, with original clinical, laboratory, and outcome data reported. Both group-level and individual-level data are present, and the cohort size is clearly specified.",llm_v1_gpt4.1,2026-04-05T20:00:48.107045+00:00
1957,1957,Progressive Encephalomyelitis With Rigidity and Myoclonus With Thymoma: A Case Report and Literature Review,Su Y.; Cui L.; Zhu M.; Liang Y.; Zhang Y.,2020,Frontiers in Neurology,Clinical manifestations; Electrophysiology; Treatment,,data/extraction_json/text/1957.json,data/extraction_json/text/1957.json,full_text,false,,single_case_report,case_report,high,1,true,false,false,individual,true,false,run_langextract_individual,,,,,,,,,,"This is a single case report, as indicated by the title, abstract, and the detailed case presentation of one patient. The remainder of the paper is a literature review and does not present additional original SPS-spectrum cases.",llm_v1_gpt4.1,2026-04-05T20:00:54.499706+00:00
1959,1959,Levodopa-responsive progressive encephalomyelitis with rigidity and myoclonus associated with glycine receptor antibodies,Sturchio A.; Gastaldi M.; Cariddi L.P.; Biacchi D.; Espay A.J.; Franciotta D.; Versino M.; Mauri M.,2021,Parkinsonism and Related Disorders,Clinical manifestations; Electrophysiology; Treatment,,data/extraction_json/text/1959.json,data/extraction_json/text/1959.json,full_text,false,,single_case_report,case_report,high,1,true,false,false,individual,true,false,run_langextract_individual,,,,,,,,,,"This is a single case report of a 41-year-old man with GlyR antibody-associated PERM syndrome, with detailed individual-level clinical data and no indication of additional original cases. The remainder of the paper discusses literature review and aggregated data from prior studies.",llm_v1_gpt4.1,2026-04-05T20:01:13.872135+00:00
1962,1962,McArdle Disease vs. Stiff-Person Syndrome: A Case Report Highlighting the Similarities Between Two Rare and Distinct Disorders,Godbe K.; Malaty G.; Wenzel A.; Nazeer S.; Grider D.J.; Kinsey A.,2020,Frontiers in Neurology,Clinical manifestations; Differential Diagnosis,,data/extraction_json/text/1962.json,data/extraction_json/text/1962.json,full_text,false,,single_case_report,case_report,high,1,true,false,false,individual,true,false,run_langextract_individual,,,,,,,,,,"This is a classic single case report, as indicated by the title, structure, and detailed narrative of one patient's clinical course, diagnostic workup, and treatment for SPS. There is no evidence of additional SPS patients or group-level data.",llm_v1_gpt4.1,2026-04-05T20:01:32.551027+00:00
1964,1964,Advanced Progression of Scoliosis after Intrathecal Baclofen in an Adult with Stiff Person Syndrome: A Case Report,Oh D.C.-S.; Rakesh N.; Lagrant B.; Sein M.,2020,A and A Practice,Clinical manifestations,"Benjamin Vlad (2023-06-23 01:20:07)(Select): Wrong full text, uploaded the right one;",data/extraction_json/text/1964.json,data/extraction_json/text/1964.json,full_text,false,,single_case_report,case_report,high,1,true,false,false,individual,true,false,run_langextract_individual,,,,,,,,,,"This is a classic single case report: the title, abstract, and body all focus on one adult patient with SPS. The report provides detailed individual-level clinical data, including history, diagnosis, treatment course, and outcomes. There is no evidence of additional SPS patients being reported.",llm_v1_gpt4.1,2026-04-05T20:01:37.215425+00:00
1968,1968,Subcutaneous immunoglobulin for maintenance therapy in stiff-person syndrome: One-year follow-up in two patients,Fileccia E.; Rinaldi R.; Minicuci G.M.; D'Angelo R.; Bartolomei L.; Liguori R.; Donadio V.,2020,Neuromuscular Disorders,Treatment,,data/extraction_json/text/1968.json,data/extraction_json/text/1968.json,full_text,false,,case_series_or_multi_case,case_series,high,2,true,false,true,individual_case_split,true,false,split_cases_then_langextract,,,,,,,,,,"This is a case series of two original SPS patients, with detailed individual-level clinical data, including diagnosis, treatment, and follow-up. The structure and content are consistent with a case series or multi-case report.",llm_v1_gpt4.1,2026-04-05T20:01:57.345788+00:00
197,197,Autoimmunity to gephyrin in Stiff-Man syndrome.,"Butler, M H; Hayashi, A; Ohkoshi, N; Villmann, C; Becker, C M; Feng, G; De Camilli, P; Solimena, M",2000,Neuron,Clinical manifestations; Immunological - Lab tests,,data/extraction_json/text/197.json,data/extraction_json/text/197.json,full_text,false,,single_case_report,case_report,high,1,true,false,false,individual,true,false,run_langextract_individual,,,,,,,,,,"This is a single case report focused on one patient (patient 861) with Stiff-Man syndrome, providing detailed clinical and laboratory data. There is no evidence of additional original SPS-spectrum patients in the paper.",llm_v1_gpt4.1,2026-04-05T20:02:16.964369+00:00
1971,1971,"""Rigid"" lower back pain: A case of stiff person syndrome",Aurore V.; Stephane G.,2020,Swiss Medical Weekly,Clinical manifestations,Karlo Lizarraga (2023-07-01 23:30:48)(Select): Abstract with potential for data extraction;,data/extraction_json/text/1971.json,data/extraction_json/text/1971.json,full_text,false,not_needed,single_case_report,case_report,high,1,true,false,false,individual,true,false,run_langextract_individual,,,,,,,,,,"This is a single case report, as evidenced by the detailed description of one patient's presentation, diagnosis, and treatment. There is no indication of additional original SPS-spectrum patients in the text.",llm_v1_gpt4.1,2026-04-05T20:02:21.363048+00:00
206,206,The clinical spectrum of anti-GAD antibody-positive patients with stiff-person syndrome.,"Dalakas, M C; Fujii, M; Li, M; McElroy, B",2000,Neurology,Clinical manifestations,,data/extraction_json/text/206.json,data/extraction_json/text/206.json,full_text,false,,observational_group_study,retrospective_or_cohort_group_study,high,20,true,true,false,group,true,false,run_langextract_group,,,,,,,,,,"This is an observational group study of 20 original SPS patients, selected based on anti-GAD antibody positivity, with detailed clinical and laboratory data reported. The study is not a review, case report, or conference abstract, and it provides both aggregate and some individual-level data.",llm_v1_gpt4.1,2026-04-05T20:02:26.165229+00:00
208,208,Stiff-person like syndrome in a patient with multiple pituitary hormone deficiencies.,"Chroni, E; Papadimitriou, A; Avramidis, T; Terentiou, A E; Tzioras, C; Divari, R",2000,Acta neurologica Scandinavica,,,data/extraction_json/text/208.json,data/extraction_json/text/208.json,full_text,false,,single_case_report,case_report,high,1,true,false,false,individual,true,false,run_langextract_individual,,,,,,,,,,"This is a classic single case report, as indicated by the structure, the explicit 'Case report' section, and the detailed individual-level clinical, laboratory, and treatment data for one patient. No group-level or multiple patient data are present.",llm_v1_gpt4.1,2026-04-05T20:02:44.424663+00:00
209,209,Cerebellar ataxia with anti-glutamic acid decarboxylase antibodies: study of 14 patients.,"Honnorat, J; Saiz, A; Giometto, B; Vincent, A; Brieva, L; de Andres, C; Maestre, J; Fabien, N; Vighetto, A; Casamitjana, R; Thivolet, C; Tavolato, B; Antoine, J; Trouillas, P; Graus, F",2001,Archives of neurology,,,data/extraction_json/text/209.json,data/extraction_json/text/209.json,full_text,false,,case_series_or_multi_case,case_series,high,14,true,true,true,individual_case_split,true,false,split_cases_then_langextract,,,,,,,,,,"This is a case series of 14 original patients with cerebellar ataxia and GAD antibodies, a recognized SPS-spectrum phenotype. The paper provides detailed clinical and immunological data for each patient, confirming original SPS-spectrum data and individual-level reporting.",llm_v1_gpt4.1,2026-04-05T20:03:03.908246+00:00
211,211,A case of stiff limb syndrome responsive to plasma exchange.,"Coles, A; Barker, R",2001,"Journal of neurology, neurosurgery, and psychiatry",Treatment,,data/extraction_json/text/211.json,data/extraction_json/text/211.json,full_text,false,,single_case_report,case_report,high,1,true,false,false,individual,true,false,run_langextract_individual,,,,,,,,,,"This is a single case report describing one patient with stiff limb syndrome (a variant of SPS), with detailed individual-level clinical data and no mention of additional cases. The structure and content are consistent with a case report.",llm_v1_gpt4.1,2026-04-05T20:03:07.476033+00:00
213,213,Focal stiff-person syndrome.,"Fiol, M; Cammarota, A; Rivero, A; Pardal, A; Nogues, M; Correale, J",2001,"Neurologia (Barcelona, Spain)",,Yasamin Mahjoub (2023-06-08 23:56:30)(Select): Requested through UCalgary Interlibrary Loan; Gustavo  Da Prat (2023-06-04 07:14:31)(Select): only abstract;,data/extraction_json/text/213.json,data/extraction_json/text_trimmed/213.json,trimmed,true,header_only_source,single_case_report,case_report,high,1,true,false,false,individual,true,false,run_langextract_individual,,,,,,,,,,"validator_flags=EVIDENCE_NO_PAGES | This is a single case report describing one patient with a focal form of stiff-person syndrome, as indicated by the language in the abstract and the absence of any mention of additional patients or group-level data.",llm_v1_gpt4.1,2026-04-05T20:03:14.570934+00:00
214,214,Plasma exchange in stiff-man syndrome.,"Shariatmadar, S; Noto, T A",2001,Therapeutic apheresis : official journal of the International Society for Apheresis and the Japanese Society for Apheresis,,,data/extraction_json/text/214.json,data/extraction_json/text/214.json,full_text,false,,case_series_or_multi_case,case_series,high,2,true,false,true,individual_case_split,true,false,split_cases_then_langextract,,,,,,,,,,"This is a case series describing two original SPS patients treated with plasma exchange. The text includes individual-level clinical data for both patients, confirming the source type and patient count.",llm_v1_gpt4.1,2026-04-05T20:03:33.819820+00:00
2175,2175,Treatment of progressive encephalomyelitis with rigidity and myoclonic jerks with rituximab: a case report.,"Saidha, S; Elamin, M; Mullins, G; Chaila, E; Tormey, V J; Hennessy, M J",2008,European journal of neurology,,,data/extraction_json/text/2175.json,data/extraction_json/text/2175.json,full_text,false,,single_case_report,case_report,high,1,true,false,false,individual,true,false,run_langextract_individual,,,,,,,,,,"This is a single case report, as indicated by the title and the detailed narrative of one patient's clinical course, laboratory findings, and treatment response. There is no evidence of additional SPS-spectrum patients being reported.",llm_v1_gpt4.1,2026-04-05T20:03:37.561836+00:00
219,219,Quality of life in stiff-person syndrome.,"Gerschlager, Willibald; Schrag, Anette; Brown, Peter",2002,Movement disorders : official journal of the Movement Disorder Society,,,data/extraction_json/text/219.json,data/extraction_json/text/219.json,full_text,false,,observational_group_study,retrospective_or_cohort_group_study,high,24,false,true,false,group,true,false,run_langextract_group,,,,,,,,,,"This is an observational group study of 24 original SPS patients, reporting aggregate clinical and quality of life data. There is no evidence of individual-level case descriptions, but the group-level data is original and extractable.",llm_v1_gpt4.1,2026-04-05T20:03:59.089470+00:00
22,22,Therapeutic trial of milacemide in patients with myoclonus and other intractable movement disorders.,"Gordon, M F; Diaz-Olivo, R; Hunt, A L; Fahn, S",1993,Movement disorders : official journal of the Movement Disorder Society,,Yasamin Mahjoub (2023-07-02 04:26:20)(Select): one case of SPS - minimal extractable data present; Yasamin Mahjoub (2023-07-02 04:24:43)(Select): uploaded it; Annu Aggarwal (2023-06-30 00:23:39)(Select): Full txt was not loaded;,data/extraction_json/text/22.json,data/extraction_json/text/22.json,full_text,false,,interventional_study,controlled_or_therapeutic_group_study,high,1,true,true,false,group,true,false,run_langextract_group,,,,,,,,,,"This is an interventional study (therapeutic trial) of milacemide in 10 patients with intractable movement disorders, including one with SPS. The paper provides both group-level and individual-level data, with a specific case description for the SPS patient. Only one original SPS-spectrum patient is included.",llm_v1_gpt4.1,2026-04-05T20:04:19.359603+00:00
220,220,Stiff-person syndrome associated with oral isotretinoin treatment.,"Chroni, E; Sakkis, Th; Georgiou, S; Monastirli, A; Pasmatzi, E; Paschalis, C; Tsambaos, D",2002,Neuromuscular disorders : NMD,,,data/extraction_json/text/220.json,data/extraction_json/text/220.json,full_text,false,,single_case_report,case_report,high,1,true,false,false,individual,true,false,run_langextract_individual,,,,,,,,,,"This is a classic single case report, as indicated by the structure, the explicit statement of 'we report a case', and the detailed individual-level clinical description. There is no evidence of additional SPS-spectrum patients.",llm_v1_gpt4.1,2026-04-05T20:04:23.392511+00:00
223,223,The stiff-person syndrome. Case report.,"Piovano, C; Piattelli, M; Spina, T; Iervese, G; Bosco, G",2002,Minerva anestesiologica,,,data/extraction_json/text/223.json,data/extraction_json/text/223.json,full_text,false,,single_case_report,case_report,high,1,true,false,false,individual,true,false,run_langextract_individual,,,,,,,,,,"This is a classic single case report: the title, structure, and content all focus on one patient with SPS. The paper provides individual-level clinical data and does not present group-level or aggregated data. There is no indication of additional cases.",llm_v1_gpt4.1,2026-04-05T20:04:42.132296+00:00
224,224,Specific phobia is a frequent non-motor feature in stiff man syndrome.,"Henningsen, P; Meinck, H-M",2003,"Journal of neurology, neurosurgery, and psychiatry",,,data/extraction_json/text/224.json,data/extraction_json/text/224.json,full_text,false,,observational_group_study,retrospective_or_cohort_group_study,high,43,false,true,false,group,true,false,run_langextract_group,,,,,,,,,,"This is an observational group study of 43 consecutive SPS-spectrum patients, with aggregate (group-level) data reported on phobia and other clinical features. There is no evidence of individual-level case descriptions, but the cohort is original and extractable.",llm_v1_gpt4.1,2026-04-05T20:04:48.234925+00:00
227,227,Spectrum of paraneoplastic neurologic disorders in women with breast and gynecologic cancer.,"Rojas-Marcos, Inigo; Rousseau, Audrey; Keime-Guibert, Florence; Rene, Ramon; Cartalat-Carel, Stephanie; Delattre, Jean Yves; Graus, Francesc",2003,Medicine,Review Article,,data/extraction_json/text/227.json,data/extraction_json/text/227.json,full_text,false,,observational_group_study,retrospective_or_cohort_group_study,high,1,true,true,false,group,true,false,run_langextract_group,,,,,,,,,,This is an observational group study reporting original clinical and immunologic data on 92 patients with paraneoplastic neurologic syndromes. The study includes both group-level statistics and individual-level details for some cases. Only one original SPS-spectrum patient is identified.,llm_v1_gpt4.1,2026-04-05T20:05:08.486962+00:00
228,228,Intrathecal baclofen for stiff-person syndrome: life-threatening intermittent catheter leakage.,"Bardutzky, J; Tronnier, V; Schwab, S; Meinck, H-M",2003,Neurology,,,data/extraction_json/text/228.json,data/extraction_json/text/228.json,full_text,false,,single_case_report,case_report,high,1,true,false,false,individual,true,false,run_langextract_individual,,,,,,,,,,"This is a single case report, as evidenced by the detailed description of one patient's clinical course, treatment, and outcome. There is no mention of additional original SPS cases, and the discussion references prior literature for other cases.",llm_v1_gpt4.1,2026-04-05T20:05:27.884551+00:00
229,229,Progressive encephalomyelitis with rigidity as refractory asthma.,"Kikuchi, N; Nomura, A; Ishii, Y; Sekizawa, K; Harada, H; Ishii, K; Wada, T",2003,Thorax,,,data/extraction_json/text/229.json,data/extraction_json/text/229.json,full_text,false,,single_case_report,case_report,high,1,true,false,false,individual,true,false,run_langextract_individual,,,,,,,,,,"This is a single case report of a patient with PER, a variant of stiff-person syndrome, with individual-level clinical data provided. There is no evidence of additional SPS-spectrum patients or group-level data.",llm_v1_gpt4.1,2026-04-05T20:05:47.341504+00:00
23,23,Stiff-man syndrome treated with intrathecal baclofen.,"Penn, R D; Mangieri, E A",1993,Neurology,Treatment,,data/extraction_json/text/23.json,data/extraction_json/text/23.json,full_text,false,,case_series_or_multi_case,case_series,high,2,true,false,true,individual_case_split,true,false,split_cases_then_langextract,,,,,,,,,,"This is a case series reporting on two original SPS patients, with detailed individual-level clinical data for each. The structure and content are consistent with a case series or multi-case report.",llm_v1_gpt4.1,2026-04-05T20:05:50.862534+00:00
231,231,Stiff person syndrome and anesthesia: case report.,"Bouw, Jans; Leendertse, Karin; Tijssen, Marina A J; Dzoljic, Misa",2003,Anesthesia and analgesia,,Manfredi Carta (2023-06-25 00:07:22)(Select): incorrect full  text -> removed;,data/extraction_json/text/231.json,data/extraction_json/text/231.json,full_text,false,,single_case_report,case_report,high,1,true,false,false,individual,true,false,run_langextract_individual,,,,,,,,,,"This is a single case report, as indicated by the title and the detailed, individualized clinical narrative of one SPS patient. There is no evidence of additional SPS patients or group-level data.",llm_v1_gpt4.1,2026-04-05T20:05:56.111801+00:00
2318,2318,Progressive encephalomyelitis with rigidity and myoclonus: resolution after thymectomy.,"Clerinx, K; Breban, T; Schrooten, M; Leite, M I; Vincent, A; Verschakelen, J; Tousseyn, T; Vandenberghe, W",2011,Neurology,,,data/extraction_json/text/2318.json,data/extraction_json/text/2318.json,full_text,false,,single_case_report,case_report,high,,false,false,false,individual,true,false,run_langextract_individual,,,,,,,,,,Manual review: Clinical note of one PERM case with thymoma resolving after thymectomy.,llm_v1_gpt4.1,2026-04-05T20:05:56.173418+00:00
232,232,Neuropathology and binding studies in anti-amphiphysin-associated stiff-person syndrome.,"Wessig, C; Klein, R; Schneider, M F; Toyka, K V; Naumann, M; Sommer, C",2003,Neurology,,,data/extraction_json/text/232.json,data/extraction_json/text/232.json,full_text,false,,single_case_report,case_report,high,1,true,false,false,individual,true,false,run_langextract_individual,,,,,,,,,,"This is a classic single case report: it provides a detailed narrative of one patient's clinical presentation, diagnostic workup, treatment, and postmortem findings. There is no evidence of additional original SPS-spectrum patients in the text.",llm_v1_gpt4.1,2026-04-05T20:06:15.743642+00:00
233,233,Head retraction reflex in stiff-man syndrome and related disorders.,"Berger, Christian; Meinck, Hans-Michael",2003,Movement disorders : official journal of the Movement Disorder Society,Electrophysiology,,data/extraction_json/text/233.json,data/extraction_json/text/233.json,full_text,false,,observational_group_study,retrospective_or_cohort_group_study,high,50,false,true,false,group,true,false,run_langextract_group,,,,,,,,,,"This is an observational group study reporting original clinical and electrophysiological data on a cohort of 50 SPS-spectrum patients (SMS, SLS, PERM). The data are presented in aggregate, not as individual case reports.",llm_v1_gpt4.1,2026-04-05T20:06:35.427064+00:00
2346,2346,Thymoma-associated progressive encephalomyelitis with rigidity and myoclonus successfully treated with thymectomy and intravenous immunoglobulin.,"Uehara, Taira; Murai, Hiroyuki; Yamasaki, Ryo; Kikuchi, Hitoshi; Shigeto, Hiroshi; Ohyagi, Yasumasa; Kira, Jun-Ichi",2011,European neurology,,,data/extraction_json/text/2346.json,data/extraction_json/text/2346.json,full_text,false,,single_case_report,case_report,high,,false,false,false,individual,true,false,run_langextract_individual,,,,,,,,,,Manual review: Letter describing one thymoma-associated PERM case successfully treated with thymectomy and IVIG.,llm_v1_gpt4.1,2026-04-05T20:06:35.489959+00:00
2357,2357,Variant form of stiff-man syndrome with neck pain: report of a case treated with muscle afferent block.,"Mori, Y; Kawai, K; Morishige, Y; Uchida, K; Yamamoto, T; Sakabe, T; Kawai, M",2000,Journal of anesthesia,,,data/extraction_json/text/2357.json,data/extraction_json/text/2357.json,full_text,false,,single_case_report,case_report,high,1,true,false,false,individual,true,false,run_langextract_individual,,,,,,,,,,"This is a single case report, as indicated by the title and the detailed, individualized clinical narrative focused on one patient with a variant form of stiff-man syndrome. The report includes original clinical data and treatment outcomes for this individual.",llm_v1_gpt4.1,2026-04-05T20:06:39.633698+00:00
2370,2370,A patient with atypical stiff-person syndrome: an electrophysiological study.,"Picciolo, G; Quartarone, A; Battaglia, F; Majorana, G; Rizzo, V; Bagnato, S; Girlanda, P; Messina, C",2001,Journal of clinical neuromuscular disease,Electrophysiology,Benjamin Vlad (2023-06-29 06:04:29)(Select): uploaded the right one; Benjamin Vlad (2023-06-26 02:31:05)(Select): wrong full text;,data/extraction_json/text/2370.json,data/extraction_json/text/2370.json,full_text,false,,single_case_report,case_report,high,1,true,false,false,individual,true,false,run_langextract_individual,,,,,,,,,,"This is a single case report, as indicated by the detailed description of one patient's clinical course and the use of singular language throughout. The paper provides original SPS-spectrum data for this individual.",llm_v1_gpt4.1,2026-04-05T20:07:00.187561+00:00
2371,2371,"Stiffness, spasticity, or both: a case report of stiff-person syndrome.","Li, Jun; Bromberg, Mark B",2002,Journal of clinical neuromuscular disease,,,data/extraction_json/text/2371.json,data/extraction_json/text/2371.json,full_text,false,,single_case_report,case_report,high,1,true,false,false,individual,true,false,run_langextract_individual,,,,,,,,,,"This is a classic single case report: the title, abstract, and main text all focus on one patient with SPS, providing individual-level clinical data and outcome. The remainder of the paper reviews prior literature and pathophysiology, but does not present additional original cases.",llm_v1_gpt4.1,2026-04-05T20:07:04.575300+00:00
238,238,Humoral and cellular autoimmune responses in stiff person syndrome.,"Lohmann, Tobias; Londei, Marco; Hawa, Mohammed; Leslie, R David G",2003,Annals of the New York Academy of Sciences,Clinical manifestations; Immunological - Lab tests,,data/extraction_json/text/238.json,data/extraction_json/text/238.json,full_text,false,,review_article,review,high,,false,false,false,skip,false,false,skip_langextract,,,,,,,,,,Manual review: Summary/synthesis style discussion of prior humoral and cellular immune findings rather than a new case-level dataset.,llm_v1_gpt4.1,2026-04-05T20:07:04.585885+00:00
2381,2381,Stiff limb syndrome: a case report.,"Hajjioui, Abderrazak; Benbouazza, Karima; Faris, Mohamed El Alaoui; Missaoui, Amina; Hassouni, Najia Hajjaj",2010,Cases journal,,,data/extraction_json/text/2381.json,data/extraction_json/text/2381.json,full_text,false,,single_case_report,case_report,high,1,true,false,false,individual,true,false,run_langextract_individual,,,,,,,,,,"This is a classic single case report, as indicated by the title, structure, and detailed individual-level clinical data for one patient with stiff limb syndrome. No group-level or additional patient data are presented.",llm_v1_gpt4.1,2026-04-05T20:07:23.231663+00:00
2383,2383,Stiff person syndrome presenting with sudden onset of shortness of breath and difficulty moving the right arm: a case report.,"Goodson, Bradley; Martin, Kate; Hunt, Thomas",2010,Journal of medical case reports,,,data/extraction_json/text/2383.json,data/extraction_json/text/2383.json,full_text,false,,single_case_report,case_report,high,1,true,false,false,individual,true,false,run_langextract_individual,,,,,,,,,,"This is a classic single case report, as indicated by the title, structure, and detailed individual-level clinical narrative. The entire report focuses on one patient, with no evidence of additional original SPS cases.",llm_v1_gpt4.1,2026-04-05T20:07:29.603503+00:00
2384,2384,Stiff man syndrome and anaesthetic considerations: successful management using combined spinal epidural anaesthesia.,"Shanthanna, Harsha",2010,"Journal of anaesthesiology, clinical pharmacology",,,data/extraction_json/text/2384.json,data/extraction_json/text/2384.json,full_text,false,,single_case_report,case_report,high,1,true,false,false,individual,true,false,run_langextract_individual,,,,,,,,,,"This is a single case report, as evidenced by the detailed description of one patient's history, diagnosis, management, and outcome. The rest of the paper discusses prior literature and anesthetic considerations, but only one original SPS-spectrum patient is reported.",llm_v1_gpt4.1,2026-04-05T20:07:48.491225+00:00
2389,2389,Childhood stiff-person syndrome improved with rituximab.,"Fekete, R; Jankovic, J",2012,Case reports in neurology,,,data/extraction_json/text/2389.json,data/extraction_json/text/2389.json,full_text,false,,single_case_report,case_report,high,1,true,false,false,individual,true,false,run_langextract_individual,,,,,,,,,,"This is a single case report, as indicated by the explicit case description and the structure of the paper. The only original SPS-spectrum patient data is from the described child; all other cases are from a literature review.",llm_v1_gpt4.1,2026-04-05T20:07:52.271915+00:00
239,239,Clinically disparate stiff-person syndrome with GAD65 autoantibody in a father and daughter.,"Burns, T M; Jones, H R; Phillips, L H 2nd; Bugawan, T L; Erlich, H A; Lennon, V A",2003,Neurology,,,data/extraction_json/text/239.json,data/extraction_json/text/239.json,full_text,false,,case_series_or_multi_case,case_series,high,2,true,false,true,individual_case_split,true,false,split_cases_then_langextract,,,,,,,,,,"This is a case series describing two related patients (father and daughter) with SPS and GAD65 antibodies. Both cases are described in detail with individual clinical data, fulfilling criteria for a case series or multi-case report. No evidence of additional original SPS-spectrum patients is present.",llm_v1_gpt4.1,2026-04-05T20:08:12.613482+00:00
241,241,Anti-GAD antibody positive stiff-limb syndrome in multiple myeloma.,"Schiff, David; Dalmau, Josep; Myers, Delynne J",2003,Journal of neuro-oncology,,,data/extraction_json/text/241.json,data/extraction_json/text/241.json,full_text,false,,single_case_report,case_report,high,1,true,false,false,individual,true,false,run_langextract_individual,,,,,,,,,,"This is a classic single case report: the entire clinical content is focused on one patient, with individual-level detail and no mention of additional original cases. The structure and language confirm it is not a review or group study.",llm_v1_gpt4.1,2026-04-05T20:08:16.761379+00:00
242,242,Levetiracetam improves paroxysmal symptoms in a patient with stiff-person syndrome.,"Ruegg, Stephan J; Steck, Andreas J; Fuhr, Peter",2004,Neurology,,,data/extraction_json/text/242.json,data/extraction_json/text/242.json,full_text,false,,unclear_manual_review,unclear,low,0,false,false,false,manual_review,false,true,review_source_category,,,,,,,,,,"The extracted text does not match the title or topic of the paper in question. None of the included clinical notes discuss stiff-person syndrome or levetiracetam. As a result, classification and case count are not possible without the correct article content.",llm_v1_gpt4.1,2026-04-05T20:08:36.306902+00:00
243,243,Rhabdomyolysis and paraneoplastic stiff-man syndrome with amphiphysin autoimmunity.,"Petzold, Gabor C; Marcucci, Melissa; Butler, Margaret H; van Landeghem, Frank K H; Einhaupl, Karl M; Solimena, Michele; Valdueza, Jose M; De Camilli, Pietro",2004,Annals of neurology,,,data/extraction_json/text/243.json,data/extraction_json/text/243.json,full_text,false,,single_case_report,case_report,high,,false,false,false,individual,true,false,run_langextract_individual,,,,,,,,,,Manual review: Single paraneoplastic SPS case with rhabdomyolysis and treatment response.,llm_v1_gpt4.1,2026-04-05T20:08:36.376874+00:00
2442,2442,Supranuclear gaze palsy in glycine receptor antibody-positive progressive encephalomyelitis with rigidity and myoclonus.,"Peeters, Elke; Vanacker, Peter; Woodhall, Mark; Vincent, Angela; Schrooten, Maarten; Vandenberghe, Wim",2012,Movement disorders : official journal of the Movement Disorder Society,,,data/extraction_json/text/2442.json,data/extraction_json/text/2442.json,full_text,false,,single_case_report,case_report,high,,false,false,false,individual,true,false,run_langextract_individual,,,,,,,,,,Manual review: Clinical note describing one GlyR-antibody-positive PERM case with supranuclear gaze palsy.,llm_v1_gpt4.1,2026-04-05T20:08:36.389991+00:00
2461,2461,Anti-glycine receptor antibody mediated progressive encephalomyelitis with rigidity and myoclonus associated with breast cancer.,"De Blauwe, Sofie N; Santens, Patrick; Vanopdenbosch, Ludo J",2013,Case reports in neurological medicine,,,data/extraction_json/text/2461.json,data/extraction_json/text/2461.json,full_text,false,,single_case_report,case_report,high,1,true,false,false,individual,true,false,run_langextract_individual,,,,,,,,,,"This is a classic single case report, as indicated by the title, structure, and detailed individual patient description. The paper does not present group-level data or additional cases.",llm_v1_gpt4.1,2026-04-05T20:08:43.886279+00:00
2467,2467,Stiff-person syndrome: case series.,"Jung, Yu Jin; Jeong, Han G; Kim, Ryul; Kim, Han-Joon; Jeon, Beom S",2014,Journal of movement disorders,,,data/extraction_json/text/2467.json,data/extraction_json/text/2467.json,full_text,false,,case_series_or_multi_case,case_series,high,3,true,false,true,individual_case_split,true,false,split_cases_then_langextract,,,,,,,,,,"This is a case series describing three original SPS patients, each with individual-level clinical data, antibody confirmation, and treatment response. The structure and content match the definition of a case series or multi-case report.",llm_v1_gpt4.1,2026-04-05T20:09:02.879733+00:00
247,247,Stiff-person syndromes: motor cortex hyperexcitability correlates with anti-GAD autoimmunity.,"Koerner, Claudia; Wieland, Bettina; Richter, Wiltrud; Meinck, Hans-Michael",2004,Neurology,Electrophysiology,,data/extraction_json/text/247.json,data/extraction_json/text/247.json,full_text,false,,observational_group_study,retrospective_or_cohort_group_study,high,21,true,true,false,group,true,false,run_langextract_group,,,,,,,,,,"This is an observational group study of 21 original SPS-spectrum patients (SPS and PER), with both aggregate and individual-level clinical and laboratory data presented. The study investigates neurophysiological parameters and their correlation with GAD autoimmunity.",llm_v1_gpt4.1,2026-04-05T20:09:22.675049+00:00
2472,2472,Stiff man syndrome: a diagnostic dilemma in a young female with diabetes mellitus and thyroiditis.,"Enuh, Hilary; Park, Michael; Ghodasara, Arjun; Arsura, Edward; Nfonoyim, Jay",2014,Clinical medicine insights. Case reports,,,data/extraction_json/text/2472.json,data/extraction_json/text/2472.json,full_text,false,,single_case_report,case_report,high,1,true,false,false,individual,true,false,run_langextract_individual,,,,,,,,,,"This is a classic single case report, as indicated by the detailed narrative of one patient's presentation, diagnostic workup, and treatment. The article is published in a case report journal and explicitly states it is a case report. No group or series data are presented.",llm_v1_gpt4.1,2026-04-05T20:09:27.481580+00:00
2479,2479,"Stiff Person Syndrome: A Rare Neurological Disorder, Heterogeneous in Clinical Presentation and Not Easy to Treat.","Buechner, Susanne; Florio, Igor; Capone, Loredana",2015,Case reports in neurological medicine,Clinical manifestations; Review Article; Treatment,,data/extraction_json/text/2479.json,data/extraction_json/text/2479.json,full_text,false,,case_series_or_multi_case,case_series,high,3,true,false,true,individual_case_split,true,false,split_cases_then_langextract,,,,,,,,,,"This is a case series describing three original SPS-spectrum patients, each with individualized clinical data. The structure, content, and explicit mention of three cases confirm this classification.",llm_v1_gpt4.1,2026-04-05T20:09:47.154724+00:00
248,248,"Paraneoplastic ""stiff person syndrome"" with metastatic adenocarcinoma and anti-Ri antibodies.","McCabe, D J H; Turner, N C; Chao, D; Leff, A; Gregson, N A; Womersley, H J; Mak, I; Perkin, G D; Schapira, A H V",2004,Neurology,Clinical manifestations; Immunological - Lab tests,,data/extraction_json/text/248.json,data/extraction_json/text/248.json,full_text,false,,single_case_report,case_report,high,1,true,false,false,individual,true,false,run_langextract_individual,,,,,,,,,,"This is a single case report, as it provides a detailed narrative of one patient's presentation, diagnostic workup, and management. There is no evidence of additional original SPS-spectrum patients in the text.",llm_v1_gpt4.1,2026-04-05T20:10:05.949184+00:00
2495,2495,Lockjaw in stiff-person syndrome with autoantibodies against glycine receptors.,"Doppler, Kathrin; Schleyer, Barbara; Geis, Christian; Grunewald, Benedikt; Putz, Evelyn; Villmann, Carmen; Sommer, Claudia",2016,Neurology(R) neuroimmunology & neuroinflammation,,,data/extraction_json/text/2495.json,data/extraction_json/text/2495.json,full_text,false,,single_case_report,case_report,high,,false,false,false,individual,true,false,run_langextract_individual,,,,,,,,,,Manual review: Full clinical note of one glycine-receptor-antibody-associated SPS case presenting with recurrent lockjaw responsive to plasmapheresis.,llm_v1_gpt4.1,2026-04-05T20:10:05.978563+00:00
25,25,Identification of a dominant epitope of glutamic acid decarboxylase (GAD-65) recognized by autoantibodies in stiff-man syndrome.,"Butler, M H; Solimena, M; Dirkx, R Jr; Hayday, A; De Camilli, P",1993,The Journal of experimental medicine,Immunological - Lab tests,,data/extraction_json/text/25.json,data/extraction_json/text/25.json,full_text,false,,lab_heavy_clinical_or_translational,group_or_frequency_focused_lab_clinical_study,high,,false,false,false,group,true,false,run_langextract_group,,,,,,,,,,Manual review: Humoral epitope profiling across SMS sera; clinically relevant but not a case-level source.,llm_v1_gpt4.1,2026-04-05T20:10:05.990360+00:00
2500,2500,Clinical Spectrum of Stiff Person Syndrome: A Review of Recent Reports.,"Sarva, Harini; Deik, Andres; Ullah, Aman; Severt, William L",2016,"Tremor and other hyperkinetic movements (New York, N.Y.)",Clinical manifestations,,data/extraction_json/text/2500.json,data/extraction_json/text_trimmed/2500.json,trimmed,true,trimmed_auto,review_article,review,high,0,false,false,false,skip,false,false,skip_langextract,,,,,,,,,,"The article is explicitly described as a review of recent reports, compiling and analyzing previously published SPS-spectrum cases. There is no evidence of original patient data collection or reporting by the authors.",llm_v1_gpt4.1,2026-04-05T20:10:10.284969+00:00
2514,2514,Stiff-Person Syndrome and Graves' Disease: A Pediatric Case Report.,"Medeiros, Lais Moreira; Morais, Thulio Carvalho; Primo, Arlete Esteves Lopes; Speltri, Valeria Casella; Rocha, Maria Sheila Guimaraes",2016,Child neurology open,Clinical manifestations,,data/extraction_json/text/2514.json,data/extraction_json/text/2514.json,full_text,false,,single_case_report,case_report,high,1,true,false,false,individual,true,false,run_langextract_individual,,,,,,,,,,"This is a single case report, as evidenced by the detailed narrative of one pediatric patient's presentation, diagnosis, and treatment for stiff-person syndrome associated with Graves' disease. No other SPS-spectrum patients are described.",llm_v1_gpt4.1,2026-04-05T20:10:14.072327+00:00
252,252,The spectrum of antineuronal autoantibodies in a series of neurological patients.,"Vianello, M; Vitaliani, R; Pezzani, R; Nicolao, P; Betterle, C; Keir, G; Thompson, E J; Tavolato, B; Scaravilli, F; Giometto, B",2004,Journal of the neurological sciences,,,data/extraction_json/text/252.json,data/extraction_json/text/252.json,full_text,false,,observational_group_study,retrospective_or_cohort_group_study,high,18,false,true,false,group,true,false,run_langextract_group,,,,,,,,,,"This is an observational group study that reviews 882 patients, including a subgroup of 18 with Stiff-Person syndrome. The study reports group-level data on antibody findings in these SPS patients, with no individual-level case descriptions. The SPS patient count is clearly stated in the methods and results.",llm_v1_gpt4.1,2026-04-05T20:10:33.406343+00:00
256,256,Stiff person syndrome does not always occur with maternal passive transfer of GAD65 antibodies.,"Nemni, R; Caniatti, L M; Gironi, M; Bazzigaluppi, E; De Grandis, D",2004,Neurology,,,data/extraction_json/text/256.json,data/extraction_json/text/256.json,full_text,false,,single_case_report,case_report,high,1,true,false,false,individual,true,false,run_langextract_individual,,,,,,,,,,"This is a single case report focusing on one woman with SPS, describing her clinical course and the presence of anti-GAD65 antibodies in her and her two children. The children are not SPS-spectrum cases, as they did not develop SPS or related symptoms. The paper contains original, individual-level clinical data for the mother only.",llm_v1_gpt4.1,2026-04-05T20:10:41.620177+00:00
258,258,Anti-glutamic acid decarboxylase antibodies in the serum and cerebrospinal fluid of patients with stiff-person syndrome: correlation with clinical severity.,"Rakocevic, Goran; Raju, Raghavanpillai; Dalakas, Marinos C",2004,Archives of neurology,Clinical manifestations,,data/extraction_json/text/258.json,data/extraction_json/text/258.json,full_text,false,,observational_group_study,retrospective_or_cohort_group_study,high,16,true,true,false,group,true,false,run_langextract_group,,,,,,,,,,"This is an observational group study of 16 original SPS patients, with both group-level and individual-level data reported (e.g., demographic breakdown, clinical scores, and antibody titers). The study is not a review, case report, or basic science paper, and it provides original clinical data on SPS-spectrum patients.",llm_v1_gpt4.1,2026-04-05T20:11:02.083375+00:00
259,259,Stiff-person syndrome following West Nile fever.,"Hassin-Baer, Sharon; Kirson, Eilon D; Shulman, Lester; Buchman, Aron S; Bin, Hanna; Hindiyeh, Musa; Markevich, Lea; Mendelson, Ella",2004,Archives of neurology,,,data/extraction_json/text/259.json,data/extraction_json/text/259.json,full_text,false,,single_case_report,case_report,high,1,true,false,false,individual,true,false,run_langextract_individual,,,,,,,,,,"This is a classic single case report, as indicated by the explicit description of one patient's clinical course, laboratory findings, and treatment. The design is stated as 'a case report,' and no other SPS-spectrum patients are described.",llm_v1_gpt4.1,2026-04-05T20:11:20.750321+00:00
2592,2592,Therapeutic considerations in a case of progressive encephalomyelitis with rigidity and myoclonus.,"Gluck, Lauren; Hernandez, Amanda L; Wesley, Sarah F; Fulbright, Robert K; Longbrake, Erin E; Stathopoulos, Panos",2020,Journal of the neurological sciences,Treatment,,data/extraction_json/text/2592.json,data/extraction_json/text/2592.json,full_text,false,,single_case_report,case_report,high,1,true,false,false,individual,true,false,run_langextract_individual,,,,,,,,,,"This is a single case report, as evidenced by the detailed narrative of one patient's clinical course, diagnostic workup, and treatment. There is no indication of additional patients or group-level data.",llm_v1_gpt4.1,2026-04-05T20:11:24.237949+00:00
2601,2601,Progressive Encephalomyelitis with Rigidity and Myoclonus in an Intellectually Disabled Patient Mimicking Neuroleptic Malignant Syndrome.,"Xu, Zheyu; Prasad, Kalpana; Yeo, Tianrong",2017,Journal of movement disorders,,,data/extraction_json/text/2601.json,data/extraction_json/text/2601.json,full_text,false,,single_case_report,case_report,high,1,true,false,false,individual,true,false,run_langextract_individual,,,,,,,,,,"This is a single case report, as indicated by the structure and explicit language in both the abstract and main text, describing the clinical course, diagnosis, and management of one patient with PERM. No group-level or additional individual cases are reported.",llm_v1_gpt4.1,2026-04-05T20:11:30.120270+00:00
2606,2606,Evaluation of Treatment Outcomes in Patients with Stiff Person Syndrome with Rituximab vs. Standard of Care.,"Rineer, Stephen; Fretwell, Timothy",2017,Cureus,,,data/extraction_json/text/2606.json,data/extraction_json/text/2606.json,full_text,false,,review_article,review,high,0,false,false,false,skip,false,false,skip_langextract,,,,,,,,,,"Despite the inclusion of a detailed table summarizing nine SPS cases treated with rituximab, all cases are explicitly cited as coming from prior case reports and studies. The paper synthesizes existing literature and does not present any new, original SPS-spectrum patient data.",llm_v1_gpt4.1,2026-04-05T20:11:49.034634+00:00
261,261,Pregnancy in stiff-limb syndrome.,"Weatherby, Stuart J M; Woolner, Philippa; Clarke, Carl E",2004,Movement disorders : official journal of the Movement Disorder Society,Clinical manifestations,,data/extraction_json/text/261.json,data/extraction_json/text/261.json,full_text,false,,single_case_report,case_report,high,1,true,false,false,individual,true,false,run_langextract_individual,,,,,,,,,,"validator_flags=EVIDENCE_NO_PAGES | This is a single case report describing the clinical course of one woman with stiff-limb syndrome during pregnancy. The language and structure are consistent with a case report, and there is no indication of additional patients.",llm_v1_gpt4.1,2026-04-05T20:12:07.875966+00:00
2610,2610,Why It Is Not Always Anxiety: A Tough Diagnosis of Stiff Person Syndrome.,"Cervantes, Carmen Elena; Lee Lau, Hsien; Binazir, Tina Ataian; O'Brien, Keith O; Cross, Jonathan S",2017,Case reports in neurological medicine,,,data/extraction_json/text/2610.json,data/extraction_json/text/2610.json,full_text,false,,single_case_report,case_report,high,1,true,false,false,individual,true,false,run_langextract_individual,,,,,,,,,,"This is a classic single case report, as indicated by the structure, the explicit mention of 'we report the case of a 30-year-old female,' and the detailed individual-level clinical data. No group-level or multiple patient data are present.",llm_v1_gpt4.1,2026-04-05T20:12:11.738156+00:00
2615,2615,"Difficult to Treat Focal, Stiff Person Syndrome of the Left Upper Extremity.","Esplin, Nathan E; Stelzer, John W; Legare, Timothy B; Ali, Sayed K",2017,Case reports in neurological medicine,Clinical manifestations; Electrophysiology; Immunological - Lab tests,,data/extraction_json/text/2615.json,data/extraction_json/text/2615.json,full_text,false,,single_case_report,case_report,high,1,true,false,false,individual,true,false,run_langextract_individual,,,,,,,,,,"This is a single case report, as indicated by the structure, title, and content, which focus exclusively on one patient's clinical course with focal SPS. The report provides individual-level data and does not aggregate or discuss a cohort.",llm_v1_gpt4.1,2026-04-05T20:12:32.668022+00:00
2616,2616,The Stiff People: Two Rare Cases of Stiff-person Syndrome.,"Siddiqui, Muhammad Z; Tohid, Hassaan; Brown, Rebecca; Qazi, Samia",2017,Cureus,,,data/extraction_json/text/2616.json,data/extraction_json/text/2616.json,full_text,false,,case_series_or_multi_case,case_series,high,2,true,false,true,individual_case_split,true,false,split_cases_then_langextract,,,,,,,,,,"This article is a case series describing two original SPS patients, with individual-level clinical data provided for each. The structure and content match the definition of a case series or multi-case report.",llm_v1_gpt4.1,2026-04-05T20:12:37.116532+00:00
2617,2617,Paraneoplastic Stiff Person Syndrome Secondary to Pancreatic Adenocarcinoma.,"Yong, Stephanie Yu Shan; Teo, Jin Yao; Yong, Kok Pin; Goh, Brian K P",2018,Journal of gastrointestinal surgery : official journal of the Society for Surgery of the Alimentary Tract,,,data/extraction_json/text/2617.json,data/extraction_json/text/2617.json,full_text,false,,single_case_report,case_report,high,,false,false,false,individual,true,false,run_langextract_individual,,,,,,,,,,Manual review: Full case report of paraneoplastic SPS secondary to pancreatic adenocarcinoma with symptom course paralleling tumor status.,llm_v1_gpt4.1,2026-04-05T20:12:37.182587+00:00
263,263,Primary hypothalamic lymphoma with panhypopituitarism presenting as stiff-man syndrome.,"Lee, May-Tze; Lee, Ting-I; Won, Justin Ging-Shing; Chau, Wing-Keung; Yang, Hong-Jye; Li, Jer-Chuan; Lin, Hong-Da; Tang, Kam-Tsun",2004,The American journal of the medical sciences,Clinical manifestations,,data/extraction_json/text/263.json,data/extraction_json/text/263.json,full_text,false,,unclear_manual_review,unclear,high,,false,false,false,manual_review,false,false,review_source_category,,,,,,,,,,Manual review: Incorrect reference: the attached PDF belongs to Covidence 799 and no correct local source has been found for the hypothalamic lymphoma case report.,llm_v1_gpt4.1,2026-04-05T20:12:37.197058+00:00
2631,2631,Inpatient care for stiff person syndrome in the United States: a nationwide readmission study.,"Crispo, James A G; Thibault, Dylan P; Fortin, Yannick; Willis, Allison W",2018,Journal of clinical movement disorders,,,data/extraction_json/text/2631.json,data/extraction_json/text/2631.json,full_text,false,,observational_group_study,retrospective_or_cohort_group_study,high,,false,false,false,group,true,false,run_langextract_group,,,,,,,,,,Manual review: National administrative group study of SPS hospitalizations and 30-day readmissions in the United States.,llm_v1_gpt4.1,2026-04-05T20:12:37.210117+00:00
264,264,Hyperekplexia and stiff-man syndrome: abnormal brainstem reflexes suggest a physiological relationship.,"Khasani, S; Becker, K; Meinck, H-M",2004,"Journal of neurology, neurosurgery, and psychiatry",,,data/extraction_json/text/264.json,data/extraction_json/text/264.json,full_text,false,,observational_group_study,retrospective_or_cohort_group_study,high,,false,false,false,group,true,false,run_langextract_group,,,,,,,,,,Manual review: Group neurophysiology study spanning multiple hyperekplexia and SMS patients plus controls.,llm_v1_gpt4.1,2026-04-05T20:12:37.223824+00:00
2646,2646,Anti-glutamate Dehydrogenase Antibody Positive Cerebellar Ataxia and Stiff Person Syndrome Responding to Dual Treatment with Steroids and Intravenous Immunoglobulin: A Case Presentation and Literature Review.,"Yilmaz, Furkan M; Little, Dena; Gallagher, Micheal; Colcher, Amy",2019,Cureus,Treatment,,data/extraction_json/text/2646.json,data/extraction_json/text/2646.json,full_text,false,,single_case_report,case_report,high,1,true,false,false,individual,true,false,run_langextract_individual,,,,,,,,,,"This is a single case report, as indicated by the title, abstract, and detailed case presentation of one patient. The remainder of the paper is a literature review and discussion, with no additional original SPS-spectrum cases reported.",llm_v1_gpt4.1,2026-04-05T20:12:57.503014+00:00
2655,2655,Utility of Botulinum Injections in Stiff-Person Syndrome.,"Conners, L M; Betcher, A; Shahinian, A; Janda, P",2019,Case reports in neurological medicine,,,data/extraction_json/text/2655.json,data/extraction_json/text/2655.json,full_text,false,,single_case_report,case_report,high,1,true,false,false,individual,true,false,run_langextract_individual,,,,,,,,,,"This is a single case report, as indicated by the explicit section heading 'Case Report' and the detailed description of one patient's clinical course. The remainder of the paper is a review of the literature, not original data.",llm_v1_gpt4.1,2026-04-05T20:13:17.081056+00:00
2658,2658,"A Case of Anti-glutamic Acid Decarboxylase-65 Antibody Positive Stiff Person Syndrome Presenting Initially as Acute Peripheral Vestibulopathy, Leading to Delayed Diagnosis After Multiple Hospitalizations.","Nene, Yash; Mehta, Tejas; Pawar, Sanjay; Patil, Gajanan; Ichaporia, Nasli R",2019,Cureus,Clinical manifestations,,data/extraction_json/text/2658.json,data/extraction_json/text/2658.json,full_text,false,,single_case_report,case_report,high,1,true,false,false,individual,true,false,run_langextract_individual,,,,,,,,,,"This is a single case report, as indicated by the title, abstract, and detailed case presentation of one patient. There is no evidence of additional original SPS-spectrum patients in the text.",llm_v1_gpt4.1,2026-04-05T20:13:20.919672+00:00
2659,2659,Improving Ambulation and Minimizing Disability with Therapeutic Plasma Exchange in a Stiff-person Syndrome Patient with Recurrent Falls.,"Sanchez, Kyle; Ullah, Aqsa; Waler, Alexandria R; Chakfe, Yassar",2019,Cureus,,,data/extraction_json/text/2659.json,data/extraction_json/text/2659.json,full_text,false,,single_case_report,case_report,high,1,true,false,false,individual,true,false,run_langextract_individual,,,,,,,,,,"This is a single case report, as indicated by the detailed narrative of one patient's history, treatment, and outcome, and the explicit statement 'we report the case of a 68-year-old man with a 20-year history of severe SPS.' There is no evidence of additional original SPS cases.",llm_v1_gpt4.1,2026-04-05T20:13:39.420857+00:00
266,266,Stiff-person syndrome: a rare presentation for breast cancer.,"Kocak, Ergun; Abdessalam, Shahab; Walker, Michael J; Nuovo, Gerard J; Kissel, John T",2004,The breast journal,,,data/extraction_json/text/266.json,data/extraction_json/text/266.json,full_text,false,,single_case_report,case_report,high,,false,false,false,individual,true,false,run_langextract_individual,,,,,,,,,,Manual review: Letter describing one 71-year-old woman with paraneoplastic SPS from breast cancer.,llm_v1_gpt4.1,2026-04-05T20:13:39.487729+00:00
2661,2661,Stiff-Person Syndrome: A Case Report and Review of the Literature.,"Smith, Joe; Storey, Hayley",2019,The British and Irish orthoptic journal,,,data/extraction_json/text/2661.json,data/extraction_json/text/2661.json,full_text,false,,single_case_report,case_report,high,1,true,false,false,individual,true,false,run_langextract_individual,,,,,,,,,,"This article is a classic single case report, as indicated by the title, abstract, and detailed individual-level clinical narrative of one patient with SPS. There is no evidence of additional original SPS-spectrum patients being reported.",llm_v1_gpt4.1,2026-04-05T20:13:59.139900+00:00
270,270,Markedly elevated GAD antibodies in SPS: effects of age and illness duration.,"Murinson, B B; Butler, M; Marfurt, K; Gleason, S; De Camilli, P; Solimena, M",2004,Neurology,,,data/extraction_json/text/270.json,data/extraction_json/text/270.json,full_text,false,,lab_heavy_clinical_or_translational,group_or_frequency_focused_lab_clinical_study,high,116,false,true,false,group,true,false,run_langextract_group,,,,,,,,,,"This is a laboratory-heavy clinical/translational study that analyzes GAD antibody levels in a large cohort of patients with suspected SPS, reporting group-level data on 116 SPS-spectrum patients. The study does not provide individual case details but presents aggregate clinical and laboratory findings.",llm_v1_gpt4.1,2026-04-05T20:14:02.866364+00:00
272,272,"Stiff person syndrome with eye movement abnormality, myasthenia gravis, and thymoma.","Thomas, S; Critchley, P; Lawden, M; Farooq, S; Thomas, A; Proudlock, F A; Constantinescu, C S; Gottlob, I",2005,"Journal of neurology, neurosurgery, and psychiatry",,,data/extraction_json/text/272.json,data/extraction_json/text/272.json,full_text,false,,single_case_report,case_report,high,1,true,false,false,individual,true,false,run_langextract_individual,,,,,,,,,,"This is a single case report, as evidenced by the detailed narrative of one patient's clinical course and the use of the term 'case report.' The report includes original, individual-level SPS-spectrum data and does not aggregate or discuss a cohort.",llm_v1_gpt4.1,2026-04-05T20:14:21.851346+00:00
273,273,Stiff person syndrome does not always occur with maternal passive transfer of GAD65 antibodies.,"Burns, Ted M; Phillips, Lawrence H 2nd; Jones, H R",2005,Neurology,,Davide Martino (2024-06-25 11:20:22)(Included): No data to be extracted on an affected case;,data/extraction_json/text/273.json,data/extraction_json/text/273.json,full_text,false,,review_article,review,high,0,false,false,false,skip,false,false,skip_langextract,,,,,,,,,,"This is a correspondence/letter that comments on and synthesizes findings from prior literature, specifically referencing previously published cases of SPS with maternal GAD65 antibody transfer. No new SPS-spectrum patients are described in this article, and all clinical data are from prior reports.",llm_v1_gpt4.1,2026-04-05T20:14:41.449251+00:00
274,274,Stiff-person syndrome presenting with headache.,"Loder, E; Stein, J",2005,Cephalalgia : an international journal of headache,,,data/extraction_json/text/274.json,data/extraction_json/text/274.json,full_text,false,,single_case_report,case_report,high,1,true,false,false,individual,true,false,run_langextract_individual,,,,,,,,,,"This is a single case report, as evidenced by the detailed narrative of one patient's clinical course and the explicit statement that this is a report of a single case. No group-level or multiple patient data are presented.",llm_v1_gpt4.1,2026-04-05T20:14:45.001487+00:00
2762,2762,Progressive Encephalomyelitis With Rigidity and Myoclonus Syndrome Presenting as Catatonia.,"Witek, Natalie; Hebert, Charles; Gera, Anjali; Comella, Cynthia",2019,Psychosomatics,,,data/extraction_json/text/2762.json,data/extraction_json/text/2762.json,full_text,false,,single_case_report,case_report,high,,false,false,false,individual,true,false,run_langextract_individual,,,,,,,,,,Manual review: Case report of PERM presenting as catatonia with overlapping psychiatric and neurologic phenomenology.,llm_v1_gpt4.1,2026-04-05T20:14:45.062347+00:00
2836,2836,Stiff-person syndrome coexisting with critical illness polyneuropathy: A case report.,"Cai, Qiong; Wu, Chao; Xu, Wenxiao; Liang, Yinxing; Liao, Songjie",2020,Medicine,,,data/extraction_json/text/2836.json,data/extraction_json/text/2836.json,full_text,false,,single_case_report,case_report,high,1,true,false,false,individual,true,false,run_langextract_individual,,,,,,,,,,"This is a classic single case report, as indicated by the title, abstract, and detailed individual-level clinical narrative. Only one SPS-spectrum patient is described, with no evidence of additional cases or group-level data.",llm_v1_gpt4.1,2026-04-05T20:15:03.963865+00:00
2841,2841,Spasms and Myoclonus in a Young Woman With Hashimoto Thyroiditis.,"Shen, Dingding; Zhou, Haiyan; Chen, Sheng",2020,JAMA neurology,,"Bettina Balint (2023-08-28 19:03:57)(Select): Critical review warranted, but relevant for DDx;",data/extraction_json/text/2841.json,data/extraction_json/text/2841.json,full_text,false,,single_case_report,case_report,high,1,true,false,false,individual,true,false,run_langextract_individual,,,,,,,,,,"This is a detailed clinical challenge/case report focusing on a single patient with PERM, a variant of SPS-spectrum disorder. The text provides individual-level clinical, laboratory, and follow-up data for this one patient only.",llm_v1_gpt4.1,2026-04-05T20:15:08.712541+00:00
2843,2843,Involuntary movement in stiff-person syndrome with amphiphysin antibodies: A case report.,"Xie, Yin-Yin; Meng, Hong-Mei; Zhang, Feng-Xiao; Maimaiti, Buajieerguli; Jiang, Ting; Yang, Yu",2021,Medicine,,,data/extraction_json/text/2843.json,data/extraction_json/text/2843.json,full_text,false,,single_case_report,case_report,high,1,true,false,false,individual,true,false,run_langextract_individual,,,,,,,,,,"This is a classic single case report, as indicated by the title, abstract, and detailed narrative of one patient's clinical presentation, workup, and outcome. No group-level or multi-patient data are presented.",llm_v1_gpt4.1,2026-04-05T20:15:27.905281+00:00
2845,2845,Management of refractory pain in Stiff-Person syndrome.,"Cirnigliaro, Frank Arthur; Gauthier, Nicole; Rush, Moira",2021,BMJ case reports,,,data/extraction_json/text/2845.json,data/extraction_json/text/2845.json,full_text,false,,single_case_report,case_report,high,1,true,false,false,individual,true,false,run_langextract_individual,,,,,,,,,,"This is a single case report, as indicated by the title, structure, and repeated references to 'the patient' and 'a 26-year-old woman with SPS.' The report provides individual-level clinical data and does not aggregate or discuss a cohort.",llm_v1_gpt4.1,2026-04-05T20:15:46.996799+00:00
2846,2846,Autologous Hematopoietic Stem Cell Transplantation for Stiff-Person Spectrum Disorder: A Clinical Trial.,"Burt, Richard K; Balabanov, Roumen; Han, Xiaoqiang; Quigley, Kathleen; Arnautovic, Indira; Helenowski, Irene; Rose, John; Siddique, Teepu",2021,Neurology,,,data/extraction_json/text/2846.json,data/extraction_json/text/2846.json,full_text,false,,interventional_study,controlled_or_therapeutic_group_study,high,23,true,true,false,group,true,false,run_langextract_group,,,,,,,,,,"This is a prospective interventional clinical trial of autologous hematopoietic stem cell transplantation in SPSD, with original data on 23 SPSD patients. Both individual-level and group-level clinical data are reported, including outcomes, demographics, and clinical features.",llm_v1_gpt4.1,2026-04-05T20:15:52.093689+00:00
2855,2855,Stiff-person syndrome in a patient with comorbid bipolar and panic disorders: A case report and literature review.,"Patel, Karishma; Stummer, Lauren; Patel, Krina",2020,The mental health clinician,,,data/extraction_json/text/2855.json,data/extraction_json/text/2855.json,full_text,false,,single_case_report,case_report,high,1,true,false,false,individual,true,false,run_langextract_individual,,,,,,,,,,"This is a single case report, as indicated by the title, abstract, and detailed individual-level reporting of one patient's clinical course and management. The remainder of the paper discusses prior literature but does not present additional original SPS cases.",llm_v1_gpt4.1,2026-04-05T20:16:10.714048+00:00
286,286,Multiple neurological syndromes during Hodgkin lymphoma remission.,"Werbrouck, Bart; Meire, Veronique; De Bleecker, Jan L",2005,Acta neurologica Belgica,,,data/extraction_json/text/286.json,data/extraction_json/text/286.json,full_text,false,,single_case_report,case_report,high,1,true,false,false,individual,true,false,run_langextract_individual,,,,,,,,,,"This is a single case report: the entire clinical content centers on one patient with multiple neurological syndromes, including stiff man syndrome (SPS). The report provides detailed individual-level data and does not mention any additional original SPS-spectrum patients.",llm_v1_gpt4.1,2026-04-05T20:16:30.032790+00:00
2864,2864,Anesthetic management of a patient with Stiff-Person Syndrome and endometrial cancer for robotic surgery: A case report.,"Yeoh, Cindy B; Lee, Kathleen J; Tollinche, Luis E",2020,International journal of clinical case reports and reviews : open access,Review Article,,data/extraction_json/text/2864.json,data/extraction_json/text/2864.json,full_text,false,,single_case_report,case_report,high,1,true,false,false,individual,true,false,run_langextract_individual,,,,,,,,,,"This is a classic single case report, as indicated by the title, structure, and detailed description of one patient's clinical course and anesthetic management. No group or series data are presented.",llm_v1_gpt4.1,2026-04-05T20:16:33.940944+00:00
287,287,A neuropsychological assessment of phobias in patients with stiff person syndrome.,"Ameli, Rezvan; Snow, Joseph; Rakocevic, Goran; Dalakas, Marinos C",2005,Neurology,Clinical manifestations,,data/extraction_json/text/287.json,data/extraction_json/text/287.json,full_text,false,,observational_group_study,retrospective_or_cohort_group_study,high,10,true,true,false,group,true,false,run_langextract_group,,,,,,,,,,"This is an observational group study of 10 SPS patients, reporting both individual-level and group-level clinical and neuropsychological data. The study is not a review, case report, or conference abstract, and the patient count is clearly stated and supported by tables and methods.",llm_v1_gpt4.1,2026-04-05T20:16:52.966146+00:00
2879,2879,Stiff-Person Syndrome: Seeing Past Comorbidities to Reach the Correct Diagnosis.,"Hicken, Jared; Ramirez, Daniel; Rigby, Mark; Minasian, Aram",2021,Case reports in neurological medicine,,,data/extraction_json/text/2879.json,data/extraction_json/text/2879.json,full_text,false,,single_case_report,case_report,high,1,true,false,false,individual,true,false,run_langextract_individual,,,,,,,,,,"This is a classic single case report, as indicated by the structure, the explicit 'Case Report' label, and the detailed narrative of one patient's clinical course. No group or series data are presented.",llm_v1_gpt4.1,2026-04-05T20:16:59.063038+00:00
288,288,Brain gamma-aminobutyric acid changes in stiff-person syndrome.,"Levy, Lucien M; Levy-Reis, Igor; Fujii, Mavis; Dalakas, Marinos C",2005,Archives of neurology,,,data/extraction_json/text/288.json,data/extraction_json/text/288.json,full_text,false,,lab_heavy_clinical_or_translational,group_or_frequency_focused_lab_clinical_study,high,8,false,true,false,group,true,false,run_langextract_group,,,,,,,,,,"This is a lab-heavy clinical/translational study that prospectively enrolled 8 SPS patients for brain GABA measurement using MR spectroscopy. The paper provides original group-level clinical and laboratory data on these patients, but does not present individual case details.",llm_v1_gpt4.1,2026-04-05T20:17:18.841200+00:00
2885,2885,Progressive encephalomyelitis with rigidity and myoclonus: the first pediatric case with glycine receptor antibodies.,"Damasio, Joana; Leite, M Isabel; Coutinho, Ester; Waters, Patrick; Woodhall, Mark; Santos, Manuela A; Carrilho, Ines; Vincent, Angela",2013,JAMA neurology,,Natalia  Gonzalez Rojas (2024-11-21 07:19:34)(Included): It´s duplicated from paper #12246;,data/extraction_json/text/2885.json,data/extraction_json/text/2885.json,full_text,false,,single_case_report,case_report,high,,false,false,false,individual,true,false,run_langextract_individual,,,,,,,,,,Manual review: Observation report of the first pediatric GlyR-antibody-positive PERM case.,llm_v1_gpt4.1,2026-04-05T20:17:18.853456+00:00
289,289,The role of IVIg in the treatment of patients with stiff person syndrome and other neurological diseases associated with anti-GAD antibodies.,"Dalakas, Marinos C",2005,Journal of neurology,,,data/extraction_json/text/289.json,data/extraction_json/text/289.json,full_text,false,,interventional_study,controlled_or_therapeutic_group_study,high,16,true,true,false,group,true,false,run_langextract_group,,,,,,,,,,"This is a randomized, double-blind, placebo-controlled interventional study of IVIg in SPS patients, with both group-level and individual-level clinical data reported. The paper clearly describes the enrollment and treatment of 16 original SPS-spectrum patients.",llm_v1_gpt4.1,2026-04-05T20:17:38.219317+00:00
29,29,Significant improvement of stiff-person syndrome after paraspinal injection of botulinum toxin A.,"Davis, D; Jabbari, B",1993,Movement disorders : official journal of the Movement Disorder Society,Clinical manifestations; Electrophysiology; Treatment,,data/extraction_json/text/29.json,data/extraction_json/text/29.json,full_text,false,,single_case_report,case_report,high,1,true,false,false,individual,true,false,run_langextract_individual,,,,,,,,,,"This is a classic single case report: the entire clinical content centers on one patient with SPS, with individual-level data and no mention of additional original cases. The structure and language are consistent with a case report.",llm_v1_gpt4.1,2026-04-05T20:17:57.794352+00:00
290,290,Treatment of stiff person syndrome with rituximab.,"Baker, M R; Das, M; Isaacs, J; Fawcett, P R W; Bates, D",2005,"Journal of neurology, neurosurgery, and psychiatry",,,data/extraction_json/text/290.json,data/extraction_json/text/290.json,full_text,false,,single_case_report,case_report,high,1,true,false,false,individual,true,false,run_langextract_individual,,,,,,,,,,"This is a classic single case report, as indicated by the title, abstract, and detailed narrative of one patient's presentation, treatment, and follow-up. There is no evidence of additional SPS-spectrum patients being reported.",llm_v1_gpt4.1,2026-04-05T20:18:01.665266+00:00
291,291,Minimal change nephrotic syndrome with stiff-person syndrome: is there a link?.,"Ergun, Ihsan; Akbostanci, M Cenk; Canbakan, Basol; Kocer, Bilge; Ensari, Arzu; Nergizoglu, Gokhan; Keven, Kenan",2005,American journal of kidney diseases : the official journal of the National Kidney Foundation,Review Article,,data/extraction_json/text/291.json,data/extraction_json/text/291.json,full_text,false,,single_case_report,case_report,high,1,true,false,false,individual,true,false,run_langextract_individual,,,,,,,,,,"This is a classic single case report, as indicated by the structure, the explicit statement of reporting a single patient, and the detailed individual-level clinical narrative. There is no evidence of group-level or multiple patient data.",llm_v1_gpt4.1,2026-04-05T20:18:21.253064+00:00
292,292,Amphiphysin autoimmunity: paraneoplastic accompaniments.,"Pittock, Sean J; Lucchinetti, Claudia F; Parisi, Joseph E; Benarroch, Eduardo E; Mokri, Bahram; Stephan, Christina L; Kim, Kwang-Kuk; Kilimann, Manfred W; Lennon, Vanda A",2005,Annals of neurology,,,data/extraction_json/text/292.json,data/extraction_json/text/292.json,full_text,false,,observational_group_study,retrospective_or_cohort_group_study,high,63,true,true,false,group,true,false,run_langextract_group,,,,,,,,,,"This is an observational group study of 63 amphiphysin-IgG positive patients, with original clinical and serological data, including SPS-spectrum manifestations (stiff-man phenomena and stiff-man syndrome). The paper provides both aggregate and individual-level data, as evidenced by the detailed tables and clinical summaries.",llm_v1_gpt4.1,2026-04-05T20:18:29.631255+00:00
294,294,Graves' disease and stiff-person (stiff-man) syndrome: case report and literature review.,"Orija, Israel B; Gupta, Manjula; Zimmerman, Robert S",2005,Endocrine practice : official journal of the American College of Endocrinology and the American Association of Clinical Endocrinologists,,,data/extraction_json/text/294.json,data/extraction_json/text/294.json,full_text,false,,single_case_report,case_report,high,1,true,false,false,individual,true,false,run_langextract_individual,,,,,,,,,,"This is a single case report, as indicated by the explicit presentation of one patient's clinical course and the absence of additional original cases. The remainder of the paper is a literature review and discussion.",llm_v1_gpt4.1,2026-04-05T20:18:48.729688+00:00
2952,2952,"Hypoventilation in glycine-receptor antibody related progressive encephalomyelitis, rigidity and myoclonus.","Bourke, David; Roxburgh, Richard; Vincent, Angela; Cleland, James; Jeffery, Oliver; Dugan, Niels; Abernethy, David; King, Allison; Anderson, Neil",2014,Journal of clinical neuroscience : official journal of the Neurosurgical Society of Australasia,,,data/extraction_json/text/2952.json,data/extraction_json/text/2952.json,full_text,false,,case_series_or_multi_case,case_series,high,2,true,false,true,individual_case_split,true,false,split_cases_then_langextract,,,,,,,,,,"This is a case series describing two original SPS-spectrum patients with GlyR antibodies and PERM. The text provides individual-level clinical data for both patients, including presentation, workup, treatment, and follow-up, confirming original extractable SPS-spectrum data.",llm_v1_gpt4.1,2026-04-05T20:19:07.940765+00:00
296,296,Downbeating nystagmus and muscle spasms in a patient with glutamic-acid decarboxylase antibodies.,"Ances, Beau M; Dalmau, Josep O; Tsai, Jean; Hasbani, M Josh; Galetta, Steven L",2005,American journal of ophthalmology,,,data/extraction_json/text/296.json,data/extraction_json/text/296.json,full_text,false,,single_case_report,case_report,high,1,true,false,false,individual,true,false,run_langextract_individual,,,,,,,,,,"This is a single case report, as indicated by both the abstract and the full text, which focus on one patient with SPS-spectrum features and GAD antibodies. The report provides individual-level clinical data and does not aggregate or discuss a group of patients.",llm_v1_gpt4.1,2026-04-05T20:19:11.761708+00:00
30,30,Autoantibodies to a 128-kd synaptic protein in three women with the stiff-man syndrome and breast cancer.,"Folli, F; Solimena, M; Cofiell, R; Austoni, M; Tallini, G; Fassetta, G; Bates, D; Cartlidge, N; Bottazzo, G F; Piccolo, G; De Camilli, P",1993,The New England journal of medicine,Clinical manifestations; Electrophysiology; Immunological - Lab tests; Treatment,,data/extraction_json/text/30.json,data/extraction_json/text/30.json,full_text,false,,case_series_or_multi_case,case_series,high,3,true,false,true,individual_case_split,true,false,split_cases_then_langextract,,,,,,,,,,"This is a case series describing three original SPS-spectrum patients, each with individual-level clinical and laboratory data. The paper is not a review, conference abstract, or basic science study, and the patient count is clearly delineated.",llm_v1_gpt4.1,2026-04-05T20:19:31.761096+00:00
3101,3101,Stiff-Person Syndrome Associated with Anti-Glutamic Acid Decarboxylase Autoimmune Encephalitis in a Young Woman: A Case Report.,"Gao, Shan Yu; Lu, Jun; Zhao, Chong Bo",2020,Chinese medical sciences journal = Chung-kuo i hsueh k'o hsueh tsa chih,,,data/extraction_json/text/3101.json,data/extraction_json/text/3101.json,full_text,false,,single_case_report,case_report,high,1,true,false,false,individual,true,false,run_langextract_individual,,,,,,,,,,"This is a classic single case report, as indicated by the title, structure, and detailed individual-level clinical description. Only one original SPS-spectrum patient is reported.",llm_v1_gpt4.1,2026-04-05T20:19:35.609480+00:00
3105,3105,Severe Chin-on-Chest Cervical Spine Deformity in the Setting of Stiff-Person Syndrome: A Case Report.,"Stephan, Stephen R; Ju, Derek G; Ross, Lindsey B; Naruse, Robert T; Kim, Terrence T; Johnson, J Patrick",2020,JBJS case connector,,,data/extraction_json/text/3105.json,data/extraction_json/text/3105.json,full_text,false,,single_case_report,case_report,high,1,true,false,false,individual,true,false,run_langextract_individual,,,,,,,,,,"This is a classic single case report, as indicated by the title, structure, and detailed individual-level reporting of one SPS patient. There is no evidence of additional original SPS-spectrum patients.",llm_v1_gpt4.1,2026-04-05T20:19:54.496645+00:00
3111,3111,Anti-glycin-receptor antibody related stiff-person syndrome under treatment with an immune checkpoint inhibitor.,"Schroter, Nils; Weiller, Cornelius; Rauer, Sebastian; Waller, Cornelius F",2021,Journal of neurology,,,data/extraction_json/text/3111.json,data/extraction_json/text/3111.json,full_text,false,,single_case_report,case_report,high,,false,false,false,individual,true,false,run_langextract_individual,,,,,,,,,,Manual review: Letter describing one SPS case occurring during pembrolizumab treatment as a likely immune-related adverse event.,llm_v1_gpt4.1,2026-04-05T20:19:54.560663+00:00
3113,3113,Autologous haematopoietic stem cell transplantation for refractory stiff-person syndrome: the UK experience.,"Kass-Iliyya, Lewis; Snowden, John A; Thorpe, Alice; Jessop, Helen; Chantry, Andrew D; Sarrigiannis, Ptolemaios G; Hadjivassiliou, Marios; Sharrack, Basil",2021,Journal of neurology,,,data/extraction_json/text/3113.json,data/extraction_json/text/3113.json,full_text,false,,observational_group_study,retrospective_or_cohort_group_study,high,10,true,true,false,group,true,false,run_langextract_group,,,,,,,,,,"This is an observational group study describing the UK experience with auto-HSCT in refractory SPS. The paper provides both group-level and individual-level data for 10 original SPS-spectrum patients, including detailed case summaries and a table with per-patient data. It is not a review, case report, or interventional trial.",llm_v1_gpt4.1,2026-04-05T20:20:14.530996+00:00
3118,3118,A fatal case of glycine receptor antibody-mediated autoimmune encephalitis.,"Reniers, Wendeline; Ernon, Ludovic; Bekelaar, Kim",2021,Acta neurologica Belgica,,,data/extraction_json/text/3118.json,data/extraction_json/text/3118.json,full_text,false,,single_case_report,case_report,high,,false,false,false,individual,true,false,run_langextract_individual,,,,,,,,,,Manual review: Letter describing one GlyR-antibody autoimmune encephalitis/PERM-spectrum case with fatal respiratory failure.,llm_v1_gpt4.1,2026-04-05T20:20:14.592302+00:00
3125,3125,Poster 258 A Novel Approach to the Treatment of Stiff-Person-Syndrome with Botulinum Toxin: A Case Report.,"Shah, Chirag D; Bunzol, Daniel",2016,"PM & R : the journal of injury, function, and rehabilitation",,Karlo Lizarraga (2023-07-01 23:41:24)(Select): Conference abstract with potential for data extraction;,data/extraction_json/text/3125.json,data/extraction_json/text/3125.json,full_text,false,not_needed,conference_abstract,single_case_conference_abstract,high,1,true,false,false,individual,true,false,run_langextract_individual,,,,,,,,,,"The paper is a conference abstract (poster) presenting a single case report of SPS, as indicated by the title, structure, and detailed description of one patient's clinical course and treatment. There is no evidence of additional SPS patients.",llm_v1_gpt4.1,2026-04-05T20:20:17.971747+00:00
3133,3133,Familial autoimmunity in neurological patients with GAD65 antibodies: an interview-based study.,"Muniz-Castrillo, Sergio; Vogrig, Alberto; Montagnac, Clementine; Joubert, Bastien; Benaiteau, Marie; Casez, Olivier; Chaumont, Hugo; Hopes, Lucie; Lanoiselee, Helene-Marie; Navarro, Vincent; Thomas, Benjamin; Ursu, Renata; Goncalves, David; Fabien, Nicole; Ducray, Francois; Julier, Cecile; Honnorat, Jerome",2021,Journal of neurology,,,data/extraction_json/text/3133.json,data/extraction_json/text/3133.json,full_text,false,,observational_group_study,retrospective_or_cohort_group_study,high,20,false,true,false,group,true,false,run_langextract_group,,,,,,,,,,"This is an observational group study of 65 patients with GAD65 antibody-associated neurological syndromes, including SPS, cerebellar ataxia, limbic encephalitis, and temporal lobe epilepsy. The paper provides aggregate data on the cohort, including the number of SPS patients, but does not provide individual-level case details.",llm_v1_gpt4.1,2026-04-05T20:20:37.302626+00:00
3134,3134,"Stiff person syndrome, transverse myelitis and hypothalamitis; three paraneoplastic syndromes associated with occult breast cancer.","Ibrikji, Sidonie; Halabi, Tarek El; Sawaya, Raja; Atweh, Samir",2021,Acta neurologica Belgica,,,data/extraction_json/text/3134.json,data/extraction_json/text/3134.json,full_text,false,,single_case_report,case_report,high,,false,false,false,individual,true,false,run_langextract_individual,,,,,,,,,,Manual review: Letter describing one occult-breast-cancer-associated SPS case with concurrent transverse myelitis and hypothalamitis.,llm_v1_gpt4.1,2026-04-05T20:20:37.366573+00:00
3135,3135,Progressive Encephalomyelitis with Rigidity and Myoclonus (PERM)-like Symptoms Associated with Anti-ganglionic Acetylcholine Receptor Antibodies.,"Kitazaki, Yuki; Ikawa, Masamichi; Kishitani, Toru; Kamisawa, Tomoko; Nakane, Shunya; Nakamoto, Yasunari; Hamano, Tadanori",2021,"Internal medicine (Tokyo, Japan)",,"Bettina Balint (2023-08-28 18:37:34)(Select): Careful, those antibodies may be just concomittant;",data/extraction_json/text/3135.json,data/extraction_json/text/3135.json,full_text,false,,single_case_report,case_report,high,1,true,false,false,individual,true,false,run_langextract_individual,,,,,,,,,,"This is a single case report, as indicated by the structure, language, and detailed individual-level clinical data for one patient. The report does not present group-level data or additional cases.",llm_v1_gpt4.1,2026-04-05T20:20:56.173207+00:00
3136,3136,Iliopsoas Hematomas in a Patient with Progressive Encephalomyelitis with Rigidity and Myoclonus.,"Shimazaki, Rui; Mukai, Masako; Nagaoka, Utako; Sugaya, Keizo; Takahashi, Kazushi",2021,"Internal medicine (Tokyo, Japan)",,,data/extraction_json/text/3136.json,data/extraction_json/text/3136.json,full_text,false,,single_case_report,case_report,high,1,true,false,false,individual,true,false,run_langextract_individual,,,,,,,,,,"This is a single case report, as indicated by the title, abstract, and the detailed narrative of one patient's clinical course, laboratory findings, imaging, treatment, and outcome. No group or series data are presented.",llm_v1_gpt4.1,2026-04-05T20:21:00.327543+00:00
3139,3139,Clinical spectrum of high-titre GAD65 antibodies.,"Budhram, Adrian; Sechi, Elia; Flanagan, Eoin P; Dubey, Divyanshu; Zekeridou, Anastasia; Shah, Shailee S; Gadoth, Avi; Naddaf, Elie; McKeon, Andrew; Pittock, Sean J; Zalewski, Nicholas L",2021,"Journal of neurology, neurosurgery, and psychiatry",,,data/extraction_json/text/3139.json,data/extraction_json/text/3139.json,full_text,false,,observational_group_study,retrospective_or_cohort_group_study,high,107,false,true,false,group,true,false,run_langextract_group,,,,,,,,,,"This is an observational group study of a large cohort of patients with high-titre GAD65 antibodies, reporting aggregate clinical data. The paper provides original group-level data on SPS-spectrum patients, specifically identifying 107 with SPSD. There is no evidence of individual-level case descriptions, but the group-level data is robust and original.",llm_v1_gpt4.1,2026-04-05T20:21:19.396559+00:00
3279,3279,Stiff-man syndrome in a patient with Hodgkin's disease. An unusual paraneoplastic syndrome.,"Ferrari, P; Federico, M; Grimaldi, L M; Silingardi, V",1990,Haematologica,,,data/extraction_json/text/3279.json,data/extraction_json/text/3279.json,full_text,false,,single_case_report,case_report,high,1,true,false,false,individual,true,false,run_langextract_individual,,,,,,,,,,"This is a classic single case report, providing a detailed narrative of one patient's presentation, diagnosis, and management of SMS in the context of Hodgkin's disease. There is no evidence of additional cases or group-level data.",llm_v1_gpt4.1,2026-04-05T20:21:24.549041+00:00
3386,3386,Anti-Ri antibodies associated with opsoclonus and progressive encephalomyelitis with rigidity.,"Casado, J L; Gil-Peralta, A; Graus, F; Arenas, C; Lopez, J M; Alberca, R",1994,Neurology,,,data/extraction_json/text/3386.json,data/extraction_json/text/3386.json,full_text,false,,single_case_report,case_report,high,1,true,false,false,individual,true,false,run_langextract_individual,,,,,,,,,,"This is a classic single case report, as evidenced by the detailed narrative of one patient's clinical course, laboratory findings, and treatment. There is no mention of additional original patients, and the discussion references prior literature only.",llm_v1_gpt4.1,2026-04-05T20:21:43.149379+00:00
34,34,A novel antineuronal antibody in stiff-man syndrome.,"Darnell, R B; Victor, J; Rubin, M; Clouston, P; Plum, F",1993,Neurology,Clinical manifestations; Immunological - Lab tests,,data/extraction_json/text/34.json,data/extraction_json/text/34.json,full_text,false,,lab_heavy_clinical_or_translational,group_or_frequency_focused_lab_clinical_study,high,2,true,false,false,group,true,false,run_langextract_group,,,,,,,,,,"This is a laboratory-heavy translational study that investigates novel antineuronal antibodies in two original SMS patients, with detailed clinical and laboratory data provided. The paper is not a review, case report, or group observational study, but rather a lab-focused clinical investigation.",llm_v1_gpt4.1,2026-04-05T20:22:02.867082+00:00
3438,3438,Stiff-man syndrome.,"Sharoqi, I A",1998,Annals of Saudi medicine,,,data/extraction_json/text/3438.json,data/extraction_json/text/3438.json,full_text,false,,single_case_report,case_report,high,1,true,false,false,individual,true,false,run_langextract_individual,,,,,,,,,,"This is a single case report, as indicated by the structure and content: a detailed narrative of one patient's presentation, workup, and response to therapy. No group-level or multiple patient data are presented.",llm_v1_gpt4.1,2026-04-05T20:22:06.328597+00:00
3699,3699,Progressive encephalomyelitis with rigidity: a paraneoplastic presentation of oat cell carcinoma of the lung. Case report.,"Spitz, Mariana; Ferraz, Henrique Ballalai; Barsottini, Orlando G P; Gabbai, Alberto Alain",2004,Arquivos de neuro-psiquiatria,,Camila Aquino (2021-10-13 04:43:04)(Select): Article in English;,data/extraction_json/text/3699.json,data/extraction_json/text/3699.json,full_text,false,,single_case_report,case_report,high,1,true,false,false,individual,true,false,run_langextract_individual,,,,,,,,,,"This is a classic single case report, as indicated by the title, structure, and detailed individual-level clinical description of one patient with PEWR (a stiff-person spectrum disorder). There is no evidence of additional cases or group-level data.",llm_v1_gpt4.1,2026-04-05T20:22:10.935698+00:00
38,38,Intravenous methocarbamol in the treatment of stiff-man syndrome.,"Voci, J M; al-Hakim, M; Dokko, Y; Katirji, M B",1993,Muscle & nerve,Treatment,Yasamin Mahjoub (2023-06-08 23:10:47)(Select): On page 6 - Letters to Editor;,data/extraction_json/text/38.json,data/extraction_json/text/38.json,full_text,false,,unclear_manual_review,unclear,low,0,false,false,false,manual_review,false,true,review_source_category,,,,,,,,,,"The extracted text does not include the letter by Voci et al. on intravenous methocarbamol for stiff-man syndrome. Therefore, it is not possible to classify the source type or determine if original SPS-spectrum patient data is present. Manual review is required to access the correct content.",llm_v1_gpt4.1,2026-04-05T20:22:29.990194+00:00
386,386,Autoantibodies to GABA-ergic neurons and pancreatic beta cells in stiff-man syndrome.,"Solimena, M; Folli, F; Aparisi, R; Pozza, G; De Camilli, P",1990,The New England journal of medicine,Immunological - Lab tests,,data/extraction_json/text/386.json,data/extraction_json/text/386.json,full_text,false,,lab_heavy_clinical_or_translational,group_or_frequency_focused_lab_clinical_study,high,32,true,true,false,group,true,false,run_langextract_group,,,,,,,,,,"This is a laboratory-heavy translational study that investigates autoantibodies in a cohort of 32 original SPS patients, providing both clinical and immunological data. The study is not a review, case report, or purely basic science, as it includes original patient data and laboratory assays.",llm_v1_gpt4.1,2026-04-05T20:22:49.154072+00:00
387,387,Stiffman syndrome: a rare paraneoplastic disorder?.,"Bateman, D E; Weller, R O; Kennedy, P",1990,"Journal of neurology, neurosurgery, and psychiatry",,,data/extraction_json/text/387.json,data/extraction_json/text/387.json,full_text,false,,single_case_report,case_report,high,,false,false,false,individual,true,false,run_langextract_individual,,,,,,,,,,Manual review: Short report of one unusual paraneoplastic stiffman syndrome case.,llm_v1_gpt4.1,2026-04-05T20:22:49.220629+00:00
389,389,Borrelia burgdorferi myelitis presenting as a partial stiff man syndrome.,"Martin, R; Meinck, H M; Schulte-Mattler, W; Ricker, K; Mertens, H G",1990,Journal of neurology,Differential Diagnosis,,data/extraction_json/text/389.json,data/extraction_json/text/389.json,full_text,false,,single_case_report,case_report,high,1,true,false,false,individual,true,false,run_langextract_individual,,,,,,,,,,"This is a classic single case report, providing individual-level clinical, laboratory, and follow-up data for one patient with partial stiff man syndrome secondary to Borrelia infection. There is no evidence of additional cases or group-level data.",llm_v1_gpt4.1,2026-04-05T20:22:54.734818+00:00
39,39,Heterogeneity of autoantibodies in stiff-man syndrome.,"Grimaldi, L M; Martino, G; Braghi, S; Quattrini, A; Furlan, R; Bosi, E; Comi, G",1993,Annals of neurology,,,data/extraction_json/text/39.json,data/extraction_json/text/39.json,full_text,false,,lab_heavy_clinical_or_translational,group_or_frequency_focused_lab_clinical_study,high,,false,false,false,group,true,false,run_langextract_group,,,,,,,,,,Manual review: Primary clinical-immunology cohort comparing autoantibodies across SMS and neurologic controls.,llm_v1_gpt4.1,2026-04-05T20:22:54.755177+00:00
391,391,Sudden death and paroxysmal autonomic dysfunction in stiff-man syndrome.,"Mitsumoto, H; Schwartzman, M J; Estes, M L; Chou, S M; La Franchise, E F; De Camilli, P; Solimena, M",1991,Journal of neurology,Awaiting classification,,data/extraction_json/text/391.json,data/extraction_json/text/391.json,full_text,false,,case_series_or_multi_case,case_series,high,,false,false,true,individual_case_split,true,false,split_cases_then_langextract,,,,,,,,,,Manual review: Two-patient clinical-pathologic series with parallel autonomic dysfunction and sudden death.,llm_v1_gpt4.1,2026-04-05T20:22:54.764170+00:00
395,395,Stiff man syndrome with thymoma.,"Tanaka, Hisaichi; Matsumura, Akihide; Okumura, Meinoshin; Kitaguchi, Masataka; Yamamoto, Satoru; Iuchi, Keiji",2005,The Annals of thoracic surgery,,,data/extraction_json/text/395.json,data/extraction_json/text/395.json,full_text,false,,single_case_report,case_report,high,1,true,false,false,individual,true,false,run_langextract_individual,,,,,,,,,,"This is a single case report, as it provides detailed clinical information about one patient with SPS and thymoma, and explicitly states that it is reporting a case and reviewing three previously reported cases. There is no evidence of additional original SPS-spectrum patients.",llm_v1_gpt4.1,2026-04-05T20:23:13.420731+00:00
398,398,Anesthesia for cardiac surgery on a patient with stiff person syndrome.,"Ferrandis, Raquel; Belda, Javier; Llau, Juan V; Belda, Carmen; Bahamonde, Jose A",2005,Journal of cardiothoracic and vascular anesthesia,Treatment,,data/extraction_json/text/398.json,data/extraction_json/text/398.json,full_text,false,,single_case_report,case_report,high,1,true,false,false,individual,true,false,run_langextract_individual,,,,,,,,,,"This is a single case report, as evidenced by the detailed clinical narrative of one patient with stiff person syndrome, including her diagnosis, treatment, perioperative management, and outcome. The rest of the paper discusses prior literature and does not present additional original cases.",llm_v1_gpt4.1,2026-04-05T20:23:31.694267+00:00
401,401,Eye movement abnormalities in stiff person syndrome.,"Economides, John R; Horton, Jonathan C",2005,Neurology,Clinical manifestations,,data/extraction_json/text/401.json,data/extraction_json/text/401.json,full_text,false,,single_case_report,case_report,high,1,true,false,false,individual,true,false,run_langextract_individual,,,,,,,,,,"This is a single case report, as it provides a detailed account of one patient's clinical course, diagnostic findings, and laboratory results, with no evidence of additional original SPS cases. The structure and content are consistent with a case report.",llm_v1_gpt4.1,2026-04-05T20:23:35.725883+00:00
403,403,Analysis of GAD65 autoantibodies in Stiff-Person syndrome patients.,"Raju, Raghavanpillai; Foote, Jefferson; Banga, J Paul; Hall, Tyler R; Padoa, Carolyn J; Dalakas, Marinos C; Ortqvist, Eva; Hampe, Christiane S",2005,"Journal of immunology (Baltimore, Md. : 1950)",Review Article,,data/extraction_json/text/403.json,data/extraction_json/text/403.json,full_text,false,,lab_heavy_clinical_or_translational,group_or_frequency_focused_lab_clinical_study,high,12,true,true,false,group,true,false,run_langextract_group,,,,,,,,,,"This is a laboratory-heavy translational study focusing on GAD65 autoantibodies in SPS patients. It includes original clinical data (demographics, autoimmune comorbidities, age at onset) for 12 SPS patients, as well as detailed laboratory analyses of their sera and CSF. The study is not a review, case report, or purely basic science, but rather a translational immunology paper with original SPS patient data.",llm_v1_gpt4.1,2026-04-05T20:23:54.642190+00:00
404,404,Intravenous immunoglobulin in patients with anti-GAD antibody-associated neurological diseases and patients with inflammatory myopathies: effects on clinicopathological features and immunoregulatory genes.,"Dalakas, Marinos C",2005,Clinical reviews in allergy & immunology,,,data/extraction_json/text/404.json,data/extraction_json/text/404.json,full_text,false,,interventional_study,controlled_or_therapeutic_group_study,high,16,true,true,false,group,true,false,run_langextract_group,,,,,,,,,,"This is an interventional study (randomized controlled trial) of IVIg in SPS, with original clinical data on 16 SPS patients. The paper provides both individual-level and group-level data, including baseline characteristics, clinical outcomes, and antibody titers.",llm_v1_gpt4.1,2026-04-05T20:24:14.714030+00:00
411,411,Prevention of an acute severe exacerbation of Stiff-person syndrome during surgery.,"Gros, Albert J Jr; Thomas, Leslie C; McKinley, Kevin L; Van Gerpen, Jay A",2006,Anesthesiology,Treatment,,data/extraction_json/text/411.json,data/extraction_json/text/411.json,full_text,false,,single_case_report,case_report,high,1,true,false,false,individual,true,false,run_langextract_individual,,,,,,,,,,"This is a single case report, as indicated by the structure, the explicit use of 'case report', and the detailed narrative of one patient's clinical course. The text provides individual-level data for only one SPS-spectrum patient.",llm_v1_gpt4.1,2026-04-05T20:24:20.304917+00:00
413,413,Physical therapy during in-patient rehabilitation for a patient with Stiff-Person Syndrome.,"Potter, Kirsten",2006,Journal of neurologic physical therapy : JNPT,Treatment,,data/extraction_json/text/413.json,data/extraction_json/text/413.json,full_text,false,,single_case_report,case_report,high,1,true,false,false,individual,true,false,run_langextract_individual,,,,,,,,,,"This is a single case report, as indicated by the explicit description of one patient with SPS, including detailed individual-level clinical data and outcomes. The structure and language of the paper are consistent with a case report, and no group or series data are presented.",llm_v1_gpt4.1,2026-04-05T20:24:38.736774+00:00
415,415,Antiamphiphysin-positive stiff-person syndrome associated with small cell lung cancer.,"Nguyen-Huu, B K; Urban, P P; Schreckenberger, M; Dieterich, M; Werhahn, Konrad J",2006,Movement disorders : official journal of the Movement Disorder Society,Clinical manifestations,,data/extraction_json/text/415.json,data/extraction_json/text/415.json,full_text,false,,single_case_report,case_report,high,1,true,false,false,individual,true,false,run_langextract_individual,,,,,,,,,,"This is a single case report, as evidenced by the detailed description of one patient's clinical course, laboratory findings, and treatment. There is no indication of additional SPS-spectrum patients being reported.",llm_v1_gpt4.1,2026-04-05T20:24:58.282123+00:00
419,419,A rare saccade velocity profile in Stiff-Person Syndrome with cerebellar degeneration.,"Zivotofsky, Ari Z; Siman-Tov, Tali; Gadoth, Natan; Gordon, Carlos R",2006,Brain research,Clinical manifestations,,data/extraction_json/text/419.json,data/extraction_json/text/419.json,full_text,false,,single_case_report,case_report,high,1,true,false,false,individual,true,false,run_langextract_individual,,,,,,,,,,"This is a single case report, as the entire clinical and experimental focus is on one patient with SPS and cerebellar degeneration. The text repeatedly refers to 'a patient' and 'our patient,' and provides individual-level clinical and laboratory data.",llm_v1_gpt4.1,2026-04-05T20:25:04.227452+00:00
420,420,Anesthetic management of a patient with stiff person syndrome.,"Elkassabany, Nabil; Tetzlaff, John E; Argalious, Maged",2006,Journal of clinical anesthesia,Treatment,Natalie Witek (2021-10-13 06:45:36)(Select): Duplicate?;,data/extraction_json/text/420.json,data/extraction_json/text_trimmed/420.json,trimmed,true,trimmed_auto,single_case_report,case_report,high,1,true,false,false,individual,true,false,run_langextract_individual,,,,,,,,,,"The article is a single case report, as indicated by both the title and the text, which describe the management of one patient with SPS. The content focuses on the clinical management of this individual, with no evidence of group or aggregated data.",llm_v1_gpt4.1,2026-04-05T20:25:08.849614+00:00
421,421,Anesthetic management of a patient with stiff-person syndrome and thymoma: a case report.,"Qin, Xiang; Wang, Dong-xin; Wu, Xin-min",2006,Chinese medical journal,Treatment,,data/extraction_json/text/421.json,data/extraction_json/text/421.json,full_text,false,,single_case_report,case_report,high,1,true,false,false,individual,true,false,run_langextract_individual,,,,,,,,,,"This is a classic single case report, as indicated by the title and the detailed narrative of one patient's clinical course and anesthetic management. The remainder of the paper discusses prior literature and other published cases, but only one original SPS patient is reported.",llm_v1_gpt4.1,2026-04-05T20:25:27.004018+00:00
422,422,Anaesthesia for stiff person syndrome: successful use of total intravenous anaesthesia.,"Ledowski, T; Russell, P",2006,Anaesthesia,Treatment,,data/extraction_json/text/422.json,data/extraction_json/text/422.json,full_text,false,,single_case_report,case_report,high,,false,false,false,individual,true,false,run_langextract_individual,,,,,,,,,,Manual review: Anesthesia case note for one 74-year-old male with SPS.,llm_v1_gpt4.1,2026-04-05T20:25:27.062636+00:00
423,423,Thymectomy for paraneoplastic stiff-person syndrome associated with invasive thymoma.,"Iwata, Takashi; Inoue, Kiyotoshi; Mizuguchi, Shinjiro; Morita, Ryuhei; Tsukioka, Takuma; Suehiro, Shigefumi",2006,The Journal of thoracic and cardiovascular surgery,Clinical manifestations; Treatment,,data/extraction_json/text/423.json,data/extraction_json/text/423.json,full_text,false,,single_case_report,case_report,high,,false,false,false,individual,true,false,run_langextract_individual,,,,,,,,,,Manual review: Clinical summary of one woman with SPS associated with invasive thymoma treated surgically.,llm_v1_gpt4.1,2026-04-05T20:25:27.072167+00:00
427,427,Stiff person syndrome and motor mononeuropathy with conduction block: a singular association.,"La Spada, S; Negro, C; Nozzoli, C; De Marco, V; Passarella, B",2006,La Clinica terapeutica,Electrophysiology; Treatment,,data/extraction_json/text/427.json,data/extraction_json/text/427.json,full_text,false,,single_case_report,case_report,high,1,true,false,false,individual,true,false,run_langextract_individual,,,,,,,,,,"This is a classic single case report, as evidenced by the detailed narrative of one patient's clinical course, laboratory findings, and treatment. The text repeatedly refers to 'our patient' and provides no evidence of additional cases.",llm_v1_gpt4.1,2026-04-05T20:25:32.779736+00:00
429,429,Sudden spasms following gradual lordosis--the stiff-person syndrome.,"Wilson, Robin K; Murinson, Beth B",2006,Nature clinical practice. Neurology,Clinical manifestations,,data/extraction_json/text/429.json,data/extraction_json/text/429.json,full_text,false,,single_case_report,case_report,high,1,true,false,false,individual,true,false,run_langextract_individual,,,,,,,,,,"This is a classic single case report, as evidenced by the detailed, individualized clinical description of one patient with SPS. There is no evidence of group-level data or additional cases.",llm_v1_gpt4.1,2026-04-05T20:25:51.337564+00:00
43,43,"Higher autoantibody levels and recognition of a linear NH2-terminal epitope in the autoantigen GAD65, distinguish stiff-man syndrome from insulin-dependent diabetes mellitus.","Kim, J; Namchuk, M; Bugawan, T; Fu, Q; Jaffe, M; Shi, Y; Aanstoot, H J; Turck, C W; Erlich, H; Lennon, V; Baekkeskov, S",1994,The Journal of experimental medicine,Clinical manifestations,,data/extraction_json/text/43.json,data/extraction_json/text/43.json,full_text,false,,lab_heavy_clinical_or_translational,group_or_frequency_focused_lab_clinical_study,high,,false,false,false,group,true,false,run_langextract_group,,,,,,,,,,Manual review: Large antibody-response profiling paper; translational immunology rather than case-level clinical reporting.,llm_v1_gpt4.1,2026-04-05T20:25:51.355532+00:00
432,432,"Glutamic acid decarboxylase autoimmunity with brainstem, extrapyramidal, and spinal cord dysfunction.","Pittock, Sean J; Yoshikawa, Hiroaki; Ahlskog, J Eric; Tisch, Stephen H; Benarroch, Eduardo E; Kryzer, Thomas J; Lennon, Vanda A",2006,Mayo Clinic proceedings,,,data/extraction_json/text/432.json,data/extraction_json/text_trimmed/432.json,trimmed,true,trimmed_auto,observational_group_study,retrospective_or_cohort_group_study,high,62,false,true,false,group,true,false,run_langextract_group,,,,,,,,,,"This is an observational group study reporting on 62 original patients with GAD65 autoimmunity, including those with stiff-man syndrome (SPS-spectrum). The data are presented in aggregate, not individually, and the study is not a review or conference abstract.",llm_v1_gpt4.1,2026-04-05T20:25:54.976731+00:00
434,434,Autoimmunity to GABAA-receptor-associated protein in stiff-person syndrome.,"Raju, Raghavan; Rakocevic, Goran; Chen, Ziwei; Hoehn, Gerard; Semino-Mora, Cristina; Shi, Wei; Olsen, Richard; Dalakas, Marinos C",2006,Brain : a journal of neurology,,,data/extraction_json/text/434.json,data/extraction_json/text/434.json,full_text,false,,lab_heavy_clinical_or_translational,group_or_frequency_focused_lab_clinical_study,high,27,false,true,false,group,true,false,run_langextract_group,,,,,,,,,,"This is a laboratory-heavy translational study focusing on antibody characterization and proteomics in SPS, but it clearly reports original clinical data from a defined cohort of 27 SPS patients. The data are group-level, not individual case reports.",llm_v1_gpt4.1,2026-04-05T20:26:13.828493+00:00
436,436,Stiff person syndrome with cerebellar disease and high-titer anti-GAD antibodies.,"Rakocevic, Goran; Raju, Raghavan; Semino-Mora, Cristina; Dalakas, Marinos C",2006,Neurology,Clinical manifestations,,data/extraction_json/text/436.json,data/extraction_json/text/436.json,full_text,false,,case_series_or_multi_case,case_series,high,5,true,true,true,individual_case_split,true,false,split_cases_then_langextract,,,,,,,,,,"This is a case series describing five original SPS-spectrum patients with cerebellar disease, with individual-level clinical and laboratory data reported for each. The structure and content are consistent with a case series or multi-case report.",llm_v1_gpt4.1,2026-04-05T20:26:33.421693+00:00
437,437,"Response to steroid treatment in anti-glutamic acid decarboxylase antibody-associated cerebellar ataxia, stiff person syndrome and polyendocrinopathy.","Kim, Ji-Youn; Chung, Eun Joo; Kim, Jong-Hun; Jung, Ki-Young; Lee, Won Yong",2006,Movement disorders : official journal of the Movement Disorder Society,Treatment,,data/extraction_json/text/437.json,data/extraction_json/text/437.json,full_text,false,,single_case_report,case_report,high,,false,false,false,individual,true,false,run_langextract_individual,,,,,,,,,,Manual review: Letter describing one patient with multi-system autoimmune disease and steroid response.,llm_v1_gpt4.1,2026-04-05T20:26:33.482119+00:00
439,439,"Paraneoplastic stiff-person syndrome, heterotopic soft tissue ossification and gonarthritis in a HLA B27-positive woman preceding the diagnosis of Hodgkin's lymphoma.","Gutmann, Bernd; Crivellaro, Claudio; Mitterer, Manfred; Zingerle, Hermann; Egarter-Vigl, Eduard; Wiedermann, Christian J",2006,Haematologica,Clinical manifestations,,data/extraction_json/text/439.json,data/extraction_json/text/439.json,full_text,false,,single_case_report,case_report,high,1,true,false,false,individual,true,false,run_langextract_individual,,,,,,,,,,"This is a single case report, as evidenced by the detailed, individualized clinical description of one patient with SPS. The text repeatedly refers to 'a case' and provides a comprehensive account of the patient's presentation, workup, treatment, and outcome.",llm_v1_gpt4.1,2026-04-05T20:26:37.151426+00:00
4430,4430,GABAergic changes in (11)C-flumazenil PET in the drug-naïve Stiff-Person syndrome.,Kim MJ; Lim YM; Kim JS; Kim KK,2013,Can J Neurol Sci,Immunological - Lab tests,,data/extraction_json/text/4430.json,data/extraction_json/text/4430.json,full_text,false,,single_case_report,case_report,high,,false,false,false,individual,true,false,run_langextract_individual,,,,,,,,,,Manual review: Brief communication centered on one drug-naive SPS patient with 11C-flumazenil PET findings correlating with asymmetric clinical severity.,llm_v1_gpt4.1,2026-04-05T20:26:37.214384+00:00
445,445,Scleritis in a person with stiff-person syndrome.,"Taban, Mehryar; Langston, Roger H S; Lowder, Careen Y",2007,Ocular immunology and inflammation,Clinical manifestations,,data/extraction_json/text/445.json,data/extraction_json/text/445.json,full_text,false,,single_case_report,case_report,high,1,true,false,false,individual,true,false,run_langextract_individual,,,,,,,,,,"This is a classic single case report, as indicated by the title, abstract, and detailed individual-level clinical description of one patient with SPS and scleritis. There is no evidence of additional original SPS-spectrum patients.",llm_v1_gpt4.1,2026-04-05T20:26:55.977634+00:00
446,446,Stiff person syndrome: avoiding misdiagnosis.,"Andreadou, E; Kattoulas, E; Sfagos, C; Vassilopoulos, D",2007,Neurological sciences : official journal of the Italian Neurological Society and of the Italian Society of Clinical Neurophysiology,,,data/extraction_json/text/446.json,data/extraction_json/text/446.json,full_text,false,,single_case_report,case_report,high,1,true,false,false,individual,true,false,run_langextract_individual,,,,,,,,,,"This is a single case report, as indicated by the explicit statement 'We report a patient with SPS' and the detailed individual-level clinical narrative. No group-level or multiple patient data are presented.",llm_v1_gpt4.1,2026-04-05T20:27:00.986401+00:00
452,452,GAD antibody positive paraneoplastic stiff person syndrome in a patient with renal cell carcinoma.,"McHugh, John C; Murray, Brian; Renganathan, Radhakrishnan; Connolly, Sean; Lynch, Tim",2007,Movement disorders : official journal of the Movement Disorder Society,Clinical manifestations; Treatment,,data/extraction_json/text/452.json,data/extraction_json/text/452.json,full_text,false,,single_case_report,case_report,high,1,true,false,false,individual,true,false,run_langextract_individual,,,,,,,,,,"This is a single case report, as indicated by the explicit statement 'We present the first reported case...' and the detailed individual-level clinical narrative. There is no evidence of additional SPS-spectrum patients in the paper.",llm_v1_gpt4.1,2026-04-05T20:27:20.182573+00:00
454,454,A patient with post-traumatic stress disorder developing stiff person syndrome: is there a correlation?.,"Dinnerstein, Eric; Collins, Deborah; Berman, Stephen A",2007,Cognitive and behavioral neurology : official journal of the Society for Behavioral and Cognitive Neurology,Clinical manifestations,Manfredi Carta (2023-06-25 01:48:29)(Select): wrong pdf -> removed;,data/extraction_json/text/454.json,data/extraction_json/text/454.json,full_text,false,,single_case_report,case_report,high,1,true,false,false,individual,true,false,run_langextract_individual,,,,,,,,,,"This is a classic single case report, as indicated by the explicit 'case report' section and the detailed narrative of one patient's history, diagnosis, and management. There is no evidence of additional SPS patients being reported.",llm_v1_gpt4.1,2026-04-05T20:27:26.099610+00:00
456,456,PET evidence of central GABAergic changes in stiff-person syndrome.,"Perani, Daniela; Garibotto, Valentina; Panzacchi, Andrea; Moresco, Rosa Maria; Ortelli, Paola; Corbo, Massimo; Fazio, Ferruccio; Folli, Franco",2007,Movement disorders : official journal of the Movement Disorder Society,,,data/extraction_json/text/456.json,data/extraction_json/text/456.json,full_text,false,,case_series_or_multi_case,case_series,high,2,true,false,true,individual_case_split,true,false,split_cases_then_langextract,,,,,,,,,,"This is a case series of two SPS patients, with detailed individual-level clinical and laboratory data, including PET imaging results. The focus is on original clinical and imaging findings in these two SPS patients, not a review or group study.",llm_v1_gpt4.1,2026-04-05T20:27:46.851354+00:00
460,460,"Acute ataxia, Graves' disease, and stiff person syndrome.","Chia, Su-Ynn; Chua, Richard; Lo, Yew-Long; Wong, Meng-Cheong; Chan, Ling-Ling; Tan, Eng-King",2007,Movement disorders : official journal of the Movement Disorder Society,Clinical manifestations,,data/extraction_json/text/460.json,data/extraction_json/text/460.json,full_text,false,,single_case_report,case_report,high,1,true,false,false,individual,true,false,run_langextract_individual,,,,,,,,,,"This is a single case report, as evidenced by the detailed narrative of one patient's clinical course and the use of singular language throughout. The report includes original, extractable SPS-spectrum patient data.",llm_v1_gpt4.1,2026-04-05T20:27:50.594578+00:00
461,461,Isolated navicular fracture presenting as stiff limb syndrome: a case report.,"Dubow, Jordan S; Zadikoff, Cindy",2007,Movement disorders : official journal of the Movement Disorder Society,Clinical manifestations,,data/extraction_json/text/461.json,data/extraction_json/text/461.json,full_text,false,,single_case_report,case_report,high,1,true,false,false,individual,true,false,run_langextract_individual,,,,,,,,,,"This is a classic single case report: it provides detailed clinical information about one patient with SLS (a variant of SPS), including presentation, examination, diagnostic workup, and outcome. There is no evidence of additional SPS-spectrum patients.",llm_v1_gpt4.1,2026-04-05T20:28:09.409784+00:00
464,464,Considerations for general anesthesia combined with epidural anesthesia in a patient with stiff-person syndrome.,"Yamamoto, Katsumi; Hara, Koji; Horishita, Takafumi; Sata, Takeyoshi",2007,Journal of anesthesia,Treatment,Kevin Duque (2023-06-28 02:21:51)(Select): I think I've seen the report of this patient in an abstract but I'm not sure. I can't find the abstract. This case report provides more information.;,data/extraction_json/text/464.json,data/extraction_json/text_trimmed/464.json,trimmed,true,trimmed_auto,single_case_report,case_report,high,1,true,false,false,individual,true,false,run_langextract_individual,,,,,,,,,,This is a single case report describing the anesthetic management of one patient with stiff-person syndrome. The text provides individual-level clinical details and does not mention any other SPS patients.,llm_v1_gpt4.1,2026-04-05T20:28:13.023481+00:00
468,468,Stiff-person syndrome with acute recurrent peripheral vertigo: possible evidence of gamma aminobutyric acid as a neurotransmitter in the vestibular periphery.,"Teggi, R; Piccioni, L O; Martino, G; Bellini, C; Bussi, M",2008,The Journal of laryngology and otology,Clinical manifestations,,data/extraction_json/text/468.json,data/extraction_json/text/468.json,full_text,false,,single_case_report,case_report,high,1,true,false,false,individual,true,false,run_langextract_individual,,,,,,,,,,"This is a single case report, as indicated by the structure and explicit statements in both the abstract and main text. The paper provides detailed individual-level clinical data for one SPS-spectrum patient and does not present group-level or multiple patient data.",llm_v1_gpt4.1,2026-04-05T20:28:17.034370+00:00
472,472,High definition profiling of autoantibodies to glutamic acid decarboxylases GAD65/GAD67 in stiff-person syndrome.,"Burbelo, Peter D; Groot, Sandra; Dalakas, Marinos C; Iadarola, Michael J",2008,Biochemical and biophysical research communications,Immunological - Lab tests,,data/extraction_json/text/472.json,data/extraction_json/text/472.json,full_text,false,,lab_heavy_clinical_or_translational,group_or_frequency_focused_lab_clinical_study,high,,false,false,false,group,true,false,run_langextract_group,,,,,,,,,,Manual review: Diagnostic biomarker profiling across SPS and control sera; translational group paper,llm_v1_gpt4.1,2026-04-05T20:28:17.095995+00:00
473,473,Progressive encephalomyelitis with rigidity and myoclonus in an 81-year-old patient.,"Kraemer, Markus; Berlit, Peter",2008,Clinical neurology and neurosurgery,Clinical manifestations,,data/extraction_json/text/473.json,data/extraction_json/text/473.json,full_text,false,,single_case_report,case_report,high,1,true,false,false,individual,true,false,run_langextract_individual,,,,,,,,,,"This is a classic single case report, as indicated by the title, structure, and detailed individual-level clinical data for one patient. There is no evidence of additional cases or group-level data.",llm_v1_gpt4.1,2026-04-05T20:28:35.114036+00:00
474,474,Unexpected benefit of propofol in stiff-person syndrome.,"Hattan, E; Angle, M R; Chalk, C",2008,Neurology,Treatment,,data/extraction_json/text/474.json,data/extraction_json/text/474.json,full_text,false,,single_case_report,case_report,high,,false,false,false,individual,true,false,run_langextract_individual,,,,,,,,,,Manual review: Clinical note centered on one refractory SPS patient benefiting from propofol.,llm_v1_gpt4.1,2026-04-05T20:28:35.172692+00:00
477,477,The spectrum of disorders presenting as adult-onset focal lower extremity dystonia.,"McKeon, Andrew; Matsumoto, Joseph Y; Bower, James H; Ahlskog, J Eric",2008,Parkinsonism & related disorders,,,data/extraction_json/text/477.json,data/extraction_json/text/477.json,full_text,false,,observational_group_study,retrospective_or_cohort_group_study,high,2,true,true,false,group,true,false,run_langextract_group,,,,,,,,,,"This is a retrospective observational cohort study of 36 patients with adult-onset lower limb dystonia. Among the various etiologies identified, 2 patients were diagnosed with stiff-limb syndrome, and their clinical features and outcomes are described. The paper provides both group-level and individual-level data, including tables with per-patient details.",llm_v1_gpt4.1,2026-04-05T20:28:54.617684+00:00
485,485,11C-flumazenil positron emission tomography demonstrates reduction of both global and local cerebral benzodiazepine receptor binding in a patient with Stiff Person Syndrome.,"Galldiks, Norbert; Thiel, Alexander; Haense, Cathleen; Fink, Gereon R; Hilker, Rudiger",2008,Journal of neurology,,,data/extraction_json/text/485.json,data/extraction_json/text/485.json,full_text,false,,single_case_report,case_report,high,1,true,false,false,individual,true,false,run_langextract_individual,,,,,,,,,,"This is a single case report describing one SPS patient in detail, with individual-level clinical and imaging data. The rest of the paper discusses prior literature and control subjects, but only one original SPS patient is reported.",llm_v1_gpt4.1,2026-04-05T20:28:58.765274+00:00
4877,4877,Stiff person syndrome with elevated titers of antibodies against cardiolipin and β2 glycoprotein 1: a case report and literature review.,Tang LY; Yu SY; Huang YH,2018,J Musculoskelet Neuronal Interact,Immunological - Lab tests; Treatment,Camila Aquino (2021-10-13 06:27:45)(Select): Duplicate article;,data/extraction_json/text/4877.json,data/extraction_json/text/4877.json,full_text,false,,single_case_report,case_report,high,1,true,false,false,individual,true,false,run_langextract_individual,,,,,,,,,,"This is a single case report, as indicated by the title, structure, and detailed individual-level clinical description of one SPS patient. The remainder of the paper discusses literature review and background, but only one original SPS case is presented.",llm_v1_gpt4.1,2026-04-05T20:29:17.481288+00:00
488,488,"GAD65 IgG autoantibodies in stiff person syndrome: clonality, avidity and persistence.","Skorstad, G; Hestvik, A L; Torjesen, P; Alvik, K; Vartdal, F; Vandvik, B; Holmoy, T",2008,European journal of neurology,Immunological - Lab tests; Treatment,,data/extraction_json/text/488.json,data/extraction_json/text/488.json,full_text,false,,lab_heavy_clinical_or_translational,group_or_frequency_focused_lab_clinical_study,high,,false,false,false,group,true,false,run_langextract_group,,,,,,,,,,Manual review: Five-patient immunology/CSF antibody study; clinically relevant but not a case-level source.,llm_v1_gpt4.1,2026-04-05T20:29:17.540849+00:00
489,489,Stiff eyes in stiff-person syndrome.,"Oskarsson, B; Pelak, V; Quan, D; Hall, D; Foster, C; Galetta, S",2008,Neurology,Clinical manifestations,,data/extraction_json/text/489.json,data/extraction_json/text/489.json,full_text,false,,single_case_report,case_report,high,1,true,false,false,individual,true,false,run_langextract_individual,,,,,,,,,,"This is a single case report, as indicated by the detailed narrative of one patient's clinical course and the use of the phrase 'We report a patient with SPS and anti-GAD antibodies.' No group-level or multiple patient data are presented.",llm_v1_gpt4.1,2026-04-05T20:29:37.832647+00:00
49,49,Genetics of susceptibility and resistance to insulin-dependent diabetes in stiff-man syndrome.,"Pugliese, A; Gianani, R; Eisenbarth, G S; De Camilli, P; Solimena, M",1994,"Lancet (London, England)",Clinical manifestations,,data/extraction_json/text/49.json,data/extraction_json/text/49.json,full_text,false,,observational_group_study,retrospective_or_cohort_group_study,high,18,false,true,false,group,true,false,run_langextract_group,,,,,,,,,,"The paper reports original HLA typing and diabetes follow-up in a cohort of 18 SMS (SPS) patients, providing group-level data on genetic associations and diabetes development. There is no evidence of individual-level case descriptions, but the study is not a review or basic science paper.",llm_v1_gpt4.1,2026-04-05T20:29:43.360459+00:00
491,491,Spectrum of neurological syndromes associated with glutamic acid decarboxylase antibodies: diagnostic clues for this association.,"Saiz, Albert; Blanco, Yolanda; Sabater, Lidia; Gonzalez, Felix; Bataller, Luis; Casamitjana, Roser; Ramio-Torrenta, Lluis; Graus, Francesc",2008,Brain : a journal of neurology,Clinical manifestations,,data/extraction_json/text/491.json,data/extraction_json/text/491.json,full_text,false,,observational_group_study,retrospective_or_cohort_group_study,high,22,true,true,false,group,true,false,run_langextract_group,,,,,,,,,,"This is an observational group study that reviews the clinical and immunological features of patients with high GAD-ab levels, including a clearly defined original cohort of 22 SPS patients. The paper provides both aggregate and some individual-level data for these patients.",llm_v1_gpt4.1,2026-04-05T20:30:02.238795+00:00
493,493,Levetiracetam in stiff-person syndrome.,"Sechi, Gianpietro; Barrocu, Marianna; Piluzza, Maria G; Cocco, Giovanni A; Deiana, Giovanni A; Sau, Gian Franco",2008,Journal of neurology,Treatment,,data/extraction_json/text/493.json,data/extraction_json/text/493.json,full_text,false,,interventional_study,controlled_or_therapeutic_group_study,high,3,true,true,false,group,true,false,run_langextract_group,,,,,,,,,,"This is an interventional study (single-blind, placebo-controlled) of levetiracetam in three SPS patients, with both individual case descriptions and group-level outcome data. The study is not a review, case report, or basic science paper, and the patient count is clearly three.",llm_v1_gpt4.1,2026-04-05T20:30:06.384218+00:00
496,496,Levetiracetam for stiff-person syndrome: report of 2 patients.,"Shimberg, W Reed; Patel, Neha B; Sullivan, Kelly L; Hauser, Robert A; Zesiewicz, Theresa A",2008,Clinical neuropharmacology,Treatment,Benjamin Vlad (2023-06-29 06:15:02)(Select): added right one; Benjamin Vlad (2023-06-29 06:14:25)(Select): Wrong full text;,data/extraction_json/text/496.json,data/extraction_json/text/496.json,full_text,false,,case_series_or_multi_case,case_series,high,2,true,false,true,individual_case_split,true,false,split_cases_then_langextract,,,,,,,,,,"This is a case series reporting two original SPS patients, each described in detail. The structure and content are consistent with a multi-case report, not a review or group study.",llm_v1_gpt4.1,2026-04-05T20:30:27.620533+00:00
497,497,Stiff-person syndrome associated with multiple myeloma following autologous bone marrow transplantation.,"Clow, Erin C; Couban, Stephen; Grant, Ian A",2008,Muscle & nerve,Clinical manifestations,,data/extraction_json/text/497.json,data/extraction_json/text/497.json,full_text,false,,single_case_report,case_report,high,1,true,false,false,individual,true,false,run_langextract_individual,,,,,,,,,,"This is a classic single case report, with the entire clinical narrative focused on one patient, including her presentation, workup, treatment, and follow-up. There is no evidence of additional original SPS cases in the paper.",llm_v1_gpt4.1,2026-04-05T20:30:31.459847+00:00
499,499,Stiff-person syndrome with amphiphysin antibodies: distinctive features of a rare disease.,"Murinson, Beth B; Guarnaccia, Joseph B",2008,Neurology,Clinical manifestations; Immunological - Lab tests,,data/extraction_json/text/499.json,data/extraction_json/text/499.json,full_text,false,,observational_group_study,retrospective_or_cohort_group_study,high,,false,false,false,group,true,false,run_langextract_group,,,,,,,,,,Manual review: Comparative clinical study across amphiphysin-positive and GAD-positive SPS patients rather than a case series for splitting.,llm_v1_gpt4.1,2026-04-05T20:30:31.522567+00:00
500,500,Successful intrathecal baclofen therapy for seronegative stiff-person syndrome: a case report.,"Ho, Bo-Lin; Shih, Pang-Ying",2008,Acta neurologica Taiwanica,Clinical manifestations; Treatment,,data/extraction_json/text/500.json,data/extraction_json/text/500.json,full_text,false,,single_case_report,case_report,high,1,true,false,false,individual,true,false,run_langextract_individual,,,,,,,,,,"This is a classic single case report, as indicated by the title, abstract, and detailed case description of one patient with seronegative SPS treated with intrathecal baclofen. There is no evidence of additional original SPS cases.",llm_v1_gpt4.1,2026-04-05T20:30:50.115222+00:00
502,502,Anxious depression and the stiff-person plus syndrome.,"Culav-Sumic, Jadranka; Bosnjak, Ivan; Pastar, Zvonimir; Jukic, Vlado",2008,Cognitive and behavioral neurology : official journal of the Society for Behavioral and Cognitive Neurology,Clinical manifestations,Yasamin Mahjoub (2023-07-02 04:12:33)(Select): updated to correct full text; Benjamin Vlad (2023-06-25 21:07:16)(Select): Wrong full text;,data/extraction_json/text/502.json,data/extraction_json/text/502.json,full_text,false,,single_case_report,case_report,high,1,true,false,false,individual,true,false,run_langextract_individual,,,,,,,,,,"This is a single case report, as indicated by the explicit description of one patient's clinical course, workup, and management. The structure and content are consistent with a case report, and no group or series data are presented.",llm_v1_gpt4.1,2026-04-05T20:31:09.594771+00:00
5020,5020,Rituximab induces remission in stiff person syndrome,,2005,Annals of the Rheumatic Diseases,,,data/extraction_json/text/5020.json,data/extraction_json/text/5020.json,full_text,false,,review_article,review,high,,false,false,false,skip,false,false,skip_langextract,,,,,,,,,,Manual review: Secondary news-style summary of a single rituximab-treated SPS patient rather than the original primary case report.,llm_v1_gpt4.1,2026-04-05T20:31:09.606600+00:00
5029,5029,Anti-Amphiphysin Positive Partial Stiff Person Syndrome in an Elderly Woman with a Breast Mass,"Abu El-Haija, H.; Gogia, B.; Shanina, E.; He, J.; Fang, X.; Li, X. P.",2020,Annals of Neurology,,,data/extraction_json/text/5029.json,data/extraction_json/text_trimmed/5029.json,trimmed,true,header_only_source,conference_abstract,single_case_conference_abstract,high,1,false,false,false,individual,true,true,review_source_category_then_langextract,,,,,,,,,,"validator_flags=COUNT_WITHOUT_ORIGINAL_DATA; COUNT_WITHOUT_DATA_LEVEL_SIGNAL | This is a conference abstract (proceedings detected, S-page numbering, 1-page span, and abstract-style title). The title indicates a single case of partial SPS, but no further details are available, so the presence of original patient data is inferred but not confirmed.",llm_v1_gpt4.1,2026-04-05T20:31:13.333982+00:00
5048,5048,Search for Anti-Glycine Receptor Antibodies in Stiff-Person Syndrome (SPS),"Alexopoulos, H.; Akrivou, S.; Dalakas, M.",2013,Neurology,,,data/extraction_json/text/5048.json,data/extraction_json/text/5048.json,full_text,false,,observational_group_study,retrospective_or_cohort_group_study,high,62,true,true,false,group,true,false,run_langextract_group,,,,,,,,,,"This is an observational group study reporting original clinical and laboratory data on a cohort of 62 SPS patients, including both group-level statistics and individual-level details for a subset. The study is not a review, case report, or conference abstract, and it is not primarily a lab-only or non-clinical paper.",llm_v1_gpt4.1,2026-04-05T20:31:18.744985+00:00
505,505,Stiff-three limbs syndrome.,"Teive, Helio A G; Munhoz, Renato P; Cardoso, Juliana; Amaral, Vanice C G; Werneck, Lineu C",2009,Movement disorders : official journal of the Movement Disorder Society,Clinical manifestations,,data/extraction_json/text/505.json,data/extraction_json/text/505.json,full_text,false,,single_case_report,case_report,high,1,true,false,false,individual,true,false,run_langextract_individual,,,,,,,,,,"validator_flags=EVIDENCE_NO_PAGES | This is a single case report describing one patient with stiff-three limbs syndrome, a variant of SPS-spectrum disorders. The report provides individual-level clinical data and treatment outcome, with no evidence of additional cases.",llm_v1_gpt4.1,2026-04-05T20:31:37.357531+00:00
506,506,Stiff-person syndrome first manifesting in pregnancy.,"Cerimagic, Denis; Bilic, Ervina",2009,Gynecologic and obstetric investigation,Clinical manifestations,,data/extraction_json/text/506.json,data/extraction_json/text/506.json,full_text,false,,single_case_report,case_report,high,1,true,false,false,individual,true,false,run_langextract_individual,,,,,,,,,,"This is a classic single case report, as indicated by the structure, the explicit statement of presenting a case, and the detailed individual-level clinical data. No group-level or multiple patient data are present.",llm_v1_gpt4.1,2026-04-05T20:31:47.342902+00:00
5079,5079,Stiff-person syndrome positive for anti-amphyphisin antibodies: The presenting feature of a neuroendocrine lung cancer,"Andrade, K.; Carvalho, L.; Martins, A.; Barros, J.",2005,European Journal of Neurology,,,data/extraction_json/text/5079.json,data/extraction_json/text_trimmed/5079.json,trimmed,true,trimmed_auto,conference_abstract,single_case_conference_abstract,high,,false,false,false,individual,true,false,run_langextract_individual,,,,,,,,,,Manual review: Proceedings abstract localized by exact title fragment; one anti-amphiphysin-positive SPS case as the presenting feature of neuroendocrine lung cancer.,llm_v1_gpt4.1,2026-04-05T20:31:47.426538+00:00
5087,5087,A CASE REPORT OF ATYPICAL STIFF PERSON SYNDROME WITH CRANIAL NERVE INVOLVEMENT PRECEEDING THE DIAGNOSIS OF A HIGH GRADE LYMPHOMA,"Aquilina, N.; Vella, M.; Debono, A. G.; Camilleri, D. J.",2011,European Journal of Neurology,,,data/extraction_json/text/5087.json,data/extraction_json/text_trimmed/5087.json,trimmed,true,trimmed_auto,conference_abstract,single_case_conference_abstract,high,,false,false,false,individual,true,false,run_langextract_individual,,,,,,,,,,Manual review: Proceedings abstract localized by title and authors; one atypical SPS case with cranial nerve involvement preceding diagnosis of high-grade lymphoma.,llm_v1_gpt4.1,2026-04-05T20:31:47.458941+00:00
5094,5094,STIFF-MAN SYNDROME AND ENCEPHALOMYELITIS MAY COEXIST - CLINICAL-PATHOLOGICAL CORRELATIONS,"Armon, C.; Swanson, J. W.; McLean, J. M.; Westbrook, P. R.; Okazaki, H.; Kurtin, P. J.; Kaylanraman, U. P.; Rodriguez, M. R.",1993,Annals of Neurology,,,data/extraction_json/text/5094.json,data/extraction_json/text_trimmed/5094.json,trimmed,true,trimmed_auto,single_case_report,case_report,high,1,true,false,false,individual,true,false,run_langextract_individual,,,,,,,,,,"The report provides detailed individual-level clinical and pathological data for one patient with SMS and encephalomyelitis, fitting the definition of a single case report. There is no evidence of group-level data or additional cases.",llm_v1_gpt4.1,2026-04-05T20:31:50.589849+00:00
510,510,Insulin treatment in a patient with Type 2 diabetes and Stiff-person syndrome.,"Weitgasser, R; Sommavilla, B; Stieglbauer, K",2009,Diabetic medicine : a journal of the British Diabetic Association,Treatment,,data/extraction_json/text/510.json,data/extraction_json/text/510.json,full_text,false,,single_case_report,case_report,high,1,true,false,false,individual,true,false,run_langextract_individual,,,,,,,,,,"This is a single case report, as it provides a detailed narrative of one patient's clinical presentation, diagnosis, and management of SPS in the context of Type 2 diabetes. There is no evidence of additional SPS patients or group-level data.",llm_v1_gpt4.1,2026-04-05T20:31:55.482107+00:00
512,512,"A case of stiff-person syndrome, type 1 diabetes, celiac disease and dermatitis herpetiformis.","O'Sullivan, Eoin P; Behan, Lucy-Ann; King, Tom F J; Hardiman, Orla; Smith, Diarmuid",2009,Clinical neurology and neurosurgery,Clinical manifestations,,data/extraction_json/text/512.json,data/extraction_json/text/512.json,full_text,false,,single_case_report,case_report,high,1,true,false,false,individual,true,false,run_langextract_individual,,,,,,,,,,"This is a classic single case report, as indicated by the title, structure, and detailed individual-level clinical description. The text repeatedly refers to 'the patient' and 'our patient,' and there is no mention of additional SPS cases being reported.",llm_v1_gpt4.1,2026-04-05T20:32:15.395296+00:00
514,514,Stiff limb syndrome: end of spectrum or a separate entity?.,"Misra, Usha K; Maurya, Pradeep K; Kalita, Jayantee; Gupta, Rakesh K",2009,"Pain medicine (Malden, Mass.)",Clinical manifestations; Treatment,,data/extraction_json/text/514.json,data/extraction_json/text/514.json,full_text,false,,single_case_report,case_report,high,1,true,false,false,individual,true,false,run_langextract_individual,,,,,,,,,,"This is a single case report, as indicated by the 'Design: Case report' in the abstract and the detailed narrative of one patient's clinical course. There is no evidence of additional SPS-spectrum patients being reported.",llm_v1_gpt4.1,2026-04-05T20:32:33.816100+00:00
5142,5142,A complex case of anti-GAD antibody-related syndrome treated with Rituximab,"Baroncini, D.; Spagnolo, F.; Sarro, L.; Comi, G.; Volonte, M. A.",2013,Neurological Sciences,,,data/extraction_json/text/5142.json,data/extraction_json/text/5142.json,full_text,false,,single_case_report,case_report,high,,false,false,false,individual,true,false,run_langextract_individual,,,,,,,,,,Manual review: Letter describing one complex anti-GAD syndrome with seizures,llm_v1_gpt4.1,2026-04-05T20:32:33.874748+00:00
5153,5153,A Fatal Case of Neuroleptic Malignant Syndrome in a Patient with Stiff Leg Syndrome,"Baykara, Z. N.; Efendi, H.; Toker, K.",2008,Neurology Psychiatry and Brain Research,Clinical manifestations; Differential Diagnosis,,data/extraction_json/text/5153.json,data/extraction_json/text/5153.json,full_text,false,,single_case_report,case_report,high,1,true,false,false,individual,true,false,run_langextract_individual,,,,,,,,,,"This is a single case report, as evidenced by the detailed description of one patient's clinical course, history, and outcome. The paper does not present data on additional SPS-spectrum patients.",llm_v1_gpt4.1,2026-04-05T20:32:37.356734+00:00
5158,5158,A case of Type 1 diabetes with stiff person syndrome and coeliac disease,"Behan, L. A.; O'Sullivan, E. P.; King, T. J. F.; Hardiman, O.; Agha, A.; Thompson, C. J.; Smith, D.",2007,Diabetic Medicine,,Manfredi Carta (2024-06-27 23:00:32)(Included): duplicate of #512;,data/extraction_json/text/5158.json,data/extraction_json/text/5158.json,full_text,false,,conference_abstract,single_case_conference_abstract,low,0,false,false,false,individual,true,true,review_source_category_then_langextract,,,,,,,,,,"The extracted text is from a conference supplement (Diabetic Medicine, 24 Suppl. 1), and contains only basic science and clinical trial abstracts, none of which mention SPS or any case report. The title and metadata suggest a case report, but the provided text does not match. Manual review is required to resolve this discrepancy.",llm_v1_gpt4.1,2026-04-05T20:32:55.883561+00:00
517,517,"Stiff-person syndrome in a female patient with type 1 diabetes, dermatitis herpetiformis, celiac disease, microcytic anemia and copper deficiency Just a coincidence or an additional shared pathophysiological mechanism?.","Bilic, Ervina; Bilic, Ernest; Sepec, Branimir Ivan; Vranjes, Davorka; Zagar, Marija; Butorac, Visnja; Cerimagic, Denis",2009,Clinical neurology and neurosurgery,Clinical manifestations,,data/extraction_json/text/517.json,data/extraction_json/text/517.json,full_text,false,,single_case_report,case_report,high,1,true,false,false,individual,true,false,run_langextract_individual,,,,,,,,,,"This is a letter to the editor reporting a single case of SPS in a female patient with type 1 diabetes, celiac disease, dermatitis herpetiformis, microcytic anemia, and copper deficiency. The report provides detailed clinical and laboratory findings for this individual, consistent with a single case report.",llm_v1_gpt4.1,2026-04-05T20:33:14.920890+00:00
518,518,Stiff-person syndrome: commonly mistaken for hysterical paralysis.,"Fleischman, David; Madan, Gitanjali; Zesiewicz, Theresa A; Fleischman, Miguel",2009,Clinical neurology and neurosurgery,Differential Diagnosis,,data/extraction_json/text/518.json,data/extraction_json/text/518.json,full_text,false,,single_case_report,case_report,high,,false,false,false,individual,true,false,run_langextract_individual,,,,,,,,,,Manual review: Letter presents one 29-year-old woman misdiagnosed as conversion disorder before SPS diagnosis.,llm_v1_gpt4.1,2026-04-05T20:33:14.930459+00:00
5180,5180,Stiff-man syndrome - Results of interviews and psychological testing,"Black, J. L.; Barth, E. M.; Williams, D. E.; Tinsley, J. A.",1998,Psychosomatics,,Petra Pavelekova (2024-05-30 07:05:37)(Included): duplicate 146;,data/extraction_json/text/5180.json,data/extraction_json/text/5180.json,full_text,false,,observational_group_study,retrospective_or_cohort_group_study,high,13,true,true,false,group,true,false,run_langextract_group,,,,,,,,,,"This is an observational group study of 13 original SMS patients, with both individual and group-level clinical and psychological data. The study is not a review, case report, or interventional trial, and the patient count is clearly stated and supported by detailed reporting.",llm_v1_gpt4.1,2026-04-05T20:33:19.742703+00:00
5191,5191,PCR detected hepatitis C virus genome in the brain of a case with progressive encephalomyelitis with rigidity,"Bolay, H.; Soylemezoglu, F.; Nurlu, G.; Tuncer, S.; Varli, K.",1996,Clinical Neurology and Neurosurgery,,Natalie Witek (2021-10-13 06:34:18)(Select): Not a classic antibody;,data/extraction_json/text/5191.json,data/extraction_json/text/5191.json,full_text,false,,single_case_report,case_report,high,,false,false,false,individual,true,false,run_langextract_individual,,,,,,,,,,Manual review: Full pathological case report of PEWR with postmortem PCR evidence of hepatitis C virus genome in brain and systemic tissues.,llm_v1_gpt4.1,2026-04-05T20:33:19.803507+00:00
5212,5212,STIFF-MAN SYNDROME WITH GAD-LIKE IMMUNOREACTIVITY - RESPONSE OF A PATIENT TO PLASMAPHERESIS AND IMMUNOSUPPRESSION,"Brashear, H. R.; Phillips, L. H.",1993,Neurology,,,data/extraction_json/text/5212.json,data/extraction_json/text/5212.json,full_text,false,,conference_abstract,single_case_conference_abstract,high,1,true,false,false,individual,true,false,run_langextract_individual,,,,,,,,,,"This is a conference abstract (single page, abstract format, 'P' numbering) reporting on one original SPS-spectrum patient with detailed clinical and laboratory follow-up. The content is consistent with a single case report presented as a conference abstract.",llm_v1_gpt4.1,2026-04-05T20:33:25.460375+00:00
522,522,Stiff person syndrome: presentation of a case with repetitive complex discharges in electromiograms.,"Jimenez Caballero, Pedro Enrique",2009,The neurologist,Clinical manifestations; Electrophysiology,Davide Martino (2023-07-01 14:34:03)(Select): Article not uploaded;,data/extraction_json/text/522.json,data/extraction_json/text/522.json,full_text,false,,single_case_report,case_report,high,1,true,false,false,individual,true,false,run_langextract_individual,,,,,,,,,,"This is a classic single case report, as evidenced by the detailed description of one patient's clinical course, diagnostic workup, and management. No group-level or multi-patient data are presented.",llm_v1_gpt4.1,2026-04-05T20:33:43.645123+00:00
5230,5230,A CASE OF PROGRESSIVE ENCEPHALOMYELITIS WITH RIGIDITY AND POSITIVE ANTIGLUTAMIC ACID DEHYDROGENASE ANTIBODIES,"Burn, D. J.; Ball, J.; Lees, A. J.; Behan, P. O.; Morganhughes, J. A.",1991,Journal of Neurology Neurosurgery and Psychiatry,Clinical manifestations; Immunological - Lab tests,,data/extraction_json/text/5230.json,data/extraction_json/text/5230.json,full_text,false,,single_case_report,case_report,high,1,true,false,false,individual,true,false,run_langextract_individual,,,,,,,,,,"This is a classic single case report, as evidenced by the detailed narrative of one patient's clinical course, laboratory findings, and discussion of the case in the context of the literature. There is no indication of additional original patients.",llm_v1_gpt4.1,2026-04-05T20:33:54.720581+00:00
5233,5233,Familial stiff-man syndrome with GAD65 antibody,"Burns, T. M.; Jones, H. R.; Phillips, L. H.; Lennon, V. A.",2001,Annals of Neurology,,Davide Martino (2024-07-02 10:39:56)(Included): duplicate of #239; Manfredi Carta (2024-06-28 19:26:41)(Included): duplicate of #239;,data/extraction_json/text/5233.json,data/extraction_json/text/5233.json,full_text,false,,conference_abstract,single_case_conference_abstract,high,2,true,false,false,individual,true,false,run_langextract_individual,,,,,,,,,,"This is a conference abstract (published in a supplement, single page S52) reporting two original SPS-spectrum (stiff-man syndrome) patients from one family, with individual-level clinical and serological data. No group-level data or additional cases are described.",llm_v1_gpt4.1,2026-04-05T20:34:14.043240+00:00
524,524,Stiff person syndrome associated with lower motor neuron disease and infiltration of cytotoxic T cells in the spinal cord.,"Holmoy, Trygve; Skorstad, Gjertrud; Roste, Line Sveberg; Scheie, David; Alvik, Kirsti",2009,Clinical neurology and neurosurgery,,,data/extraction_json/text/524.json,data/extraction_json/text/524.json,full_text,false,,single_case_report,case_report,high,1,true,false,false,individual,true,false,run_langextract_individual,,,,,,,,,,"This is a classic single case report, as indicated by the title, structure, and detailed individual-level reporting of one patient with SPS and lower motor neuron disease. The paper does not present group-level or multi-patient data.",llm_v1_gpt4.1,2026-04-05T20:34:34.864518+00:00
5240,5240,Case 27-2012: A 60-Year-Old Woman with Painful Muscle Spasms and Hyperreflexia,"Byrne, T. N.; Isakoff, S. J.; Rincon, S. P.; Gudewicz, T. M.",2012,New England Journal of Medicine,,,data/extraction_json/text/5240.json,data/extraction_json/text/5240.json,full_text,false,,single_case_report,case_report,high,1,true,false,false,individual,true,false,run_langextract_individual,,,,,,,,,,"The article is a classic single-patient case report, providing comprehensive individual-level clinical, laboratory, and imaging data for one patient with SPS-spectrum disorder. There is no evidence of additional original SPS cases.",llm_v1_gpt4.1,2026-04-05T20:34:38.505566+00:00
5243,5243,"Progressive encephalomyelitis with rigidity, diabetes mellitus and retinopathy: An anti-GAD syndrome","Cabre, P.; Smadja, D.; Humbel, R. L.; Merle, H.; Vernant, J. C.",1996,European Journal of Neurology,,,data/extraction_json/text/5243.json,data/extraction_json/text/5243.json,full_text,false,,single_case_report,case_report,high,1,true,false,false,individual,true,false,run_langextract_individual,,,,,,,,,,"This is a single case report, as it provides a detailed narrative of one patient's clinical course, laboratory findings, and response to therapy. There is no evidence of additional original SPS-spectrum patients in the text.",llm_v1_gpt4.1,2026-04-05T20:34:59.640167+00:00
525,525,"Monozygotic twins with stiff person syndrome and autoimmune thyroiditis: rituximab inefficacy in a double-blind, randomised, placebo controlled crossover study.","Venhoff, N; Rizzi, M; Salzer, U; Bossaller, L; Thoden, J; Eibel, H; Walker, U A",2009,Annals of the rheumatic diseases,,,data/extraction_json/text/525.json,data/extraction_json/text/525.json,full_text,false,,unclear_manual_review,unclear,low,2,true,false,false,manual_review,false,true,review_source_category,,,,,,,,,,"validator_flags=GROUP_STUDY_NO_GROUP_DATA; ADJ:GROUP_STUDY_NO_GROUP_DATA | Despite the validator flag, the classification is correct: this is an interventional study (randomised, placebo-controlled crossover) involving two SPS patients, both of whom are described individually. There is no group-level (aggregated) clinical data, only individual-level data for each twin. The study design and data presentation justify the 'interventional_study' category and a case count of 2.",llm_v1_gpt4.1,2026-04-05T20:35:23.496218+00:00
5254,5254,Stiff-person syndrome in a woman with breast cancer,"Carluer, L.",2006,Movement Disorders,,,data/extraction_json/text/5254.json,data/extraction_json/text/5254.json,full_text,false,,single_case_report,case_report,high,1,true,false,false,individual,true,false,run_langextract_individual,,,,,,,,,,"This is a single case report, as indicated by the detailed narrative of one patient's clinical course, laboratory findings, and outcome. The text repeatedly refers to 'the patient' and provides no evidence of additional cases. The focus is on the unique association of SPS, breast cancer, and anti-amphiphysin antibodies in this individual.",llm_v1_gpt4.1,2026-04-05T20:35:42.806451+00:00
526,526,Spinocerebellar ataxia type 1 mimicking stiff person syndrome.,"Singhal, Sumeet; Gontu, Vamsi; Choudhary, Prajendra; Auer, Dorothee; Bajaj, Nin",2009,Movement disorders : official journal of the Movement Disorder Society,,Bettina Balint (2023-08-28 19:04:10)(Select):  relevant for DDx;,data/extraction_json/text/526.json,data/extraction_json/text/526.json,full_text,false,,single_case_report,case_report,high,,false,false,false,individual,true,false,run_langextract_individual,,,,,,,,,,Manual review: Reference title indicates a single differential-diagnosis case report; downloaded PDF/extracted text appears mismatched and should be rechecked separately.,llm_v1_gpt4.1,2026-04-05T20:35:42.869914+00:00
5265,5265,Brainstem involvement as onset of stiff limb syndrome: A case report,"Ceriani, F.; Massetto, N.; Rosci, C.; Pietrogrande, M.",2002,Movement Disorders,,,data/extraction_json/text/5265.json,data/extraction_json/text/5265.json,full_text,false,,conference_abstract,single_case_conference_abstract,high,1,true,false,false,individual,true,false,run_langextract_individual,,,,,,,,,,"This is a conference abstract (one-page, supplement, poster session) presenting a single case report of stiff limb syndrome, a form of SPS-spectrum disorder. The text provides individual-level clinical data for one patient only.",llm_v1_gpt4.1,2026-04-05T20:35:46.825479+00:00
5268,5268,The treatment of Moersch-Woltman syndrome,"Cerimagic, D.; Relja, M.; Telarovic, S.; Glavic, J.; Ivankovic, M.; Bogoje, A.; Vodopic, M.; Dzamonja, G.",2005,European Journal of Neurology,,,data/extraction_json/text/5268.json,data/extraction_json/text/5268.json,full_text,false,not_needed,conference_abstract,single_case_conference_abstract,high,,false,false,false,individual,true,false,run_langextract_individual,,,,,,,,,,Manual review: Conference abstract describing the therapeutic course of one female SPS patient across symptomatic and immunomodulatory regimens.,llm_v1_gpt4.1,2026-04-05T20:35:46.884866+00:00
5270,5270,"STIFF PERSON SYNDROME, ABOUT A CASE","Chahrazed, R.",2019,Muscle & Nerve,,,data/extraction_json/text/5270.json,data/extraction_json/text_trimmed/5270.json,trimmed,true,trimmed_auto,conference_abstract,single_case_conference_abstract,high,,false,false,false,individual,true,false,run_langextract_individual,,,,,,,,,,Manual review: Proceedings abstract localized by exact title; one anti-GAD-negative SPS case initially managed as psychiatric disease.,llm_v1_gpt4.1,2026-04-05T20:35:46.908562+00:00
5279,5279,Characterisation of anti-GAD antibodies in stiff-person syndrome,"Chang, T.; Brown, P.; Vincent, A.",2006,Journal of Neurology Neurosurgery and Psychiatry,,,data/extraction_json/text/5279.json,data/extraction_json/text/5279.json,full_text,false,,lab_heavy_clinical_or_translational,group_or_frequency_focused_lab_clinical_study,high,,false,false,false,group,true,false,run_langextract_group,,,,,,,,,,Manual review: Conference immunology study characterizing anti-GAD antibodies and additional neuronal-surface reactivity in 20 SPS sera.,llm_v1_gpt4.1,2026-04-05T20:35:46.919777+00:00
5280,5280,Autoantibodies in stiff-person syndrome,"Chang, T.; Brown, P.; Vincent, A.",2006,Journal of Neurology,,,data/extraction_json/text/5280.json,data/extraction_json/text_trimmed/5280.json,trimmed,false,,lab_heavy_clinical_or_translational,group_or_frequency_focused_lab_clinical_study,high,,false,false,false,group,true,false,run_langextract_group,,,,,,,,,,Manual review: Conference immunology cohort evaluating GAD antibody titres,llm_v1_gpt4.1,2026-04-05T20:35:46.950329+00:00
5282,5282,Pathogenicity of autoantibodies in stiff-person syndrome,"Chang, T.; Lang, B.; Brown, P.; Vincent, A.",2008,Journal of Neurology,,,data/extraction_json/text/5282.json,data/extraction_json/text_trimmed/5282.json,trimmed,false,,lab_heavy_clinical_or_translational,group_or_frequency_focused_lab_clinical_study,high,,false,false,false,group,true,false,run_langextract_group,,,,,,,,,,Manual review: Conference translational study focused on the pathogenic role and experimental features of SPS-associated autoantibodies rather than case-level extraction.,llm_v1_gpt4.1,2026-04-05T20:35:46.993851+00:00
5283,5283,Autoantibodies to GAD and Cell Surface Determinants in Stiff Person Syndrome,"Chang, T.; Pettingill, P.; Alexopoulos, H.; Jacobson, L. W.; Brown, P.; Vincent, A.",2009,Neurology,,Karlo Lizarraga (2023-07-01 11:33:53)(Select): Conference abstract; Yasamin Mahjoub (2023-06-11 18:50:45)(Select): Requested through UCalgary Interlibrary Loan; Yasamin Mahjoub (2023-06-07 23:40:55)(Select): Not available on Neurology journal archives ;,data/extraction_json/text/5283.json,data/extraction_json/text_trimmed/5283.json,trimmed,true,trimmed_auto,conference_abstract,group_conference_abstract,high,25,false,true,false,group,true,false,run_langextract_group,,,,,,,,,,"This is a conference abstract (single page, proceedings detected, abstract format) reporting original group-level data from 25 SPS patients, focusing on antibody studies. There is no individual-level data, but the cohort size is clearly stated.",llm_v1_gpt4.1,2026-04-05T20:35:50.747165+00:00
5286,5286,Unusual case of jerking stiff person syndrome,"Chaudhary, N.; Jaiswal, S.; Murthy, J. M. K.",2013,Movement Disorders,,,data/extraction_json/text/5286.json,data/extraction_json/text/5286.json,full_text,false,not_needed,conference_abstract,single_case_conference_abstract,high,,false,false,false,individual,true,false,run_langextract_individual,,,,,,,,,,Manual review: Proceedings abstract localized by exact title; one SPS-spectrum case with jerking,llm_v1_gpt4.1,2026-04-05T20:35:50.806694+00:00
529,529,Finding our way: diagnostic perils and the stiff person syndrome.,"Freeman, Jerome W; Xu, Min; Anderson, Susan; Lindemann, Janet",2009,South Dakota medicine : the journal of the South Dakota State Medical Association,,Yasamin Mahjoub (2023-06-08 00:49:55)(Select): Requested through UCalgary Interlibrary Loan;,data/extraction_json/text/529.json,data/extraction_json/text/529.json,full_text,false,,case_series_or_multi_case,case_series,high,,false,false,true,individual_case_split,true,false,split_cases_then_langextract,,,,,,,,,,Manual review: Article explicitly presents two SPS case studies and diagnostic lessons.,llm_v1_gpt4.1,2026-04-05T20:35:50.815586+00:00
531,531,Intrathecal baclofen pump implantation in a case of stiff person syndrome.,"Maramattom, Bobby Varkey",2010,Neurology India,,,data/extraction_json/text/531.json,data/extraction_json/text/531.json,full_text,false,,single_case_report,case_report,high,1,true,false,false,individual,true,false,run_langextract_individual,,,,,,,,,,"This is a classic single case report, as indicated by the title, abstract, and detailed case description of one patient with SPS. There is no evidence of additional original SPS cases or group-level data.",llm_v1_gpt4.1,2026-04-05T20:36:09.400413+00:00
5315,5315,Stiff-person syndrome presenting with asymmetric axial muscle spasms and hypertrophy,"Chuang, C.",2002,Movement Disorders,,,data/extraction_json/text/5315.json,data/extraction_json/text/5315.json,full_text,false,,conference_abstract,single_case_conference_abstract,high,1,true,false,false,individual,true,false,run_langextract_individual,,,,,,,,,,"validator_flags=EVIDENCE_NO_PAGES | This is a conference abstract (Movement Disorders, Vol. 17, Suppl. 5, 2002, S241-S242) presenting a single case of Stiff-person syndrome with asymmetric axial muscle spasms and hypertrophy. The report provides original, individual-level clinical data for one SPS-spectrum patient.",llm_v1_gpt4.1,2026-04-05T20:36:13.289014+00:00
5321,5321,Rehabilitation and orthopedic management of Stiff Person syndrome,"Clairmont, A. C.; Lindberg, K. E.; Goldstein, N.",2009,Movement Disorders,,,data/extraction_json/text/5321.json,data/extraction_json/text/5321.json,full_text,false,,conference_abstract,single_case_conference_abstract,high,1,true,false,false,individual,true,false,run_langextract_individual,,,,,,,,,,"This is a conference abstract (2 pages, supplement issue, abstract format) presenting a single SPS patient in detail, consistent with a single case report presented as a conference abstract. There is no evidence of group-level or multiple SPS cases.",llm_v1_gpt4.1,2026-04-05T20:36:31.965099+00:00
534,534,Spinal cord stimulation to abort painful spasms of atypical stiff limb syndrome.,"Ughratdar, I; Sivakumar, G; Basu, S",2010,Stereotactic and functional neurosurgery,,,data/extraction_json/text/534.json,data/extraction_json/text/534.json,full_text,false,,single_case_report,case_report,high,1,true,false,false,individual,true,false,run_langextract_individual,,,,,,,,,,"This is a classic single case report, as it focuses on one patient with SLS, providing individual-level clinical data and discussing his response to spinal cord stimulation. There is no evidence of additional original SPS-spectrum patients.",llm_v1_gpt4.1,2026-04-05T20:36:36.072917+00:00
535,535,Urodynamic study alterations in a patient with stiff person syndrome.,"Arrabal-Polo, Miguel Angel; Palao-Yago, Francisco; Zuluaga-Gomez, Armando",2010,International journal of urology : official journal of the Japanese Urological Association,,,data/extraction_json/text/535.json,data/extraction_json/text/535.json,full_text,false,,single_case_report,case_report,high,1,true,false,false,individual,true,false,run_langextract_individual,,,,,,,,,,"This is a letter to the editor presenting a detailed case report of one patient with stiff person syndrome, including clinical presentation, diagnostic workup, and treatment. No group-level or multi-patient data are present.",llm_v1_gpt4.1,2026-04-05T20:36:54.773817+00:00
536,536,Characterization of CD4+ T cells specific for glutamic acid decarboxylase (GAD65) and proinsulin in a patient with stiff-person syndrome but without type 1 diabetes.,"Hanninen, Arno; Soilu-Hanninen, Merja; Hampe, Christiane S; Deptula, Angie; Geubtner, Kelly; Ilonen, Jorma; Knip, Mikael; Reijonen, Helena",2010,Diabetes/metabolism research and reviews,,,data/extraction_json/text/536.json,data/extraction_json/text/536.json,full_text,false,,lab_heavy_clinical_or_translational,group_or_frequency_focused_lab_clinical_study,high,,false,false,false,group,true,false,run_langextract_group,,,,,,,,,,Manual review: Single-patient translational immunology study centered on T-cell characterization rather than case-level clinical extraction.,llm_v1_gpt4.1,2026-04-05T20:36:54.836201+00:00
5362,5362,"A double-blind, placebo-controlled, crossover trial of intravenous immunoglobin in the treatment of anti-GAD antibody-positive patients with stiff-person syndrome","Dalakas, M. C.; Fujii, M.; Lutft, B.; Khyos, J.; McElroy, B.",2001,Annals of Neurology,Treatment,Benjamin Vlad (2025-04-04 02:23:11)(Included): Abstract of the NEJM paper; should be excluded;,data/extraction_json/text/5362.json,data/extraction_json/text_trimmed/5362.json,trimmed,true,trimmed_auto,conference_abstract,group_conference_abstract,high,0,false,true,false,group,true,false,run_langextract_group,,,,,,,,,,"The document is a conference abstract (proceedings detected, single page, S8-S8, and time slot listed). It summarizes a clinical trial but does not provide extractable original SPS patient data. The main publication with original data is elsewhere.",llm_v1_gpt4.1,2026-04-05T20:36:59.100841+00:00
5365,5365,"A Double-Blind, Placebo-Cotrolled Study of Rituximab in Patients with Stiff-Person Syndrome (SPS)","Dalakas, M. C.; Rakocevic, G.; Dambrosia, J.; McElroy, B.",2009,Annals of Neurology,Treatment,Karlo Lizarraga (2023-07-01 11:47:42)(Select): Conference abstract - potential overlap;,data/extraction_json/text/5365.json,data/extraction_json/text_trimmed/5365.json,trimmed,true,trimmed_auto,conference_abstract,group_conference_abstract,high,24,false,true,false,group,true,false,run_langextract_group,,,,,,,,,,"This is a conference abstract (single page, proceedings detected, supplement page numbering, and explicit note in metadata). It reports original group-level data from a double-blind, placebo-controlled trial of Rituximab in SPS, with 24 patients enrolled and randomized.",llm_v1_gpt4.1,2026-04-05T20:37:02.530879+00:00
537,537,The occurrence of stiff person syndrome in a patient with thymoma: case report and literature review.,"Kosseifi, Semaan G; Mehta, Jay B; Roy, Thomas; Byrd, Ryland Jr; Farrow, Jeff",2010,Tennessee medicine : journal of the Tennessee Medical Association,,Yasamin Mahjoub (2023-06-08 08:48:33)(Select): Requested through UCalgary Interlibrary loan;,data/extraction_json/text/537.json,data/extraction_json/text/537.json,full_text,false,,single_case_report,case_report,high,1,true,false,false,individual,true,false,run_langextract_individual,,,,,,,,,,"This is a classic single case report: the main original clinical content is a single patient with SPS and thymoma, described in detail. The rest of the article is a review of prior literature and does not present additional original SPS-spectrum cases.",llm_v1_gpt4.1,2026-04-05T20:37:10.591755+00:00
5371,5371,The stiff person syndrome: A single case report of almost complete recovery 12 weeks following immunomodulatory therapy with IVIG and plasmapheresis,"Dalton, C. M.; Lim, E.; Redmond, J.",2000,Neurology,,Yasamin Mahjoub (2023-06-11 18:53:27)(Select): Requested through UCalgary Interlibrary Loan; Yasamin Mahjoub (2023-06-08 00:26:13)(Select): Not available on Neurology journal archives;,data/extraction_json/text/5371.json,data/extraction_json/text/5371.json,full_text,false,,conference_abstract,single_case_conference_abstract,high,1,true,false,false,individual,true,false,run_langextract_individual,,,,,,,,,,"This is a conference abstract (Neurology supplement, single page, abstract format) reporting a single case of stiff person syndrome with detailed individual-level clinical data. No group-level or additional cases are described.",llm_v1_gpt4.1,2026-04-05T20:37:16.011590+00:00
5373,5373,PROGRESSIVE ENCEPHALOMYELITIS WITH RIGIDITY AND MYOCLONUS: THE FIRST PAEDIATRIC CASE WITH GLYCINE RECEPTOR ANTIBODIES,"Damasio, J.; Leite, M. I.; Coutinho, E.; Waters, P.; Woodhall, M.; Santos, M. A.; Carrilho, I.; Vincent, A.",2011,European Journal of Neurology,,Benjamin Vlad (2023-06-22 20:01:09)(Select): Wrong full text;,data/extraction_json/text/5373.json,data/extraction_json/text/5373.json,full_text,false,,single_case_report,case_report,high,,false,false,false,individual,true,false,run_langextract_individual,,,,,,,,,,Manual review: Full observational report of the first pediatric GlyR-antibody-positive PERM case.,llm_v1_gpt4.1,2026-04-05T20:37:16.072053+00:00
5381,5381,STIFF-MAN-SYNDROME-80 - A VARIANT ASSOCIATED WITH ABNORMAL VISUAL PROCESSING AND A NEW ANTINEURONAL ANTIBODY,"Darnell, R. B.; Rubin, M.; Victor, J.; Plum, F.",1990,Annals of Neurology,,,data/extraction_json/text/5381.json,data/extraction_json/text_trimmed/5381.json,trimmed,false,,single_case_report,case_report,high,,false,false,false,individual,true,false,run_langextract_individual,,,,,,,,,,Manual review: Older abstract describing one SMS variant with abnormal visual processing and a newly observed antineuronal antibody pattern.,llm_v1_gpt4.1,2026-04-05T20:37:16.095627+00:00
5398,5398,Treatment of stiff person syndrome with chronic plasmapheresis,"De la Casa-Fages, B.; Anaya, F.; Grandas, F.",2011,Movement Disorders,,,data/extraction_json/text/5398.json,data/extraction_json/text_trimmed/5398.json,trimmed,true,trimmed_auto,conference_abstract,single_case_conference_abstract,high,,false,false,false,individual,true,false,run_langextract_individual,,,,,,,,,,Manual review: Proceedings abstract localized by exact title; two SPS cases reported with clinical response to chronic plasmapheresis.,llm_v1_gpt4.1,2026-04-05T20:37:16.143068+00:00
541,541,Stiff-person syndrome: persistent elevation of glutamic acid decarboxylase antibodies despite successful treatment with rituximab.,"Bacorro, Eugene A; Tehrani, Rodney",2010,Journal of clinical rheumatology : practical reports on rheumatic & musculoskeletal diseases,,"Benjamin Vlad (2023-06-25 05:09:19)(Select): wrong full text, uploaded the right one;",data/extraction_json/text/541.json,data/extraction_json/text/541.json,full_text,false,,single_case_report,case_report,high,1,true,false,false,individual,true,false,run_langextract_individual,,,,,,,,,,"This is a classic single case report, as indicated by the structure, the explicit 'CASE REPORT' heading, and the detailed narrative of one patient's clinical course, diagnosis, and treatment. No group or series data are presented.",llm_v1_gpt4.1,2026-04-05T20:37:35.216159+00:00
544,544,Glutamic acid decarboxylase antibody-positive paraneoplastic stiff limb syndrome associated with carcinoma of the breast.,"Agarwal, Pankaj A; Ichaporia, Nasli R",2010,Neurology India,Clinical manifestations; Immunological - Lab tests,,data/extraction_json/text/544.json,data/extraction_json/text/544.json,full_text,false,,single_case_report,case_report,high,1,true,false,false,individual,true,false,run_langextract_individual,,,,,,,,,,"This is a classic single case report, as indicated by the 'Case Report' section and the detailed narrative of one patient's presentation, workup, treatment, and outcome. No group or series data are presented.",llm_v1_gpt4.1,2026-04-05T20:37:53.565416+00:00
545,545,GAD antibodies associated neurological disorders: incidence and phenotype distribution among neurological inflammatory diseases.,"Mata, Sabrina; Muscas, Gian Carlo; Cincotta, Massimo; Bartolozzi, Maria Letizia; Ambrosini, Stefano; Sorbi, Sandro",2010,Journal of neuroimmunology,,,data/extraction_json/text/545.json,data/extraction_json/text/545.json,full_text,false,,observational_group_study,retrospective_or_cohort_group_study,high,7,true,true,false,group,true,false,run_langextract_group,,,,,,,,,,"This is an observational group study of 1435 patients with autoimmune neurological diseases, identifying 7 with high-titer GAD antibodies and providing both group-level and individual-level clinical data. The study includes detailed clinical descriptions and a summary table for all 7 patients, with explicit mention of SPS-spectrum features.",llm_v1_gpt4.1,2026-04-05T20:37:59.190428+00:00
547,547,Stiff-person syndrome and generalized anxiety disorder.,"Cerqueira, Ana Claudia Rodrigues de; Bezerra, Jose Marcelo Ferreira; Rozenthal, Marcia; Nardi, Antonio Egidio",2010,Arquivos de neuro-psiquiatria,Review Article,,data/extraction_json/text/547.json,data/extraction_json/text/547.json,full_text,false,,single_case_report,case_report,high,1,true,false,false,individual,true,false,run_langextract_individual,,,,,,,,,,"This is a single case report, as indicated by the explicit case description and the structure of the article. The paper provides original, individual-level clinical data for one SPS-spectrum patient.",llm_v1_gpt4.1,2026-04-05T20:38:17.902596+00:00
5472,5472,HIGH AMPLITUDE F WAVES AND STIFF-PERSON SYNDROME,"Espinosa, P.; Ryan, S.",2013,Muscle & Nerve,Electrophysiology,,data/extraction_json/text/5472.json,data/extraction_json/text/5472.json,full_text,false,not_needed,conference_abstract,single_case_conference_abstract,high,,false,false,false,individual,true,false,run_langextract_individual,,,,,,,,,,Manual review: Muscle and Nerve abstract guide entry likely describing an electrophysiologic SPS presentation,llm_v1_gpt4.1,2026-04-05T20:38:17.966239+00:00
548,548,Qualitative and quantitative evidence of anti-glutamic acid decarboxylase-specific intrathecal antibody synthesis in patients with stiff person syndrome.,"Jarius, S; Stich, O; Speck, J; Rasiah, Ch; Wildemann, B; Meinck, H M; Rauer, S",2010,Journal of neuroimmunology,Immunological - Lab tests,,data/extraction_json/text/548.json,data/extraction_json/text/548.json,full_text,false,,lab_heavy_clinical_or_translational,group_or_frequency_focused_lab_clinical_study,high,,false,false,false,group,true,false,run_langextract_group,,,,,,,,,,Manual review: Ten-patient CSF/serum antibody synthesis study; translational group source rather than case-splitting target.,llm_v1_gpt4.1,2026-04-05T20:38:17.975779+00:00
5499,5499,Progressive Encephalomyelitis With Rigidity: A Case Report,"Baraba, R.; Jusic, A.; Sruk, A.",2010,Journal of Spinal Cord Medicine,,,data/extraction_json/text/5499.json,data/extraction_json/text/5499.json,full_text,false,,single_case_report,case_report,high,1,true,false,false,individual,true,false,run_langextract_individual,,,,,,,,,,"This is a classic single case report, as indicated by the title, abstract, and detailed narrative of one patient's clinical course. The report provides individual-level data and does not aggregate or discuss a cohort.",llm_v1_gpt4.1,2026-04-05T20:38:22.978656+00:00
5502,5502,"GLUTAMIC ACID DECARBOXYLASE ANTIBODY: A LINK FOR LOCALISATION RELATED EPILEPSY, STIFF-PERSON SYNDROME AND TYPE I DIABETES MELLITUS? REPORT OF TWO CASES","Barcs, G.; Szucs, A.; Kamondi, A.",2012,Epilepsia,,Davide Martino (2024-05-25 13:25:49)(Included): There is really too few data to justify extraction; Karlo Lizarraga (2023-07-01 11:27:02)(Select): Conference abstract (See page 151);,data/extraction_json/text/5502.json,data/extraction_json/text_trimmed/5502.json,trimmed,true,trimmed_auto,conference_abstract,single_case_conference_abstract,high,,false,false,false,individual,true,false,run_langextract_individual,,,,,,,,,,Manual review: Proceedings abstract localized by exact title; two cases illustrating the shared anti-GAD link between focal epilepsy,llm_v1_gpt4.1,2026-04-05T20:38:23.011658+00:00
551,551,A perplexing consult for pseudoseizures: stiff-man syndrome.,"Prasad, Vivek",2010,The Journal of neuropsychiatry and clinical neurosciences,,,data/extraction_json/text/551.json,data/extraction_json/text/551.json,full_text,false,,single_case_report,case_report,high,1,true,false,false,individual,true,false,run_langextract_individual,,,,,,,,,,"This is a single case report, as evidenced by the detailed narrative of one patient's clinical course and the absence of additional original cases. The discussion and references to other patients are general background and not original data.",llm_v1_gpt4.1,2026-04-05T20:38:26.677299+00:00
5519,5519,Physiological studies of spinal inhibitory circuits in patients with stiff-person syndrome,"Floeter, M. K.; Valls-Sole, J.; Jacobowitz, D.; Hallett, M.",1998,Neurology,Electrophysiology,,data/extraction_json/text/5519.json,data/extraction_json/text/5519.json,full_text,false,,observational_group_study,retrospective_or_cohort_group_study,high,11,true,true,false,group,true,false,run_langextract_group,,,,,,,,,,"This is an observational group study of 11 SPS patients, with both individual-level and group-level data reported. The paper is not a review, case report, or conference abstract, and it provides original clinical and physiological findings from a defined SPS cohort.",llm_v1_gpt4.1,2026-04-05T20:38:45.722551+00:00
552,552,Stiff-person syndrome: a case report and review of the literature.,"Egwuonwu, Steve; Chedebeau, Fernando",2010,Journal of the National Medical Association,,,data/extraction_json/text/552.json,data/extraction_json/text/552.json,full_text,false,,single_case_report,case_report,high,1,true,false,false,individual,true,false,run_langextract_individual,,,,,,,,,,"This is a classic single case report, as indicated by the title, structure, and detailed individual-level clinical data for one patient. The remainder of the paper is a literature review, not original data.",llm_v1_gpt4.1,2026-04-05T20:38:52.264261+00:00
5529,5529,A videography documented case report: Antibody-negative stiff-person syndrome,"Fong, J. S.; Krieger, D.",2007,Neurology,,Yasamin Mahjoub (2023-06-11 19:10:30)(Select): Requested through UCalgary Interlibrary Loan; Yasamin Mahjoub (2023-06-08 00:45:52)(Select): Not available on Neurology journal website archives; Natalie Witek (2021-10-13 05:16:00)(Select): AB NEGATIVE;,data/extraction_json/text/5529.json,data/extraction_json/text/5529.json,full_text,false,,single_case_report,case_report,high,1,true,false,false,individual,true,false,run_langextract_individual,,,,,,,,,,"This is a single case report, as indicated by the title and the detailed description of one patient's clinical course, laboratory workup, and response to therapy. The report provides individual-level data for one original SPS-spectrum patient.",llm_v1_gpt4.1,2026-04-05T20:39:10.484200+00:00
5535,5535,STIFF PERSON SYNDROME IN ASSOCIATION WITH NONPARANEOPLASTIC LIMBIC ENCEPHALITIS,"Franke, K.; Schulz, R.; Hoppe, M.; Korn-Merker, E.; Specht, U.; Ebner, A.",2009,Epilepsia,Clinical manifestations,,data/extraction_json/text/5535.json,data/extraction_json/text_trimmed/5535.json,trimmed,true,trimmed_auto,conference_abstract,single_case_conference_abstract,high,,false,false,false,individual,true,false,run_langextract_individual,,,,,,,,,,Manual review: Epilepsy congress proceedings likely containing a single SPS plus nonparaneoplastic limbic encephalitis case,llm_v1_gpt4.1,2026-04-05T20:39:10.568038+00:00
5537,5537,"CO-EMERGENT TRIAD OF EPILEPSY, MYASTHENIA GRAVIS AND STIFF-PERSON SYNDROME","Frawley, B. K.; Ritaccio, A.; Gruenthal, M.; Lava, N.; Murnane, M.; Lynch, T. M.",2008,Epilepsia,,,data/extraction_json/text/5537.json,data/extraction_json/text_trimmed/5537.json,trimmed,true,trimmed_auto,conference_abstract,single_case_conference_abstract,high,,false,false,false,individual,true,false,run_langextract_individual,,,,,,,,,,Manual review: Proceedings abstract localized by exact title; one patient with the co-emergent triad of epilepsy,llm_v1_gpt4.1,2026-04-05T20:39:10.622654+00:00
554,554,Stiff-person syndrome treated with rituximab.,"Lobo, Marcelo Evangelista; Araujo, Marx Lincoln Barros; Tomaz, Carlos Alberto Bezerra; Allam, Nasser",2010,BMJ case reports,,,data/extraction_json/text/554.json,data/extraction_json/text/554.json,full_text,false,,single_case_report,case_report,high,1,true,false,false,individual,true,false,run_langextract_individual,,,,,,,,,,"This is a single case report, as indicated by the title, abstract, and full text, which all focus on one patient with SPS treated with rituximab. The report provides detailed clinical presentation, investigations, treatment, and outcome for this individual.",llm_v1_gpt4.1,2026-04-05T20:39:13.819563+00:00
5542,5542,Stiff-Person syndrome with antibodies to glutamic acid decarboxylase (GAD): Studies in 10 patients,"Fujii, M. D.; Kyhos, J.; Jacobowitz, D.; Semino-Mora, C.; Floeter, M. K.; Dalakas, M. C.",1998,Neurology,,Yasamin Mahjoub (2023-06-11 19:13:00)(Select): Requested through UCalgary Interlibrary Loan; Yasamin Mahjoub (2023-06-08 00:54:43)(Select): Not available on Neurology journal online archives;,data/extraction_json/text/5542.json,data/extraction_json/text/5542.json,full_text,false,,observational_group_study,retrospective_or_cohort_group_study,high,,false,false,false,group,true,false,run_langextract_group,,,,,,,,,,Manual review: Conference cohort of 10 anti-GAD-positive SPS patients describing clinical phenotype and associated immunopathologic features.,llm_v1_gpt4.1,2026-04-05T20:39:13.879665+00:00
5545,5545,C-11-Flumazenil positron emission tomography demonstrates reduction of both global and local cerebral benzodiazepine receptor binding in a patient with Stiff Person Syndrome,"Galldiks, N.; Thiel, A.; Haense, C.; Fink, G. R.; Hilker, R.",2008,Journal of Neurology,,,data/extraction_json/text/5545.json,data/extraction_json/text/5545.json,full_text,false,,single_case_report,case_report,high,1,true,false,false,individual,true,false,run_langextract_individual,,,,,,,,,,"This is a single case report, as it provides an in-depth description of one SPS patient, including clinical presentation, diagnostic workup, and imaging findings. There is no evidence of additional original SPS cases or group-level data.",llm_v1_gpt4.1,2026-04-05T20:39:32.698474+00:00
555,555,Stiff-person syndrome presenting as eating disorder: a case report.,"Cuturic, Miroslav; Harden, Laurie M; Kannaday, Melissa H; Campbell, Nioaka N; Harding, Richard K",2011,The International journal of eating disorders,,,data/extraction_json/text/555.json,data/extraction_json/text/555.json,full_text,false,,single_case_report,case_report,high,1,true,false,false,individual,true,false,run_langextract_individual,,,,,,,,,,"This is a classic single case report, as indicated by the title, abstract, and the detailed description of one patient's clinical course. No group-level or multiple patient data are presented.",llm_v1_gpt4.1,2026-04-05T20:39:36.536781+00:00
5552,5552,"Stiff-person syndrome associated with invasive thymoma, pemphigus and myasthenia gravis: a case report","Gao, X.; Zheng, X.; Li, H.",2012,European Journal of Neurology,,,data/extraction_json/text/5552.json,data/extraction_json/text_trimmed/5552.json,trimmed,true,trimmed_auto,conference_abstract,single_case_conference_abstract,high,,false,false,false,individual,true,false,run_langextract_individual,,,,,,,,,,Manual review: Proceedings case report title is consistent with a multi-autoimmune thymoma-associated SPS presentation,llm_v1_gpt4.1,2026-04-05T20:39:36.629573+00:00
5554,5554,Rituximab in stiff person syndrome,"Garcia-Ruiz, P. J.; del Val, J.; Herranz, A.; Bellido, S.; Aranda, M. A.",2012,Movement Disorders,,,data/extraction_json/text/5554.json,data/extraction_json/text_trimmed/5554.json,trimmed,true,trimmed_auto,conference_abstract,single_case_conference_abstract,high,,false,false,false,individual,true,false,run_langextract_individual,,,,,,,,,,Manual review: Proceedings abstract localized by exact title; one SPS case with anti-GAD positivity improving after rituximab.,llm_v1_gpt4.1,2026-04-05T20:39:36.678904+00:00
556,556,GAD antibody-associated neurological illness and its relationship to gluten sensitivity.,"Hadjivassiliou, M; Aeschlimann, D; Grunewald, R A; Sanders, D S; Sharrack, B; Woodroofe, N",2011,Acta neurologica Scandinavica,,,data/extraction_json/text/556.json,data/extraction_json/text/556.json,full_text,false,,observational_group_study,retrospective_or_cohort_group_study,high,7,true,true,false,group,true,false,run_langextract_group,,,,,,,,,,"This is an observational group study reporting original clinical and serological data on 7 SPS patients, including their response to gluten-free diet and antibody profiles. The study also includes other neurological and control groups, but only 7 SPS patients are present. Both individual and group-level data are provided.",llm_v1_gpt4.1,2026-04-05T20:39:56.564545+00:00
5573,5573,Long-term kinetics of anti-GAD65 antibody suppression by intravenous gamma globulin in stiff person syndrome,"George, E. B.; Mohamed, M. S.",2002,Movement Disorders,,,data/extraction_json/text/5573.json,data/extraction_json/text_trimmed/5573.json,trimmed,true,trimmed_auto,conference_abstract,single_case_conference_abstract,high,,false,false,false,individual,true,false,run_langextract_individual,,,,,,,,,,Manual review: Proceedings abstract localized by exact title; one refractory SPS patient followed with serial anti-GAD65 suppression kinetics after IVIG.,llm_v1_gpt4.1,2026-04-05T20:39:56.631381+00:00
559,559,Antiglycine-receptor encephalomyelitis with rigidity.,"Mas, Natalia; Saiz, Albert; Leite, Maria Isabel; Waters, Patrick; Baron, Manuel; Castano, Dolores; Sabater, Lidia; Vincent, Angela; Graus, Francesc",2011,"Journal of neurology, neurosurgery, and psychiatry",Clinical manifestations; Immunological - Lab tests,,data/extraction_json/text/559.json,data/extraction_json/text/559.json,full_text,false,,case_series_or_multi_case,case_series,high,,false,false,true,individual_case_split,true,false,split_cases_then_langextract,,,,,,,,,,Manual review: Abstract clinically describes three additional patients with individual-level trajectories and outcomes.,llm_v1_gpt4.1,2026-04-05T20:39:56.641369+00:00
560,560,Respective implications of glutamate decarboxylase antibodies in stiff person syndrome and cerebellar ataxia.,"Manto, Mario U; Hampe, Christiane S; Rogemond, Veronique; Honnorat, Jerome",2011,Orphanet journal of rare diseases,Immunological - Lab tests,Karlo Lizarraga (2021-10-14 07:24:19)(Select): Animal study.;,data/extraction_json/text/560.json,data/extraction_json/text_trimmed/560.json,trimmed,true,trimmed_auto,lab_heavy_clinical_or_translational,group_or_frequency_focused_lab_clinical_study,high,0,false,false,false,group,true,false,run_langextract_group,,,,,,,,,,"This is a lab-heavy translational study using patient-derived antibodies in animal experiments. While it references an SPS patient as the source of antibodies, it does not report any clinical data about the patient, nor does it provide extractable SPS-spectrum patient data. Thus, it is not a case report or clinical cohort.",llm_v1_gpt4.1,2026-04-05T20:40:01.071849+00:00
5600,5600,Dysfunction of cortical inhibitory circuits in stiff-man syndrome,"Kim, S. D.; Vucic, S.; Kiernan, M. C.; Fung, V. S. C.",2010,Movement Disorders,,Petra Pavelekova (2023-06-27 06:37:14)(Select): electrophysiology;,data/extraction_json/text/5600.json,data/extraction_json/text/5600.json,full_text,false,,conference_abstract,single_case_conference_abstract,high,2,true,false,false,individual,true,false,run_langextract_individual,,,,,,,,,,"This is a conference abstract (published in a supplement, single page, and labeled as a poster session) reporting original clinical and electrophysiological data from 2 SMS patients. The methods and results sections confirm original patient data.",llm_v1_gpt4.1,2026-04-05T20:40:05.660956+00:00
5631,5631,Severe worsening of the stiff person syndrome due to acute gastroenteritis,"Kramberger, M. G.; Avbersek, A.; Fabjan, T. H.",2009,European Journal of Neurology,,Karlo Lizarraga (2021-10-14 04:49:25)(Select): I was not able to find the abstract or full text - looks like it could be a case report;,data/extraction_json/text/5631.json,data/extraction_json/text_trimmed/5631.json,trimmed,true,trimmed_auto,conference_abstract,single_case_conference_abstract,high,,false,false,false,individual,true,false,run_langextract_individual,,,,,,,,,,Manual review: Proceedings abstract localized by title fragment; one SPS case with severe exacerbation during acute viral gastroenteritis.,llm_v1_gpt4.1,2026-04-05T20:40:05.690633+00:00
5647,5647,Stiff-Person syndrome and ophthalmoplegia associated with thymoma,"Lai, E. C.; Linfante, I.; Lee, A. G.",1998,Annals of Neurology,,,data/extraction_json/text/5647.json,data/extraction_json/text_trimmed/5647.json,trimmed,true,trimmed_auto,conference_abstract,single_case_conference_abstract,high,1,true,false,false,individual,true,false,run_langextract_individual,,,,,,,,,,"This is a conference abstract (proceedings detected, short page span, 'T178' abstract marker) reporting a single original SPS-spectrum patient with individual-level clinical data.",llm_v1_gpt4.1,2026-04-05T20:40:09.664741+00:00
565,565,Surviving stiff-person syndrome: a case report.,"Gnanapavan, Sharmilee; Vincent, Angela; Giovannoni, Gavin",2011,Journal of neurology,Clinical manifestations; Treatment,,data/extraction_json/text/565.json,data/extraction_json/text/565.json,full_text,false,,single_case_report,case_report,high,,false,false,false,individual,true,false,run_langextract_individual,,,,,,,,,,Manual review: Longitudinal management report of one subject with SPS and favorable outcome.,llm_v1_gpt4.1,2026-04-05T20:40:09.724230+00:00
566,566,"A case of glycine-receptor antibody-associated encephalomyelitis with rigidity and myoclonus (PERM): clinical course, treatment and CSF findings.","Piotrowicz, A; Thumen, A; Leite, M I; Vincent, A; Moser, A",2011,Journal of neurology,Clinical manifestations; Immunological - Lab tests,,data/extraction_json/text/566.json,data/extraction_json/text/566.json,full_text,false,,single_case_report,case_report,high,1,true,false,false,individual,true,false,run_langextract_individual,,,,,,,,,,"This is a single case report, as evidenced by the detailed description of one patient's clinical presentation, diagnostic workup, treatment, and follow-up. There is no mention of additional SPS-spectrum patients, and the rest of the text discusses prior literature and control subjects only.",llm_v1_gpt4.1,2026-04-05T20:40:28.943326+00:00
568,568,Pathological findings in a case of stiff person syndrome with anti-GAD antibodies.,"Witherick, Jonathan; Highley, J Robin; Hadjivassiliou, Marios",2011,Movement disorders : official journal of the Movement Disorder Society,,,data/extraction_json/text/568.json,data/extraction_json/text/568.json,full_text,false,,single_case_report,case_report,high,1,true,false,false,individual,true,false,run_langextract_individual,,,,,,,,,,validator_flags=EVIDENCE_NO_PAGES | The paper is a single case report describing pathological findings in a patient with stiff person syndrome and anti-GAD antibodies. The title and standard journal format for such reports support this classification. There is no evidence of group-level or multiple patient data.,llm_v1_gpt4.1,2026-04-05T20:40:47.166120+00:00
570,570,Isolated hypertrophy of the tibialis anterior muscle in the stiff leg syndrome.,"Castelnovo, Giovanni; Renard, Dimitri; Bouly, Stephane; Labauge, Pierre",2011,Muscle & nerve,Clinical manifestations; Electrophysiology,,data/extraction_json/text/570.json,data/extraction_json/text/570.json,full_text,false,,single_case_report,case_report,high,,false,false,false,individual,true,false,run_langextract_individual,,,,,,,,,,Manual review: Reference title indicates a single stiff-leg syndrome case report; downloaded PDF/extracted text appears mismatched and should be rechecked separately.,llm_v1_gpt4.1,2026-04-05T20:40:47.228911+00:00
571,571,Physical therapist management of stiff person syndrome in a 24-year-old woman.,"Hegyi, Christopher A",2011,Physical therapy,,,data/extraction_json/text/571.json,data/extraction_json/text/571.json,full_text,false,,single_case_report,case_report,high,1,true,false,false,individual,true,false,run_langextract_individual,,,,,,,,,,"This is a classic single case report, as it provides a detailed account of one patient's history, examination, intervention, and outcome. There is no evidence of additional original SPS-spectrum patients being reported.",llm_v1_gpt4.1,2026-04-05T20:41:06.047220+00:00
5726,5726,Intravenous immunoglobulin in with anti-GAD anti body-associated patients neurological diseases and patients with inflammatory myopathies - Effects on clinicopathological features and immunoregulatory genes,"Dalakas, M. C.",2005,Clinical Reviews in Allergy & Immunology,,,data/extraction_json/text/5726.json,data/extraction_json/text/5726.json,full_text,false,,interventional_study,controlled_or_therapeutic_group_study,high,16,true,true,false,group,true,false,run_langextract_group,,,,,,,,,,"This is an interventional study (randomized controlled trial) of IVIg in SPS, with original clinical data on 16 SPS patients. Both individual-level and group-level data are reported, including baseline characteristics, clinical outcomes, and antibody titers.",llm_v1_gpt4.1,2026-04-05T20:41:12.394089+00:00
5727,5727,The role of IVIg in the treatment of patients with stiff person syndrome and other neurological diseases associated with anti-GAD antibodies,"Dalakas, M. C.",2005,Journal of Neurology,,,data/extraction_json/text/5727.json,data/extraction_json/text/5727.json,full_text,false,,interventional_study,controlled_or_therapeutic_group_study,high,14,false,true,false,group,true,false,run_langextract_group,,,,,,,,,,"This is a double-blind, placebo-controlled interventional study of IVIg in SPS, enrolling 16 patients but analyzing 14 due to incomplete data for two. The paper reports original group-level clinical data on these SPS patients, with no individual-level case descriptions.",llm_v1_gpt4.1,2026-04-05T20:41:31.001223+00:00
573,573,Stiff person syndrome and pregnancy.,"Goldkamp, Jennifer; Blaskiewicz, Robert; Myles, Thomas",2011,Obstetrics and gynecology,,Benjamin Vlad (2023-06-29 00:22:05)(Select): added right one; Benjamin Vlad (2023-06-29 00:21:05)(Select): Wrong Full Text;,data/extraction_json/text/573.json,data/extraction_json/text/573.json,full_text,false,,single_case_report,case_report,high,1,true,false,false,individual,true,false,run_langextract_individual,,,,,,,,,,"This is a single case report, as it provides an in-depth account of one patient's clinical course with SPS during pregnancy. The structure and content are consistent with a case report, and no group-level or multiple patient data are presented.",llm_v1_gpt4.1,2026-04-05T20:41:49.641955+00:00
574,574,Progressive encephalomyelitis with rigidity and myoclonus: glycine and NMDA receptor antibodies.,"Turner, M R; Irani, S R; Leite, M I; Nithi, K; Vincent, A; Ansorge, O",2011,Neurology,,,data/extraction_json/text/574.json,data/extraction_json/text/574.json,full_text,false,,single_case_report,case_report,high,1,true,false,false,individual,true,false,run_langextract_individual,,,,,,,,,,"This is a single case report, as evidenced by the detailed narrative of one patient's clinical course, laboratory findings, and postmortem pathology. The text repeatedly refers to 'the case' and 'this patient,' and no additional original SPS-spectrum patients are described.",llm_v1_gpt4.1,2026-04-05T20:42:11.532902+00:00
5748,5748,Comorbid Idiopathic Parkinson's Disease and Stiff Person Syndrome Case Report,"Lustig, M.; Blevins, S.",2016,Neurology,,Karlo Lizarraga (2021-10-14 06:05:13)(Select): Conference paper with potential for data extraction:https://n.neurology.org/content/86/16_Supplement/P4.322;,data/extraction_json/text/5748.json,data/extraction_json/text/5748.json,full_text,false,not_needed,single_case_report,case_report,high,1,true,false,false,individual,true,false,run_langextract_individual,,,,,,,,,,"This is a single case report, as indicated by the title and the detailed description of one patient's clinical course, diagnostic findings, and management. The report contains original SPS-spectrum data for one patient.",llm_v1_gpt4.1,2026-04-05T20:42:20.869081+00:00
5753,5753,Partial Stiff Person Syndrome as a Stroke Mimic,"Machado, D.; Hodges, K.",2020,Neurology,,"Karlo Lizarraga (2021-10-14 06:10:22)(Select): Conference paper with potential for data extraction:
https://n.neurology.org/content/94/15_Supplement/5382;",data/extraction_json/text/5753.json,data/extraction_json/text/5753.json,full_text,false,not_needed,single_case_report,case_report,high,1,true,false,false,individual,true,false,run_langextract_individual,,,,,,,,,,"This is a single case report, as it presents the clinical course, diagnostic workup, and management of one individual with partial SPS. The structure and content are consistent with a case report, and there is no evidence of group-level or multiple patient data.",llm_v1_gpt4.1,2026-04-05T20:42:24.347202+00:00
5755,5755,Management of Autoimmune Encephalitis: An Observational Monocentric Study of 38 Patients,"Macher, S.; Zimprich, F.; De Simoni, D.; Hoftberger, R.; Rommer, P. S.",2018,Frontiers in Immunology,,,data/extraction_json/text/5755.json,data/extraction_json/text/5755.json,full_text,false,,observational_group_study,retrospective_or_cohort_group_study,high,6,true,true,false,group,true,false,run_langextract_group,,,,,,,,,,"This is a retrospective observational cohort study of 38 patients with autoimmune encephalitis, reporting both individual and group-level data. The study includes a subgroup of 6 patients with GAD antibodies, which are strongly associated with SPS-spectrum disorders. The text and Table 1 provide sufficient detail to extract original SPS-spectrum patient data, but the exact number of SPS-spectrum cases among the GAD group is not fully explicit.",llm_v1_gpt4.1,2026-04-05T20:42:29.782151+00:00
58,58,Treatment of stiff-man syndrome with intravenous immune globulin.,"Karlson, E W; Sudarsky, L; Ruderman, E; Pierson, S; Scott, M; Helfgott, S M",1994,Arthritis and rheumatism,Clinical manifestations; Treatment,,data/extraction_json/text/58.json,data/extraction_json/text/58.json,full_text,false,,case_series_or_multi_case,case_series,high,3,true,true,true,individual_case_split,true,false,split_cases_then_langextract,,,,,,,,,,"This is a case series describing three original patients with SMS treated with IVIG, with individual-level clinical data and group-level summary in tables. The structure and content are consistent with a case series or multi-case report.",llm_v1_gpt4.1,2026-04-05T20:42:48.864069+00:00
580,580,Stiff leg syndrome and myelitis with anti-amphiphysin antibodies: a common physiopathology?.,"Chamard, Ludivine; Magnin, Eloi; Berger, Eric; Hagenkotter, Beate; Rumbach, Lucien; Bataillard, Marc",2011,European neurology,Immunological - Lab tests,,data/extraction_json/text/580.json,data/extraction_json/text/580.json,full_text,false,,single_case_report,case_report,high,,false,false,false,individual,true,false,run_langextract_individual,,,,,,,,,,Manual review: Letter case of stiff-leg syndrome plus myelitis with anti-amphiphysin antibodies and breast carcinoma.,llm_v1_gpt4.1,2026-04-05T20:42:48.873695+00:00
5803,5803,A CASE OF UNDIAGNOSED STIFF-PERSON SYNDROME REQUIRING MECHANICAL VENTILATORY SUPPORT,"Mayer, N.; Kretzer, A.; John, S.; Bleck, T.; Garg, R.",2012,Critical Care Medicine,,"Karlo Lizarraga (2021-10-14 12:05:06)(Select): Conference paper with potential for data extraction:
https://journals.lww.com/ccmjournal/Abstract/2012/12001/1147__A_CASE_OF_UNDIAGNOSED_STIFF_PERSON_SYNDROME.1106.aspx;",data/extraction_json/text/5803.json,data/extraction_json/text/5803.json,full_text,false,not_needed,conference_abstract,single_case_conference_abstract,high,1,true,false,false,individual,true,false,run_langextract_individual,,,,,,,,,,"This is a conference abstract (poster) presenting a single case report of SPS, with detailed individual-level clinical data and no evidence of group-level or multiple cases.",llm_v1_gpt4.1,2026-04-05T20:42:52.638469+00:00
5808,5808,"SEVERE, PROLONGED BACLOFEN WITHDRAWAL FOLLOWING A SECOND CATHETER FAILURE IN A PATIENT WITH STIFF-PERSON SYNDROME","McDaniel, C.",2010,Critical Care Medicine,,"Manfredi Carta (2023-07-23 21:28:43)(Select): the uploaded poster was low-res and not readable -> uploaded high-res version; Karlo Lizarraga (2021-10-14 12:10:02)(Select): Conference paper with potential for data extraction:
https://www.researchgate.net/publication/264722126_SEVERE_PROLONGED_BACLOFEN_WITHDRAWAL_FOLLOWING_A_SECOND_CATHETER_FAILURE_IN_A_PATIENT_WITH_STIFF-PERSON_SYNDROME;",data/extraction_json/text/5808.json,data/extraction_json/text_trimmed/5808.json,trimmed,true,trimmed_auto,conference_abstract,single_case_conference_abstract,high,1,true,false,false,individual,true,false,run_langextract_individual,,,,,,,,,,"This is a conference abstract (single page, proceedings detected) describing a single SPS patient in detail, consistent with a single case report presented at a conference.",llm_v1_gpt4.1,2026-04-05T20:42:56.108347+00:00
581,581,Hyperexcitability restricted to the lower limb motor system in a patient with stiff-leg syndrome.,"Iwata, Tomonori; Shigeto, Hiroshi; Ogata, Katsuya; Hagiwara, Ko-ichi; Kanamori, Yuji; Uehara, Taira; Ohyagi, Yasumasa; Tobimatsu, Shozo; Kira, Jun-ichi",2011,Journal of clinical neuroscience : official journal of the Neurosurgical Society of Australasia,Electrophysiology,,data/extraction_json/text/581.json,data/extraction_json/text/581.json,full_text,false,,single_case_report,case_report,high,1,true,false,false,individual,true,false,run_langextract_individual,,,,,,,,,,"This is a single case report, as evidenced by the detailed narrative of one patient's clinical course and the explicit statement that this is the first report of such a case. The paper provides original, individual-level SPS-spectrum data.",llm_v1_gpt4.1,2026-04-05T20:43:00.927341+00:00
582,582,"Paraneoplastic encephalomyelitis, stiff person syndrome and breast carcinoma.","Lemieux, Julie; Provencher, Louise; Brunet, Denis; Hogue, Jean-Charles",2011,The Canadian journal of neurological sciences. Le journal canadien des sciences neurologiques,Clinical manifestations,,data/extraction_json/text/582.json,data/extraction_json/text/582.json,full_text,false,,single_case_report,case_report,high,,false,false,false,individual,true,false,run_langextract_individual,,,,,,,,,,Manual review: Letter reporting a stiff-person syndrome presentation leading to diagnosis of invasive ductal breast carcinoma.,llm_v1_gpt4.1,2026-04-05T20:43:00.987382+00:00
583,583,Stiff-person syndrome following tick-borne meningoencephalitis.,"Ehler, Edvard; Latta, Jan; Mandysova, Petra; Havlasova, Jana; Mrklovsky, Milan",2011,Acta medica (Hradec Kralove),Clinical manifestations; Differential Diagnosis,,data/extraction_json/text/583.json,data/extraction_json/text/583.json,full_text,false,,single_case_report,case_report,high,1,true,false,false,individual,true,false,run_langextract_individual,,,,,,,,,,"This is a classic single case report, as indicated by the section heading 'CASE REPORT' and the detailed narrative of one patient's clinical course. There is no evidence of additional SPS-spectrum patients or group-level data.",llm_v1_gpt4.1,2026-04-05T20:43:20.052522+00:00
5831,5831,A Rare Case of Amphiphysin-associated Stiff Person Syndrome in a Male Patient with Breast Cancer,"Mukharesh, L.; Newsome, S.",2020,Neurology,,,data/extraction_json/text/5831.json,data/extraction_json/text/5831.json,full_text,false,,single_case_report,case_report,high,1,true,false,false,individual,true,false,run_langextract_individual,,,,,,,,,,"This is a single case report, as indicated by the explicit mention of 'case-report' in the methods and the detailed description of one patient's clinical course, diagnosis, treatment, and outcomes. No group-level or additional patient data are present.",llm_v1_gpt4.1,2026-04-05T20:43:23.594959+00:00
5839,5839,Stiff person syndrome as the initial manifestation of systemic lupus erythematosus-case report,"Munhoz, R. P.; Moscovich, M. M.; Fameli, H.; Filla, L.; Teive, H.",2010,Movement Disorders,,"Benjamin Vlad (2023-05-25 08:10:48)(Select): Potential duplicate with 	
#5840 - Munhoz 2009;",data/extraction_json/text/5839.json,data/extraction_json/text/5839.json,full_text,false,,conference_abstract,single_case_conference_abstract,low,0,false,false,false,individual,true,true,review_source_category_then_langextract,,,,,,,,,,"The extracted text does not match the title or topic in the metadata and contains no SPS-spectrum patient data. The page range (S522-S523) and 'Letters to the Editor' format suggest this may be a conference abstract or supplement, but the actual SPS case report content is missing from the provided text. Manual review is required to resolve this discrepancy.",llm_v1_gpt4.1,2026-04-05T20:43:42.931770+00:00
585,585,Stiff person syndrome (SPS) complicated by respiratory failure: successful treatment with rituximab.,"Qureshi, A; Hennessy, M",2012,Journal of neurology,Treatment,,data/extraction_json/text/585.json,data/extraction_json/text/585.json,full_text,false,,single_case_report,case_report,high,,false,false,false,individual,true,false,run_langextract_individual,,,,,,,,,,Manual review: Letter describing anti-GAD-positive SPS with respiratory failure successfully managed with rituximab.,llm_v1_gpt4.1,2026-04-05T20:43:42.994805+00:00
5850,5850,STIFF-PERSON SYNDROME WITH AMPHIPHYSIN ANTIBODIES: DISTINCTIVE FEATURES OF A RARE DISEASE Reply,"Murinson, B. B.; Guarnaccia, J. B.",2009,Neurology,,"Benjamin Vlad (2023-05-25 08:22:47)(Select): 2008, not 2009;",data/extraction_json/text/5850.json,data/extraction_json/text/5850.json,full_text,false,,observational_group_study,retrospective_or_cohort_group_study,high,,false,false,false,group,true,false,run_langextract_group,,,,,,,,,,Manual review: Retrospective Yale SPS series comparing amphiphysin-antibody-associated SPS with GAD-associated SPS and identifying distinctive clinical features.,llm_v1_gpt4.1,2026-04-05T20:43:43.003904+00:00
5861,5861,Successful Treatment of Stiff Person Syndrome with Sequential Use of Tacrolimus,"Nakane, S.; Kawabata, Y.; Urushihara, R.; Harada, M.; Kaji, R.",2009,Neurology,,,data/extraction_json/text/5861.json,data/extraction_json/text/5861.json,full_text,false,,case_series_or_multi_case,case_series,high,2,true,false,true,individual_case_split,true,false,split_cases_then_langextract,,,,,,,,,,"This is a case series describing two original SPS patients treated with tacrolimus, with detailed clinical and laboratory data reported for each. The structure and content are consistent with a case series or multi-case report.",llm_v1_gpt4.1,2026-04-05T20:44:02.175955+00:00
588,588,Efficacy of pregabalin in a case of stiff-person syndrome: clinical and neurophysiological evidence.,"Squintani, G; Bovi, T; Ferigo, L; Musso, A M; Ottaviani, S; Moretto, G; Morgante, F; Tinazzi, M",2012,Journal of the neurological sciences,Treatment,,data/extraction_json/text/588.json,data/extraction_json/text/588.json,full_text,false,,single_case_report,case_report,high,1,true,false,false,individual,true,false,run_langextract_individual,,,,,,,,,,"This is a single case report, as evidenced by the detailed description of one patient's clinical presentation, treatment, and follow-up. There is no indication of additional SPS patients being reported. The paper provides original, individual-level clinical data.",llm_v1_gpt4.1,2026-04-05T20:44:06.229382+00:00
5884,5884,Unable to Relax: A Case of Stiff Person Syndrome,"Ning, W.; Iantorno, S.; Zhong, C.; Li, S.",2020,American Journal of Respiratory and Critical Care Medicine,,,data/extraction_json/text/5884.json,data/extraction_json/text/5884.json,full_text,false,,conference_abstract,single_case_conference_abstract,high,1,true,false,false,individual,true,false,run_langextract_individual,,,,,,,,,,"This is a conference abstract (thematic poster session, online abstracts issue, short format) presenting a single case report of SPS with individual-level clinical data. There is no evidence of additional patients or group-level data.",llm_v1_gpt4.1,2026-04-05T20:44:10.184097+00:00
589,589,Glycine receptor antibodies are detected in progressive encephalomyelitis with rigidity and myoclonus (PERM) but not in saccadic oscillations.,"Iizuka, Takahiro; Leite, Maria I; Lang, Bethan; Waters, Patrick; Urano, Yoshiaki; Miyakawa, Saori; Hamada, Junichi; Sakai, Fumihiko; Mochizuki, Hideki; Vincent, Angela",2012,Journal of neurology,Clinical manifestations; Immunological - Lab tests,,data/extraction_json/text/589.json,data/extraction_json/text/589.json,full_text,false,,lab_heavy_clinical_or_translational,group_or_frequency_focused_lab_clinical_study,high,1,true,true,false,group,true,false,run_langextract_group,,,,,,,,,,"This is a lab-heavy clinical/translational study focusing on antibody testing in a small cohort, with detailed clinical data for one PERM (SPS-spectrum) patient and additional non-SPS patients (OFS, OMS). The PERM patient is described individually, and the study includes both clinical and laboratory findings.",llm_v1_gpt4.1,2026-04-05T20:44:31.501400+00:00
593,593,"Stiff-man syndrome and variants: clinical course, treatments, and outcomes.","McKeon, Andrew; Robinson, Maisha T; McEvoy, Kathleen M; Matsumoto, Joseph Y; Lennon, Vanda A; Ahlskog, J Eric; Pittock, Sean J",2012,Archives of neurology,Clinical manifestations; Immunological - Lab tests,,data/extraction_json/text/593.json,data/extraction_json/text/593.json,full_text,false,,observational_group_study,retrospective_or_cohort_group_study,high,99,true,true,false,group,true,false,run_langextract_group,,,,,,,,,,"This is a retrospective observational cohort study of 99 original SPS-spectrum patients (classic SMS, partial SMS, and PERM) seen at the Mayo Clinic. The paper provides both group-level and individual-level clinical data, including detailed tables and outcomes, confirming it is not a review or case series but a group observational study.",llm_v1_gpt4.1,2026-04-05T20:44:51.078589+00:00
594,594,Atypical clinically diagnosed stiff-person syndrome response to dantrolene--a refractory case.,"Schreiber, Adam L; Vasudevan, John M; Fetouh, S Kamal; Ankam, Nethra S; Hussain, Aamir; Rakocevic, Goran",2012,Muscle & nerve,Treatment,,data/extraction_json/text/594.json,data/extraction_json/text/594.json,full_text,false,,unclear_manual_review,unclear,low,0,false,false,false,manual_review,false,true,review_source_category,,,,,,,,,,"The extracted text does not match the metadata for the target article (594: 'Atypical clinically diagnosed stiff-person syndrome response to dantrolene--a refractory case.'). No information about SPS, dantrolene, or the listed authors is present. Manual review is required to resolve this discrepancy.",llm_v1_gpt4.1,2026-04-05T20:44:55.447666+00:00
595,595,Pregnancy and stiff person syndrome.,"Amyradakis, George; Carlan, S J; Bhullar, Amanpreet; Eastwood, Julie",2012,The American journal of medicine,Clinical manifestations,,data/extraction_json/text/595.json,data/extraction_json/text/595.json,full_text,false,,single_case_report,case_report,high,,false,false,false,individual,true,false,run_langextract_individual,,,,,,,,,,Manual review: Clinical communication describing pregnancy-related SPS management and recurrent exacerbations in one woman.,llm_v1_gpt4.1,2026-04-05T20:44:55.505998+00:00
5963,5963,"UNUSUAL ELECTROMYOGRAPHIC FINDINGS IN A PATIENT WITH PRESUMPTIVE HASHIMOTO'S THYROIDITIS, STIFF-PERSON SYNDROME, AND HERPES ZOSTER MYELORADICULITIS","Ha, J.; Gorin, F.; Zhang, L.; Oskarsson, B.; Maselli, R.",2015,Muscle & Nerve,,,data/extraction_json/text/5963.json,data/extraction_json/text_trimmed/5963.json,trimmed,true,trimmed_auto,conference_abstract,single_case_conference_abstract,high,,false,false,false,individual,true,false,run_langextract_individual,,,,,,,,,,Manual review: Proceedings abstract localized by exact title fragment; one SPS-spectrum patient with Hashimoto's thyroiditis and herpes zoster myeloradiculitis with unusual EMG findings.,llm_v1_gpt4.1,2026-04-05T20:44:55.530170+00:00
597,597,"Lymphoma, thymoma and the wooden man: stiff-person syndrome post-thymoma excision and non-Hodgkin lymphoma remission.","Tsai, T; McGrath, R",2012,Internal medicine journal,Clinical manifestations,,data/extraction_json/text/597.json,data/extraction_json/text/597.json,full_text,false,,single_case_report,case_report,high,1,true,false,false,individual,true,false,run_langextract_individual,,,,,,,,,,"This is a classic single case report, as indicated by the detailed narrative of one patient's clinical course and the explicit statement that this is the 'world’s first case report' of SPS in a patient with both thymoma and non-Hodgkin lymphoma. No group or series data are presented.",llm_v1_gpt4.1,2026-04-05T20:45:13.933064+00:00
5970,5970,DON'T CALL THE PSYCHIATRIST JUST YET; A CASE REPORT OF STIFF-PERSON SYNDROME,"Hallak, A.; Hazam, R.; Amin, M. K.; Alhbshi, K.; Islam, S.; Saadaldin, M.",2020,Journal of General Internal Medicine,Review Article,,data/extraction_json/text/5970.json,data/extraction_json/text_trimmed/5970.json,trimmed,true,trimmed_auto,conference_abstract,single_case_conference_abstract,high,,false,false,false,individual,true,false,run_langextract_individual,,,,,,,,,,Manual review: Conference case report localized by exact title fragment; one woman with chronic dystonia and progressive SPS features initially at risk of psychiatric misattribution.,llm_v1_gpt4.1,2026-04-05T20:45:14.051667+00:00
5985,5985,Plasmapheresis and immunosuppression in stiff-man syndrome with type 1 diabetes: A two year study,"Hao, W.; Davis, C.; Hirsch, I. B.; Eng, L.; Daniels, T.; Lernmark, A.",1998,Journal of Investigative Medicine,,,data/extraction_json/text/5985.json,data/extraction_json/text/5985.json,full_text,false,,single_case_report,case_report,high,1,true,false,false,individual,true,false,run_langextract_individual,,,,,,,,,,"This is a single case report, as the entire clinical narrative, treatment interventions, and outcomes are focused on one individual patient with SMS and type 1 diabetes. The text provides detailed individual-level data and does not mention any additional original cases.",llm_v1_gpt4.1,2026-04-05T20:45:33.508655+00:00
599,599,Electrophysiological characteristics in four patients from Brazil with stiff person syndrome.,"Lorenzoni, Paulo J; Scola, Rosana H; Kay, Claudia S K; Teive, Helio A G; dos Santos, Lucia H Coutinho; Werneck, Lineu C",2012,Journal of clinical neuroscience : official journal of the Neurosurgical Society of Australasia,Electrophysiology,,data/extraction_json/text/599.json,data/extraction_json/text/599.json,full_text,false,,case_series_or_multi_case,case_series,high,4,true,true,true,individual_case_split,true,false,split_cases_then_langextract,,,,,,,,,,"This is a case series describing four original SPS-spectrum patients from Brazil, with detailed clinical and electrophysiological data for each. The paper is not a review, conference abstract, or basic science study, and the patient count is clearly stated and supported by the data.",llm_v1_gpt4.1,2026-04-05T20:45:38.227361+00:00
5992,5992,Treatment resistant jerky stiff person syndrome,"Harrower, T. P.; Barker, R.; Baron, J.; Coles, A.",2006,Movement Disorders,,,data/extraction_json/text/5992.json,data/extraction_json/text/5992.json,full_text,false,,single_case_report,case_report,high,1,true,false,false,individual,true,false,run_langextract_individual,,,,,,,,,,"This is a single case report of an atypical form of SPS ('Jerky SPS'), with detailed individual-level clinical and laboratory data. The structure and content match a classic case report, and only one SPS-spectrum patient is described.",llm_v1_gpt4.1,2026-04-05T20:45:56.740581+00:00
6000,6000,Distinct immune reactivity to GAD-65 in stiff man syndrome and type I diabetes,"Hawa, M. I.; Lohmann, T.; Leslie, R. D. G.; Londei, M.",1998,Diabetologia,,,data/extraction_json/text/6000.json,data/extraction_json/text_trimmed/6000.json,trimmed,false,,lab_heavy_clinical_or_translational,group_or_frequency_focused_lab_clinical_study,high,,false,false,false,group,true,false,run_langextract_group,,,,,,,,,,Manual review: Conference translational immunology study comparing cellular and humoral GAD65 reactivity across SMS patients,llm_v1_gpt4.1,2026-04-05T20:45:56.830142+00:00
601,601,Autoimmune stiff person syndrome and related myelopathies: understanding of electrophysiological and immunological processes.,"Rakocevic, Goran; Floeter, Mary Kay",2012,Muscle & nerve,,,data/extraction_json/text/601.json,data/extraction_json/text/601.json,full_text,false,,review_article,review,high,,false,false,false,skip,false,false,skip_langextract,,,,,,,,,,Manual review: Narrative review of SPS and related myelopathies covering neurophysiology immunology and treatment rationale.,llm_v1_gpt4.1,2026-04-05T20:45:56.840531+00:00
6010,6010,Therapeutic Plasma Exchange in an Uncommon Disease: Stiff-Person Syndrome: Case Report,"Hergunsel, O.; Altun, D.; Cukurova, Z.; Eren, G.; Yayla, V.",2012,Turkiye Klinikleri Tip Bilimleri Dergisi,,,data/extraction_json/text/6010.json,data/extraction_json/text/6010.json,full_text,false,,single_case_report,case_report,high,1,true,false,false,individual,true,false,run_langextract_individual,,,,,,,,,,"This is a classic single case report, as indicated by the title, structure, and detailed narrative of one patient's clinical course. The paper provides individual-level data for only one SPS-spectrum patient.",llm_v1_gpt4.1,2026-04-05T20:46:01.907848+00:00
6012,6012,Paraneoplastic encephalomyelitis associated with pancreatic tumor and anti-GAD antibodies,"Hernandez-Echebarria, L.; Saiz, A.; Ares, A.; Tejada, J.; Garcia-Tunon, L.; Nieves, C.; Graus, F.",2006,Neurology,,,data/extraction_json/text/6012.json,data/extraction_json/text/6012.json,full_text,false,,single_case_report,case_report,high,,false,false,false,individual,true,false,run_langextract_individual,,,,,,,,,,Manual review: Clinical note describing paraneoplastic encephalomyelitis with pancreatic tumor and anti-GAD antibodies.,llm_v1_gpt4.1,2026-04-05T20:46:01.968744+00:00
6021,6021,Paraneoplastic stiff-person syndrome and anti-Ri antibodies in metastatic breast cancer,"Hoffmann, L. A.; Ditsch, N.; Kuempfel, T.; Dudel, C.; Wick, M.; Voltz, R.",2007,Journal of Neurology,,,data/extraction_json/text/6021.json,data/extraction_json/text_trimmed/6021.json,trimmed,true,trimmed_auto,conference_abstract,single_case_conference_abstract,high,,false,false,false,individual,true,false,run_langextract_individual,,,,,,,,,,Manual review: Proceedings abstract localized by exact title fragment; one metastatic breast cancer case with paraneoplastic SPS and anti-Ri antibodies.,llm_v1_gpt4.1,2026-04-05T20:46:01.999497+00:00
603,603,The relationship between cortical and spinal hyperexcitability and clinical disease severity in stiff-man syndrome.,"Kim, Samuel D; Vucic, Steve; Mahant, Neil; Kiernan, Matthew C; Fung, Victor S C",2012,Parkinsonism & related disorders,,,data/extraction_json/text/603.json,data/extraction_json/text/603.json,full_text,false,,observational_group_study,retrospective_or_cohort_group_study,high,5,true,true,false,group,true,false,run_langextract_group,,,,,,,,,,"This is an observational group study of 5 original SMS patients, with both individual and group-level clinical and laboratory data reported. The study is not a review, case report, or conference abstract, and it is not primarily a laboratory/translational paper, as the main focus is on clinical-neurophysiological correlations in SMS patients.",llm_v1_gpt4.1,2026-04-05T20:46:08.230221+00:00
6054,6054,"Progressive encephalomyelitis, rigidity, and myoclonus: A novel glycine receptor antibody","Hutchinson, M.; Waters, P.; McHugh, J.; Gorman, G.; O'Riordan, S.; Connolly, S.; Hager, H.; Yu, P.; Becker, C. M.; Vincent, A.",2008,Neurology,,,data/extraction_json/text/6054.json,data/extraction_json/text/6054.json,full_text,false,,single_case_report,case_report,high,,false,false,false,individual,true,false,run_langextract_individual,,,,,,,,,,Manual review: Report of a severe PERM case associated with a novel glycine receptor antibody.,llm_v1_gpt4.1,2026-04-05T20:46:08.290978+00:00
6060,6060,"Glycine Receptor Antibodies in Immune-Mediated Movement Disorders: Progressive Encephalomyelitis with Rigidity and Myoclonus, Opsoclonus-Myoclonus Syndrome, and Ocular Flutter Syndrome","Iizuka, T.; Urano, Y.; Miyakawa, S.; Hamada, J.; Leite, M. I.; Vincent, A.; Sakai, F.; Mochizuki, H.",2010,Neurology,,Manfredi Carta (2024-07-05 22:39:46)(Included): duplicate of #589; Yasamin Mahjoub (2023-06-11 19:37:05)(Select): Requested through UCalgary Interlibrary Loan; Yasamin Mahjoub (2023-06-08 08:23:44)(Select): Not on Neurology journal online archives;,data/extraction_json/text/6060.json,data/extraction_json/text/6060.json,full_text,false,,conference_abstract,single_case_conference_abstract,high,3,true,false,false,individual,true,false,run_langextract_individual,,,,,,,,,,"This is a conference abstract (Neurology supplement, 1-page, 'Suppl 2') reporting original clinical and laboratory data on three individual patients with SPS-spectrum disorders. The cases are described with clinical and antibody findings, supporting classification as a case series/multi-case report.",llm_v1_gpt4.1,2026-04-05T20:46:28.334721+00:00
6068,6068,"Glycine receptor antibodies in progressive encephalomyelitis with rigidity and myclonus, hyperekplexia, stiff person syndrome and other neurological conditions","Isabel, L. M.; Patrick, W.; Cord-Michael, B.; Christian, J.; Benjamin, M.; Hans-Michael, M.; Angela, V.",2010,Journal of Neuroimmunology,,,data/extraction_json/text/6068.json,data/extraction_json/text_trimmed/6068.json,trimmed,false,,lab_heavy_clinical_or_translational,group_or_frequency_focused_lab_clinical_study,high,,false,false,false,group,true,false,run_langextract_group,,,,,,,,,,Manual review: Large translational cohort evaluating GlyR antibodies across PERM hyperekplexia SPS suspected cases and controls.,llm_v1_gpt4.1,2026-04-05T20:46:28.371646+00:00
607,607,Botulinum toxin A in anti-GAD-positive stiff-limb syndrome.,"Anagnostou, Evangelos; Zambelis, Thomas",2012,Muscle & nerve,Treatment,,data/extraction_json/text/607.json,data/extraction_json/text/607.json,full_text,false,,single_case_report,case_report,high,,false,false,false,individual,true,false,run_langextract_individual,,,,,,,,,,Manual review: Brief report of anti-GAD-positive stiff-limb syndrome treated with botulinum toxin A.,llm_v1_gpt4.1,2026-04-05T20:46:28.383947+00:00
6072,6072,Progressive encephalomyelitis with rigidity associated with anti-amphiphysin antibodies,"Ishii, A.; Hayashi, A.; Ohkoshi, N.; Matsuno, S.; Shoji, S.",2004,Journal of Neurology Neurosurgery and Psychiatry,,,data/extraction_json/text/6072.json,data/extraction_json/text/6072.json,full_text,false,,unclear_manual_review,unclear,low,0,false,false,false,manual_review,false,true,review_source_category,,,,,,,,,,"The extracted text does not match the title or topic of the paper in the metadata. There is no evidence of original SPS-spectrum patient data, nor any mention of anti-amphiphysin antibodies or progressive encephalomyelitis with rigidity. Manual review is required to resolve this discrepancy.",llm_v1_gpt4.1,2026-04-05T20:46:33.403562+00:00
6073,6073,Detection of gephyrin antibody in stiff-person syndrome,"Ishii, A.; Hayashi, A.; Ohkoshi, N.; Shoji, S.",2002,Journal of the Neurological Sciences,,,data/extraction_json/text/6073.json,data/extraction_json/text/6073.json,full_text,false,,lab_heavy_clinical_or_translational,group_or_frequency_focused_lab_clinical_study,high,,false,false,false,group,true,false,run_langextract_group,,,,,,,,,,Manual review: Conference screening study evaluating gephyrin antibodies in five SPS patients.,llm_v1_gpt4.1,2026-04-05T20:46:33.463256+00:00
608,608,Case records of the Massachusetts General Hospital. Case 27-2012. A 60-year-old woman with painful muscle spasms and hyperreflexia.,"Byrne, Thomas N; Isakoff, Steven Jay; Rincon, Sandra P; Gudewicz, Thomas M",2012,The New England journal of medicine,,,data/extraction_json/text/608.json,data/extraction_json/text/608.json,full_text,false,,single_case_report,case_report,high,1,true,false,false,individual,true,false,run_langextract_individual,,,,,,,,,,"This is a classic single case report, as evidenced by the detailed presentation, workup, and discussion of one individual patient with SPS-spectrum disorder. There is no indication of additional original SPS patients in the text.",llm_v1_gpt4.1,2026-04-05T20:46:52.648550+00:00
6089,6089,STIFF-LIMB SYNDROME WITH IDENTIFICATION OF GLUTAMIC ACID ANTIDECARBOXYLASE ANTIBODY GAD65: A CASE REPORT,"Jaramillo, N.; Pena, C.",2020,Muscle & Nerve,Review Article,,data/extraction_json/text/6089.json,data/extraction_json/text_trimmed/6089.json,trimmed,true,trimmed_auto,conference_abstract,single_case_conference_abstract,high,,false,false,false,individual,true,false,run_langextract_individual,,,,,,,,,,Manual review: Proceedings abstract localized by title fragment; one stiff-limb syndrome case with positive GAD65 antibodies and autoimmune comorbidity.,llm_v1_gpt4.1,2026-04-05T20:46:52.726076+00:00
6101,6101,Stiff as a board: Diagnosis and intravenous immunoglobulin therapy in a teenager with Stiff-person syndrome,"Johnson, N.; Banwell, B.; Schneider, R.; Benseler, S.; Boros, C.; Silverman, E.",2004,Journal of Rheumatology,,Yasamin Mahjoub (2023-06-08 08:25:42)(Select): requested through UCalgary Interlibrary Loan;,data/extraction_json/text/6101.json,data/extraction_json/text/6101.json,full_text,false,,single_case_report,case_report,high,1,true,false,false,individual,true,false,run_langextract_individual,,,,,,,,,,"This is a single case report, as it focuses on the diagnosis and treatment of one 15-year-old patient with Stiff-person syndrome, with individual-level clinical and outcome data provided.",llm_v1_gpt4.1,2026-04-05T20:46:56.490200+00:00
6106,6106,Can progressive encephalomyelitis with rigidity mimic motor neuron disease? Case report and review of the literature,"Jungehulsing, G. J.; Behse, F.; Grosse, P.",2005,Journal of Neurology,,,data/extraction_json/text/6106.json,data/extraction_json/text/6106.json,full_text,false,,single_case_report,case_report,high,,false,false,false,individual,true,false,run_langextract_individual,,,,,,,,,,Manual review: Case report of PERM initially evolving toward a motor-neuron-disease-like picture plus review context.,llm_v1_gpt4.1,2026-04-05T20:46:56.550753+00:00
6128,6128,"Rituximab therapy in a patient with recurrent Hashimoto's encephalitis, anti-GAD antibodies and progressive encephalomyelitis with rigidity and myoclonus","Kassar, D.; Damodaram, S.; Chand, P.; Iyadurai, S.",2012,Journal of Neurology,,,data/extraction_json/text/6128.json,data/extraction_json/text_trimmed/6128.json,trimmed,true,trimmed_auto,conference_abstract,single_case_conference_abstract,high,,false,false,false,individual,true,false,run_langextract_individual,,,,,,,,,,Manual review: Proceedings abstract localized by exact title fragment; one recurrent Hashimoto's encephalitis plus anti-GAD PERM case treated with rituximab.,llm_v1_gpt4.1,2026-04-05T20:46:56.584738+00:00
613,613,Antibodies against glutamic acid decarboxylase: prevalence in neurological diseases.,"Meinck, H M; Faber, L; Morgenthaler, N; Seissler, J; Maile, S; Butler, M; Solimena, M; DeCamilli, P; Scherbaum, W A",2001,"Journal of neurology, neurosurgery, and psychiatry",Clinical manifestations; Immunological - Lab tests,,data/extraction_json/text/613.json,data/extraction_json/text/613.json,full_text,false,,observational_group_study,retrospective_or_cohort_group_study,high,22,false,true,false,group,true,false,run_langextract_group,,,,,,,,,,"This is an observational group study investigating the prevalence of GAD antibodies in a cohort of SMS and PERM patients, as well as other neurological diseases and controls. The study provides original, aggregated clinical data on SPS-spectrum patients, not individual case reports.",llm_v1_gpt4.1,2026-04-05T20:47:16.265205+00:00
6141,6141,Patient with stiff-person syndrome and negative anti-GAD antibodies,"Petelin, Z.; Brinar, V.; Honnorat, J.; Budisic, Z.; Podolski, P.",2007,Journal of Neurology,,,data/extraction_json/text/6141.json,data/extraction_json/text_trimmed/6141.json,trimmed,true,trimmed_auto,conference_abstract,single_case_conference_abstract,high,,false,false,false,individual,true,false,run_langextract_individual,,,,,,,,,,Manual review: Proceedings abstract localized by exact title; one SPS case with negative anti-GAD antibodies and alternative autoimmune profile.,llm_v1_gpt4.1,2026-04-05T20:47:16.351070+00:00
615,615,Anti-GAD antibodies and breast cancer in a patient with stiff-person syndrome: a puzzling association.,"Sinnreich, M; Assal, F; Hefft, S; Magistris, M R; Chizzolini, C; Landis, T; Burkhard, P R",2001,European neurology,,,data/extraction_json/text/615.json,data/extraction_json/text/615.json,full_text,false,,single_case_report,case_report,high,1,true,false,false,individual,true,false,run_langextract_individual,,,,,,,,,,"This is a single case report, as evidenced by the detailed narrative of one patient's clinical course and the use of singular language throughout. The report provides original SPS-spectrum patient data.",llm_v1_gpt4.1,2026-04-05T20:47:20.290943+00:00
6152,6152,AUTOIMMUNE MYASTHENIA-GRAVIS WITH THYMOMA FOLLOWING THE SPONTANEOUS REMISSION OF STIFF-MAN SYNDROME,"Piccolo, G.; Martino, G.; Moglia, A.; Arrigo, A.; Cosi, V.",1990,Italian Journal of Neurological Sciences,,,data/extraction_json/text/6152.json,data/extraction_json/text/6152.json,full_text,false,,single_case_report,case_report,high,1,true,false,false,individual,true,false,run_langextract_individual,,,,,,,,,,"This is a single case report, as the entire clinical and laboratory narrative centers on one patient with a history of SMS and subsequent autoimmune myasthenia gravis. The text provides detailed individual-level data and does not mention any additional original SPS-spectrum cases.",llm_v1_gpt4.1,2026-04-05T20:47:41.618856+00:00
616,616,Improvement of stiff-person syndrome with tiagabine.,"Murinson, B B; Rizzo, M",2001,Neurology,Review Article,,data/extraction_json/text/616.json,data/extraction_json/text/616.json,full_text,false,,single_case_report,case_report,high,1,true,false,false,individual,true,false,run_langextract_individual,,,,,,,,,,"This is a single case report describing the clinical course, treatment, and outcome of one antibody-negative SPS patient treated with tiagabine. The text provides individual-level clinical details and does not mention any additional SPS patients.",llm_v1_gpt4.1,2026-04-05T20:47:45.033316+00:00
617,617,Benefit of intravenous immunoglobulin in autoimmune stiff-person syndrome in a child.,"Mikaeloff, Y; Jambaque, I; Mayer, M; Ponsot, G; Kalifa, G; Carel, J C",2001,The Journal of pediatrics,Treatment,,data/extraction_json/text/617.json,data/extraction_json/text/617.json,full_text,false,,unclear_manual_review,unclear,high,,false,false,false,manual_review,false,false,review_source_category,,,,,,,,,,Manual review: batch_13_20,llm_v1_gpt4.1,2026-04-05T20:47:45.093367+00:00
6185,6185,Stiff person syndrome (SPS): Literature review and case report,"Pretorius, E.; Struwig, W.",2013,South African Journal of Psychiatry,,,data/extraction_json/text/6185.json,data/extraction_json/text/6185.json,full_text,false,,single_case_report,case_report,high,1,true,false,false,individual,true,false,run_langextract_individual,,,,,,,,,,"This is a classic single case report: the paper provides a literature review followed by an in-depth account of one SPS patient, with individual-level clinical data and outcome. There is no evidence of additional original SPS cases.",llm_v1_gpt4.1,2026-04-05T20:48:03.372540+00:00
6198,6198,ASSOCIATION OF HLA-DQB1-ASTERISK-0201 WITH STIFF-MAN SYNDROME,"Pugliese, A.; Solimena, M.; Awdeh, Z. L.; Alper, C. A.; Bugawan, T.; Erlich, H. A.; Decamilli, P.; Eisenbarth, G. S.",1993,Journal of Clinical Endocrinology & Metabolism,,,data/extraction_json/text/6198.json,data/extraction_json/text/6198.json,full_text,false,,observational_group_study,retrospective_or_cohort_group_study,high,18,true,true,false,group,true,false,run_langextract_group,,,,,,,,,,"This is an observational group study of 18 original SMS patients, with both individual-level and group-level data reported. The study investigates HLA allele associations in this cohort, providing detailed clinical and laboratory information.",llm_v1_gpt4.1,2026-04-05T20:48:22.356889+00:00
62,62,"Autoimmunity in stiff-Man syndrome with breast cancer is targeted to the C-terminal region of human amphiphysin, a protein similar to the yeast proteins, Rvs167 and Rvs161.","David, C; Solimena, M; De Camilli, P",1994,FEBS letters,Immunological - Lab tests,,data/extraction_json/text/62.json,data/extraction_json/text/62.json,full_text,false,,lab_heavy_clinical_or_translational,group_or_frequency_focused_lab_clinical_study,high,1,true,false,false,group,true,false,run_langextract_group,,,,,,,,,,"This is a laboratory-heavy translational study focused on the molecular characterization of amphiphysin autoimmunity in Stiff-Man Syndrome (SMS) associated with breast cancer. It reports original clinical data for one new SMS patient (patient 1), while the other four patients were previously published. The study includes detailed laboratory methods and clinical context for the new patient.",llm_v1_gpt4.1,2026-04-05T20:48:42.312947+00:00
620,620,"Stiff person syndrome: quantification, specificity, and intrathecal synthesis of GAD65 antibodies.","Dalakas, M C; Li, M; Fujii, M; Jacobowitz, D M",2001,Neurology,Clinical manifestations; Immunological - Lab tests; Review Article,,data/extraction_json/text/620.json,data/extraction_json/text/620.json,full_text,false,,lab_heavy_clinical_or_translational,group_or_frequency_focused_lab_clinical_study,high,18,true,true,false,group,true,false,run_langextract_group,,,,,,,,,,"This is a laboratory-heavy clinical/translational study focusing on immunological characterization of SPS patients, but it includes original clinical data from 18 SPS patients, including demographics, clinical criteria, and laboratory findings. Both individual and group-level data are presented.",llm_v1_gpt4.1,2026-04-05T20:48:47.493641+00:00
6204,6204,Stiff Main syndrome good outcome after methylprednisolone pulse,"Rafai, M. A.; Oumari, S.; Boulaajaj, F. Z.; El Moutawakkil, B.; Slassi, I.",2009,Movement Disorders,,,data/extraction_json/text/6204.json,data/extraction_json/text_trimmed/6204.json,trimmed,true,trimmed_auto,unclear_manual_review,unclear,high,,false,false,false,manual_review,false,false,review_source_category,,,,,,,,,,Manual review: batch_13_20,llm_v1_gpt4.1,2026-04-05T20:48:47.600908+00:00
621,621,Stiff-person syndrome associated with cerebellar ataxia and high glutamic acid decarboxylase antibody titer.,"Kono, S; Miyajima, H; Sugimoto, M; Suzuki, Y; Takahashi, Y; Hishida, A",2001,"Internal medicine (Tokyo, Japan)",,,data/extraction_json/text/621.json,data/extraction_json/text/621.json,full_text,false,,single_case_report,case_report,high,1,true,false,false,individual,true,false,run_langextract_individual,,,,,,,,,,"This is a classic single case report, as evidenced by the detailed narrative of one patient's clinical course and the explicit use of 'case report' in the text. There is no evidence of additional original SPS-spectrum patients.",llm_v1_gpt4.1,2026-04-05T20:49:07.073219+00:00
6219,6219,Visual-induced startle reactions in a patient with stiff limb syndrome,"Schestatsky, P.; Pizzol, A. D.; Cabral, L.; Schuh, A. S.; Roriz-Cruz, M.; Batistela, F.; Monte, T. L.; Bianchin, M. M.; Rieder, C. R. M.",2010,Movement Disorders,,Gustavo  Da Prat (2023-06-22 07:14:41)(Select): abstract 1022;,data/extraction_json/text/6219.json,data/extraction_json/text_trimmed/6219.json,trimmed,true,trimmed_auto,unclear_manual_review,unclear,high,,false,false,false,manual_review,false,false,review_source_category,,,,,,,,,,Manual review: batch_13_20,llm_v1_gpt4.1,2026-04-05T20:49:07.161571+00:00
623,623,Stiff-person syndrome associated with invasive thymoma: a case report.,"Hagiwara, H; Enomoto-Nakatani, S; Sakai, K; Ugawa, Y; Kusunoki, S; Kanazawa, I",2001,Journal of the neurological sciences,,,data/extraction_json/text/623.json,data/extraction_json/text/623.json,full_text,false,,single_case_report,case_report,high,1,true,false,false,individual,true,false,run_langextract_individual,,,,,,,,,,"This is a classic single case report, as indicated by the title, structure, and detailed individual-level clinical data for one patient with SPS associated with invasive thymoma. No group-level or multi-patient data are presented.",llm_v1_gpt4.1,2026-04-05T20:49:13.337249+00:00
624,624,Stiff leg syndrome: case report.,"Gurol, M E; Ertas, M; Hanagasi, H A; Sahin, H A; Gursoy, G; Emre, M",2001,Movement disorders : official journal of the Movement Disorder Society,,,data/extraction_json/text/624.json,data/extraction_json/text/624.json,full_text,false,,single_case_report,case_report,high,1,true,false,false,individual,true,false,run_langextract_individual,,,,,,,,,,"validator_flags=EVIDENCE_NO_PAGES | The paper is titled 'Stiff leg syndrome: case report' and the abstract describes the clinical course, workup, and treatment response of a single patient. There is no evidence of additional cases or group-level data.",llm_v1_gpt4.1,2026-04-05T20:49:31.646307+00:00
6248,6248,Novel Use of Dual Immunomodulation To Treat the Cerebellar Variant of Stiff-Person Syndrome (SPS),"Sengupta, S.; Tarsy, D.; Jeyapalan, S.",2009,Neurology,,,data/extraction_json/text/6248.json,data/extraction_json/text/6248.json,full_text,false,,unclear_manual_review,unclear,high,,false,false,false,manual_review,false,false,review_source_category,,,,,,,,,,Manual review: batch_13_20,llm_v1_gpt4.1,2026-04-05T20:49:31.707788+00:00
625,625,High-dose intravenous immune globulin for stiff-person syndrome.,"Dalakas, M C; Fujii, M; Li, M; Lutfi, B; Kyhos, J; McElroy, B",2001,The New England journal of medicine,Treatment,,data/extraction_json/text/625.json,data/extraction_json/text/625.json,full_text,false,,interventional_study,controlled_or_therapeutic_group_study,high,16,true,true,false,group,true,false,run_langextract_group,,,,,,,,,,"This is a randomized, double-blind, placebo-controlled, crossover trial of IVIG in SPS, enrolling 16 original SPS-spectrum patients. The paper provides both individual-level and group-level clinical data, including baseline characteristics and outcome measures.",llm_v1_gpt4.1,2026-04-05T20:49:51.137876+00:00
6257,6257,Stiff person syndrome (SPS): A pediatric case report,"Shah, N. S.; Hahn, A.; Banwell, B.",2002,Journal of the Neurological Sciences,,,data/extraction_json/text/6257.json,data/extraction_json/text/6257.json,full_text,false,,conference_abstract,single_case_conference_abstract,high,1,true,false,false,individual,true,false,run_langextract_individual,,,,,,,,,,"This is a conference abstract (poster presentation) reporting a single pediatric SPS case with individual-level clinical data. The rest of the abstract discusses a review of previously reported pediatric cases, not new patients.",llm_v1_gpt4.1,2026-04-05T20:50:10.325538+00:00
626,626,Paraneoplastic stiff-person syndrome: no tumor progression over 5 years.,"Schmierer, K; Grosse, P; De Camilli, P; Solimena, M; Floyd, S; Zschenderlein, R",2002,Neurology,Review Article,,data/extraction_json/text/626.json,data/extraction_json/text/626.json,full_text,false,,single_case_report,case_report,high,1,true,false,false,individual,true,false,run_langextract_individual,,,,,,,,,,"This is a single case report describing the clinical course of one woman with SPS, including her diagnosis, treatment, and subsequent discovery of breast cancer. The report provides individual-level clinical data and does not present group-level or aggregated data.",llm_v1_gpt4.1,2026-04-05T20:50:14.114682+00:00
6268,6268,Quantitative analysis of the silent period in the stiff-person syndrome,"Shatzel, A. J.; Fenton, G.; Maselli, R. A.",2004,Muscle & Nerve,Electrophysiology,"Manfredi Carta (2024-08-21 22:23:44)(Included): on page 17
; Karlo Lizarraga (2023-07-01 11:18:10)(Select): Conference abstract (see page 13);",data/extraction_json/text/6268.json,data/extraction_json/text/6268.json,full_text,false,not_needed,conference_abstract,single_case_conference_abstract,high,,false,false,false,individual,true,false,run_langextract_individual,,,,,,,,,,Manual review: Proceedings abstract localized by OCR to page 18; one electrodiagnostic single-case abstract describing a 68-year-old man with stiff-person syndrome.,llm_v1_gpt4.1,2026-04-05T20:50:14.174854+00:00
6271,6271,Dementia in elderly male with Stiff man syndrome,"Sheyner, I.; Cutillar, M.",2007,Journal of the American Geriatrics Society,,,data/extraction_json/text/6271.json,data/extraction_json/text_trimmed/6271.json,trimmed,true,trimmed_auto,unclear_manual_review,unclear,high,,false,false,false,manual_review,false,false,review_source_category,,,,,,,,,,Manual review: batch_13_20,llm_v1_gpt4.1,2026-04-05T20:50:14.206961+00:00
6278,6278,Unusual Presentation of Paraneoplastic Stiff-Person Syndrome with Underlying Breast Cancer,"Shrestha, A.; Mihalova, T.; Burns, D.; Jennens, H.; Etti, R.",2012,Annals of Neurology,,,data/extraction_json/text/6278.json,data/extraction_json/text_trimmed/6278.json,trimmed,true,trimmed_auto,unclear_manual_review,unclear,high,,false,false,false,manual_review,false,false,review_source_category,,,,,,,,,,Manual review: batch_13_20,llm_v1_gpt4.1,2026-04-05T20:50:14.231774+00:00
629,629,Anaesthesia for Stiff-Person Syndrome.,"Haslam, N; Price, K",2002,Anaesthesia,,,data/extraction_json/text/629.json,data/extraction_json/text_proceedings_ready/629.json,proceedings_ready,false,,single_case_report,case_report,high,1,true,false,false,individual,true,false,run_langextract_individual,,,,,,,,,,This is a brief original clinical report centered on a single SPS patient undergoing anaesthesia and ventilation management. It provides detailed patient-specific clinical data without any original cohort-level analysis.,llm_v1_gpt5.4,2026-04-16T20:44:43.903213+00:00
6310,6310,"CHARACTERIZATION OF CD4+T CELLS SPECIFIC FOR GLUTAMIC ACID DECARBOXYLASE (GAD65) AND PROINSULIN IN A PATIENT WITH EPILEPSY AND STIFF-PERSON SYNDROME, BUT WITHOUT TYPE 1 DIABETES","Soilu-Hanninen, M.; Hanninen, A.; Hampe, C. S.; Deptula, A.; Geubtner, K.; Knip, M.; Reijonen, H.",2010,Epilepsia,,,data/extraction_json/text/6310.json,data/extraction_json/text/6310.json,full_text,false,,single_case_report,case_report,high,1,true,false,false,individual,true,false,run_langextract_individual,,,,,,,,,,"This is a single case report focusing on one patient with SPS, as evidenced by the detailed case description and the use of singular language throughout the methods and results. The paper provides original clinical and laboratory data specific to this patient.",llm_v1_gpt4.1,2026-04-05T20:50:52.906885+00:00
6321,6321,Stiff person syndrome,"Sommer, C.",2007,Journal of Neural Transmission,,,data/extraction_json/text/6321.json,data/extraction_json/text_trimmed/6321.json,trimmed,false,,unclear_manual_review,unclear,high,,false,false,false,manual_review,false,false,review_source_category,,,,,,,,,,Manual review: batch_13_20,llm_v1_gpt4.1,2026-04-05T20:50:52.932622+00:00
633,633,Stiff person syndrome and myasthenia gravis.,"Saravanan, P K; Paul, J; Sayeed, Zaheer Ahmed",2002,Neurology India,,,data/extraction_json/text/633.json,data/extraction_json/text/633.json,full_text,false,,unclear_manual_review,unclear,high,,false,false,false,manual_review,false,false,review_source_category,,,,,,,,,,Manual review: batch_13_20,llm_v1_gpt4.1,2026-04-05T20:50:52.943647+00:00
6336,6336,PURELY TORSIONAL NYSTAGMUS IN A PATIENT WITH THE STIFF-MAN SYNDROME - A CASE-REPORT,"Stearns, M. Q.; Sinoff, S. E.; Rosenberg, M. L.",1993,Neurology,,,data/extraction_json/text/6336.json,data/extraction_json/text/6336.json,full_text,false,,single_case_report,case_report,high,1,true,false,false,individual,true,false,run_langextract_individual,,,,,,,,,,"The paper is a case report, as indicated by the title and the detailed description of a single patient's clinical presentation and findings. It contains original SPS-spectrum patient data for one individual.",llm_v1_gpt4.1,2026-04-05T20:50:56.262837+00:00
634,634,Anaesthetic management of a patient with Stiff-person syndrome.,"Obara, M; Sawamura, S; Chinzei, M; Komatsu, K; Hanaoka, K",2002,Anaesthesia,,,data/extraction_json/text/634.json,data/extraction_json/text/634.json,full_text,false,,unclear_manual_review,unclear,low,0,false,false,false,manual_review,false,true,review_source_category,,,,,,,,,,validator_flags=EVIDENCE_NO_PAGES | The extracted text does not match the title or expected content of a case report on Stiff-person syndrome. There is no evidence of original SPS-spectrum patient data or any mention of such a case. Manual review is required to resolve this discrepancy and to check if the correct article text is available.,llm_v1_gpt4.1,2026-04-05T20:51:15.859319+00:00
637,637,Progressive encephalomyelitis with rigidity presenting as a stiff-person syndrome.,"Gouider-Khouja, Neziha; Mekaouar, Aouatef; Larnaout, Abdelmajid; Miladi, Najoua; Ben Khelifa, Fethi; Hentati, Faycal",2002,Parkinsonism & related disorders,,,data/extraction_json/text/637.json,data/extraction_json/text/637.json,full_text,false,,single_case_report,case_report,high,1,true,false,false,individual,true,false,run_langextract_individual,,,,,,,,,,"This is a classic single case report, as evidenced by the detailed narrative of one patient's clinical course, diagnostic workup, and treatment. The text repeatedly refers to 'the patient' and does not mention any additional original cases.",llm_v1_gpt4.1,2026-04-05T20:51:20.193333+00:00
639,639,Stiff-man syndrome: a case report and review of the literature.,"Kiriakos, Carol R; Franco, Kathleen N",2002,Psychosomatics,,,data/extraction_json/text/639.json,data/extraction_json/text/639.json,full_text,false,,single_case_report,case_report,high,1,true,false,false,individual,true,false,run_langextract_individual,,,,,,,,,,"This is a classic single case report: the main content is a detailed description of one patient with SMS, followed by a discussion of the literature. There is no indication of additional original cases or group-level data.",llm_v1_gpt4.1,2026-04-05T20:51:38.268866+00:00
640,640,Pathological evidence of encephalomyelitis in the stiff man syndrome with anti-GAD antibodies.,"Warren, Jason D; Scott, Grace; Blumbergs, Peter C; Thompson, Philip D",2002,Journal of clinical neuroscience : official journal of the Neurosurgical Society of Australasia,,,data/extraction_json/text/640.json,data/extraction_json/text/640.json,full_text,false,,single_case_report,case_report,high,1,true,false,false,individual,true,false,run_langextract_individual,,,,,,,,,,"This is a classic single case report, as indicated by the explicit 'CASE REPORT' section and the detailed narrative of one patient's clinical and pathological findings. No group-level or multiple patient data are presented.",llm_v1_gpt4.1,2026-04-05T20:51:41.955666+00:00
641,641,Effect of treatment with intravenous immunoglobulin on quality of life in patients with stiff-person syndrome.,"Gerschlager, Willibald; Brown, Peter",2002,Movement disorders : official journal of the Movement Disorder Society,Treatment,,data/extraction_json/text/641.json,data/extraction_json/text/641.json,full_text,false,,observational_group_study,retrospective_or_cohort_group_study,high,6,true,true,false,group,true,false,run_langextract_group,,,,,,,,,,"This is an observational group study of 6 original SPS patients treated with IVIG, with both individual and group-level clinical data reported. The study is not a review, case report, or interventional trial, and the patient count is clearly stated and supported by a detailed table.",llm_v1_gpt4.1,2026-04-05T20:52:01.209463+00:00
6413,6413,Stiff person plus syndrome and voltage gated potassium channel antibody associated cognitive impairment: New evidence for an association?,"McGuigan, C.; Buckley, C.; Chang, T.; Vincent, A.; Everitt, E.",2006,Journal of Neurology Neurosurgery and Psychiatry,,,data/extraction_json/text/6413.json,data/extraction_json/text/6413.json,full_text,false,not_needed,unclear_manual_review,unclear,high,,false,false,false,manual_review,false,false,review_source_category,,,,,,,,,,Manual review: batch_13_20,llm_v1_gpt4.1,2026-04-05T20:52:01.267845+00:00
642,642,Increased brainstem excitability in stiff-person syndrome.,"Molloy, F M; Dalakas, M C; Floeter, Mary Kay",2002,Neurology,Electrophysiology,,data/extraction_json/text/642.json,data/extraction_json/text/642.json,full_text,false,,lab_heavy_clinical_or_translational,group_or_frequency_focused_lab_clinical_study,high,5,true,true,false,group,true,false,run_langextract_group,,,,,,,,,,"This is a laboratory-heavy clinical study focusing on blink reflex recovery in SPS patients, with original data from five SPS patients. The paper provides both individual-level clinical details and group-level electrophysiological analysis, fitting the lab-heavy clinical or translational category.",llm_v1_gpt4.1,2026-04-05T20:52:05.065417+00:00
6420,6420,Stiff-Man Syndrome and Variants,"McKeon, A.; Robinson, M. T.; McEvoy, K. M.; Matsumoto, J. Y.; Lennon, V. A.; Ahlskog, J. E.; Pittock, S. J.",2012,Archives of Neurology,Review Article,,data/extraction_json/text/6420.json,data/extraction_json/text/6420.json,full_text,false,,observational_group_study,retrospective_or_cohort_group_study,high,99,true,true,false,group,true,false,run_langextract_group,,,,,,,,,,"This is an observational cohort study of 99 original SPS-spectrum patients (classic SMS, partial SMS, and PERM) seen at the Mayo Clinic. The paper provides detailed clinical, laboratory, and outcome data for this original cohort, with both aggregate and some individual-level reporting.",llm_v1_gpt4.1,2026-04-05T20:52:24.501335+00:00
6423,6423,"The case of a 30-year-old man with subacute gait instability, weakness, and muscle spasms","Mehta, M. P.; Sokol, L. L.",2020,Annals of Clinical and Translational Neurology,,,data/extraction_json/text/6423.json,data/extraction_json/text/6423.json,full_text,false,,single_case_report,case_report,high,1,true,false,false,individual,true,false,run_langextract_individual,,,,,,,,,,"This is a classic single case report, providing individual-level clinical data for one patient with SPS. The text includes a case summary, diagnosis, treatment, and outcome for this individual, with no evidence of additional original SPS-spectrum patients.",llm_v1_gpt4.1,2026-04-05T20:52:44.695764+00:00
643,643,Acute attacks and brain stem signs in a patient with glutamic acid decarboxylase autoantibodies.,"Matsumoto, S; Kusuhara, T; Nakajima, M; Ouma, S; Takahashi, M; Yamada, T",2002,"Journal of neurology, neurosurgery, and psychiatry",Clinical manifestations,,data/extraction_json/text/643.json,data/extraction_json/text/643.json,full_text,false,,single_case_report,case_report,high,1,true,false,false,individual,true,false,run_langextract_individual,,,,,,,,,,"This is a single case report, as evidenced by the detailed, individualized clinical description of one patient with GAD autoantibodies and progressive ataxia. The report does not present group-level data or additional SPS-spectrum patients.",llm_v1_gpt4.1,2026-04-05T20:52:49.663042+00:00
6442,6442,Absence of cutaneous silent period changes in a patient with stiff person syndrome,"Mekideche, A.; Kuzmanovic, I.; Sottas, C.; Truffert, A.",2011,Journal of Neurology,Electrophysiology,Karlo Lizarraga (2021-10-14 12:33:57)(Select): Unable to access abstract or full text.;,data/extraction_json/text/6442.json,data/extraction_json/text_trimmed/6442.json,trimmed,true,trimmed_auto,unclear_manual_review,unclear,high,,false,false,false,manual_review,false,false,review_source_category,,,,,,,,,,Manual review: batch_13_20,llm_v1_gpt4.1,2026-04-05T20:52:49.746267+00:00
6444,6444,Clinical spectrum of stiff person syndrome associated with glutamic acid decarboxylase antibodies,"Memon, A.; Rathnam, A.; Zaman, I.; Sripathi, N.",2020,Neurology,Clinical manifestations,"Karlo Lizarraga (2021-10-14 12:38:01)(Select): Conference paper with potential for data extraction:
https://n.neurology.org/content/94/15_Supplement/5570;",data/extraction_json/text/6444.json,data/extraction_json/text/6444.json,full_text,false,not_needed,conference_abstract,group_conference_abstract,high,9,false,true,false,group,true,false,run_langextract_group,,,,,,,,,,"This is a conference abstract (single page, supplement issue, abstract format) reporting original group-level data from a retrospective chart review of 9 SPS-spectrum patients. The abstract provides aggregate clinical and diagnostic information but no individual-level details.",llm_v1_gpt4.1,2026-04-05T20:52:54.188910+00:00
6452,6452,SILENT MULTILEVEL VERTEBRAL FRACTURES IN A SEVERE CASE OF GLYCINE RECEPTOR ANTIBODY-POSITIVE PROGRESSIVE ENCEPHALOMYELITIS WITH RIGIDITY AND MYOCLONUS (PERM),"Min, M.; Liu, H.; Silberstein, P.",2019,Journal of Neurology Neurosurgery and Psychiatry,,,data/extraction_json/text/6452.json,data/extraction_json/text/6452.json,full_text,false,not_needed,unclear_manual_review,unclear,high,,false,false,false,manual_review,false,false,review_source_category,,,,,,,,,,Manual review: batch_13_20,llm_v1_gpt4.1,2026-04-05T20:52:54.249768+00:00
646,646,Stiff-man syndrome: identification of 17 beta-hydroxysteroid dehydrogenase type 4 as a novel 80-kDa antineuronal antigen.,"Dinkel, Klaus; Rickert, Mathias; Moller, Gabriele; Adamski, Jerzy; Meinck, Hans-Michael; Richter, Wiltrud",2002,Journal of neuroimmunology,,,data/extraction_json/text/646.json,data/extraction_json/text/646.json,full_text,false,,lab_heavy_clinical_or_translational,group_or_frequency_focused_lab_clinical_study,high,25,true,true,false,group,true,false,run_langextract_group,,,,,,,,,,"This is a translational immunology paper that includes original clinical data from one index SMS patient (detailed case description) and group-level data from a cohort of 25 SMS patients whose sera were tested for antibody reactivity. The focus is on laboratory characterization of a novel antigen, but the patient samples are original and clinically relevant.",llm_v1_gpt4.1,2026-04-05T20:53:15.627274+00:00
6465,6465,Treatment with intravenous prednisone and immunoglobulin in a case of progressive encephalomyelitis with rigidity,"Molina, J. A.; Porta, J.; Garcia-Morales, I.; Bermejo, F.; Jimenez-Jimenez, F. J.",2000,Journal of Neurology Neurosurgery and Psychiatry,,,data/extraction_json/text/6465.json,data/extraction_json/text/6465.json,full_text,false,,single_case_report,case_report,high,1,true,false,false,individual,true,false,run_langextract_individual,,,,,,,,,,"This is a single case report of a woman with PEMRS, a disorder on the stiff-person spectrum, with detailed individual-level clinical data and treatment response. There is no evidence of additional SPS-spectrum patients in the report.",llm_v1_gpt4.1,2026-04-05T20:53:19.147531+00:00
647,647,Stiff man syndrome presenting with low back pain.,"Bastin, A; Gurmin, V; Mediwake, R; Gibbs, J; Beynon, H",2002,Annals of the rheumatic diseases,,,data/extraction_json/text/647.json,data/extraction_json/text/647.json,full_text,false,,single_case_report,case_report,high,1,true,false,false,individual,true,false,run_langextract_individual,,,,,,,,,,"This is a single case report describing one patient with stiff man syndrome, with individual-level clinical and diagnostic data provided. There is no indication of group-level data or additional cases.",llm_v1_gpt4.1,2026-04-05T20:53:37.429013+00:00
6470,6470,Polysomnagraphy (PSG) study of a patient with Stiff Person Syndrome,"Sun, Y. J.; Walters, A. S.",2006,Sleep,,,data/extraction_json/text/6470.json,data/extraction_json/text/6470.json,full_text,false,,single_case_report,case_report,high,1,true,false,false,individual,true,false,run_langextract_individual,,,,,,,,,,"This is a conference abstract (from a supplement) reporting a single SPS patient in detail, consistent with a single case report. The text provides individual-level clinical and sleep study data for one patient only.",llm_v1_gpt4.1,2026-04-05T20:53:43.390099+00:00
6474,6474,Plasmapheresis in treatment of stiff-man syndrome with a negative anti-GAD antibody,"Svatova, J.; Machova, H.; Pitha, J.",2002,Movement Disorders,,Natalie Witek (2021-10-13 04:59:48)(Select): ANTIBODY NEG;,data/extraction_json/text/6474.json,data/extraction_json/text_trimmed/6474.json,trimmed,true,trimmed_auto,unclear_manual_review,unclear,high,,false,false,false,manual_review,false,false,review_source_category,,,,,,,,,,Manual review: batch_13_20,llm_v1_gpt4.1,2026-04-05T20:53:43.468004+00:00
6475,6475,Stiff limb syndrome: a case report and diagnostic criteria,"Syed, S.",2012,Journal of Neurology,,Karlo Lizarraga (2023-07-01 23:32:37)(Select): Poster with potential for data extraction;,data/extraction_json/text/6475.json,data/extraction_json/text/6475.json,full_text,false,,single_case_report,case_report,high,1,true,false,false,individual,true,false,run_langextract_individual,,,,,,,,,,"This is a single case report, as indicated by the title and the detailed description of one patient's clinical course, diagnostic workup, and treatment. There is no evidence of additional original SPS-spectrum patients reported.",llm_v1_gpt4.1,2026-04-05T20:53:48.820917+00:00
648,648,Neurological disorders associated with glutamic acid decarboxylase antibodies: a Brazilian series.,"Fernandes, Mauricio; Munhoz, Renato P; Carrilho, Paulo Eduardo Mestrinelli; Arruda, Walter O; Lorenzoni, Paulo J; Scola, Rosana H; Werneck, Lineu Cesar; Teive, Helio A G",2012,Arquivos de neuro-psiquiatria,,,data/extraction_json/text/648.json,data/extraction_json/text/648.json,full_text,false,,case_series_or_multi_case,case_series,high,9,true,true,true,individual_case_split,true,false,split_cases_then_langextract,,,,,,,,,,"This is a case series describing 12 consecutive patients with anti-GAD neurological disorders, of whom 9 had SPS-spectrum diagnoses. The paper provides both group-level and individual-level data, including a table and illustrative case descriptions.",llm_v1_gpt4.1,2026-04-05T20:54:07.855726+00:00
6493,6493,Agoraphobia and gait disorder resembling a psychogenic disease caused by the stiff-man syndrome,"Tesch, M.; Severus, E.; Holdorff, B.",1998,Psychiatrische Praxis,,Benjamin Vlad (2023-07-23 07:54:24)(Select): in german; Yasamin Mahjoub (2023-06-08 22:55:03)(Select): Request submitted to UCalgary Interlibrary loan;,data/extraction_json/text/6493.json,data/extraction_json/text/6493.json,full_text,false,,unclear_manual_review,unclear,high,,false,false,false,manual_review,false,false,review_source_category,,,,,,,,,,Manual review: batch_13_20,llm_v1_gpt4.1,2026-04-05T20:54:07.914229+00:00
65,65,Stiff man syndrome: clinical and laboratory findings in eight patients.,"Meinck, H M; Ricker, K; Hulser, P J; Schmid, E; Peiffer, J; Solimena, M",1994,Journal of neurology,Clinical manifestations; Immunological - Lab tests,,data/extraction_json/text/65.json,data/extraction_json/text/65.json,full_text,false,,case_series_or_multi_case,case_series,high,8,true,true,true,individual_case_split,true,false,split_cases_then_langextract,,,,,,,,,,"This is a classic case series describing eight original patients with stiff man syndrome (SPS-spectrum), with both individual and group-level clinical and laboratory data. The text and tables provide per-patient details, confirming original data for all eight.",llm_v1_gpt4.1,2026-04-05T20:54:26.948853+00:00
650,650,Lower extremity predominant stiff-person syndrome and limbic encephalitis with amphiphysin antibodies in breast cancer.,"Krishna, Vivek R; Knievel, Kerry; Ladha, Shafeeq; Sivakumar, Kumaraswamy",2012,Journal of clinical neuromuscular disease,,Yasamin Mahjoub (2023-07-02 09:30:15)(Select): wrong full text - replaced;,data/extraction_json/text/650.json,data/extraction_json/text/650.json,full_text,false,,single_case_report,case_report,high,1,true,false,false,individual,true,false,run_langextract_individual,,,,,,,,,,"This is a single case report, as it provides a detailed narrative of one patient's clinical course, laboratory findings, and response to treatment. There is no evidence of group-level or multiple patient data.",llm_v1_gpt4.1,2026-04-05T20:54:32.520045+00:00
6549,6549,Role of EMG evaluation in muscle hyperactivity syndromes,"Valls-Sole, J.; Montero, J.",2004,Journal of Neurology,,,data/extraction_json/text/6549.json,data/extraction_json/text/6549.json,full_text,false,,unclear_manual_review,unclear,high,,false,false,false,manual_review,false,false,review_source_category,,,,,,,,,,Manual review: batch_13_20,llm_v1_gpt4.1,2026-04-05T20:54:32.580167+00:00
6553,6553,Glycine receptor antibody-positive progressive encephalomyelitis with rigidity and myoclonus: A disease with variable clinical course,"Vanacker, P.; Peeters, E.; Schrooten, M.; Woodhall, M.; Vincent, A.; Vandenberghe, W.",2012,Movement Disorders,Review Article,"Benjamin Vlad (2023-07-02 21:46:10)(Select): wrong full text, removed it;",data/extraction_json/text/6553.json,data/extraction_json/text_trimmed/6553.json,trimmed,true,trimmed_auto,unclear_manual_review,unclear,high,,false,false,false,manual_review,false,false,review_source_category,,,,,,,,,,Manual review: batch_13_20,llm_v1_gpt4.1,2026-04-05T20:54:32.631690+00:00
6561,6561,Anti-GAD antibody-positive myoclonic leg jerks,"Velardo, D.; Nuara, A.; Martinelli, V.; Comi, G.; Fazio, R.",2015,Neurological Sciences,Review Article,,data/extraction_json/text/6561.json,data/extraction_json/text/6561.json,full_text,false,,single_case_report,case_report,high,1,true,false,false,individual,true,false,run_langextract_individual,,,,,,,,,,"This is a letter to the editor presenting a single case report of a patient with anti-GAD antibody-associated neurological symptoms, consistent with the SPS spectrum. The report provides individual-level clinical data and does not synthesize prior literature or present group-level data.",llm_v1_gpt4.1,2026-04-05T20:54:37.223398+00:00
657,657,Cannabis derivatives therapy for a seronegative stiff-person syndrome: a case report.,"Vicente-Valor, M I; Garcia-Llopis, P; Mejia Andujar, L; Antonino de la Camara, G; Garcia del Busto, N; Lopez Tinoco, M J; Quintana Vergara, B; Peiro Vilaplana, C; Dominguez Moran, J A; Sanchez Alcaraz, A",2013,Journal of clinical pharmacy and therapeutics,,,data/extraction_json/text/657.json,data/extraction_json/text/657.json,full_text,false,,single_case_report,case_report,high,1,true,false,false,individual,true,false,run_langextract_individual,,,,,,,,,,"This is a classic single case report, as indicated by the title, structure, and detailed individual-level clinical data for one patient. There is no evidence of additional SPS-spectrum patients being reported.",llm_v1_gpt4.1,2026-04-05T20:54:56.382063+00:00
658,658,A case of childhood stiff-person syndrome with striatal lesions: a possible entity distinct from the classical adult form.,"Sanefuji, Masafumi; Torisu, Hiroyuki; Kira, Ryutaro; Yamashita, Hiroshi; Ejima, Kazuna; Shigeto, Hiroshi; Takada, Yui; Yoshida, Keiko; Hara, Toshiro",2013,Brain & development,Clinical manifestations; Immunological - Lab tests,,data/extraction_json/text/658.json,data/extraction_json/text/658.json,full_text,false,,single_case_report,case_report,high,1,true,false,false,individual,true,false,run_langextract_individual,,,,,,,,,,"This is a classic single case report, as indicated by the title, structure, and detailed narrative of one patient's clinical course. The text provides individual-level data for only one SPS-spectrum patient.",llm_v1_gpt4.1,2026-04-05T20:55:02.005231+00:00
659,659,Glycine receptor autoimmune spectrum with stiff-man syndrome phenotype.,"McKeon, Andrew; Martinez-Hernandez, Eugenia; Lancaster, Eric; Matsumoto, Joseph Y; Harvey, Robert J; McEvoy, Kathleen M; Pittock, Sean J; Lennon, Vanda A; Dalmau, Josep",2013,JAMA neurology,Clinical manifestations; Review Article,,data/extraction_json/text/659.json,data/extraction_json/text/659.json,full_text,false,,observational_group_study,retrospective_or_cohort_group_study,high,81,true,true,false,group,true,false,run_langextract_group,,,,,,,,,,"This is a retrospective, case-control study that reports original clinical and laboratory data on 81 patients with stiff-man syndrome phenotype, including both individual-level and group-level data. The paper is not a review, case report, or conference abstract, and the patient count is clearly stated.",llm_v1_gpt4.1,2026-04-05T20:55:20.517434+00:00
661,661,A 14-year-old girl with hyperekplexia having GLRB mutations.,"Mine, Jun; Taketani, Takeshi; Otsubo, Shusuke; Kishi, Kazuko; Yamaguchi, Seiji",2013,Brain & development,Differential Diagnosis,,data/extraction_json/text/661.json,data/extraction_json/text/661.json,full_text,false,,single_case_report,case_report,high,1,true,false,false,individual,true,false,run_langextract_individual,,,,,,,,,,"This is a single case report, as indicated by the title, structure, and detailed individual-level clinical and genetic data for one patient. There is no evidence of additional original SPS-spectrum patients in the paper.",llm_v1_gpt4.1,2026-04-05T20:55:40.032581+00:00
6610,6610,Immune system modulation in a patient with stiff-man syndrome and insulin-dependent diabetes mellitus,"Walsh, D. J.; Davis, C.; Hirsch, I.; Wei, H.; Lernmark, A.",1998,Journal of Investigative Medicine,,Yasamin Mahjoub (2023-06-08 23:14:30)(Select): Requested through UCalgary Interlibrary Loan;,data/extraction_json/text/6610.json,data/extraction_json/text/6610.json,full_text,false,,single_case_report,case_report,high,1,true,false,false,individual,true,false,run_langextract_individual,,,,,,,,,,"This is a single case report describing the clinical course and treatment of one patient with stiff-man syndrome (SPS-spectrum) and IDDM. The report provides individual-level clinical and laboratory data, and no group-level or multi-patient data are presented.",llm_v1_gpt4.1,2026-04-05T20:55:43.547732+00:00
6615,6615,A Clinical Characterization of Stiff Person Syndrome Spectrum Disorders,"Wang, Y. J.; Tian, F.; Aljarallah, S.; Fitzgerald, K.; Newsome, S. D.",2020,Neurology,Clinical manifestations,,data/extraction_json/text/6615.json,data/extraction_json/text/6615.json,full_text,false,not_needed,unclear_manual_review,unclear,high,,false,false,false,manual_review,false,false,review_source_category,,,,,,,,,,Manual review: batch_13_20,llm_v1_gpt4.1,2026-04-05T20:55:43.607592+00:00
663,663,Treatment of stiff-person syndrome with chronic plasmapheresis.,"De la Casa-Fages, Beatriz; Anaya, Fernando; Gabriel-Ortemberg, Martin; Grandas, Francisco",2013,Movement disorders : official journal of the Movement Disorder Society,Treatment,,data/extraction_json/text/663.json,data/extraction_json/text/663.json,full_text,false,,case_series_or_multi_case,case_series,high,2,true,false,true,individual_case_split,true,false,split_cases_then_langextract,,,,,,,,,,"This is a case series describing two original SPS patients, with detailed clinical characteristics, treatment, and outcomes. The structure and content are consistent with a case series, not a review or group study.",llm_v1_gpt4.1,2026-04-05T20:56:04.075806+00:00
6639,6639,Severe refractory stiff-person syndrome responding to rituximab therapy,"Whetton, E.; Ealing, J.; Bruce, I.; McKee, D.",2008,Journal of Neurology,,,data/extraction_json/text/6639.json,data/extraction_json/text_trimmed/6639.json,trimmed,true,trimmed_auto,unclear_manual_review,unclear,high,,false,false,false,manual_review,false,false,review_source_category,,,,,,,,,,Manual review: batch_13_20,llm_v1_gpt4.1,2026-04-05T20:56:04.159935+00:00
6641,6641,GLYCINE RECEPTOR ANTIBODY MEDIATED PROGRESSIVE ENCEPHALOMYELITIS WITH RIGIDITY AND MYOCLONUS (PERM) PRESENTING WITH RESPIRATORY COMPROMISE IN A 40-YEAR-OLD MALE,"Wickremaratchi, M.; Chalmers, R. M.; Stern, W.; Howard, R.; Woodhall, M. R.; Vincent, A.",2012,Journal of Neurology Neurosurgery and Psychiatry,,,data/extraction_json/text/6641.json,data/extraction_json/text/6641.json,full_text,false,,single_case_report,case_report,high,1,true,false,false,individual,true,false,run_langextract_individual,,,,,,,,,,"This is a conference abstract reporting a single case of glycine receptor antibody-mediated PERM, with detailed individual-level clinical data. The title, structure, and content all indicate a single case report.",llm_v1_gpt4.1,2026-04-05T20:56:08.138816+00:00
666,666,"GlyRalpha1, GAD65, amphiphysin, and gephyrin autoantibodies: leading or supporting roles in stiff-person disorders?.","Pleasure, David",2013,JAMA neurology,,Karlo Lizarraga (2023-07-01 11:28:55)(Select): Editorial;,data/extraction_json/text/666.json,data/extraction_json/text/666.json,full_text,false,,unclear_manual_review,unclear,high,,false,false,false,manual_review,false,false,review_source_category,,,,,,,,,,Manual review: batch_13_20,llm_v1_gpt4.1,2026-04-05T20:56:08.198257+00:00
6664,6664,ATADI encephalopathy and stiff baby syndrome: a recognizable clinical presentation,"Wolf, N. I.; Zschocke, J.; Jakobs, C.; Rating, D.; Hoffmann, G. F.",2018,Brain,Clinical manifestations; Differential Diagnosis,Gustavo  Da Prat (2024-04-23 00:29:52)(Included): duplicate of - #821 – Wolf 2018; Karlo Lizarraga (2021-07-08 06:37:02)(Screen): This might be a duplicate;,data/extraction_json/text/6664.json,data/extraction_json/text/6664.json,full_text,false,,unclear_manual_review,unclear,high,,false,false,false,manual_review,false,false,review_source_category,,,,,,,,,,Manual review: batch_13_20,llm_v1_gpt4.1,2026-04-05T20:56:08.208588+00:00
6666,6666,A case of Stiff Person Syndrome associated with an invasive thymoma,"Wong, D. C. T.; Gibson, G.; Stoessl, A. J.",2004,Neurology,,,data/extraction_json/text/6666.json,data/extraction_json/text/6666.json,full_text,false,,single_case_report,case_report,high,1,true,false,false,individual,true,false,run_langextract_individual,,,,,,,,,,"This is a classic single case report, as evidenced by the detailed narrative of one patient's presentation, workup, and management. There is no indication of additional original SPS-spectrum patients in the text.",llm_v1_gpt4.1,2026-04-05T20:56:11.361687+00:00
667,667,Characteristics of in-vitro phenotypes of glutamic acid decarboxylase 65 autoantibodies in high-titre individuals.,"Cheramy, M; Hampe, C S; Ludvigsson, J; Casas, R",2013,Clinical and experimental immunology,,,data/extraction_json/text/667.json,data/extraction_json/text/667.json,full_text,false,,lab_heavy_clinical_or_translational,group_or_frequency_focused_lab_clinical_study,high,12,true,true,false,group,true,false,run_langextract_group,,,,,,,,,,"This is a laboratory-heavy translational study that includes original clinical data from 12 SPS patients, as evidenced by the detailed patient table and group-level analyses. The primary focus is on immunological and biochemical phenotyping, but the SPS cohort is original and individually described.",llm_v1_gpt4.1,2026-04-05T20:56:30.805509+00:00
668,668,Progressive encephalomyelitis with rigidity and myoclonus: a syndrome with diverse clinical features and antibody responses.,"Shugaiv, Erkingul; Leite, Maria Isabel; Sehitoglu, Elcin; Woodhall, Mark; Cavus, Filiz; Waters, Patrick; Icoz, Sema; Birisik, Omer; Ugurel, Elif; Ulusoy, Canan; Kurtuncu, Murat; Vural, Burcak; Vincent, Angela; Akman-Demir, Gulsen; Tuzun, Erdem",2013,European neurology,,,data/extraction_json/text/668.json,data/extraction_json/text/668.json,full_text,false,,case_series_or_multi_case,case_series,high,3,true,false,true,individual_case_split,true,false,split_cases_then_langextract,,,,,,,,,,"This is a case series describing three original PERM (SPS-spectrum) patients, with individual-level clinical and laboratory data reported for each. The structure and content are consistent with a multi-case report/case series.",llm_v1_gpt4.1,2026-04-05T20:56:49.020399+00:00
6680,6680,"Current clinical conditions of stiff-person syndrome in China, a national survey","Xiong, N.; Yang, J.; Liu, L.; Xiong, J.; Zhang, X.; Zhang, G.; Huang, J.; Wang, T.",2013,Movement Disorders,,,data/extraction_json/text/6680.json,data/extraction_json/text/6680.json,full_text,false,,conference_abstract,group_conference_abstract,high,0,false,true,false,group,true,false,run_langextract_group,,,,,,,,,,"The abstract is from a conference supplement (pages S355-S356, 'POSTER SESSION'), and describes a survey of published Chinese SPS case reports, not original patient data. All SPS cases are aggregated from prior literature, not newly reported by the authors.",llm_v1_gpt4.1,2026-04-05T20:57:08.297674+00:00
6683,6683,Stiff Person Syndrome Improvement with Chemotherapy in a Patient with Cutaneous T Cell Lymphoma,"Rakocevic, G.; Hussain, A.",2012,Neurology,,,data/extraction_json/text/6683.json,data/extraction_json/text/6683.json,full_text,false,,single_case_report,case_report,high,1,true,false,false,individual,true,false,run_langextract_individual,,,,,,,,,,"This is a single case report, as it provides a detailed narrative of one patient's clinical presentation, diagnostic workup, and treatment response for SPS. There is no evidence of additional SPS-spectrum patients in the text.",llm_v1_gpt4.1,2026-04-05T20:57:13.192462+00:00
669,669,Stiff man syndrome with invasive thymic carcinoma.,"Aghajanzadeh, Manouchehr; Alavi, Ali; Aghajanzadeh, Gilda; Massahania, Sara",2013,Archives of Iranian medicine,,,data/extraction_json/text/669.json,data/extraction_json/text/669.json,full_text,false,,single_case_report,case_report,high,1,true,false,false,individual,true,false,run_langextract_individual,,,,,,,,,,"This is a classic single case report, as indicated by the 'Case Report' label, the detailed narrative of one patient's clinical course, and the absence of additional original cases. The discussion and table reference prior literature, but only one original SPS-spectrum patient is reported.",llm_v1_gpt4.1,2026-04-05T20:57:16.916824+00:00
6690,6690,Development of adenocarcinoma in stiff person syndrome (SPS) patients with anti-GAD antibodies: Report of 2 cases with SPS-specific antigens in their tumors,"Rakocevic, G.; Semino-Mora, C.; Dalakas, M. C.",2007,Annals of Neurology,,"Manfredi Carta (2024-09-12 22:08:56)(Included): There was a duplicate, which I have removed now; Bettina Balint (2023-08-28 18:58:36)(Select): Think I saw that before? Need to check for duplicates;",data/extraction_json/text/6690.json,data/extraction_json/text/6690.json,full_text,false,,conference_abstract,single_case_conference_abstract,low,0,false,false,false,individual,true,true,review_source_category_then_langextract,,,,,,,,,,"validator_flags=EVIDENCE_NO_PAGES | The extracted text does not match the metadata for the paper titled 'Development of adenocarcinoma in stiff person syndrome (SPS) patients with anti-GAD antibodies: Report of 2 cases with SPS-specific antigens in their tumors.' Instead, it contains abstracts on dementia and Alzheimer's disease. Therefore, no SPS-spectrum patient data can be confirmed from the available text.",llm_v1_gpt4.1,2026-04-05T20:57:35.358722+00:00
6691,6691,Stiff person syndrome with cerebellar disease and epitope-specific anti-GAD antibodies,"Rakocevic, G.; Semino-Mora, C.; Raju, R.; Dalakas, M. C.",2005,Annals of Neurology,,,data/extraction_json/text/6691.json,data/extraction_json/text_trimmed/6691.json,trimmed,true,trimmed_auto,unclear_manual_review,unclear,high,,false,false,false,manual_review,false,false,review_source_category,,,,,,,,,,Manual review: batch_13_20,llm_v1_gpt4.1,2026-04-05T20:57:35.377684+00:00
6692,6692,Biased usage of the T-cell-receptor (TCR) b-chain-variable-region (Vb) of CD4+ peripheral-blood-lymphocytes (PBL) in patients with stiff person syndrome (SPS),"Rakocevic, G.; Shatunov, A.; Raju, R.; Goldfarb, L. G.; Dalakas, M. C.",2007,Neurology,,Yasamin Mahjoub (2023-06-11 23:33:33)(Select): Requested through UCalgary Interlibrary Loan; Yasamin Mahjoub (2023-06-08 09:17:45)(Select): Not on Neurology journal website archive;,data/extraction_json/text/6692.json,data/extraction_json/text/6692.json,full_text,false,,unclear_manual_review,unclear,high,,false,false,false,manual_review,false,false,review_source_category,,,,,,,,,,Manual review: batch_14_20,llm_v1_gpt4.1,2026-04-05T20:57:35.386903+00:00
670,670,Teaching NeuroImages: PET-CT hypermetabolism paralleling muscle hyperactivity in stiff-person syndrome.,"O'Toole, Orna; Murphy, Robert; Tracy, Jennifer A; McKeon, Andrew",2013,Neurology,Awaiting classification,,data/extraction_json/text/670.json,data/extraction_json/text/670.json,full_text,false,,unclear_manual_review,unclear,high,,false,false,false,manual_review,false,false,review_source_category,,,,,,,,,,Manual review: batch_14_20,llm_v1_gpt4.1,2026-04-05T20:57:35.397862+00:00
6723,6723,"Stiff-Man Syndrome: Clinical Course, Treatments and Outcomes","Robinson, M. T.; Pittock, S. J.; Lennon, V. A.; Ahlskog, J. E.; McEvoy, K. M.; Matsumoto, J. Y.; McKeon, A.",2010,Annals of Neurology,,,data/extraction_json/text/6723.json,data/extraction_json/text_trimmed/6723.json,trimmed,true,trimmed_auto,conference_abstract,group_conference_abstract,high,60,false,true,false,group,true,false,run_langextract_group,,,,,,,,,,"This is a conference abstract (proceedings detected, single page, 'T-87' session marker) reporting original group-level clinical data from 60 SPS-spectrum patients. The study is a retrospective chart review and telephone follow-up, not a review or basic science paper.",llm_v1_gpt4.1,2026-04-05T20:57:39.361850+00:00
6726,6726,Parkinsonism related to progressive encephalomyelitis with rigidity and myoclonus,"Rodier, G.; Boulay, C.; Anheim, M.; Courtois, S.; Tranchant, C.",2006,Movement Disorders,,,data/extraction_json/text/6726.json,data/extraction_json/text_trimmed/6726.json,trimmed,true,trimmed_auto,unclear_manual_review,unclear,high,,false,false,false,manual_review,false,false,review_source_category,,,,,,,,,,Manual review: batch_14_20,llm_v1_gpt4.1,2026-04-05T20:57:39.441951+00:00
673,673,Trialing of intrathecal baclofen therapy for refractory stiff-person syndrome.,"Newton, J Camp; Harned, Michael E; Sloan, Paul A; Salles, Sara S",2013,Regional anesthesia and pain medicine,Treatment,,data/extraction_json/text/673.json,data/extraction_json/text/673.json,full_text,false,,single_case_report,case_report,high,1,true,false,false,individual,true,false,run_langextract_individual,,,,,,,,,,"This is a single case report, as evidenced by the detailed narrative of one patient's presentation, treatment, and follow-up. The paper does not present group-level data or additional cases, and all clinical data are focused on this one individual.",llm_v1_gpt4.1,2026-04-05T20:57:58.101662+00:00
6732,6732,Sleep Abnormalities in Stiff Person Syndrome and Stiff Leg Syndrome: A Further Evidence of a Dysfunction of GABA-ergic Inhibitory System,"Rosati, A.; Bongiovanni, L. G.; Benedetti, M. D.; Vianello, M.; Giometto, B.; Padovani, A.",2009,Neurology,Clinical manifestations,Yasamin Mahjoub (2023-06-12 02:28:59)(Select): Requested through UCalgary Interlibrary Loan; Yasamin Mahjoub (2023-06-08 09:19:23)(Select): Not on Neurology Journal website archive;,data/extraction_json/text/6732.json,data/extraction_json/text/6732.json,full_text,false,,conference_abstract,group_conference_abstract,high,5,false,true,false,group,true,false,run_langextract_group,,,,,,,,,,"This is a conference abstract (single page, supplement issue, abstract format) reporting original group-level data on five SPS-spectrum patients (3 SPS, 2 SLS) who underwent sleep studies. No individual-level case details are provided, but the group is original and extractable.",llm_v1_gpt4.1,2026-04-05T20:58:01.822214+00:00
6745,6745,Diabetic sera react with the glutamic acid decarboxylase molecule in a dimeric-oligomeric form,"Rowley, M. J.; Chen, Q. Y.; Teoh, K. L.; Zimmet, P. Z.; Tuomi, T.; Knowles, W. J.; McKay, I. R.",1996,Clinical and Experimental Immunology,,,data/extraction_json/text/6745.json,data/extraction_json/text/6745.json,full_text,false,,unclear_manual_review,unclear,high,,false,false,false,manual_review,false,false,review_source_category,,,,,,,,,,Manual review: batch_14_20,llm_v1_gpt4.1,2026-04-05T20:58:01.882200+00:00
6746,6746,Ophthalmoplegia and Downbeat Nystagmus in Stiff-Person Syndrome,"Rucker, J. C.; Szewka, A.",2009,Neurology,,Karlo Lizarraga (2023-07-01 12:29:50)(Select): Conference abstract;,data/extraction_json/text/6746.json,data/extraction_json/text_trimmed/6746.json,trimmed,true,trimmed_auto,conference_abstract,single_case_conference_abstract,high,1,true,false,false,individual,true,false,run_langextract_individual,,,,,,,,,,"This is a conference abstract (1 page, proceedings detected, labelled as such in notes) presenting a single SPS patient with detailed clinical findings, consistent with a single case report format.",llm_v1_gpt4.1,2026-04-05T20:58:05.910456+00:00
6747,6747,"Paraneoplastic syndromes of the spinal cord, nerve, and muscle","Rudnicki, S. A.; Dalmau, J.",2000,Muscle & Nerve,,,data/extraction_json/text/6747.json,data/extraction_json/text/6747.json,full_text,false,,unclear_manual_review,unclear,high,,false,false,false,manual_review,false,false,review_source_category,,,,,,,,,,Manual review: narrative_review,llm_v1_gpt4.1,2026-04-05T20:58:05.976561+00:00
6756,6756,NEUROLEPTIC MALIGNANT SYNDROME IN STIFF PERSON SYNDROME,"Sachdev, A.; Moussa, S.",2016,Muscle & Nerve,,,data/extraction_json/text/6756.json,data/extraction_json/text_trimmed/6756.json,trimmed,true,trimmed_auto,unclear_manual_review,unclear,high,,false,false,false,manual_review,false,false,review_source_category,,,,,,,,,,Manual review: batch_14_20,llm_v1_gpt4.1,2026-04-05T20:58:06.002651+00:00
6760,6760,"Startles, Stiffness, and SLC6A5: Do You Know the Condition?","Saini, A. G.; Taketani, T.; Sahu, J. K.; Singhi, P.",2018,Pediatric Neurology,,,data/extraction_json/text/6760.json,data/extraction_json/text/6760.json,full_text,false,,unclear_manual_review,unclear,high,,false,false,false,manual_review,false,false,review_source_category,,,,,,,,,,Manual review: batch_14_20,llm_v1_gpt4.1,2026-04-05T20:58:06.013465+00:00
6777,6777,Cortical silent periods in stiff person syndrome,"Sandbrink, F.; Syed, N. A.; Fujii, M. D.; Dalakas, M. C.; Floeter, M. K.",1998,Neurology,,Yasamin Mahjoub (2023-06-12 02:31:44)(Select): Requested through UCalgary Interlibrary Loan; Yasamin Mahjoub (2023-06-08 09:22:42)(Select): Not on Neurology journal website archive;,data/extraction_json/text/6777.json,data/extraction_json/text/6777.json,full_text,false,,unclear_manual_review,unclear,high,,false,false,false,manual_review,false,false,review_source_category,,,,,,,,,,Manual review: batch_14_20,llm_v1_gpt4.1,2026-04-05T20:58:06.022640+00:00
6778,6778,Motor cortex excitability in stiff-person syndrome,"Sandbrink, F.; Syed, N. A.; Fujii, M. D.; Dalakas, M. C.; Floeter, M. K.",2000,Brain,Electrophysiology,,data/extraction_json/text/6778.json,data/extraction_json/text/6778.json,full_text,false,,lab_heavy_clinical_or_translational,group_or_frequency_focused_lab_clinical_study,high,7,true,true,false,group,true,false,run_langextract_group,,,,,,,,,,"This is a laboratory-heavy clinical/translational study that investigates motor cortex excitability in SPS using TMS. It reports original clinical and electrophysiological data from seven SPS patients, with both individual-level (Table 1) and group-level (statistical) data. The focus is on laboratory methods and neurophysiology, but the patient data are original and clinically relevant.",llm_v1_gpt4.1,2026-04-05T20:58:25.193198+00:00
678,678,Antiglycine receptor-related stiff limb syndrome in a patient with chronic lymphocytic leukaemia.,"Derksen, Angelika; Stettner, Mark; Stocker, Winfried; Seitz, Rudiger J",2013,BMJ case reports,Clinical manifestations,,data/extraction_json/text/678.json,data/extraction_json/text/678.json,full_text,false,,single_case_report,case_report,high,1,true,false,false,individual,true,false,run_langextract_individual,,,,,,,,,,"This is a classic single case report, as evidenced by the detailed narrative of one patient's clinical course, laboratory findings, and management. There is no indication of additional original SPS-spectrum patients in the text.",llm_v1_gpt4.1,2026-04-05T20:58:31.247112+00:00
679,679,Successful treatment of stiff person syndrome with sequential use of tacrolimus.,"Nakane, Shunya; Fujita, Koji; Shibuta, Yoshiko; Matsui, Naoko; Harada, Masafumi; Urushihara, Ryo; Nishida, Yoshihiko; Izumi, Yuishin; Kaji, Ryuji",2013,"Journal of neurology, neurosurgery, and psychiatry",Treatment,,data/extraction_json/text/679.json,data/extraction_json/text/679.json,full_text,false,,case_series_or_multi_case,case_series,high,2,true,false,true,individual_case_split,true,false,split_cases_then_langextract,,,,,,,,,,"This is a case series of two original SPS patients, as evidenced by the explicit mention of 'two patients with SPS' and detailed case-by-case reporting of their clinical features, treatments, and outcomes. There is no indication that these cases were previously published or that the data is aggregated from prior literature.",llm_v1_gpt4.1,2026-04-05T20:58:50.772536+00:00
6796,6796,Clinical and cell biology analysis of stiff person syndrome with eye movement and cerebellar abnormalities. Evidence for degradation of sarcomeric cytoskeletal proteins,"Yakhno, N. N.; Golubeva, V. V.; Mozolevsky, Y. V.; Zinovyeva, O. E.; Katushkina, E. A.; Shenkman, B. S.; Chistiakov, I. N.; Podlubnaya, Z. A.; Vikhliantsev, I. M.",2008,European Journal of Neurology,,Karlo Lizarraga (2023-07-01 11:20:38)(Select): Conference abstract (see page 8);,data/extraction_json/text/6796.json,data/extraction_json/text_trimmed/6796.json,trimmed,true,trimmed_auto,conference_abstract,single_case_conference_abstract,high,1,true,false,false,individual,true,false,run_langextract_individual,,,,,,,,,,"This is a conference abstract (short communication, supplement, proceedings detected) reporting original clinical and laboratory data from a single SPS patient. The focus is on both clinical and cell biology analysis of this individual.",llm_v1_gpt4.1,2026-04-05T20:58:54.655760+00:00
680,680,Antiglycine receptor antibody and encephalomyelitis with rigidity and myoclonus (PERM) related to small cell lung cancer.,"Kyskan, Robert; Chapman, Kristine; Mattman, Andre; Sin, Don",2013,BMJ case reports,Clinical manifestations,,data/extraction_json/text/680.json,data/extraction_json/text/680.json,full_text,false,,single_case_report,case_report,high,1,true,false,false,individual,true,false,run_langextract_individual,,,,,,,,,,"This is a classic single case report, as it provides a detailed narrative of one patient's presentation, diagnosis, treatment, and outcome. The text repeatedly refers to 'the patient' and 'our case', and no group or series data are presented.",llm_v1_gpt4.1,2026-04-05T20:58:59.515064+00:00
6809,6809,Stiff person syndrome associated with Graves' disease and thymoma,"Yoon, S. S.; Hwang, K. J.; Woo, J. T.; Cho, S. S.",2012,European Journal of Neurology,,,data/extraction_json/text/6809.json,data/extraction_json/text_trimmed/6809.json,trimmed,true,trimmed_auto,unclear_manual_review,unclear,high,,false,false,false,manual_review,false,false,review_source_category,,,,,,,,,,Manual review: batch_14_20,llm_v1_gpt4.1,2026-04-05T20:58:59.610049+00:00
682,682,"Novel use of dual immunomodulation for treating stiff-person syndrome, cerebellar variant.","Sengupta, Soma; Tarsy, Daniel; Joyce, Robin; Jeyapalan, Suriya",2013,Movement disorders : official journal of the Movement Disorder Society,,,data/extraction_json/text/682.json,data/extraction_json/text/682.json,full_text,false,,single_case_report,case_report,high,,false,false,false,individual,true,false,run_langextract_individual,,,,,,,,,,Manual review: Full case report of cerebellar-variant SPS treated with combined rituximab and cyclophosphamide showing clinical and serologic improvement.,llm_v1_gpt4.1,2026-04-05T20:58:59.621454+00:00
685,685,Neuronal surface and glutamic acid decarboxylase autoantibodies in Nonparaneoplastic stiff person syndrome.,"Chang, Thashi; Alexopoulos, Haris; McMenamin, Mary; Carvajal-Gonzalez, Alexander; Alexander, Sian K; Deacon, Robert; Erdelyi, Ferenc; Szabo, Gabor; Lang, Bethan; Blaes, Franz; Brown, Peter; Vincent, Angela",2013,JAMA neurology,,,data/extraction_json/text/685.json,data/extraction_json/text/685.json,full_text,false,,lab_heavy_clinical_or_translational,group_or_frequency_focused_lab_clinical_study,high,25,true,true,false,group,true,false,run_langextract_group,,,,,,,,,,"This is a laboratory-heavy clinical/translational study that investigates GAD autoantibodies in a cohort of 25 SPS-spectrum patients, providing both clinical and laboratory data. The study is not a review, case report, or purely basic science, and it contains original, extractable SPS-spectrum patient data.",llm_v1_gpt4.1,2026-04-05T20:59:18.863768+00:00
688,688,Orthostatic tremor heralding the onset of stiff-person syndrome.,"Vetrugno, Roberto; Fabbri, Margherita; Antelmi, Elena; D'Angelo, Roberto; Rinaldi, Rita",2013,Neurology,Clinical manifestations; Electrophysiology,,data/extraction_json/text/688.json,data/extraction_json/text/688.json,full_text,false,,case_series_or_multi_case,case_series,high,2,true,false,true,individual_case_split,true,false,split_cases_then_langextract,,,,,,,,,,"This is a case series reporting two original SPS-spectrum patients, each described in detail with clinical course, antibody testing, and treatment response. The structure and content are consistent with a multi-case report/case series.",llm_v1_gpt4.1,2026-04-05T20:59:24.751695+00:00
6899,6899,An unusual brainstem encephalitis associated with anti-glycine receptor antibodies: Clinicopathological description,Lux D.; Kumar G.; Webb T.; Bodi I.; Moran N.,2017,European Journal of Neurology,Clinical manifestations; Review Article,Karlo Lizarraga (2021-10-14 06:06:52)(Select): Unable to find abstract or full text. Looks like conference paper. Full text review required.;,data/extraction_json/text/6899.json,data/extraction_json/text_trimmed/6899.json,trimmed,true,trimmed_auto,unclear_manual_review,unclear,high,,false,false,false,manual_review,false,false,review_source_category,,,,,,,,,,Manual review: batch_14_20,llm_v1_gpt4.1,2026-04-05T20:59:24.832644+00:00
69,69,Stiff-man syndrome. Report of a case.,"Tarsy, D; Miyawaki, E K",1994,Archives of internal medicine,Clinical manifestations,,data/extraction_json/text/69.json,data/extraction_json/text/69.json,full_text,false,,single_case_report,case_report,high,1,true,false,false,individual,true,false,run_langextract_individual,,,,,,,,,,"This is a classic single case report, as indicated by the title and the detailed narrative of one patient's clinical course. The remainder of the paper discusses prior literature and general features of the syndrome, but only one original patient is described.",llm_v1_gpt4.1,2026-04-05T20:59:43.436371+00:00
690,690,Paraneoplastic stiff person syndrome associated with colon cancer misdiagnosed as idiopathic Parkinson's disease worsened after capecitabine therapy.,"Badzek, Sasa; Miletic, Vladimir; Prejac, Juraj; Gorsic, Irma; Golem, Hilda; Bilic, Ervina; Kekez, Domina; Librenjak, Niksa; Plestina, Stjepko",2013,World journal of surgical oncology,,,data/extraction_json/text/690.json,data/extraction_json/text/690.json,full_text,false,,single_case_report,case_report,high,1,true,false,false,individual,true,false,run_langextract_individual,,,,,,,,,,"This is a single case report, as indicated by the structure, explicit mention of 'case report', and detailed individual-level clinical data for one patient with paraneoplastic SPS. No group-level or additional patient data are presented.",llm_v1_gpt4.1,2026-04-05T21:00:03.979375+00:00
693,693,Childhood onset of stiff-man syndrome.,"Clardy, Stacey L; Lennon, Vanda A; Dalmau, Josep; Pittock, Sean J; Jones, H Royden Jr; Renaud, Deborah L; Harper, Charles M Jr; Matsumoto, Joseph Y; McKeon, Andrew",2013,JAMA neurology,,,data/extraction_json/text/693.json,data/extraction_json/text/693.json,full_text,false,,observational_group_study,retrospective_or_cohort_group_study,high,8,true,true,false,group,true,false,run_langextract_group,,,,,,,,,,"This is an observational group study reporting original clinical data on 8 childhood-onset SPS-spectrum patients seen at Mayo Clinic over 29 years. The paper provides both individual-level and group-level data, including demographics, clinical features, antibody status, treatments, and outcomes.",llm_v1_gpt4.1,2026-04-05T21:00:08.692526+00:00
696,696,Anesthesia considerations in stiff person syndrome.,"Sidransky, Moises A; Tran, Neilson V; Kaye, Alan David",2013,Middle East journal of anaesthesiology,,,data/extraction_json/text/696.json,data/extraction_json/text/696.json,full_text,false,,single_case_report,case_report,high,1,true,false,false,individual,true,false,run_langextract_individual,,,,,,,,,,"This is a single case report, as indicated by the detailed description of one patient's clinical course, diagnosis, and anesthetic management. The remainder of the article is a literature review and discussion, not original patient data.",llm_v1_gpt4.1,2026-04-05T21:00:28.205755+00:00
700,700,Glycine receptor antibody mediated Progressive Encephalomyelitis with Rigidity and Myoclonus (PERM): a rare but treatable neurological syndrome.,"Stern, W M; Howard, R; Chalmers, R M; Woodhall, M R; Waters, P; Vincent, A; Wickremaratchi, M M",2014,Practical neurology,Clinical manifestations; Treatment,,data/extraction_json/text/700.json,data/extraction_json/text/700.json,full_text,false,,unclear_manual_review,unclear,high,,false,false,false,manual_review,false,false,review_source_category,,,,,,,,,,Manual review: batch_14_20,llm_v1_gpt4.1,2026-04-05T21:00:28.267539+00:00
705,705,Serotonin syndrome and stiff-person syndrome: diagnostic challenges in psychosomatic medicine.,"Bordelon, Sean; Brett Lloyd, Robert; Rosenthal, Lisa J",2014,Psychosomatics,,,data/extraction_json/text/705.json,data/extraction_json/text/705.json,full_text,false,,unclear_manual_review,unclear,high,,false,false,false,manual_review,false,false,review_source_category,,,,,,,,,,Manual review: batch_14_20,llm_v1_gpt4.1,2026-04-05T21:00:28.277976+00:00
708,708,Evidence of T-cell mediated neuronal injury in stiff-person syndrome with anti-amphiphysin antibodies.,"Poh, Mervyn Q W; Simon, Neil G; Buckland, Michael E; Salisbury, Elizabeth; Watson, Shaun",2014,Journal of the neurological sciences,,,data/extraction_json/text/708.json,data/extraction_json/text/708.json,full_text,false,,single_case_report,case_report,high,1,true,false,false,individual,true,false,run_langextract_individual,,,,,,,,,,"This is a single case report, as evidenced by the detailed narrative of one patient's clinical course, treatment, and post-mortem findings. The report does not mention any additional original SPS-spectrum patients.",llm_v1_gpt4.1,2026-04-05T21:00:32.364123+00:00
71,71,"Intrathecal baclofen therapy in stiff-man syndrome: a double-blind, placebo-controlled trial.","Silbert, P L; Matsumoto, J Y; McManis, P G; Stolp-Smith, K A; Elliott, B A; McEvoy, K M",1995,Neurology,Treatment,,data/extraction_json/text/71.json,data/extraction_json/text/71.json,full_text,false,,interventional_study,controlled_or_therapeutic_group_study,high,3,true,true,false,group,true,false,run_langextract_group,,,,,,,,,,"This is an interventional study (double-blind, placebo-controlled trial) involving three original SPS patients. The paper provides both individual-level and group-level data, including clinical and electrophysiological outcomes for each patient.",llm_v1_gpt4.1,2026-04-05T21:00:51.857601+00:00
710,710,"Encephalitis with refractory seizures, status epilepticus, and antibodies to the GABAA receptor: a case series, characterisation of the antigen, and analysis of the effects of antibodies.","Petit-Pedrol, Mar; Armangue, Thais; Peng, Xiaoyu; Bataller, Luis; Cellucci, Tania; Davis, Rebecca; McCracken, Lindsey; Martinez-Hernandez, Eugenia; Mason, Warren P; Kruer, Michael C; Ritacco, David G; Grisold, Wolfgang; Meaney, Brandon F; Alcala, Carmen; Sillevis-Smitt, Peter; Titulaer, Maarten J; Balice-Gordon, Rita; Graus, Francesc; Dalmau, Josep",2014,The Lancet. Neurology,Review Article,,data/extraction_json/text/710.json,data/extraction_json/text/710.json,full_text,false,,case_series_or_multi_case,case_series,high,4,true,true,true,individual_case_split,true,false,split_cases_then_langextract,,,,,,,,,,"This is a case series and laboratory characterization paper that includes both clinical and immunological data. It reports original clinical data on multiple patients, including 4 with stiff-person syndrome, thus fitting the case_series_or_multi_case category. The SPS-spectrum patient count is based on explicit mention of 4 SPS cases among the 12 disease control patients with low-titre GABAA receptor antibodies.",llm_v1_gpt4.1,2026-04-05T21:01:12.665226+00:00
711,711,Efficacy of therapeutic plasma exchange for treatment of stiff-person syndrome.,"Pagano, Monica B; Murinson, Beth B; Tobian, Aaron A R; King, Karen E",2014,Transfusion,Treatment,,data/extraction_json/text/711.json,data/extraction_json/text/711.json,full_text,false,,observational_group_study,retrospective_or_cohort_group_study,high,9,true,true,false,group,true,false,run_langextract_group,,,,,,,,,,"This is an observational group study reporting original data on 9 SPS patients treated with TPE at a single center, with both individual-level and group-level data presented. The literature review component is clearly separated and does not contribute to the original case count.",llm_v1_gpt4.1,2026-04-05T21:01:19.397931+00:00
712,712,Stiff person syndrome masquerading as panic attacks.,"Ho, Cyrus S H; Ho, Roger C M; Wilder-Smith, Einar P",2014,"Lancet (London, England)",Clinical manifestations,,data/extraction_json/text/712.json,data/extraction_json/text/712.json,full_text,false,,unclear_manual_review,unclear,high,,false,false,false,manual_review,false,false,review_source_category,,,,,,,,,,Manual review: batch_14_20,llm_v1_gpt4.1,2026-04-05T21:01:19.458818+00:00
713,713,Anti-GAD negative stiff person syndrome with a favorable response to intravenous methylprednisolone: an experience over evidence.,"Sharma, Bhawna; Nagpal, Kadam; Prakash, Swayam; Gupta, Pankaj",2014,Neurology India,Treatment,,data/extraction_json/text/713.json,data/extraction_json/text/713.json,full_text,false,,unclear_manual_review,unclear,high,,false,false,false,manual_review,false,false,review_source_category,,,,,,,,,,Manual review: batch_14_20,llm_v1_gpt4.1,2026-04-05T21:01:19.469023+00:00
715,715,Progressive encephalomyelitis with rigidity and myoclonus: a new variant with DPPX antibodies.,"Balint, Bettina; Jarius, Sven; Nagel, Simon; Haberkorn, Uwe; Probst, Christian; Blocker, Inga Madeleine; Bahtz, Ramona; Komorowski, Lars; Stocker, Winfried; Kastrup, Andreas; Kuthe, Martin; Meinck, Hans-Michael",2014,Neurology,Clinical manifestations,,data/extraction_json/text/715.json,data/extraction_json/text/715.json,full_text,false,,case_series_or_multi_case,case_series,high,3,true,true,true,individual_case_split,true,false,split_cases_then_langextract,,,,,,,,,,"This is a case series describing three original patients with PERM, a variant within the SPS spectrum, all with DPPX antibodies. The paper provides individual-level clinical data and group-level summary, fitting the case_series_or_multi_case category.",llm_v1_gpt4.1,2026-04-05T21:01:39.507627+00:00
716,716,The horses are the first thought but one must not forget the zebras even if they are rare: Stiff person syndrome associated with malignant mesothelioma.,"Koca, Irfan; Ucar, Mehmet; Kalender, Mehmet Emin; Alkan, Samet",2014,BMJ case reports,Clinical manifestations,,data/extraction_json/text/716.json,data/extraction_json/text/716.json,full_text,false,,single_case_report,case_report,high,1,true,false,false,individual,true,false,run_langextract_individual,,,,,,,,,,"This is a classic single case report, as indicated by the structure, the explicit statement of presenting a single case, and the detailed individual-level clinical data. No group-level or multiple patient data are present.",llm_v1_gpt4.1,2026-04-05T21:01:57.814736+00:00
719,719,Recurrent thymoma with stiff-person syndrome and pure red blood cell aplasia.,"Kobayashi, Rei; Kaji, Masahiro; Horiuchi, Sho; Miyahara, Naofumi; Hino, Yumi; Suemasu, Keiichi",2014,The Annals of thoracic surgery,Clinical manifestations,,data/extraction_json/text/719.json,data/extraction_json/text/719.json,full_text,false,,single_case_report,case_report,high,1,true,false,false,individual,true,false,run_langextract_individual,,,,,,,,,,"This is a single case report describing one patient with SPS in the context of recurrent thymoma and pure red blood cell aplasia. The report provides detailed individual-level clinical data, including presentation, diagnosis, treatment, and follow-up.",llm_v1_gpt4.1,2026-04-05T21:02:02.057474+00:00
723,723,Cerebellar ataxia and glutamic acid decarboxylase antibodies: immunologic profile and long-term effect of immunotherapy.,"Arino, Helena; Gresa-Arribas, Nuria; Blanco, Yolanda; Martinez-Hernandez, Eugenia; Sabater, Lidia; Petit-Pedrol, Mar; Rouco, Idoia; Bataller, Luis; Dalmau, Josep O; Saiz, Albert; Graus, Francesc",2014,JAMA neurology,Review Article,"Yasamin Mahjoub (2023-06-30 03:49:13)(Select): SPS population was used as controls in this study; Annu Aggarwal (2021-10-19 04:43:45)(Select): 
Not relavant



Abstract by same group:  	
#1413 - Arino 2014

Arino H.; Arribas-Gresa N.; Martinez-Hernandez E.; Llufriu S.; Blanco Y.; Dalmau J.; Saiz A.; Graus F.
Cerebellar ataxia associated with glutamic acid decarboxylase 65 autoantibodies (GAD65-ab). Longterm impact of immunotherapy;",data/extraction_json/text/723.json,data/extraction_json/text/723.json,full_text,false,,observational_group_study,retrospective_or_cohort_group_study,high,9,true,true,false,group,true,false,run_langextract_group,,,,,,,,,,"This is a retrospective cohort study of 34 patients with cerebellar ataxia and GAD65 antibodies, with 9 of these patients also exhibiting SPS symptoms. The study provides both group-level and individual-level data, including a table with detailed clinical features for the 9 SPS-spectrum patients.",llm_v1_gpt4.1,2026-04-05T21:02:22.143055+00:00
724,724,"Glycine receptor antibodies in PERM and related syndromes: characteristics, clinical features and outcomes.","Carvajal-Gonzalez, Alexander; Leite, M Isabel; Waters, Patrick; Woodhall, Mark; Coutinho, Ester; Balint, Bettina; Lang, Bethan; Pettingill, Philippa; Carr, Aisling; Sheerin, Una-Marie; Press, Rayomand; Lunn, Michael P; Lim, Ming; Maddison, Paul; Meinck, H-M; Vandenberghe, Wim; Vincent, Angela",2014,Brain : a journal of neurology,Clinical manifestations; Immunological - Lab tests,"Davide Martino (2024-07-17 13:01:32)(Included): There is insufficient information from a mixed cohort of 52 patients with either SPS, PERM or acquired hyperekplexia, so it is difficult to separate the former two from the latter.;",data/extraction_json/text/724.json,data/extraction_json/text/724.json,full_text,false,,observational_group_study,retrospective_or_cohort_group_study,high,45,false,true,false,group,true,false,run_langextract_group,,,,,,,,,,"This is an observational group study reporting aggregate clinical data on a prospectively identified cohort of 45 glycine receptor antibody-positive patients with SPS-spectrum disorders (PERM, SPS, and related syndromes). The study provides group-level clinical features and outcomes, not individual case reports.",llm_v1_gpt4.1,2026-04-05T21:02:42.397914+00:00
733,733,"LADA type diabetes, celiac diasease, cerebellar ataxia and stiff person syndrome. A rare association of autoimmune disorders.","Soos, Zsuzsanna; Salamon, Monika; Erdei, Katalin; Kaszas, Nora; Folyovich, Andras; Szucs, Anna; Barcs, Gabor; Aranyi, Zsuzsanna; Skaliczkis, Jozsef; Vadasdi, Karoly; Winkler, Gabor",2014,Ideggyogyaszati szemle,Clinical manifestations,,data/extraction_json/text/733.json,data/extraction_json/text/733.json,full_text,false,,single_case_report,case_report,high,1,true,false,false,individual,true,false,run_langextract_individual,,,,,,,,,,"This is a classic single case report, as evidenced by the detailed narrative of one patient's history, diagnosis, and management. The text repeatedly refers to 'the patient' and provides individual-level clinical data, confirming the presence of original SPS-spectrum data for one patient only.",llm_v1_gpt4.1,2026-04-05T21:03:01.773123+00:00
736,736,Stiff person syndrome: a case report.,"Kelly, Patricia A; Kuberski, Carolyn",2014,Clinical journal of oncology nursing,Clinical manifestations,,data/extraction_json/text/736.json,data/extraction_json/text/736.json,full_text,false,,single_case_report,case_report,high,1,true,false,false,individual,true,false,run_langextract_individual,,,,,,,,,,"This is a classic single case report, as indicated by the title, abstract, and detailed narrative of one patient's presentation, diagnosis, and management. There is no evidence of additional original SPS-spectrum patients.",llm_v1_gpt4.1,2026-04-05T21:03:05.705146+00:00
737,737,Autologous stem cell transplantation for stiff person syndrome: two cases from the Ottawa blood and marrow transplant program.,"Sanders, Sheilagh; Bredeson, Christopher; Pringle, C Elizabeth; Martin, Lisa; Allan, David; Bence-Bruckler, Isabelle; Hamelin, Linda; Hopkins, Harry S; Sabloff, Mitchell; Sheppard, Dawn; Tay, Jason; Huebsch, Lothar; Atkins, Harold L",2014,JAMA neurology,Treatment,,data/extraction_json/text/737.json,data/extraction_json/text/737.json,full_text,false,,case_series_or_multi_case,case_series,high,2,true,false,true,individual_case_split,true,false,split_cases_then_langextract,,,,,,,,,,"This is a case series describing two original SPS patients treated at the Ottawa Blood and Marrow Transplant Program. The text provides detailed clinical histories, treatments, and outcomes for both, confirming original, extractable SPS-spectrum data.",llm_v1_gpt4.1,2026-04-05T21:03:25.453861+00:00
740,740,Latent autoimmune diabetes in Stiff-Person Syndrome.,"Fourlanos, Spiros; Neal, Andrew; So, Michelle; Evans, Andrew",2014,Diabetes care,Immunological - Lab tests,,data/extraction_json/text/740.json,data/extraction_json/text/740.json,full_text,false,,case_series_or_multi_case,case_series,high,2,true,false,true,individual_case_split,true,false,split_cases_then_langextract,,,,,,,,,,"This is a case series describing two original SPS-spectrum patients with LADA, with detailed individual-level clinical and laboratory data. The structure and content are consistent with a multi-case report/case series.",llm_v1_gpt4.1,2026-04-05T21:03:29.847745+00:00
741,741,"DPPX potassium channel antibody: frequency, clinical accompaniments, and outcomes in 20 patients.","Tobin, William Oliver; Lennon, Vanda A; Komorowski, Lars; Probst, Christian; Clardy, Stacey Lynn; Aksamit, Allen J; Appendino, Juan Pablo; Lucchinetti, Claudia F; Matsumoto, Joseph Y; Pittock, Sean J; Sandroni, Paola; Tippmann-Peikert, Maja; Wirrell, Elaine C; McKeon, Andrew",2014,Neurology,Immunological - Lab tests,,data/extraction_json/text/741.json,data/extraction_json/text/741.json,full_text,false,,unclear_manual_review,unclear,high,,false,false,false,manual_review,false,false,review_source_category,,,,,,,,,,Manual review: autoantibody_clinical_cohort,llm_v1_gpt4.1,2026-04-05T21:03:29.907785+00:00
742,742,"Anti glutamate-decarboxylase antibodies: a liaison between localisation related epilepsy, stiff-person syndrome and type-1 diabetes mellitus.","Szucs, Anna; Barcs, Gabor; Winkler, Gabor; Soos, Zsuzsanna; Folyovich, Andras; Kelemen, Anna; Varallyay, Peter; Kamondi, Anita",2014,Ideggyogyaszati szemle,Clinical manifestations,,data/extraction_json/text/742.json,data/extraction_json/text/742.json,full_text,false,,case_series_or_multi_case,case_series,high,2,true,false,true,individual_case_split,true,false,split_cases_then_langextract,,,,,,,,,,"This is a case series describing two original SPS-spectrum patients, each with detailed clinical histories, laboratory findings, and treatment responses. The structure and content are consistent with a case series or multi-case report.",llm_v1_gpt4.1,2026-04-05T21:03:49.182036+00:00
748,748,Apraxia in anti-glutamic acid decarboxylase-associated stiff person syndrome: link to corticobasal degeneration?.,"Bowen, Lauren N; Subramony, S H; Heilman, Kenneth M",2015,Annals of neurology,Clinical manifestations,,data/extraction_json/text/748.json,data/extraction_json/text/748.json,full_text,false,,case_series_or_multi_case,case_series,high,2,true,false,true,individual_case_split,true,false,split_cases_then_langextract,,,,,,,,,,"This is a case series describing two original SPS-spectrum patients with detailed individual-level clinical data. The paper is not a review, conference abstract, or basic science report, and the patient count is clearly stated and supported by the text.",llm_v1_gpt4.1,2026-04-05T21:03:54.252635+00:00
7489,7489,Clinical Neurophysiologic Studies in Stiff-Man Syndrome: Use of Simultaneous Video-Electroencephalographic-Surface Electromyographic Recording,ARMON C.; McEVOY K.M.; WESTMORELAND B.F.; McMANIS P.G.,1990,Mayo Clinic Proceedings,Electrophysiology; Immunological - Lab tests,,data/extraction_json/text/7489.json,data/extraction_json/text_trimmed/7489.json,trimmed,true,header_only_source,case_series_or_multi_case,case_series,high,3,true,true,true,individual_case_split,true,false,split_cases_then_langextract,,,,,,,,,,"The paper reports original clinical neurophysiologic studies on three patients with stiff-man syndrome, providing both individual and group-level clinical data. This fits the definition of a case series or multi-case report.",llm_v1_gpt4.1,2026-04-05T21:03:58.156976+00:00
75,75,Stiff-man syndrome: case report.,"Kuhn, W F; Light, P J; Kuhn, S C",1995,Academic emergency medicine : official journal of the Society for Academic Emergency Medicine,,,data/extraction_json/text/75.json,data/extraction_json/text/75.json,full_text,false,,single_case_report,case_report,high,1,true,false,false,individual,true,false,run_langextract_individual,,,,,,,,,,"This article is titled as a case report and provides a detailed narrative of a single patient's clinical course, diagnostic workup, and treatment for stiff-man syndrome. There is no indication of additional cases or aggregated data.",llm_v1_gpt4.1,2026-04-05T21:04:16.866824+00:00
7503,7503,Stiff-person spectrum disorders in Russia: A retrospective analysis of 20 cases,Seliverstov Y.U.; Ginzberg M.; Melnik E.; Fominykh V.; Skalnaya A.; Brylev L.,2020,Movement Disorders,Clinical manifestations; Treatment,Gustavo  Da Prat (2024-12-19 08:56:16)(Included): untraceable;,data/extraction_json/text/7503.json,data/extraction_json/text_trimmed/7503.json,trimmed,true,trimmed_auto,unclear_manual_review,unclear,high,,false,false,false,manual_review,false,false,review_source_category,,,,,,,,,,Manual review: batch_14_20,llm_v1_gpt4.1,2026-04-05T21:04:16.967639+00:00
754,754,Botulinum toxin a injection to facial and cervical paraspinal muscles in a patient with stiff person syndrome: a case report.,"Pakeerappa, Praveen N; Birthi, Pravardhan; Salles, Sara",2015,"PM & R : the journal of injury, function, and rehabilitation",Electrophysiology; Treatment,,data/extraction_json/text/754.json,data/extraction_json/text/754.json,full_text,false,,single_case_report,case_report,high,1,true,false,false,individual,true,false,run_langextract_individual,,,,,,,,,,"This is a classic single case report, as indicated by the title, structure, and detailed individual-level clinical narrative. The paper does not present group-level data or additional cases.",llm_v1_gpt4.1,2026-04-05T21:04:23.252337+00:00
7557,7557,Immune reactivity to glutamic acid decarboxylase 65 in stiff-man syndrome and type 1 diabetes mellitus,Lohmann T.; Hawa M.; Leslie R.D.G.; Lane R.; Picard J.; Londei M.,2000,Lancet,Clinical manifestations; Immunological - Lab tests,,data/extraction_json/text/7557.json,data/extraction_json/text/7557.json,full_text,false,,unclear_manual_review,unclear,high,,false,false,false,manual_review,false,false,review_source_category,,,,,,,,,,Manual review: batch_14_20,llm_v1_gpt4.1,2026-04-05T21:04:23.310747+00:00
760,760,Anesthesia in a patient with Stiff Person Syndrome.,"Yagan, Ozgur; Ozyilmaz, Kadir; Ozmaden, Ahmet; Sayin, Ozgur; Hanci, Volkan",2016,Brazilian journal of anesthesiology (Elsevier),Treatment,,data/extraction_json/text/760.json,data/extraction_json/text/760.json,full_text,false,,single_case_report,case_report,high,1,true,false,false,individual,true,false,run_langextract_individual,,,,,,,,,,"This is a classic single case report: it presents detailed clinical, anesthetic, and perioperative information about one SPS patient. There is no evidence of additional original SPS cases, and the structure and language are consistent with a case report.",llm_v1_gpt4.1,2026-04-05T21:04:42.334659+00:00
761,761,Stiff Person Syndrome Masquerading as Acute Coronary Syndrome.,"Sharma, Ashish; Soe, Myat Han; Singh, Jagdeep; Newsome, Scott D",2016,Journal of the National Medical Association,Clinical manifestations,,data/extraction_json/text/761.json,data/extraction_json/text/761.json,full_text,false,,single_case_report,case_report,high,1,true,false,false,individual,true,false,run_langextract_individual,,,,,,,,,,"This is a classic single case report, as indicated by the structure, the explicit 'CASE REPORT' section, and the focus on one individual's clinical course. There is no evidence of additional original SPS-spectrum patients.",llm_v1_gpt4.1,2026-04-05T21:04:46.618197+00:00
763,763,Stiff person syndrome in South Asia.,"Chang, Thashi; Lang, Bethan; Vincent, Angela",2016,BMC research notes,Clinical manifestations; Electrophysiology; Treatment,,data/extraction_json/text/763.json,data/extraction_json/text/763.json,full_text,false,,single_case_report,case_report,high,1,true,false,false,individual,true,false,run_langextract_individual,,,,,,,,,,"This is a single case report, as indicated by the title, abstract, and detailed individual-level clinical description of one patient. There is no evidence of additional original SPS-spectrum patients in the text.",llm_v1_gpt4.1,2026-04-05T21:05:05.097316+00:00
765,765,Gastrointestinal and Urologic Sphincter Dysfunction in Stiff Person Syndrome.,"Dumitrascu, Oana M; Tsimerinov, Evgeny I; Lewis, Richard A",2016,Journal of clinical neuromuscular disease,Clinical manifestations; Treatment,Benjamin Vlad (2023-06-22 15:54:04)(Select): I uploaded the right one.; Gustavo  Da Prat (2023-06-22 04:13:42)(Select): the uploaded text doesn't match;,data/extraction_json/text/765.json,data/extraction_json/text/765.json,full_text,false,,case_series_or_multi_case,case_series,high,2,true,false,true,individual_case_split,true,false,split_cases_then_langextract,,,,,,,,,,"This is a case series describing two original SPS patients, with detailed case-by-case clinical information. The structure and content are consistent with a case series or multi-case report, not a review or group study.",llm_v1_gpt4.1,2026-04-05T21:05:24.537776+00:00
766,766,Presynaptic neuromuscular transmission defect in the stiff person syndrome.,"Lo, Y L; Tan, Y E",2016,BMC neurology,Electrophysiology,,data/extraction_json/text/766.json,data/extraction_json/text/766.json,full_text,false,,case_series_or_multi_case,case_series,high,3,true,false,true,individual_case_split,true,false,split_cases_then_langextract,,,,,,,,,,"This is a case series describing three original SPS-spectrum patients, each with individual-level clinical and electrophysiological data. The structure and content are consistent with a case series, not a single case report or review.",llm_v1_gpt4.1,2026-04-05T21:05:29.456914+00:00
7716,7716,Clinical and immunological studies in a 3-generation family with very high titers of anti-GAD antibodies,Tsiortou P.; Alexopoulos H.; Akrivou S.; Barba C.; Kosmidis M.; Dalakas M.,2019,Neurology,Immunological - Lab tests,,data/extraction_json/text/7716.json,data/extraction_json/text/7716.json,full_text,false,,single_case_report,case_report,high,1,true,false,false,individual,true,false,run_langextract_individual,,,,,,,,,,"This is a report of a 3-generation family, but only one member (the index patient) developed SPS. The other two had DM1 without neurological manifestations. The paper provides individual-level clinical and immunological data for the index patient, consistent with a single case report.",llm_v1_gpt4.1,2026-04-05T21:05:36.627061+00:00
776,776,Stiff person syndrome masquerading as multiple sclerosis.,"Sabatino, Joseph J Jr; Newsome, Scott D",2017,Journal of the neurological sciences,Clinical manifestations; Differential Diagnosis,,data/extraction_json/text/776.json,data/extraction_json/text/776.json,full_text,false,,case_series_or_multi_case,case_series,high,5,true,true,true,individual_case_split,true,false,split_cases_then_langextract,,,,,,,,,,"This is a case series describing five original SPS patients, each with individual clinical details and a summary table. The study is not a review, conference abstract, or basic science paper, and it provides both individual and group-level data for these five patients.",llm_v1_gpt4.1,2026-04-05T21:05:55.441669+00:00
7781,7781,Spinal segmental myoclonus in both legs associated with antibodies to glycine receptors,Nanaura H.; Kataoka H.; Kiriyama T.; Eura N.; Iwasa N.; Shobatake R.; Horikawa H.; Sugie K.,2019,Neurology: Clinical Practice,Clinical manifestations; Review Article,,data/extraction_json/text/7781.json,data/extraction_json/text/7781.json,full_text,false,,single_case_report,case_report,high,1,true,false,false,individual,true,false,run_langextract_individual,,,,,,,,,,"This is a single case report, as evidenced by the detailed narrative of one patient's clinical course and the use of 'case report' structure. The report includes original, individual-level SPS-spectrum data and does not aggregate or discuss a cohort.",llm_v1_gpt4.1,2026-04-05T21:05:59.114624+00:00
7804,7804,A case of gad-generalized anxiety disorder or something more?,Pedowitz E.; Shin S.,2020,Muscle and Nerve,Clinical manifestations,,data/extraction_json/text/7804.json,data/extraction_json/text_trimmed/7804.json,trimmed,true,trimmed_auto,unclear_manual_review,unclear,high,,false,false,false,manual_review,false,false,review_source_category,,,,,,,,,,Manual review: batch_14_20,llm_v1_gpt4.1,2026-04-05T21:05:59.191203+00:00
782,782,"Clinical Reasoning: A 35-year-old woman with hyperstartling, stiffness, and accidental falls: A startling diagnosis.","Russo, Silvia Paola; Fossati, Barbara; Toffetti, Mauro; Lanzone, Jacopo; Cardani, Rosanna; Meola, Giovanni",2017,Neurology,Clinical manifestations,,data/extraction_json/text/782.json,data/extraction_json/text/782.json,full_text,false,,single_case_report,case_report,high,1,true,false,false,individual,true,false,run_langextract_individual,,,,,,,,,,"This is a classic single case report: the entire article is structured around the clinical reasoning, diagnosis, and management of one patient with SPS-spectrum features (hyperekplexia). The text provides individual-level clinical, genetic, and follow-up data for this patient only.",llm_v1_gpt4.1,2026-04-05T21:06:18.928067+00:00
788,788,Clinical characteristics of patients with cerebellar ataxia associated with anti-GAD antibodies.,"Aguiar, Tiago Silva; Fragoso, Andrea; Albuquerque, Carolina Rouanet de; Teixeira, Patricia de Fatima; Souza, Marcus Vinicius Leitao de; Zajdenverg, Lenita; Alves-Leon, Soniza Vieira; Rodacki, Melanie; Lima, Marco Antonio Sales Dantas de",2017,Arquivos de neuro-psiquiatria,,,data/extraction_json/text/788.json,data/extraction_json/text/788.json,full_text,false,,case_series_or_multi_case,case_series,high,2,true,true,true,individual_case_split,true,false,split_cases_then_langextract,,,,,,,,,,"This is a retrospective case series describing three original patients with cerebellar ataxia associated with anti-GAD antibodies. Two of these patients had classic stiff person syndrome (SPS) in addition to ataxia, and one had pure ataxia. The paper provides individual-level clinical data for all three, but only two meet SPS-spectrum criteria.",llm_v1_gpt4.1,2026-04-05T21:06:23.144386+00:00
789,789,Central Sleep Apnea and Stiff Person Syndrome: A Case Report.,"Netchitailo, Marie; Senant, Jacques; Portier, Florence; Tardif, Catherine",2017,Annals of the American Thoracic Society,Clinical manifestations,,data/extraction_json/text/789.json,data/extraction_json/text/789.json,full_text,false,,single_case_report,case_report,high,1,true,false,false,individual,true,false,run_langextract_individual,,,,,,,,,,"This is a classic single case report, as indicated by the title, structure, and detailed individual-level clinical data for one patient with stiff person syndrome. No group-level or multiple patient data are presented.",llm_v1_gpt4.1,2026-04-05T21:06:43.066607+00:00
7896,7896,"Stiff person syndrome (SPS), a basal ganglia disease? Striatal MRI lesions in a patient with SPS [6]",Guardado Santervas P.L.; Arjona Padillo A.; Serrano Castro P.; Olivares Romero J.; Rubi Callejon J.; Alonso Verdegay G.; Huete Hurtado A.,2007,"Journal of Neurology, Neurosurgery and Psychiatry",Clinical manifestations,,data/extraction_json/text/7896.json,data/extraction_json/text/7896.json,full_text,false,,single_case_report,case_report,high,1,true,false,false,individual,true,false,run_langextract_individual,,,,,,,,,,"This is a single case report describing one patient with SPS, as evidenced by the detailed individual-level clinical narrative and absence of group or series data. The structure and content are consistent with a case report.",llm_v1_gpt4.1,2026-04-05T21:06:49.539777+00:00
791,791,Stiff Person Syndrome Presenting After the Initiation of Buspirone.,"Sablaban, Ibrahim; Prabhakar, Deepak",2017,Psychosomatics,Electrophysiology,,data/extraction_json/text/791.json,data/extraction_json/text/791.json,full_text,false,,unclear_manual_review,unclear,high,,false,false,false,manual_review,false,false,review_source_category,,,,,,,,,,Manual review: batch_14_20,llm_v1_gpt4.1,2026-04-05T21:06:49.600086+00:00
7916,7916,Paraneoplastic stiff person syndrome mimicking tetanus: A case series report and literature review,Madhani J.; Chapman K.; Cresswell S.; Gibson G.,,Canadian Journal of Neurological Sciences,Clinical manifestations; Differential Diagnosis,,data/extraction_json/text/7916.json,data/extraction_json/text/7916.json,full_text,true,manual_review_required,unclear_manual_review,unclear,high,,false,false,false,manual_review,false,false,review_source_category,,,,,,,,,,Manual review: batch_15_20,llm_v1_gpt4.1,2026-04-05T21:06:49.614355+00:00
792,792,Immune-related Neurological Symptoms in an Adolescent Patient Receiving the Checkpoint Inhibitor Nivolumab.,"Tchapyjnikov, Dmitry; Borst, Alexandra J",2017,"Journal of immunotherapy (Hagerstown, Md. : 1997)",Treatment,Benjamin Vlad (2023-07-23 08:06:09)(Select): uploaded right one; Benjamin Vlad (2023-07-23 08:04:21)(Select): wrong full text;,data/extraction_json/text/792.json,data/extraction_json/text/792.json,full_text,false,,unclear_manual_review,unclear,high,,false,false,false,manual_review,false,false,review_source_category,,,,,,,,,,Manual review: batch_15_20,llm_v1_gpt4.1,2026-04-05T21:06:49.624952+00:00
793,793,Thymoma-associated Progressive Encephalomyelitis with Rigidity and Myoclonus (PERM) with Myasthenia Gravis.,"Morise, Satoshi; Nakamura, Masataka; Morita, Jun-Ichi; Miyake, Kousuke; Kunieda, Takenobu; Kaneko, Satoshi; Kusaka, Hirofumi",2017,"Internal medicine (Tokyo, Japan)",Treatment,,data/extraction_json/text/793.json,data/extraction_json/text/793.json,full_text,false,,unclear_manual_review,unclear,high,,false,false,false,manual_review,false,false,review_source_category,,,,,,,,,,Manual review: batch_15_20,llm_v1_gpt4.1,2026-04-05T21:06:49.640770+00:00
797,797,"A double-blind, placebo-controlled study of rituximab in patients with stiff person syndrome.","Dalakas, Marinos C; Rakocevic, Goran; Dambrosia, James M; Alexopoulos, Harry; McElroy, Beverly",2017,Annals of neurology,Treatment,,data/extraction_json/text/797.json,data/extraction_json/text/797.json,full_text,false,,interventional_study,controlled_or_therapeutic_group_study,high,24,true,true,false,group,true,false,run_langextract_group,,,,,,,,,,"This is a randomized, placebo-controlled interventional trial specifically enrolling SPS patients to test rituximab. The study reports both group-level and individual-level clinical data for 24 original SPS patients, making it an interventional study with 24 extractable SPS cases.",llm_v1_gpt4.1,2026-04-05T21:07:08.955686+00:00
799,799,Stiff-person syndrome after thymectomy in myasthenia gravis mimicking a post-thymectomy myasthenic crisis.,"Lee, Hye Lim; Min, Ju-Hong; Seok, Jin Myoung; Cho, Eun Bin; Lee, Sang-Soo; Cho, Hye Jin; Kim, Byoung Joon",2017,Neurology India,,,data/extraction_json/text/799.json,data/extraction_json/text/799.json,full_text,false,,unclear_manual_review,unclear,high,,false,false,false,manual_review,false,false,review_source_category,,,,,,,,,,Manual review: batch_15_20,llm_v1_gpt4.1,2026-04-05T21:07:09.017003+00:00
7992,7992,A case of hyperekplexia with positive antiglycine receptor antibodies: PERM syndrome,Contessa G.; De Mercanti S.; Sciolla R.; Iudicello M.; Clerico M.; Ferrero B.; Coletti Moja M.; Delfico L.; Franchino F.; Viglietta E.; Vincent A.; Durelli L.,2010,Journal of Neurology,,Karlo Lizarraga (2021-07-08 06:03:13)(Screen): Conference poster/abstract;,data/extraction_json/text/7992.json,data/extraction_json/text_trimmed/7992.json,trimmed,true,trimmed_auto,unclear_manual_review,unclear,high,,false,false,false,manual_review,false,false,review_source_category,,,,,,,,,,Manual review: batch_15_20,llm_v1_gpt4.1,2026-04-05T21:07:09.050031+00:00
80,80,Stiff man syndrome: neurophysiological findings in eight patients.,"Meinck, H M; Ricker, K; Hulser, P J; Solimena, M",1995,Journal of neurology,Electrophysiology,,data/extraction_json/text/80.json,data/extraction_json/text/80.json,full_text,false,,case_series_or_multi_case,case_series,high,8,true,true,true,individual_case_split,true,false,split_cases_then_langextract,,,,,,,,,,"This is a case series describing original neurophysiological findings in eight patients with stiff man syndrome (SPS-spectrum). The paper provides both individual-level and group-level data, including detailed EMG and reflex findings, and is not a review or basic science paper.",llm_v1_gpt4.1,2026-04-05T21:07:28.626211+00:00
800,800,Neuronal autoantibodies: differentiating clinically relevant and clinically irrelevant results.,"Abboud, Hesham; Rossman, Ian; Mealy, Maureen A; Hill, Eddie; Thompson, Nicolas; Banerjee, Aditya; Probasco, John; Levy, Michael",2017,Journal of neurology,,,data/extraction_json/text/800.json,data/extraction_json/text/800.json,full_text,false,,observational_group_study,retrospective_or_cohort_group_study,high,5,true,true,false,group,true,false,run_langextract_group,,,,,,,,,,"This is a retrospective observational cohort study of 401 patients tested for neuronal autoantibodies, with detailed clinical and laboratory data reported for all antibody-positive patients. The study provides both group-level statistics and individual-level data (Table 2) for each patient, including those with SPS. The paper is not a review, case report, or conference abstract.",llm_v1_gpt4.1,2026-04-05T21:07:49.393150+00:00
8009,8009,Effect of physiotherapy on the mobility of the spine and lower extremities in patients of stiff person syndrome,Fil A.; Salci Y.; Armutlu K.,2010,Fizyoterapi Rehabilitasyon,,,data/extraction_json/text/8009.json,data/extraction_json/text/8009.json,full_text,false,not_needed,conference_abstract,group_conference_abstract,high,11,false,true,false,group,true,false,run_langextract_group,,,,,,,,,,"This is a conference abstract (from a symposium, with a short page span and abstract format) reporting original group-level clinical data on 11 SPS patients who underwent physiotherapy. The study is not a review, case report, or basic science paper.",llm_v1_gpt4.1,2026-04-05T21:07:53.635570+00:00
804,804,Case report of a woman with anti amphiphysin positive stiff person syndrome.,"Manhalter, Nora; Gyorfi, Orsolya; Boros, Erzsebet; Bokor, Magdolna; Fazekas, Ferenc; Denes, Zoltan; Fabo, Daniel; Kamondi, Anita; Eross, Lorand",2017,Ideggyogyaszati szemle,Clinical manifestations; Immunological - Lab tests; Treatment,,data/extraction_json/text/804.json,data/extraction_json/text/804.json,full_text,false,,single_case_report,case_report,high,1,true,false,false,individual,true,false,run_langextract_individual,,,,,,,,,,"This is a classic single case report, as indicated by the title, structure, and detailed individual-level clinical narrative. The entire report focuses on one patient, with no evidence of additional original SPS cases.",llm_v1_gpt4.1,2026-04-05T21:08:13.493067+00:00
807,807,Treatment and Resolution of Filamentary Keratitis in a Patient with Stiff Person Syndrome.,"Bae, Steven S; Yeung, Sonia N; Chan, Clara C",2018,Cornea,Clinical manifestations,,data/extraction_json/text/807.json,data/extraction_json/text_trimmed/807.json,trimmed,true,trimmed_auto,single_case_report,case_report,high,1,true,false,false,individual,true,false,run_langextract_individual,,,,,,,,,,"This is a single case report, as indicated by the explicit 'case report' label and the detailed narrative of one patient's clinical course with SPS. The report includes original SPS-spectrum data and does not aggregate or discuss multiple cases.",llm_v1_gpt4.1,2026-04-05T21:08:17.164784+00:00
8088,8088,Follow-up in Stiff Person Syndrome with immunoglobulin treatment,Pablo M.J.; Bestue M.; Tamargo P.; Romero F.; Benavente I.,2011,Clinical Neurophysiology,Awaiting classification; Electrophysiology,,data/extraction_json/text/8088.json,data/extraction_json/text/8088.json,full_text,true,manual_review_required,conference_abstract,single_case_conference_abstract,medium,1,true,false,false,individual,true,true,review_source_category_then_langextract,,,,,,,,,,"validator_flags=PROCEEDINGS_TRIM_PENDING | This is a conference abstract (poster presentation, supplement issue, short page span) reporting a single SPS patient with individual-level clinical follow-up. The structure and content match a single case report presented as a conference abstract.",llm_v1_gpt4.1,2026-04-05T21:08:36.372707+00:00
8089,8089,Seizure in patients with anti-gad antibodies,Dave H.; Nei M.; Rakocevic G.; Mintzer S.; Sperling M.,2011,Epilepsia,Awaiting classification,Benjamin Vlad (2023-07-01 15:28:02)(Select): wrong full text;,data/extraction_json/text/8089.json,data/extraction_json/text_trimmed/8089.json,trimmed,true,header_only_source,unclear_manual_review,unclear,high,,false,false,false,manual_review,false,false,review_source_category,,,,,,,,,,Manual review: batch_15_20,llm_v1_gpt4.1,2026-04-05T21:08:36.457365+00:00
8097,8097,Rehabilitation of stiff person syndrome presenting after laminectomy: A case report,Mathur R.; Bunning R.D.; Pineda C.G.; Rajaei N.,2011,PM and R,Treatment,Karlo Lizarraga (2021-10-14 11:57:10)(Select): Unable to access abstract or full text. Looks like conference paper. Full text review required.;,data/extraction_json/text/8097.json,data/extraction_json/text_trimmed/8097.json,trimmed,true,header_only_source,conference_abstract,single_case_conference_abstract,high,1,true,false,false,individual,true,false,run_langextract_individual,,,,,,,,,,"This is a conference abstract (supplement issue, short page span, proceedings detected) reporting a single SPS-spectrum patient in a case report format, with detailed clinical information provided for one individual.",llm_v1_gpt4.1,2026-04-05T21:08:39.637117+00:00
8098,8098,Severe spasticity in a patient with stiff person syndrome: A case report,Patel R.; Finch M.; Khan A.; Velez K.A.,2011,PM and R,,,data/extraction_json/text/8098.json,data/extraction_json/text/8098.json,full_text,false,not_needed,conference_abstract,single_case_conference_abstract,high,1,true,false,false,individual,true,false,run_langextract_individual,,,,,,,,,,"This is a conference abstract (poster) presenting a single SPS patient in detail, consistent with a single case report format. The abstract provides individual-level clinical data and does not mention additional SPS patients.",llm_v1_gpt4.1,2026-04-05T21:08:42.890232+00:00
811,811,Teaching Video NeuroImages: Electromyographic variation in stiff-person syndrome.,"Jing, Xiao-Zhong; Zhu, Dan; Zhang, Ya-Qian; Dong, Ming; Demyelinating Disease Study Group",2018,Neurology,Electrophysiology,,data/extraction_json/text/811.json,data/extraction_json/text/811.json,full_text,false,,unclear_manual_review,unclear,high,,false,false,false,manual_review,false,false,review_source_category,,,,,,,,,,Manual review: batch_15_20,llm_v1_gpt4.1,2026-04-05T21:08:42.903908+00:00
812,812,Neurologic disorders associated with anti-glutamic acid decarboxylase antibodies: A comparison of anti-GAD antibody titers and time-dependent changes between neurologic disease and type I diabetes mellitus.,"Nakajima, Hideto; Nakamura, Yoshitsugu; Inaba, Yuiko; Tsutsumi, Chiharu; Unoda, Kiichi; Hosokawa, Takafumi; Kimura, Fumiharu; Hanafusa, Toshiaki; Date, Masamichi; Kitaoka, Haruko",2018,Journal of neuroimmunology,Clinical manifestations,,data/extraction_json/text/812.json,data/extraction_json/text/812.json,full_text,false,,observational_group_study,retrospective_or_cohort_group_study,high,2,true,true,false,group,true,false,run_langextract_group,,,,,,,,,,"This is an observational group study comparing six original patients with anti-GAD antibody-positive neurologic disorders (including SPS, cerebellar ataxia, limbic encephalitis, epilepsy, and brainstem encephalitis) to a group of T1DM patients. The paper provides both individual-level and group-level data, and includes original clinical details for two SPS patients.",llm_v1_gpt4.1,2026-04-05T21:09:02.488585+00:00
815,815,Common variable immunodeficiency associated with stiff-person syndrome.,"Schend, Jason; McGarry, Dave; Johnson, John; Hostoffer, Robert",2018,"Annals of allergy, asthma & immunology : official publication of the American College of Allergy, Asthma, & Immunology",Clinical manifestations,,data/extraction_json/text/815.json,data/extraction_json/text/815.json,full_text,false,,unclear_manual_review,unclear,high,,false,false,false,manual_review,false,false,review_source_category,,,,,,,,,,Manual review: batch_15_20,llm_v1_gpt4.1,2026-04-05T21:09:02.544704+00:00
816,816,Case Series: Intrathecal Baclofen Therapy in Stiff-Person Syndrome.,"Abbatemarco, Justin Ralph; Willis, Mary Alissa; Wilson, Robert G; Nagel, Sean J; Machado, Andre G; Bethoux, Francois A",2018,Neuromodulation : journal of the International Neuromodulation Society,Treatment,Annu Aggarwal (2021-10-19 03:58:29)(Select): Prospective ITB  therapy in 9 patients;,data/extraction_json/text/816.json,data/extraction_json/text/816.json,full_text,false,,case_series_or_multi_case,case_series,high,9,true,true,true,individual_case_split,true,false,split_cases_then_langextract,,,,,,,,,,"This is a retrospective case series of nine SPS patients treated with intrathecal baclofen, with both individual and group-level clinical data reported. The paper is not a review, trial, or basic science study, and the patient count is clearly stated.",llm_v1_gpt4.1,2026-04-05T21:09:24.332309+00:00
8181,8181,Stiff person syndrome associated with autoimmune thyroiditis and sarcoidosis of intrathoracic lymph nodes: Case report,Zalyalova Z.A.; Khasanova D.M.,2012,Parkinsonism and Related Disorders,,,data/extraction_json/text/8181.json,data/extraction_json/text/8181.json,full_text,false,,single_case_report,case_report,high,1,true,false,false,individual,true,false,run_langextract_individual,,,,,,,,,,"This is a single case report, as indicated by the title and the detailed description of one patient's clinical course, diagnostic findings, and treatments. The report provides individual-level data for one original SPS-spectrum patient.",llm_v1_gpt4.1,2026-04-05T21:09:27.959182+00:00
8182,8182,Neurological syndromes associated with glutamic acid decarboxylase antibodies: A Brazilian series,Teive H.A.G.; Fernandes M.; Ferreira A.M.; Arruda W.O.; Lorenzoni P.; Munhoz R.P.; Carrilho P.,2012,Parkinsonism and Related Disorders,,,data/extraction_json/text/8182.json,data/extraction_json/text/8182.json,full_text,false,not_needed,conference_abstract,group_conference_abstract,high,9,false,true,false,group,true,false,run_langextract_group,,,,,,,,,,"This is a conference abstract (single page, supplement issue, abstract format) reporting original group-level data on 12 anti-GAD patients, of whom 9 had SPS-spectrum disorders (5 stiff-limb syndrome, 4 classical SPS). The data is aggregate, not individual-level.",llm_v1_gpt4.1,2026-04-05T21:09:32.713859+00:00
8188,8188,Relapsing anti-glycine receptor antibody mediated encephalitis with rigidity and myoclonus,Williams J.; O'Connell K.; Connolly S.; Vincent A.; McGuigan C.; Hutchinson M.; O'Riordan S.,2012,Neurology,,,data/extraction_json/text/8188.json,data/extraction_json/text/8188.json,full_text,false,,single_case_report,case_report,high,1,true,false,false,individual,true,false,run_langextract_individual,,,,,,,,,,"This is a single case report describing the clinical course, investigations, and treatment of one patient with relapsing anti-glycine receptor antibody-mediated PERM. The report provides individual-level clinical data and does not mention any additional patients.",llm_v1_gpt4.1,2026-04-05T21:09:36.076575+00:00
8194,8194,"Wobbly eyes, wobbly legs",Yap C.; Mollan S.P.; Sivaguru A.,2012,Neuro-Ophthalmology,,,data/extraction_json/text/8194.json,data/extraction_json/text_trimmed/8194.json,trimmed,true,trimmed_auto,conference_abstract,single_case_conference_abstract,high,1,true,false,false,individual,true,false,run_langextract_individual,,,,,,,,,,"This is a conference abstract (supplement issue, proceedings detected, short page span) reporting a single original case of Stiff Person Syndrome with individual-level clinical data. The rest of the abstract is a brief literature review.",llm_v1_gpt4.1,2026-04-05T21:09:41.766865+00:00
8198,8198,Anti-glycine receptor antibody causing relapsing encephalitis with rigidity and myoclonus,Williams J.; O'Connell K.; O'Riordan S.; McGuigan C.; Connolly S.; Vincent A.; Hutchinson M.,2012,Movement Disorders,,Gustavo  Da Prat (2023-06-24 07:43:43)(Select): poster 623;,data/extraction_json/text/8198.json,data/extraction_json/text_trimmed/8198.json,trimmed,true,trimmed_auto,unclear_manual_review,unclear,high,,false,false,false,manual_review,false,false,review_source_category,,,,,,,,,,Manual review: batch_15_20,llm_v1_gpt4.1,2026-04-05T21:09:41.818505+00:00
8202,8202,Stiff person syndrome improvement with chemotherapy in a patient with cutaneous T cell lymphoma,Rakocevic G.; Hussain A.,2012,Clinical Neurophysiology,,,data/extraction_json/text/8202.json,data/extraction_json/text/8202.json,full_text,false,not_needed,single_case_report,case_report,high,1,true,false,false,individual,true,false,run_langextract_individual,,,,,,,,,,"This is a single case report describing one patient with SPS and cutaneous T cell lymphoma, with detailed individual-level clinical data. There is no evidence of group-level or multiple patient data.",llm_v1_gpt4.1,2026-04-05T21:09:59.961616+00:00
821,821,ATAD1 encephalopathy and stiff baby syndrome: a recognizable clinical presentation.,"Wolf, Nicole I; Zschocke, Johannes; Jakobs, Cornelis; Rating, Dietz; Hoffmann, Georg F",2018,Brain : a journal of neurology,Clinical manifestations; Differential Diagnosis,,data/extraction_json/text/821.json,data/extraction_json/text/821.json,full_text,false,,unclear_manual_review,unclear,high,,false,false,false,manual_review,false,false,review_source_category,,,,,,,,,,Manual review: batch_15_20,llm_v1_gpt4.1,2026-04-05T21:09:59.971644+00:00
8211,8211,A young woman with stiff person syndrome: A case report,Waltrous J.D.; Nieves J.,2012,PM and R,,,data/extraction_json/text/8211.json,data/extraction_json/text/8211.json,full_text,false,,single_case_report,case_report,high,1,true,false,false,individual,true,false,run_langextract_individual,,,,,,,,,,"This is a single case report, as indicated by the title and the detailed description of one patient's clinical course, diagnosis, and rehabilitation. The structure and content are consistent with a case report, and only one SPS-spectrum patient is described.",llm_v1_gpt4.1,2026-04-05T21:10:03.363545+00:00
822,822,"Progressive encephalomyelitis with rigidity and myoclonus, a diagnostic challenge.","Wirth, T; Kaeuffer, C; Chanson, J B; Echaniz-Laguna, A; Renaud, M; Anheim, M; Schneider, F; Tranchant, C",2018,Revue neurologique,,,data/extraction_json/text/822.json,data/extraction_json/text/822.json,full_text,false,,unclear_manual_review,unclear,high,,false,false,false,manual_review,false,false,review_source_category,,,,,,,,,,Manual review: batch_15_20,llm_v1_gpt4.1,2026-04-05T21:10:03.424786+00:00
8223,8223,"Epilepsy, stiff person syndrome and anti-gad: A report of two cases",Boro A.; Weidenheim K.; Gomes W.; McGinley J.; Mariuma E.,2012,Journal of Clinical Neurophysiology,,,data/extraction_json/text/8223.json,data/extraction_json/text_trimmed/8223.json,trimmed,true,trimmed_auto,conference_abstract,single_case_conference_abstract,high,2,true,false,false,individual,true,false,run_langextract_individual,,,,,,,,,,"This is a conference abstract (single page, proceedings detected) reporting two original SPS-spectrum patients with individual-level clinical data. The structure and content match a case series or multi-case report, but as a conference abstract, it is classified accordingly.",llm_v1_gpt4.1,2026-04-05T21:10:06.917971+00:00
8225,8225,Clinical and immunological features with glycine receptor antibodies,Vincent A.; Leite M.I.; Carvajal A.; Waters P.; Woodhall M.,2012,Annals of Neurology,,,data/extraction_json/text/8225.json,data/extraction_json/text_trimmed/8225.json,trimmed,false,,unclear_manual_review,unclear,high,,false,false,false,manual_review,false,false,review_source_category,,,,,,,,,,Manual review: batch_15_20,llm_v1_gpt4.1,2026-04-05T21:10:06.982397+00:00
823,823,Stiff Person Syndrome With Evidence of Nonspecific Focal Myositis Secondary to Sustained Muscle Contraction: A Case Report.,"No, Seung-Wook; Im, Il-Kyu; Kim, Du Hwan",2018,"PM & R : the journal of injury, function, and rehabilitation",,,data/extraction_json/text/823.json,data/extraction_json/text/823.json,full_text,false,,single_case_report,case_report,high,1,true,false,false,individual,true,false,run_langextract_individual,,,,,,,,,,"This is a classic single case report, as indicated by the title, structure, and detailed individual-level clinical data for one patient. There is no evidence of additional original SPS-spectrum patients in the text.",llm_v1_gpt4.1,2026-04-05T21:10:27.039067+00:00
825,825,Practical issues in measuring autoantibodies to neuronal cell-surface antigens in autoimmune neurological disorders: 190 cases.,"Kaneko, Juntaro; Kanazawa, Naomi; Tominaga, Naomi; Kaneko, Atsushi; Suga, Hiroki; Usui, Ryo; Ishima, Daisuke; Kitamura, Eiji; Akutsu, Tsugio; Yoshida, Koji; Nishiyama, Kazutoshi; Iizuka, Takahiro",2018,Journal of the neurological sciences,Clinical manifestations; Electrophysiology; Treatment,,data/extraction_json/text/825.json,data/extraction_json/text/825.json,full_text,false,,observational_group_study,retrospective_or_cohort_group_study,high,18,true,true,false,group,true,false,run_langextract_group,,,,,,,,,,"This is a retrospective observational group study of 190 patients with autoimmune neurological disorders, including a subgroup of 18 original SPSD patients. The study reports both group-level and some individual-level data for these SPSD cases, including antibody findings and clinical phenotypes.",llm_v1_gpt4.1,2026-04-05T21:10:47.495407+00:00
826,826,Antiglycine receptor antibody related disease: a case series and literature review.,"Swayne, A; Tjoa, L; Broadley, S; Dionisio, S; Gillis, D; Jacobson, L; Woodhall, M R; McNabb, A; Schweitzer, D; Tsang, B; Vincent, A; Irani, S R; Wong, R; Waters, P; Blum, S",2018,European journal of neurology,Clinical manifestations; Electrophysiology; Treatment,,data/extraction_json/text/826.json,data/extraction_json/text/826.json,full_text,false,,case_series_or_multi_case,case_series,high,3,true,true,true,individual_case_split,true,false,split_cases_then_langextract,,,,,,,,,,"This paper presents a retrospective case series of 14 GlyR-Ab-positive patients from Queensland, with detailed individual-level clinical data. Of these, 3 are classified as PERM/SPS, which are within the SPS spectrum. The paper also includes a literature review, but only the Queensland cases are original data.",llm_v1_gpt4.1,2026-04-05T21:10:53.504280+00:00
828,828,Stiff-person Syndrome with Waldenstrom Macroglobulinemia.,"Horiuchi, Kazuhiro; Maruo, Yasunori; Matsuoka, Satomi",2018,"Internal medicine (Tokyo, Japan)",Clinical manifestations; Electrophysiology; Treatment,Luca Marsili (2023-06-26 07:03:03)(Included): wrong pdf;,data/extraction_json/text/828.json,data/extraction_json/text/828.json,full_text,false,,single_case_report,case_report,high,1,true,false,false,individual,true,false,run_langextract_individual,,,,,,,,,,"This is a classic single case report, as indicated by the structure, the explicit statement of 'a case', and the detailed individual-level clinical data. No group or series data are presented.",llm_v1_gpt4.1,2026-04-05T21:11:12.252675+00:00
829,829,Progressive Encephalomyelitis with Rigidity and Myoclonus Resolving after Thymectomy with Subsequent Anasarca: An Autopsy Case.,"Ozaki, Kokoro; Ohkubo, Takuya; Yamada, Tetsuo; Yoshioka, Kotaro; Ichijo, Masahiko; Majima, Takamasa; Kudo, Shunsuke; Akashi, Takumi; Honda, Keiji; Ito, Eisaku; Watanabe, Mayumi; Sekine, Masaki; Hamagaki, Miwako; Eishi, Yoshinobu; Sanjo, Nobuo; Ishibashi, Satoru; Mizusawa, Hidehiro; Yokota, Takanori",2018,"Internal medicine (Tokyo, Japan)",Clinical manifestations; Electrophysiology; Treatment,,data/extraction_json/text/829.json,data/extraction_json/text/829.json,full_text,false,,single_case_report,case_report,high,1,true,false,false,individual,true,false,run_langextract_individual,,,,,,,,,,"This is a single case report, as indicated by the title, structure, and detailed individual-level reporting of one patient's clinical course, laboratory findings, and autopsy. The paper does not present group-level data or additional original SPS-spectrum cases.",llm_v1_gpt4.1,2026-04-05T21:11:31.782991+00:00
8296,8296,Intrathecal baclofen pump implantation in 2 cases of stiff-person syndrome,Bikmullin V.; Tolstyh A.; Rudenko V.,2013,Neuromodulation,Treatment,,data/extraction_json/text/8296.json,data/extraction_json/text_trimmed/8296.json,trimmed,true,trimmed_auto,unclear_manual_review,unclear,high,,false,false,false,manual_review,false,false,review_source_category,,,,,,,,,,Manual review: batch_15_20,llm_v1_gpt4.1,2026-04-05T21:11:31.813802+00:00
830,830,Longitudinal gait assessment in a stiff person syndrome.,"Schirinzi, Tommaso; Sancesario, Andrea; Romano, Alberto; Favetta, Martina; Gobbi, Marina; Valeriani, Massimiliano; Bertini, Enrico S; Castelli, Enrico; Vasco, Gessica; Petrarca, Maurizio; Della Bella, Gessica",2018,International journal of rehabilitation research. Internationale Zeitschrift fur Rehabilitationsforschung. Revue internationale de recherches de readaptation,Clinical manifestations; Electrophysiology; Treatment,,data/extraction_json/text/830.json,data/extraction_json/text/830.json,full_text,false,,single_case_report,case_report,high,1,true,false,false,individual,true,false,run_langextract_individual,,,,,,,,,,"This is a single case report, as indicated by the explicit description of one patient with SPS, including individual clinical details and follow-up. The structure and language confirm it is not a review, group study, or conference abstract.",llm_v1_gpt4.1,2026-04-05T21:11:35.873859+00:00
8303,8303,Role of maintenance plasma exchange in stiff person syndrome-a case report,Morelli Z.M.; Dalton L.; Matevosyan K.; Sarode R.; Strunk M.,2013,Journal of Clinical Apheresis,Treatment,,data/extraction_json/text/8303.json,data/extraction_json/text_trimmed/8303.json,trimmed,true,trimmed_auto,unclear_manual_review,unclear,high,,false,false,false,manual_review,false,false,review_source_category,,,,,,,,,,Manual review: batch_15_20,llm_v1_gpt4.1,2026-04-05T21:11:35.897640+00:00
831,831,Stiff person syndrome with elevated titers of antibodies against cardiolipin and beta2 glycoprotein 1: a case report and literature review.,"Tang, Li-Ya; Yu, Sheng-Yuan; Huang, Yong-Hua",2018,Journal of musculoskeletal & neuronal interactions,Clinical manifestations; Electrophysiology; Immunological - Lab tests; Treatment,,data/extraction_json/text/831.json,data/extraction_json/text/831.json,full_text,false,,single_case_report,case_report,high,1,true,false,false,individual,true,false,run_langextract_individual,,,,,,,,,,"This is a single case report, as indicated by the title, structure, and detailed individual-level clinical description of one SPS patient. There is no evidence of additional original SPS cases in the paper.",llm_v1_gpt4.1,2026-04-05T21:11:55.579050+00:00
8316,8316,Orthostatic tremor heralding the onset of stiff-person syndrome,Fabbri M.; Vetrugno R.; Antelmi E.; D'Angelo R.; Rinaldi R.,2013,Journal of the Neurological Sciences,,Karlo Lizarraga (2021-07-08 10:21:50)(Screen): Conference poster/abstract - resulting article published and included;,data/extraction_json/text/8316.json,data/extraction_json/text/8316.json,full_text,false,not_needed,conference_abstract,single_case_conference_abstract,high,2,true,false,false,individual,true,false,run_langextract_individual,,,,,,,,,,"This is a conference abstract reporting two original SPS-spectrum patients with detailed clinical course, antibody testing, and treatment response. The structure and metadata confirm it is a conference abstract, not a full article.",llm_v1_gpt4.1,2026-04-05T21:12:00.322217+00:00
8317,8317,Stiff man syndrome associated with breast cancer about 2 cases,Noutsa L.; Mbonda Chimi P.C.; Camara M.; Fogang Y.; Toure K.; Ndiaye M.; Diop A.G.; Ndiaye M.M.,2013,Journal of the Neurological Sciences,Clinical manifestations,Karlo Lizarraga (2023-07-01 23:17:28)(Select): Conference abstract with potential for data extraction;,data/extraction_json/text/8317.json,data/extraction_json/text/8317.json,full_text,false,not_needed,unclear_manual_review,unclear,high,,false,false,false,manual_review,false,false,review_source_category,,,,,,,,,,Manual review: batch_15_20,llm_v1_gpt4.1,2026-04-05T21:12:00.382814+00:00
832,832,Stiff person syndrome with Anti-GAD65 antibodies within the national veterans affairs health administration.,"Galli, Jonathan R; Austin, Sharon D; Greenlee, John E; Clardy, Stacey L",2018,Muscle & nerve,Clinical manifestations; Electrophysiology; Treatment,,data/extraction_json/text/832.json,data/extraction_json/text/832.json,full_text,false,,observational_group_study,retrospective_or_cohort_group_study,high,15,true,true,false,group,true,false,run_langextract_group,,,,,,,,,,"This is an observational group study reporting original clinical data on a cohort of 15 SPS patients identified through VA records, with both group-level statistics and some individual-level data (e.g., treatment responses, demographics, and outcomes). The study is not a review, case report, or conference abstract.",llm_v1_gpt4.1,2026-04-05T21:12:20.464653+00:00
8320,8320,Presentation of rhabdomyolysis in the autoimmune variant of stiff-person syndrome,Zhao X.; Chen H.; Hoang D.; Huang A.,2013,PM and R,,,data/extraction_json/text/8320.json,data/extraction_json/text/8320.json,full_text,false,,single_case_report,case_report,high,1,true,false,false,individual,true,false,run_langextract_individual,,,,,,,,,,"This is a single case report, as evidenced by the detailed description of one patient's clinical course, laboratory findings, and treatment. The abstract and full text both focus exclusively on this individual, with no mention of additional cases.",llm_v1_gpt4.1,2026-04-05T21:12:24.236009+00:00
8322,8322,Paraneoplastic stiff-person syndrome due to cholangiocarcinoma: The first case report,Spoto S.; Campanale E.R.; Curcio B.; Grasso G.; Cortigiani M.; Fazzina S.; Cavalieri D.; Valeriani E.; Manfredonia L.; Fogolari M.; Gianno A.; Capone F.; Morolla D.; Porcari A.; Costantino S.,2013,Italian Journal of Medicine,Clinical manifestations,,data/extraction_json/text/8322.json,data/extraction_json/text_trimmed/8322.json,trimmed,false,,unclear_manual_review,unclear,high,,false,false,false,manual_review,false,false,review_source_category,,,,,,,,,,Manual review: batch_15_20,llm_v1_gpt4.1,2026-04-05T21:12:24.314457+00:00
8330,8330,Rash decisions-dermatological manifestations preceding a progressive neurological syndrome,Doherty G.; Vincent A.; Cox A.,2013,"Journal of Neurology, Neurosurgery and Psychiatry",Clinical manifestations; Immunological - Lab tests,,data/extraction_json/text/8330.json,data/extraction_json/text/8330.json,full_text,false,,conference_abstract,single_case_conference_abstract,high,1,true,false,false,individual,true,false,run_langextract_individual,,,,,,,,,,"This is a conference abstract (short, labeled as 'ABN Abstracts', and published in a supplement) describing a single original case of GlyR antibody-positive SPS-plus syndrome. The report provides individual-level clinical data for one patient.",llm_v1_gpt4.1,2026-04-05T21:12:30.495393+00:00
8331,8331,The yield from testing voltage-gated potassium channel antibodies in patients with cramp,Ansel S.; Farrugia M.E.,2013,"Journal of Neurology, Neurosurgery and Psychiatry",Immunological - Lab tests,Annu Aggarwal (2021-10-19 04:39:09)(Select): Atleast 3 had possible SPS;,data/extraction_json/text/8331.json,data/extraction_json/text/8331.json,full_text,false,,conference_abstract,group_conference_abstract,high,1,false,true,false,group,true,false,run_langextract_group,,,,,,,,,,"This is a conference abstract (short, single-page, labeled as 'ABN Abstracts') reporting group-level data from a retrospective cohort. It contains original SPS-spectrum data, with one patient described as having a clinical diagnosis of SPS.",llm_v1_gpt4.1,2026-04-05T21:12:49.501790+00:00
8335,8335,A case series of central and peripheral nervous system involvement in paraneoplastic syndromes,Richelli S.; Greco E.; Fabrizi G.M.; Cavallaro T.; Monaco S.; Ferrari S.,2013,Clinical Neuropathology,Clinical manifestations; Differential Diagnosis; Immunological - Lab tests,,data/extraction_json/text/8335.json,data/extraction_json/text_trimmed/8335.json,trimmed,true,header_only_source,conference_abstract,group_conference_abstract,high,1,false,true,false,group,true,false,run_langextract_group,,,,,,,,,,"This is a conference abstract (proceedings detected, single page, short format) reporting a case series of paraneoplastic syndromes, with group-level data. It includes original SPS-spectrum data, specifically one case of stiff person syndrome.",llm_v1_gpt4.1,2026-04-05T21:12:53.334588+00:00
8339,8339,Stiff person syndrome with graves' disease: A rare association,Syed S.J.; Mahmoud K.H.; Chuquilin M.; Garcia-Touza M.,2013,Endocrine Reviews,Clinical manifestations,Kevin Duque (2023-06-28 03:54:24)(Select): Abstract on page 506;,data/extraction_json/text/8339.json,data/extraction_json/text_trimmed/8339.json,trimmed,true,header_only_source,unclear_manual_review,unclear,high,,false,false,false,manual_review,false,false,review_source_category,,,,,,,,,,Manual review: batch_15_20,llm_v1_gpt4.1,2026-04-05T21:12:53.474422+00:00
834,834,"A case report of rigidity and recurrent lower limb myoclonus: progressive encephalomyelitis rigidity and myoclonus syndrome, a chameleon.","Degeneffe, Aurelie; Dagonnier, Marie; D'hondt, Alain; Elosegi, Jose Antonio",2018,BMC neurology,Clinical manifestations; Differential Diagnosis; Electrophysiology; Treatment,,data/extraction_json/text/834.json,data/extraction_json/text/834.json,full_text,false,,single_case_report,case_report,high,1,true,false,false,individual,true,false,run_langextract_individual,,,,,,,,,,"This is a classic single case report, as indicated by the title, structure, and detailed individual-level clinical data for one patient with PERM (a form of SPS-spectrum disorder). No group-level or multi-patient data are presented.",llm_v1_gpt4.1,2026-04-05T21:12:57.764759+00:00
836,836,Successful Anesthetic Management of Patient with Stiff Person Syndrome.,"Sohaib, Muhammad; Siddiqui, Ali Sarfaraz",2018,Journal of the College of Physicians and Surgeons--Pakistan : JCPSP,Clinical manifestations; Electrophysiology; Treatment,,data/extraction_json/text/836.json,data/extraction_json/text/836.json,full_text,false,,single_case_report,case_report,high,1,true,false,false,individual,true,false,run_langextract_individual,,,,,,,,,,"This is a classic single case report, providing detailed individual-level clinical and anesthetic data for one SPS patient. There is no evidence of additional original SPS cases.",llm_v1_gpt4.1,2026-04-05T21:13:17.861135+00:00
837,837,Treatment of Possible PERM Underlying Malignant Catatonia and Accompanying Psychotic Symptoms With Modified Electroconvulsive Therapy: A Case Report.,"Omi, Tsubasa; Matsunaga, Hidenori; Kanai, Koji; Shiraishi, Naoyuki; Miyazato, Yusuke; Sumikura, Hiroyuki",2019,The journal of ECT,Clinical manifestations; Electrophysiology; Treatment,Gustavo  Da Prat (2023-07-23 04:41:27)(Select): Uploaded the text available - previous link to another text;,data/extraction_json/text/837.json,data/extraction_json/text/837.json,full_text,false,,single_case_report,case_report,high,1,true,false,false,individual,true,false,run_langextract_individual,,,,,,,,,,"This is a single case report, as indicated by the title and the detailed narrative of one patient's presentation, workup, and treatment. The text provides individual-level clinical data for only one patient with possible PERM.",llm_v1_gpt4.1,2026-04-05T21:13:21.191085+00:00
840,840,Quantitative clinical and autoimmune assessments in stiff person syndrome: evidence for a progressive disorder.,"Rakocevic, Goran; Alexopoulos, Harry; Dalakas, Marinos C",2019,BMC neurology,Clinical manifestations; Treatment,,data/extraction_json/text/840.json,data/extraction_json/text_trimmed/840.json,trimmed,true,header_only_source,observational_group_study,retrospective_or_cohort_group_study,high,57,false,true,false,group,true,false,run_langextract_group,,,,,,,,,,"validator_flags=EVIDENCE_NO_PAGES | The paper describes a cohort of 57 SPS patients followed longitudinally, reporting aggregate clinical and immunological outcomes. This fits the definition of an observational group study with original SPS-spectrum patient data.",llm_v1_gpt4.1,2026-04-05T21:13:24.909812+00:00
841,841,Teaching NeuroImages: Severe spasms resembling status dystonicus as an unusual presentation of stiff-person syndrome.,"Di Luca, Daniel G; Bette, Sagari; Singer, Carlos; Luca, Corneliu",2019,Neurology,Clinical manifestations,,data/extraction_json/text/841.json,data/extraction_json/text/841.json,full_text,false,,unclear_manual_review,unclear,high,,false,false,false,manual_review,false,false,review_source_category,,,,,,,,,,Manual review: batch_15_20,llm_v1_gpt4.1,2026-04-05T21:13:24.949746+00:00
8414,8414,Anna-3 associated stiff-person-syndrome,Zeiler S.R.; Jordan J.D.; Greenberg B.M.; Kaplan P.W.,2010,Journal of Cancer Science and Therapy,Clinical manifestations; Immunological - Lab tests,,data/extraction_json/text/8414.json,data/extraction_json/text/8414.json,full_text,false,,unclear_manual_review,unclear,high,,false,false,false,manual_review,false,false,review_source_category,,,,,,,,,,Manual review: batch_15_20,llm_v1_gpt4.1,2026-04-05T21:13:24.962127+00:00
842,842,Progressive Encephalomyelitis With Rigidity: Stiff Person Syndrome Variant Associated With Multiple Sclerosis.,"Naik, Shivani; Kolikonda, Murali K; Lippmann, Steven",2019,The primary care companion for CNS disorders,Clinical manifestations; Differential Diagnosis,,data/extraction_json/text/842.json,data/extraction_json/text/842.json,full_text,false,,unclear_manual_review,unclear,high,,false,false,false,manual_review,false,false,review_source_category,,,,,,,,,,Manual review: batch_15_20,llm_v1_gpt4.1,2026-04-05T21:13:24.971450+00:00
843,843,Graves' disease as a first autoimmune manifestation of a stiff person syndrome.,"Servais, Thomas; London, Frederic; Donckier, Julian E",2019,Annales d'endocrinologie,Clinical manifestations,,data/extraction_json/text/843.json,data/extraction_json/text/843.json,full_text,false,,single_case_report,case_report,high,1,true,false,false,individual,true,false,run_langextract_individual,,,,,,,,,,"This is a single case report, as indicated by the detailed narrative of one patient's clinical course and the explicit statement that 'we report a rare case of a patient presenting with SPS.' The structure and content are consistent with a case report, and no group or series data are presented.",llm_v1_gpt4.1,2026-04-05T21:13:44.288019+00:00
848,848,Stiff limb syndrome with lower limb myoclonus: A case report.,"Zhang, Chang-Guo; Li, Lan-Lan; Feng, Yao-Yao; Chen, Jing",2019,Medicine,Clinical manifestations,,data/extraction_json/text/848.json,data/extraction_json/text/848.json,full_text,false,,single_case_report,case_report,high,1,true,false,false,individual,true,false,run_langextract_individual,,,,,,,,,,"This is a classic single case report, as indicated by the title, structure, and detailed individual-level clinical data for one patient with SLS. There is no evidence of additional original SPS-spectrum patients in the paper.",llm_v1_gpt4.1,2026-04-05T21:13:50.281257+00:00
85,85,Stiff-man syndrome: report of a case.,"Chang, Y J; Wu, C L; Lu, C S",1995,Journal of the Formosan Medical Association = Taiwan yi zhi,Clinical manifestations; Electrophysiology; Treatment,Yasamin Mahjoub (2023-06-07 23:48:05)(Select): Request submitted to UCalgary Interlibrary loan;,data/extraction_json/text/85.json,data/extraction_json/text/85.json,full_text,false,,single_case_report,case_report,high,1,true,false,false,individual,true,false,run_langextract_individual,,,,,,,,,,"This is a classic single case report, as indicated by the title and the structure of the text, which focuses exclusively on one patient's clinical course and management. There is no evidence of group-level or multiple patient data.",llm_v1_gpt4.1,2026-04-05T21:14:09.426288+00:00
850,850,Atypical low back pain: stiff-person syndrome.,"Gallien, Philippe; Durufle, Aurelie; Petrilli, Sabine; Verin, Marc; Brissot, Regine; Robineau, Sandrine",2002,Joint bone spine,Differential Diagnosis,,data/extraction_json/text/850.json,data/extraction_json/text/850.json,full_text,false,,single_case_report,case_report,high,1,true,false,false,individual,true,false,run_langextract_individual,,,,,,,,,,"This is a classic single case report, as indicated by the section heading 'CASE-REPORT' and the detailed narrative of one patient's clinical course. There is no evidence of additional original SPS-spectrum patients in the text.",llm_v1_gpt4.1,2026-04-05T21:14:15.431961+00:00
857,857,Anaesthetic management of a patient with a unique combination of anti-N-methyl-D-aspartate receptor encephalitis and stiff-person syndrome.,"Gharedaghi, Mohammad Hadi; Khorasani, Arjang; Knezevic, Nebojsa Nick; Ebrahimi, Farzad",2018,BMJ case reports,Treatment,,data/extraction_json/text/857.json,data/extraction_json/text/857.json,full_text,false,,single_case_report,case_report,high,1,true,false,false,individual,true,false,run_langextract_individual,,,,,,,,,,"This is a classic single case report, as evidenced by the detailed narrative of one patient's presentation, workup, and management. The text repeatedly refers to 'the patient' and states this is the first report of a patient with both conditions, confirming only one original SPS-spectrum case.",llm_v1_gpt4.1,2026-04-05T21:14:34.551791+00:00
859,859,Anti-GAD Antibody-associated Syndrome Presenting with Limb Myoclonus.,"Manzke, Pedro; Grippe, Talyta; Tavares, Georgia L; Leal, Lucas C; Roze, Emmanuel; Apartis, Emmanuelle; Maciel Dias, Ronaldo; Ferreira, Andre G F",2018,"Tremor and other hyperkinetic movements (New York, N.Y.)",Clinical manifestations; Immunological - Lab tests,,data/extraction_json/text/859.json,data/extraction_json/text/859.json,full_text,false,,single_case_report,case_report,high,0,true,false,false,individual,true,false,run_langextract_individual,,,,,,,,,,"validator_flags=SINGLE_CASE_COUNT_MISMATCH | This is a single case report describing a 59-year-old woman with anti-GAD antibody-associated limb myoclonus. The authors discuss the relationship to SPS-spectrum disorders but ultimately conclude that the case does not fit within the SPS spectrum. Thus, the paper contains individual-level data but does not report an original SPS-spectrum patient.",llm_v1_gpt4.1,2026-04-05T21:14:53.092186+00:00
861,861,Stiff-man syndrome in childhood.,"Markandeyulu, V; Joseph, T P; Solomon, T; Jacob, J; Kumar, S; Gnanamuthu, C",2001,Journal of the Royal Society of Medicine,Clinical manifestations; Electrophysiology,,data/extraction_json/text/861.json,data/extraction_json/text/861.json,full_text,false,,single_case_report,case_report,high,1,true,false,false,individual,true,false,run_langextract_individual,,,,,,,,,,"This is a single case report of childhood Stiff-man syndrome, providing individual-level clinical data for one original SPS-spectrum patient. There is no evidence of additional cases or group-level data.",llm_v1_gpt4.1,2026-04-05T21:14:56.784646+00:00
862,862,Gravity-Independent Upbeat Nystagmus in Syndrome of Anti-GAD Antibodies.,"Feldman, Daniel; Otero-Millan, Jorge; Shaikh, Aasef G",2019,"Cerebellum (London, England)",Electrophysiology,,data/extraction_json/text/862.json,data/extraction_json/text/862.json,full_text,false,,unclear_manual_review,unclear,high,,false,false,false,manual_review,false,false,review_source_category,,,,,,,,,,Manual review: batch_16_17,llm_v1_gpt4.1,2026-04-05T21:14:56.794340+00:00
867,867,Effects of immunotherapy on motor cortex excitability in Stiff Person Syndrome.,"Rossi, Simone; Ulivelli, Monica; Malentacchi, Maria; Greco, Giuseppe; Bartalini, Sabina; Borgogni, Patrizia; Giannini, Fabio",2010,Journal of neurology,Treatment,,data/extraction_json/text/867.json,data/extraction_json/text/867.json,full_text,false,,single_case_report,case_report,high,1,true,false,false,individual,true,false,run_langextract_individual,,,,,,,,,,"This is a single case report, as indicated by the detailed description of one patient's clinical course, neurophysiological findings, and treatment response. The text repeatedly refers to 'a patient' and 'the current case,' and no group or series data are presented.",llm_v1_gpt4.1,2026-04-05T21:15:14.673054+00:00
869,869,Reversible stiff person syndrome presenting as an initial symptom in a patient with colon adenocarcinoma.,"Liu, Yen-Liang; Lo, Woei-Chung; Tseng, Chun-Hung; Tsai, Chon-Haw; Yang, Yu-Wan",2010,"Acta oncologica (Stockholm, Sweden)",Clinical manifestations; Treatment,,data/extraction_json/text/869.json,data/extraction_json/text/869.json,full_text,false,,single_case_report,case_report,high,1,true,false,false,individual,true,false,run_langextract_individual,,,,,,,,,,"This is a letter to the editor presenting a detailed account of one patient with stiff person syndrome as the initial symptom of colon adenocarcinoma. The text provides individual clinical details, diagnostic workup, and outcome, consistent with a single case report.",llm_v1_gpt4.1,2026-04-05T21:15:20.081624+00:00
871,871,"Rituximab treatment of stiff-person syndrome in a patient with thymoma, diabetes mellitus and autoimmune thyroiditis.","Dupond, J L; Essalmi, L; Gil, H; Meaux-Ruault, N; Hafsaoui, C",2010,Journal of clinical neuroscience : official journal of the Neurosurgical Society of Australasia,Clinical manifestations; Treatment,,data/extraction_json/text/871.json,data/extraction_json/text/871.json,full_text,false,,single_case_report,case_report,high,1,true,false,false,individual,true,false,run_langextract_individual,,,,,,,,,,"This is a single case report, as evidenced by the detailed narrative of one patient's presentation, diagnosis, treatment, and follow-up. The paper provides original, individual-level clinical data for this patient, including antibody titers, treatment responses, and long-term outcomes.",llm_v1_gpt4.1,2026-04-05T21:15:38.780348+00:00
872,872,Stiff person syndrome as the initial manifestation of systemic lupus erythematosus.,"Munhoz, Renato P; Fameli, Hudson; Teive, Helio A G",2010,Movement disorders : official journal of the Movement Disorder Society,Clinical manifestations; Differential Diagnosis,"Benjamin Vlad (2023-05-25 08:11:12)(Select): Potential duplicate of:
	
#5840 - Munhoz 2009;",data/extraction_json/text/872.json,data/extraction_json/text/872.json,full_text,false,,single_case_report,case_report,high,1,true,false,false,individual,true,false,run_langextract_individual,,,,,,,,,,"validator_flags=EVIDENCE_NO_PAGES | The paper is a letter to the editor describing a single patient with stiff person syndrome as the initial manifestation of SLE, which fits the definition of a single case report. There is no evidence of group-level or multiple patient data.",llm_v1_gpt4.1,2026-04-05T21:15:56.879816+00:00
874,874,Progressive encephalomyelitis with rigidity and myoclonus preceding otherwise asymptomatic Hodgkin's lymphoma.,"Schmidt, Caroline; Freilinger, Tobias; Lieb, M; Remi, J; Klein, M; Straube, A; Pfefferkorn, T",2010,Journal of the neurological sciences,Clinical manifestations; Differential Diagnosis,,data/extraction_json/text/874.json,data/extraction_json/text/874.json,full_text,false,,single_case_report,case_report,high,1,true,false,false,individual,true,false,run_langextract_individual,,,,,,,,,,"This is a single case report, as evidenced by the detailed narrative of one patient's clinical course and the explicit statement 'we present a case of PERM associated with HL.' No group-level or multiple patient data are presented.",llm_v1_gpt4.1,2026-04-05T21:16:03.032932+00:00
875,875,Successful treatment with rituximab in a patient with stiff-person syndrome complicated by dysthyroid ophthalmopathy.,"Katoh, Nagaaki; Matsuda, Masayuki; Ishii, Wataru; Morita, Hiroshi; Ikeda, Shu-ichi",2010,"Internal medicine (Tokyo, Japan)",Clinical manifestations; Treatment,,data/extraction_json/text/875.json,data/extraction_json/text/875.json,full_text,false,,single_case_report,case_report,high,1,true,false,false,individual,true,false,run_langextract_individual,,,,,,,,,,"This is a single case report, as indicated by the detailed individual-level description of one patient's presentation, diagnosis, treatment, and follow-up. The title, abstract, and body all focus on a single SPS patient, with no evidence of additional cases or group-level data.",llm_v1_gpt4.1,2026-04-06T00:27:45.018855+00:00
876,876,An uncommon paraneoplastic Ri-positive opsoclonus-myoclonus-like syndrome and stiff-person syndrome with elevated glutamate/GABA ratio in the cerebrospinal fluid after breast cancer.,"Thumen, A; Moser, A",2010,Journal of neurology,Clinical manifestations; Immunological - Lab tests,,data/extraction_json/text/876.json,data/extraction_json/text/876.json,full_text,false,,unclear_manual_review,unclear,high,,false,false,false,manual_review,false,false,review_source_category,,,,,,,,,,Manual review: batch_16_17,llm_v1_gpt4.1,2026-04-06T00:27:45.032354+00:00
880,880,Successful immune moderation treatment for progressive encephalomyelitis with rigidity and myoclonus.,"Ueno, Shinichi; Miyamoto, Nobukazu; Shimura, Hideki; Ueno, Yuji; Watanabe, Masao; Hayashi, Akito; Hattori, Nobutaka; Urabe, Takao",2015,"Internal medicine (Tokyo, Japan)",Clinical manifestations; Treatment,,data/extraction_json/text/880.json,data/extraction_json/text/880.json,full_text,false,,single_case_report,case_report,high,1,true,false,false,individual,true,false,run_langextract_individual,,,,,,,,,,"This is a single case report describing one patient with PERM, a disorder within the SPS spectrum. The report provides individual-level clinical data and does not present group-level or aggregated data, nor does it synthesize prior literature as a review.",llm_v1_gpt4.1,2026-04-06T00:27:49.359510+00:00
881,881,Stiff Young Woman.,"Dankerl, P; Rauh, C; Lee, D H; Schulz-Wendtland, R; Uder, M; Hartmann, A; Wenkel, E",2015,RoFo : Fortschritte auf dem Gebiete der Rontgenstrahlen und der Nuklearmedizin,Clinical manifestations,,data/extraction_json/text/881.json,data/extraction_json/text/881.json,full_text,false,,single_case_report,case_report,high,1,true,false,false,individual,true,false,run_langextract_individual,,,,,,,,,,"This is a classic single case report, providing individual-level clinical data for one patient with SPS. The entire article is focused on this one case, with no mention of additional original patients.",llm_v1_gpt4.1,2026-04-06T00:27:53.904480+00:00
886,886,Glycine receptor antibodies and progressive encephalomyelitis with rigidity and myoclonus with predominant motor neuron degeneration--Expanding the clinical spectrum.,"Kenda, J; Svigelj, V; Rodi, Z; Koritnik, B; Graus, F; Kojovic, M",2015,Journal of the neurological sciences,Clinical manifestations,,data/extraction_json/text/886.json,data/extraction_json/text/886.json,full_text,false,,unclear_manual_review,unclear,high,,false,false,false,manual_review,false,false,review_source_category,,,,,,,,,,Manual review: batch_16_17,llm_v1_gpt4.1,2026-04-06T00:27:53.916034+00:00
887,887,Familial case reports of stiff-person syndrome.,"Xiao, Zhilong; Shan, Jian; Huang, Xiaolin; Yuan, Min; Li, Xueli; Chen, Shenjian; Xu, Lijun",2015,Clinical neurophysiology : official journal of the International Federation of Clinical Neurophysiology,,,data/extraction_json/text/887.json,data/extraction_json/text/887.json,full_text,false,,case_series_or_multi_case,case_series,high,7,true,true,true,individual_case_split,true,false,split_cases_then_langextract,,,,,,,,,,"This is a familial case series reporting on seven affected individuals with SPS from a single family, with individual-level clinical details for two and summary data for the rest. The paper is not a review, conference abstract, or basic science report.",llm_v1_gpt4.1,2026-04-06T00:27:59.315272+00:00
888,888,Pearls & Oy-sters: Tonic eye deviation in stiff-person syndrome.,"Chakravarthi, Sudheer; Goyal, Manoj Kumar; Lal, Vivek",2015,Neurology,Clinical manifestations; Electrophysiology,,data/extraction_json/text/888.json,data/extraction_json/text/888.json,full_text,false,,unclear_manual_review,unclear,high,,false,false,false,manual_review,false,false,review_source_category,,,,,,,,,,Manual review: batch_16_17,llm_v1_gpt4.1,2026-04-06T00:27:59.378982+00:00
89,89,Glutamic acid decarboxylase autoantibodies in stiff-man syndrome and insulin-dependent diabetes mellitus exhibit similarities and differences in epitope recognition.,"Daw, K; Ujihara, N; Atkinson, M; Powers, A C",1996,"Journal of immunology (Baltimore, Md. : 1950)",,,data/extraction_json/text/89.json,data/extraction_json/text/89.json,full_text,false,,lab_heavy_clinical_or_translational,group_or_frequency_focused_lab_clinical_study,high,5,true,false,false,group,true,false,run_langextract_group,,,,,,,,,,"This is a laboratory-heavy translational study focused on GAD autoantibody epitope mapping in both SMS (SPS) and IDDM patients. It includes original clinical data from 5 SMS patients whose sera were analyzed, but the main focus is on immunological characterization rather than detailed clinical reporting.",llm_v1_gpt4.1,2026-04-06T00:28:03.585363+00:00
890,890,Role of osteopathic manipulative treatment in the management of stiff person syndrome.,"Rajaii, Roxanne M; Cox, Gregory J; Schneider, Robert P",2015,The Journal of the American Osteopathic Association,Treatment,,data/extraction_json/text/890.json,data/extraction_json/text/890.json,full_text,false,,single_case_report,case_report,high,1,true,false,false,individual,true,false,run_langextract_individual,,,,,,,,,,"This article is explicitly labeled as a case report and provides a detailed narrative of one patient's history, examination, treatment, and follow-up. There is no evidence of additional cases or group-level data.",llm_v1_gpt4.1,2026-04-06T00:28:07.126807+00:00
891,891,Stiff person syndrome: a tough and rigid case.,"Liran, Ori; Kots, Eugene; Amital, Howard",2015,The Israel Medical Association journal : IMAJ,Clinical manifestations; Treatment,,data/extraction_json/text/891.json,data/extraction_json/text/891.json,full_text,false,,unclear_manual_review,unclear,high,,false,false,false,manual_review,false,false,review_source_category,,,,,,,,,,Manual review: batch_16_17,llm_v1_gpt4.1,2026-04-06T00:28:07.188359+00:00
892,892,A Case of Stiff Person Syndrome: Immunomodulatory Effect of Benzodiazepines: Successful Rituximab and Tizanidine Therapy.,"Zdziarski, Przemyslaw",2015,Medicine,Treatment,"Benjamin Vlad (2024-05-08 16:28:15)(Included): Duplicate to #13177, should be removed;",data/extraction_json/text/892.json,data/extraction_json/text/892.json,full_text,false,,single_case_report,case_report,high,1,true,false,false,individual,true,false,run_langextract_individual,,,,,,,,,,"This is a clinical case report focused on one patient with stiff person syndrome, as evidenced by the individualized narrative, use of 'case presentation', and detailed treatment and outcome description. No group-level or multi-patient data are presented.",llm_v1_gpt4.1,2026-04-06T00:28:11.218461+00:00
893,893,Elevated Serum GAD65 and GAD65-GADA Immune Complexes in Stiff Person Syndrome.,"Gu Urban, Gucci Jijuan; Friedman, Mikaela; Ren, Ping; Torn, Carina; Fex, Malin; Hampe, Christiane S; Lernmark, Ake; Landegren, Ulf; Kamali-Moghaddam, Masood",2015,Scientific reports,Immunological - Lab tests,,data/extraction_json/text/893.json,data/extraction_json/text/893.json,full_text,false,,unclear_manual_review,unclear,high,,false,false,false,manual_review,false,false,review_source_category,,,,,,,,,,Manual review: batch_16_17,llm_v1_gpt4.1,2026-04-06T00:28:11.279102+00:00
894,894,Paraneoplastic Neurological Syndromes and Glutamic Acid Decarboxylase Antibodies.,"Arino, Helena; Hoftberger, Romana; Gresa-Arribas, Nuria; Martinez-Hernandez, Eugenia; Armangue, Thais; Kruer, Michael C; Arpa, Javier; Domingo, Julio; Rojc, Bojan; Bataller, Luis; Saiz, Albert; Dalmau, Josep; Graus, Francesc",2015,JAMA neurology,Clinical manifestations,,data/extraction_json/text/894.json,data/extraction_json/text/894.json,full_text,false,,case_series_or_multi_case,case_series,high,2,true,true,true,individual_case_split,true,false,split_cases_then_langextract,,,,,,,,,,"This is a retrospective case series of 15 original patients with PNS and GAD-abs, with detailed clinical and immunological data. Of these, 2 developed SPS, which are counted as original SPS-spectrum cases. The paper provides both individual and group-level data for these patients.",llm_v1_gpt4.1,2026-04-06T00:28:33.432703+00:00
896,896,Stiff-person syndrome with central sleep apnea after thymoma excision: report of the first known case.,"Huang, Jinsha; Zhang, Guoxin; Liu, Jiali; Xiong, Nian; Zhang, Yunjian; Li, Hongge; Wang, Tao",2015,Sleep medicine,Clinical manifestations; Treatment,,data/extraction_json/text/896.json,data/extraction_json/text/896.json,full_text,false,,unclear_manual_review,unclear,high,,false,false,false,manual_review,false,false,review_source_category,,,,,,,,,,Manual review: batch_16_17,llm_v1_gpt4.1,2026-04-06T00:28:33.443347+00:00
897,897,"GAD Antibodies as Key Link Between Chronic Intestinal Pseudoobstruction, Autonomic Neuropathy, and Limb Stiffness in a Nondiabetic Patient: A CARE-Compliant Case Report and Review of the Literature.","Maier, Andrea; Mannartz, Vera; Wasmuth, Hermann; Trautwein, Christian; Neumann, Ulf-Peter; Weis, Joachim; Grosse, Joachim; Fuest, Matthias; Hilz, Max-J; Schulz, Joerg B; Haubrich, Christina",2015,Medicine,Clinical manifestations; Immunological - Lab tests,,data/extraction_json/text/897.json,data/extraction_json/text/897.json,full_text,false,,single_case_report,case_report,high,1,true,false,false,individual,true,false,run_langextract_individual,,,,,,,,,,"This is a single case report, as indicated by the title, abstract, and detailed narrative of one patient's clinical course, workup, and response to therapy. The report provides individual-level data for one SPS-spectrum patient (stiff limb syndrome with GAD antibodies).",llm_v1_gpt4.1,2026-04-06T00:28:53.368107+00:00
899,899,A Report of Stiff Person Syndrome in Tanzania with First Epidemiological Figures for Sub-Saharan Africa.,"Dekker, Marieke C J; Urasa, Sarah J; Kinabo, Grace; Maro, Venance; Howlett, William P",2015,Neuroepidemiology,Electrophysiology,,data/extraction_json/text/899.json,data/extraction_json/text/899.json,full_text,false,,unclear_manual_review,unclear,high,,false,false,false,manual_review,false,false,review_source_category,,,,,,,,,,Manual review: batch_16_17,llm_v1_gpt4.1,2026-04-06T00:28:53.429109+00:00
900,900,A Rare Case of Childhood Stiff Person Syndrome Associated With Pleuropulmonary Blastoma.,"Jun, Hyun-Ok; Yum, Mi-Sun; Kim, Eun-Hee; Lee, Yun-Jeong; Seo, Jong-Jin; Ko, Tae-Sung",2015,Pediatric neurology,Clinical manifestations; Treatment,,data/extraction_json/text/900.json,data/extraction_json/text/900.json,full_text,false,,single_case_report,case_report,high,1,true,false,false,individual,true,false,run_langextract_individual,,,,,,,,,,"This is a classic single case report, presenting the clinical details of one pediatric patient with SPS. The text provides individual-level data and does not mention any additional original SPS cases.",llm_v1_gpt4.1,2026-04-06T00:28:56.757954+00:00
901,901,Stiff-arm syndrome.,"Urrea-Mendoza, Enrique; Kanter, Daniel; Revilla, Fredy J; Dornoff, Eric; Espay, Alberto J",2015,Neurology,Clinical manifestations; Review Article,,data/extraction_json/text/901.json,data/extraction_json/text/901.json,full_text,false,,single_case_report,case_report,high,1,true,false,false,individual,true,false,run_langextract_individual,,,,,,,,,,"The text provides a detailed account of one patient's clinical course, laboratory findings, and management, which is characteristic of a single case report. There is no evidence of additional original SPS-spectrum patients.",llm_v1_gpt4.1,2026-04-06T00:29:16.233994+00:00
904,904,Stiff Person Syndrome.,"Saigal, Renu; Goyal, Laxmikant; Yadav, Rn; Agrawal, Abhishek; Mital, Pradeep; Patel, Bhavesh",2015,The Journal of the Association of Physicians of India,Clinical manifestations; Treatment,,data/extraction_json/text/904.json,data/extraction_json/text/904.json,full_text,false,,single_case_report,case_report,high,1,true,false,false,individual,true,false,run_langextract_individual,,,,,,,,,,"This is a single case report, as indicated by the explicit statement 'We describe a patient of stiff person syndrome' and the detailed individual-level clinical narrative. No group-level or multiple patient data are presented.",llm_v1_gpt4.1,2026-04-06T00:29:19.864200+00:00
905,905,Extremely rare coincidence of non-radiographic axial spondyloarthropathy HLA-B27 positive and Stiff Person Syndrome--rheumatologist point of view.,"Marinovic, Ivanka; Pivalica, Dinko; Aljinovic, Jure; Vlak, Tonko; Skoric, Ela; Martinovic Kaliterna, Dusanka",2016,Modern rheumatology,Clinical manifestations,,data/extraction_json/text/905.json,data/extraction_json/text/905.json,full_text,false,,single_case_report,case_report,high,1,true,false,false,individual,true,false,run_langextract_individual,,,,,,,,,,"This is a classic single case report, as indicated by the section heading, detailed individual patient history, and explicit statement that this is a report of a single patient with SPS. There is no evidence of additional SPS-spectrum patients.",llm_v1_gpt4.1,2026-04-06T00:29:23.766331+00:00
908,908,Therapeutic plasma exchange in two patients with stiff-person syndrome.,"Pham, Huy P; Williams, Lance A 3rd",2016,Journal of clinical apheresis,Review Article,,data/extraction_json/text/908.json,data/extraction_json/text/908.json,full_text,false,,case_series_or_multi_case,case_series,high,2,true,false,true,individual_case_split,true,false,split_cases_then_langextract,,,,,,,,,,"This is a case series describing two original SPS patients, with individual-level clinical data and outcomes. The structure and content are consistent with a multi-case report, not a review or group study.",llm_v1_gpt4.1,2026-04-06T00:29:43.026383+00:00
9086,9086,Stiff person syndrome - Therapeutic response to corticosteroids,Shankar V.; Bhanu K.; Sayeed Z.A.,1994,Neurology India,,Yasamin Mahjoub (2023-06-08 18:30:00)(Select): Requested from author on Rearchgate and through UCalgary Interlibrary Loan;,data/extraction_json/text/9086.json,data/extraction_json/text/9086.json,full_text,false,,unclear_manual_review,unclear,high,,false,false,false,manual_review,false,false,review_source_category,,,,,,,,,,Manual review: batch_16_17,llm_v1_gpt4.1,2026-04-06T00:29:43.087504+00:00
910,910,Intrathecal-specific glutamic acid decarboxylase antibodies at low titers in autoimmune neurological disorders.,"Sunwoo, Jun-Sang; Chu, Kon; Byun, Jung-Ick; Moon, Jangsup; Lim, Jung-Ah; Kim, Tae-Joon; Lee, Soon-Tae; Jung, Keun-Hwa; Park, Kyung-Il; Jeon, Daejong; Jung, Ki-Young; Kim, Manho; Lee, Sang Kun",2016,Journal of neuroimmunology,,,data/extraction_json/text/910.json,data/extraction_json/text/910.json,full_text,false,,observational_group_study,retrospective_or_cohort_group_study,high,1,true,true,false,group,true,false,run_langextract_group,,,,,,,,,,"This is an observational group study of 19 patients with autoimmune neurological syndromes and intrathecal-specific GAD-Abs, including 1 patient with SPS. The paper provides both group-level and individual-level clinical data, including syndrome breakdown, demographics, and treatment outcomes.",llm_v1_gpt4.1,2026-04-06T00:29:53.943057+00:00
9111,9111,A case of stiff-man syndrome with head retraction like reflex myoclonus and jerky myoclonus of bilateral lower extremities which responded well to removement of mediastinal carcinoma,Harada H.; Hayashi A.; Watanabe M.; Tamaoka A.; Shoji S.,1999,Clinical Neurology,,Yasamin Mahjoub (2023-06-10 08:20:38)(Select): article in Japanese; Yasamin Mahjoub (2023-06-08 08:09:10)(Select): Requested through UCalgary Interlibrary Loan;,data/extraction_json/text/9111.json,data/extraction_json/text/9111.json,full_text,false,,single_case_report,case_report,high,1,true,false,false,individual,true,false,run_langextract_individual,,,,,,,,,,"This is a single case report, as indicated by the title and the detailed description of one patient's clinical course. No group-level or multiple patient data are presented.",llm_v1_gpt4.1,2026-04-06T00:30:12.058243+00:00
912,912,A case report of patient with cerebellar variant of stiff person syndrome.,"Maludzinska, Ewa; Rudzinska, Monika; Stepien, Artur; Szczudlik, Andrzej",2016,Neurologia i neurochirurgia polska,,Karlo Lizarraga (2021-07-08 06:08:33)(Screen): Unable to find full text. PubMed abstract is English but not sure full text is in English.;,data/extraction_json/text/912.json,data/extraction_json/text/912.json,full_text,false,not_needed,single_case_report,case_report,high,1,true,false,false,individual,true,false,run_langextract_individual,,,,,,,,,,"This is a classic single case report, as indicated by the title, structure, and detailed individual-level clinical data for one patient. There is no mention of additional original SPS-spectrum cases.",llm_v1_gpt4.1,2026-04-06T00:30:16.042458+00:00
915,915,Ophthalmoplegia heralding the onset of anti-amphiphysin related paraneoplastic stiff person syndrome.,"Vinjam, Maruthi R; Shanmugarajah, Priya; Ford, Helen L",2016,Journal of neurology,Clinical manifestations,,data/extraction_json/text/915.json,data/extraction_json/text/915.json,full_text,false,,unclear_manual_review,unclear,high,,false,false,false,manual_review,false,false,review_source_category,,,,,,,,,,Manual review: batch_16_17,llm_v1_gpt4.1,2026-04-06T00:30:16.101903+00:00
9182,9182,Stiff man syndrome treated with intravenous immunoglogulins [2],Sevrin C.; Moulin T.; Tatu L.; Monnier G.; Rumbach L.; Sevrin P.,1998,Revue Neurologique,,Yasamin Mahjoub (2023-06-08 18:22:07)(Select): Requested through UCalgary Interlibrary Loan;,data/extraction_json/text/9182.json,data/extraction_json/text/9182.json,full_text,false,,single_case_report,case_report,high,1,true,false,false,individual,true,false,run_langextract_individual,,,,,,,,,,"This is a single case report describing the clinical course, treatment, and outcome of one patient with stiff-person syndrome. The report provides individual-level clinical data and does not present group-level or aggregated data, nor does it describe more than one original patient.",llm_v1_gpt4.1,2026-04-06T00:30:21.531080+00:00
919,919,Clinical and Immunologic Investigations in Patients With Stiff-Person Spectrum Disorder.,"Martinez-Hernandez, Eugenia; Arino, Helena; McKeon, Andrew; Iizuka, Takahiro; Titulaer, Maarten J; Simabukuro, Mateus M; Lancaster, Eric; Petit-Pedrol, Mar; Planaguma, Jesus; Blanco, Yolanda; Harvey, Robert J; Saiz, Albert; Graus, Francesc; Dalmau, Josep",2016,JAMA neurology,Clinical manifestations; Immunological - Lab tests,,data/extraction_json/text/919.json,data/extraction_json/text/919.json,full_text,false,,observational_group_study,retrospective_or_cohort_group_study,high,121,false,true,false,group,true,false,run_langextract_group,,,,,,,,,,"This is a retrospective observational group study of 121 original SPS-spectrum patients, reporting aggregate clinical and immunologic data. The study design, inclusion criteria, and data presentation all confirm this as an original cohort study with group-level data.",llm_v1_gpt4.1,2026-04-06T00:30:43.450133+00:00
92,92,Antiamphiphysin antibodies with small-cell lung carcinoma and paraneoplastic encephalomyelitis.,"Dropcho, E J",1996,Annals of neurology,Clinical manifestations; Electrophysiology; Treatment,,data/extraction_json/text/92.json,data/extraction_json/text/92.json,full_text,false,,case_series_or_multi_case,case_series,high,1,true,false,true,individual_case_split,true,false,split_cases_then_langextract,,,,,,,,,,This paper presents detailed clinical histories for three patients with small-cell lung carcinoma and paraneoplastic encephalomyelitis. Only one patient (Patient 3) had clinical features of SPS-spectrum disorder (rigidity and myoclonus). The paper provides individual-level clinical data for each patient.,llm_v1_gpt4.1,2026-04-06T00:31:02.028293+00:00
921,921,Paraneoplastic stiff person syndrome: Inpatient rehabilitation outcomes of a rare disease from two cancer rehabilitation programmes.,"Smith, Sean Robinson; Fu, Jack B",2016,Journal of rehabilitation medicine,Treatment,,data/extraction_json/text/921.json,data/extraction_json/text/921.json,full_text,false,,case_series_or_multi_case,case_series,high,2,true,false,true,individual_case_split,true,false,split_cases_then_langextract,,,,,,,,,,"This is a case series describing two original patients with paraneoplastic SPS, providing detailed clinical, diagnostic, and rehabilitation outcome data for each. The structure and content match the definition of a case series or multi-case report.",llm_v1_gpt4.1,2026-04-06T00:31:21.597758+00:00
922,922,Multiple anesthetics for a patient with stiff-person syndrome.,"Cassavaugh, Jessica M; Oravitz, Todd M",2016,Journal of clinical anesthesia,,,data/extraction_json/text/922.json,data/extraction_json/text/922.json,full_text,false,,single_case_report,case_report,high,1,true,false,false,individual,true,false,run_langextract_individual,,,,,,,,,,"This is a classic single case report, as indicated by the title, abstract, and detailed case description focusing on one patient with SPS. There is no evidence of additional SPS patients being reported.",llm_v1_gpt4.1,2026-04-06T00:31:25.160179+00:00
925,925,Pseudo spastic gait can reveal a Stiff Leg Syndrome (SLS).,"Duwicquet, Coline; Biberon, Julien; de Toffol, Bertrand; Corcia, Philippe",2016,Clinical neurology and neurosurgery,Clinical manifestations,,data/extraction_json/text/925.json,data/extraction_json/text/925.json,full_text,false,,unclear_manual_review,unclear,high,,false,false,false,manual_review,false,false,review_source_category,,,,,,,,,,Manual review: batch_16_17,llm_v1_gpt4.1,2026-04-06T00:31:25.223419+00:00
927,927,Anesthetic management of a parturient with Stiff person syndrome for urgent cesarean delivery.,"Boettcher, B T; Muravyea, M; Kuo, C; Drexler, C; Pagel, P S",2016,International journal of obstetric anesthesia,,,data/extraction_json/text/927.json,data/extraction_json/text/927.json,full_text,false,,single_case_report,case_report,high,1,true,false,false,individual,true,false,run_langextract_individual,,,,,,,,,,"This is a single case report detailing the anesthetic management of one parturient with SPS. The text provides individual-level clinical data, including history, examination, management, and outcome, with no evidence of additional original SPS cases.",llm_v1_gpt4.1,2026-04-06T00:31:44.397182+00:00
929,929,Utility of ultrasonography in evaluating muscle contractions in stiff-person syndrome.,"Hoshino, Yasunobu; Nishioka, Kenya; Kanai, Kauzuaki; Tanaka, Ryota; Nagaoka, Masanori; Kuwabara, Satoshi; Hattori, Nobutaka",2016,Journal of the neurological sciences,Awaiting classification,,data/extraction_json/text/929.json,data/extraction_json/text/929.json,full_text,false,,unclear_manual_review,unclear,high,,false,false,false,manual_review,false,false,review_source_category,,,,,,,,,,Manual review: batch_16_17,llm_v1_gpt4.1,2026-04-06T00:31:44.408878+00:00
930,930,Acute Respiratory Failure in a Patient with Stiff-Person Syndrome.,"Jachiet, Vincent; Laine, Laurent; Gendre, Thierry; Henry, Carole; Da Silva, Daniel; de Montmollin, Etienne",2016,Neurocritical care,Clinical manifestations,,data/extraction_json/text/930.json,data/extraction_json/text/930.json,full_text,false,,single_case_report,case_report,high,1,true,false,false,individual,true,false,run_langextract_individual,,,,,,,,,,"This is a single case report, as evidenced by the explicit statement of reporting one patient and the detailed individual-level clinical narrative. There is no indication of additional SPS-spectrum patients or group-level data.",llm_v1_gpt4.1,2026-04-06T00:31:47.776418+00:00
933,933,Anesthetic Considerations of Stiff-Person Syndrome: A Case Report.,"Hylan, Kristi; Vu, An-Duyen Nguyen; Stammen, Katherine",2016,AANA journal,Treatment,Natalie Witek (2021-10-13 06:31:01)(Select): Duplicate?;,data/extraction_json/text/933.json,data/extraction_json/text/933.json,full_text,false,,single_case_report,case_report,high,1,true,false,false,individual,true,false,run_langextract_individual,,,,,,,,,,"This is a classic single case report, as indicated by the title, structure, and detailed individualized reporting of one SPS patient. The remainder of the paper reviews prior literature and summarizes other published cases, but only one original patient is described.",llm_v1_gpt4.1,2026-04-06T00:32:06.752859+00:00
938,938,Retinal pathology occurs in stiff-person syndrome.,"Lambe, Jeffrey; Rothman, Alissa; Prince, Jerry; Saidha, Shiv; Calabresi, Peter A; Newsome, Scott D",2020,Neurology,Clinical manifestations,,data/extraction_json/text/938.json,data/extraction_json/text/938.json,full_text,false,,observational_group_study,retrospective_or_cohort_group_study,high,35,false,true,false,group,true,false,run_langextract_group,,,,,,,,,,"This is an observational group study reporting original clinical and imaging data from a cohort of 35 SPS patients, with group-level statistics and no individual case descriptions. The study is not a review, case report, or interventional trial, and it provides original SPS-spectrum patient data.",llm_v1_gpt4.1,2026-04-06T00:32:26.037210+00:00
9385,9385,Stiff-man syndrome: A case report and review of the literature,Sonawalla A.,1995,Specialist,,Yasamin Mahjoub (2023-06-08 22:43:31)(Select): Requested through UCalgary Interlibrary Loan;,data/extraction_json/text/9385.json,data/extraction_json/text/9385.json,full_text,false,,single_case_report,case_report,high,1,true,false,false,individual,true,false,run_langextract_individual,,,,,,,,,,"This is a classic single case report: the main content is a detailed account of one patient's clinical course, diagnosis, and management, followed by a literature review. There is no evidence of additional original SPS-spectrum patients.",llm_v1_gpt4.1,2026-04-06T00:32:29.904620+00:00
942,942,Role of plasma exchange in stiff person syndrome.,"Albahra, Said; Yates, Sean G; Joseph, David; De Simone, Nicole; Burner, James D; Sarode, Ravi",2019,Transfusion and apheresis science : official journal of the World Apheresis Association : official journal of the European Society for Haemapheresis,Treatment,,data/extraction_json/text/942.json,data/extraction_json/text/942.json,full_text,false,,observational_group_study,retrospective_or_cohort_group_study,high,10,true,true,false,group,true,false,run_langextract_group,,,,,,,,,,"This is a retrospective observational study of ten SPS patients treated with plasma exchange, reporting both aggregate and individual-level clinical data. The study is not a review, case report, or interventional trial, and the patient count is clearly stated.",llm_v1_gpt4.1,2026-04-06T00:32:48.876354+00:00
9424,9424,"Progressive encephalomyelitis with rigidity, diabetes mellitus and retinopathy: An anti-CAD syndrome",Cabre P.; Smadja D.; Humbel R.L.; Merle H.; Vernant J.C.,1996,European Journal of Neurology,,,data/extraction_json/text/9424.json,data/extraction_json/text/9424.json,full_text,false,,single_case_report,case_report,high,1,true,false,false,individual,true,false,run_langextract_individual,,,,,,,,,,"This is a classic single case report, providing detailed individual-level clinical, laboratory, and treatment data for one patient with PEWR (a Stiff-Person Spectrum disorder). There is no evidence of additional original cases or group-level data.",llm_v1_gpt4.1,2026-04-06T00:33:12.592344+00:00
944,944,Paraneoplastic stiff person syndrome with small cell carcinoma of the bladder and anti-Ri antibodies.,"de Alboniga-Chindurza, Asier; Riva, Elena; Jimenez-Huete, Adolfo; Graus, Francesc; Franch, Oriol",2018,Clinical neurology and neurosurgery,Clinical manifestations,,data/extraction_json/text/944.json,data/extraction_json/text/944.json,full_text,false,,single_case_report,case_report,high,1,true,false,false,individual,true,false,run_langextract_individual,,,,,,,,,,"This is a single case report, as indicated by the title, abstract, and the detailed individual-level clinical narrative. The report focuses on one patient with paraneoplastic SPS, providing original clinical data.",llm_v1_gpt4.1,2026-04-06T00:33:16.064827+00:00
947,947,Amphiphysin-IgG autoimmune neuropathy: A recognizable clinicopathologic syndrome.,"Dubey, Divyanshu; Jitprapaikulsan, Jiraporn; Bi, Hongyan; Do Campo, Rocio Vazquez; McKeon, Andrew; Pittock, Sean J; Engelstad, Janean K; Mills, John R; Klein, Christopher J",2019,Neurology,Clinical manifestations,,data/extraction_json/text/947.json,data/extraction_json/text/947.json,full_text,false,,observational_group_study,retrospective_or_cohort_group_study,high,12,true,true,false,group,true,false,run_langextract_group,,,,,,,,,,"This is a retrospective observational cohort study of amphiphysin-IgG-positive patients, reporting both group-level and individual-level clinical data. The paper provides original data on SPS-spectrum patients, specifically identifying those with stiff-person spectrum disorder among the cohort.",llm_v1_gpt4.1,2026-04-06T00:33:23.504466+00:00
9477,9477,Successful treatment of stiff man syndrome with intravenous immunoglobulin [10],Barker R.A.; Marsden C.D.,1997,Journal of Neurology Neurosurgery and Psychiatry,,,data/extraction_json/text/9477.json,data/extraction_json/text/9477.json,full_text,false,,single_case_report,case_report,high,1,true,false,false,individual,true,false,run_langextract_individual,,,,,,,,,,"This is a single case report: it provides a detailed, individualized account of one patient with stiff man syndrome, including clinical features, diagnostic workup, and treatment outcome. There is no evidence of additional original SPS-spectrum patients.",llm_v1_gpt4.1,2026-04-06T00:33:42.702882+00:00
9496,9496,Stiff-man syndrome in a child,Grandas F.,1998,Movement Disorders,,,data/extraction_json/text/9496.json,data/extraction_json/text/9496.json,full_text,false,,single_case_report,case_report,high,1,true,false,false,individual,true,false,run_langextract_individual,,,,,,,,,,"This is a single case report of a child with stiff-man syndrome, providing individual-level clinical data and fulfilling the criteria for a case report. No group-level or additional patient data are presented.",llm_v1_gpt4.1,2026-04-06T00:33:50.144498+00:00
95,95,Psychological factors in the diagnosis and pathogenesis of stiff-man syndrome.,"Henningsen, P; Clement, U; Kuchenhoff, J; Simon, F; Meinck, H M",1996,Neurology,Clinical manifestations; Differential Diagnosis,,data/extraction_json/text/95.json,data/extraction_json/text/95.json,full_text,false,,case_series_or_multi_case,case_series,high,9,true,true,true,individual_case_split,true,false,split_cases_then_langextract,,,,,,,,,,"This is a case series of nine original SPS-spectrum patients (SMS and PERM), with both individual-level and group-level clinical and psychological data reported. The paper is not a review, basic science, or conference abstract, and the patient count is clearly stated and supported by detailed case-level information.",llm_v1_gpt4.1,2026-04-06T00:34:09.735420+00:00
951,951,Dyspnea in Patients with Stiff-Person Syndrome.,"Sexauer, William; Woodford, Matthew; Pack, Katrina; Allen, Anthony; Crawford, Albert; Rakocevic, Goran",2019,The American journal of the medical sciences,Clinical manifestations,,data/extraction_json/text/951.json,data/extraction_json/text/951.json,full_text,false,,observational_group_study,retrospective_or_cohort_group_study,high,17,false,true,false,group,true,false,run_langextract_group,,,,,,,,,,"This is a prospective observational group study of 17 SPS patients, reporting aggregate clinical and spirometric data. There is no evidence of individual-level case reporting, but the group-level data is original and clinically relevant.",llm_v1_gpt4.1,2026-04-06T00:34:31.706199+00:00
952,952,"Anti-glutamic acid decarboxylase (GAD) positive cerebellar Ataxia with transitioning to progressive encephalomyelitis with rigidity and myoclonus (PERM), responsive to immunotherapy: A case report and review of literature.","Jazebi, Noushin; Rodrigo, Shashika; Gogia, Bhanu; Shawagfeh, Ahmad",2019,Journal of neuroimmunology,Clinical manifestations; Treatment,,data/extraction_json/text/952.json,data/extraction_json/text/952.json,full_text,false,,single_case_report,case_report,high,1,true,false,false,individual,true,false,run_langextract_individual,,,,,,,,,,"This is a single case report, as indicated by the title, abstract, and detailed case description. The paper provides original, individual-level clinical data for one SPS-spectrum (PERM) patient and does not report any additional original cases.",llm_v1_gpt4.1,2026-04-06T00:34:35.917182+00:00
953,953,Spontaneous continuous motor unit single discharges.,"Posa, Andreas; Niskiewicz, Izabela; Raescu, Valerian; Emmer, Alexander; Surov, Alexey; Kornhuber, Malte",2020,Muscle & nerve,Clinical manifestations; Electrophysiology; Treatment,,data/extraction_json/text/953.json,data/extraction_json/text/953.json,full_text,false,,case_series_or_multi_case,case_series,high,1,true,true,true,individual_case_split,true,false,split_cases_then_langextract,,,,,,,,,,"This is a case series describing 14 patients with a specific EMG finding, with diagnoses listed for each. Only one patient is reported as having stiff limb syndrome, an SPS-spectrum disorder. The paper provides both individual-level and group-level data, and the SPS-spectrum case is original to this report.",llm_v1_gpt4.1,2026-04-06T00:34:54.779061+00:00
9564,9564,Stiff person syndrome with atypical features and a favourable outcome with steroids,Turker H.; Cengiz N.; Gungor L.; Onar M.,2005,Marmara Medical Journal,,,data/extraction_json/text/9564.json,data/extraction_json/text/9564.json,full_text,false,,single_case_report,case_report,high,1,true,false,false,individual,true,false,run_langextract_individual,,,,,,,,,,"This is a classic single case report, as evidenced by the detailed narrative of one patient's clinical course and the explicit use of the 'CASE REPORT' section. No group or series data are presented.",llm_v1_gpt4.1,2026-04-06T00:35:13.552959+00:00
958,958,Adolescent Stiff Person Syndrome: Long-Term Symptom Remission on Immunomodulatory Therapy.,"Ogilvie, Robert James; Kolski, Hanna Katherine",2019,The Canadian journal of neurological sciences. Le journal canadien des sciences neurologiques,Clinical manifestations; Treatment,,data/extraction_json/text/958.json,data/extraction_json/text/958.json,full_text,false,,unclear_manual_review,unclear,high,,false,false,false,manual_review,false,false,review_source_category,,,,,,,,,,Manual review: batch_16_17,llm_v1_gpt4.1,2026-04-06T00:35:13.614879+00:00
960,960,Femur Neck Fracture in a Patient with Stiff Person Syndrome: A Case Report.,"Jamil, Mujahid; Saleem, Muhammad; Habib, Ahmed; Khan, Sara; Qahir, Muhammad",2019,JBJS case connector,Clinical manifestations,"Benjamin Vlad (2023-07-01 22:57:57)(Select): wrong full text, removed it;",data/extraction_json/text/960.json,data/extraction_json/text/960.json,full_text,false,,single_case_report,case_report,high,1,true,false,false,individual,true,false,run_langextract_individual,,,,,,,,,,"This is a classic single case report, as indicated by the title, structure, and detailed individual-level clinical data for one SPS patient. There is no evidence of additional original SPS cases or group-level data.",llm_v1_gpt4.1,2026-04-06T00:35:17.605306+00:00
963,963,Clinical spectrum of glutamic acid decarboxylase antibodies in a Taiwanese population.,"Kuo, Y-C; Lin, C-H",2019,European journal of neurology,Clinical manifestations,,data/extraction_json/text/963.json,data/extraction_json/text/963.json,full_text,false,,unclear_manual_review,unclear,high,,false,false,false,manual_review,false,false,review_source_category,,,,,,,,,,Manual review: batch_16_17,llm_v1_gpt4.1,2026-04-06T00:35:17.664373+00:00
964,964,Unusual Presentation of Lung Adenocarcinoma With Paraneoplastic Stiff Person Syndrome: Role of EGFR Tyrosine Kinase Inhibitors.,"Sarwari, Nawid; Galili, Yehuda; Perez, Ariel; Avgeropoulos, Nicholas; Tseng, Jennifer",2019,Journal of thoracic oncology : official publication of the International Association for the Study of Lung Cancer,Clinical manifestations; Treatment,,data/extraction_json/text/964.json,data/extraction_json/text/964.json,full_text,false,,unclear_manual_review,unclear,high,,false,false,false,manual_review,false,false,review_source_category,,,,,,,,,,Manual review: batch_16_17,llm_v1_gpt4.1,2026-04-06T00:35:17.674695+00:00
965,965,Chronic intestinal pseudo-obstruction with dilated biliary tract as a spectrum of stiff person syndrome in a nondiabetic patient.,"Nguyen, Alexandre; de Boysson, Hubert; Audrey, Fohlen; Yameogo, Seydou; Aouba, Achille",2019,Journal of musculoskeletal & neuronal interactions,Clinical manifestations,,data/extraction_json/text/965.json,data/extraction_json/text/965.json,full_text,false,,single_case_report,case_report,high,1,true,false,false,individual,true,false,run_langextract_individual,,,,,,,,,,"This is a single case report, as evidenced by the explicit statement of reporting one patient's case and the detailed, individualized clinical narrative. There is no indication of additional original SPS-spectrum patients.",llm_v1_gpt4.1,2026-04-06T00:35:35.968707+00:00
966,966,Stiff person spectrum disorders: An illustrative case series of their phenotypic and antibody diversity.,"Bernardo, Francisco; Rebordao, Leonor; Rego, Andre; Machado, Sara; Passos, Joao; Costa, Cristina; Cruz, Simao; Pinto, Amelia Nogueira; Santos, Mariana",2020,Journal of neuroimmunology,Clinical manifestations; Treatment,,data/extraction_json/text/966.json,data/extraction_json/text/966.json,full_text,false,,case_series_or_multi_case,case_series,high,3,true,false,true,individual_case_split,true,false,split_cases_then_langextract,,,,,,,,,,"This is a case series reporting three original SPS-spectrum patients, each described in detail with clinical, laboratory, and treatment data. The structure and content are consistent with a multi-case report/case series, not a review or group study.",llm_v1_gpt4.1,2026-04-06T00:35:55.079281+00:00
967,967,Clinical Heterogeneity in Patients with Glutamate Decarboxylase Antibody.,"Huang, Jiehong; Li, Huilu; Zhou, Ruisi; Huang, Wenyao; Lin, Wenhui; Chen, Ting; Long, Youming",2019,Neuroimmunomodulation,Immunological - Lab tests; Treatment,,data/extraction_json/text/967.json,data/extraction_json/text/967.json,full_text,false,,case_series_or_multi_case,case_series,high,1,true,true,true,individual_case_split,true,false,split_cases_then_langextract,,,,,,,,,,"This is a retrospective case series of 5 anti-GAD antibody-positive patients, with individual-level clinical data presented in Table 1 and the text. Only one patient is clearly described as having SPS, so the paper contains original SPS-spectrum data for 1 patient.",llm_v1_gpt4.1,2026-04-06T00:36:00.090763+00:00
968,968,A Case of Treatment Resistance and Complications in a Patient with Stiff Person Syndrome and Cerebellar Ataxia.,"Jones, Lliwen A; Baber, Waqaar; Wardle, Mark; Robertson, Neil P; Morris, Huw R; Church, Alistair; Llewelyn, John G; Peall, Kathryn J",2019,"Tremor and other hyperkinetic movements (New York, N.Y.)",Treatment,,data/extraction_json/text/968.json,data/extraction_json/text/968.json,full_text,false,,single_case_report,case_report,high,1,true,false,false,individual,true,false,run_langextract_individual,,,,,,,,,,"This is a single case report, as evidenced by the detailed narrative of one patient's presentation, workup, and treatment. There is no indication of additional cases or group-level data.",llm_v1_gpt4.1,2026-04-06T00:36:17.629653+00:00
969,969,Novel clinical features of glycine receptor antibody syndrome: A series of 17 cases.,"Piquet, Amanda L; Khan, Murtaza; Warner, Judith E A; Wicklund, Matthew P; Bennett, Jeffrey L; Leehey, Maureen A; Seeberger, Lauren; Schreiner, Teri L; Paz Soldan, M Mateo; Clardy, Stacey L",2019,Neurology(R) neuroimmunology & neuroinflammation,Treatment,,data/extraction_json/text/969.json,data/extraction_json/text_trimmed/969.json,trimmed,true,header_only_source,conference_abstract,group_conference_abstract,high,17,false,true,false,group,true,false,run_langextract_group,,,,,,,,,,"The paper is published in a proceedings volume (conference abstract), as indicated by the 'Proceedings detected: True' metadata and the short, abstract-like text. It reports original group-level data on 17 patients with GlyRalpha1-IgG, many of whom had SPS-spectrum features.",llm_v1_gpt4.1,2026-04-06T00:36:22.205908+00:00
970,970,Stiff Person Syndrome and Type 1 Diabetes Mellitus: a Case of the Chicken or the Egg?.,"Rathbun, John Tyler; Imber, Jacob",2019,Journal of general internal medicine,Treatment,,data/extraction_json/text/970.json,data/extraction_json/text/970.json,full_text,false,,single_case_report,case_report,high,1,true,false,false,individual,true,false,run_langextract_individual,,,,,,,,,,"This is a single case report, as evidenced by the detailed narrative of one patient's clinical course and the explicit statement that 'we present the case of a 23-year-old... woman with known SPS.' No other original SPS-spectrum patients are described.",llm_v1_gpt4.1,2026-04-06T00:36:40.884833+00:00
972,972,Severe breathlessness in Stiff person syndrome (SPS). Looking under the bonnet.,"Crescimanno, Grazia; Algeri, Margherita; Canino, Maria; Romano, Marcello; Cosentino, Giuseppe; Marrone, Oreste",2020,Journal of the neurological sciences,Clinical manifestations,,data/extraction_json/text/972.json,data/extraction_json/text/972.json,full_text,false,,unclear_manual_review,unclear,high,,false,false,false,manual_review,false,false,review_source_category,,,,,,,,,,Manual review: batch_16_17,llm_v1_gpt4.1,2026-04-06T00:36:40.945717+00:00
9720,9720,Isolated navicular fracture presenting as stiff limb syndrome: A case report [4],Dubow J.S.; Zadikoff C.,2007,Movement Disorders,,"Bettina Balint (2023-08-28 19:02:55)(Select): Critical review warranted, but relevant for DDx;",data/extraction_json/text/9720.json,data/extraction_json/text/9720.json,full_text,false,,single_case_report,case_report,high,1,true,false,false,individual,true,false,run_langextract_individual,,,,,,,,,,"This is a classic single case report: it presents the clinical course, workup, and outcome of one patient with SLS (an SPS-spectrum disorder), including detailed history, examination, and diagnostic findings. There is no evidence of additional SPS-spectrum patients.",llm_v1_gpt4.1,2026-04-06T00:36:44.020041+00:00
9726,9726,Clinical approach to a patient presenting with muscle stiffness,Ahmed S.N.; Bertorini T.E.; Narayanaswami P.; Senthilkumar K.,2003,Journal of Clinical Neuromuscular Disease,,Annu Aggarwal (2021-10-19 04:12:19)(Select): case report;,data/extraction_json/text/9726.json,data/extraction_json/text/9726.json,full_text,false,,single_case_report,case_report,high,1,true,false,false,individual,true,false,run_langextract_individual,,,,,,,,,,"This is a single case report, as evidenced by the detailed presentation of one patient's history, examination, and diagnostic reasoning. The remainder of the article is a review of differential diagnoses and does not present additional original SPS cases.",llm_v1_gpt4.1,2026-04-06T00:37:02.493254+00:00
973,973,Clinical characteristics of GAD 65-associated autoimmune encephalitis.,"Zhu, Fei; Shan, Wei; Lv, Ruijuan; Li, Zhimei; Wang, Qun",2020,Acta neurologica Scandinavica,,,data/extraction_json/text/973.json,data/extraction_json/text/973.json,full_text,false,,unclear_manual_review,unclear,high,,false,false,false,manual_review,false,false,review_source_category,,,,,,,,,,Manual review: batch_16_17,llm_v1_gpt4.1,2026-04-06T00:37:02.556904+00:00
9731,9731,The stiff limb syndrome - A new case and a literature review [2],Bartsch T.; Herzog J.; Baron R.; Deuschl G.,2003,Journal of Neurology,,,data/extraction_json/text/9731.json,data/extraction_json/text/9731.json,full_text,false,,single_case_report,case_report,high,1,true,false,false,individual,true,false,run_langextract_individual,,,,,,,,,,"This is a single case report: the main original content is the detailed description of one patient with stiff limb syndrome, including history, examination, laboratory, and treatment response. The rest of the paper is a literature review and summary of prior cases, not new patients.",llm_v1_gpt4.1,2026-04-06T00:37:09.000544+00:00
974,974,Clinical features and immunotherapy outcomes of anti-glutamic acid decarboxylase 65 antibody-associated neurological disorders.,"Chengyu, Li; Weixiong, Shi; Chao, Chen; Songyan, Liu; Lin, Sang; Zhong, Zheng; Hua, Pan; Fan, Jian; Na, Chen; Tao, Cui; Jianwei, Wu; Haitao, Ren; Hongzhi, Guan; Xiaoqiu, Shao",2020,Journal of neuroimmunology,,,data/extraction_json/text/974.json,data/extraction_json/text/974.json,full_text,false,,case_series_or_multi_case,case_series,high,3,true,true,true,individual_case_split,true,false,split_cases_then_langextract,,,,,,,,,,"This is a case series of seven anti-GAD65 patients, with detailed individual-level clinical data. Three patients are described as having SPS or SPS-spectrum disorders, while the rest have other anti-GAD65 neurological syndromes. The paper provides both individual and group-level data.",llm_v1_gpt4.1,2026-04-06T00:37:30.583222+00:00
975,975,Intravenous methylprednisolone or immunoglobulin for anti-glutamic acid decarboxylase 65 antibody autoimmune encephalitis: which is better?.,"Li, Tao-Ran; Zhang, Yu-Di; Wang, Qun; Shao, Xiao-Qiu; Li, Zhi-Mei; Lv, Rui-Juan",2020,BMC neuroscience,,,data/extraction_json/text/975.json,data/extraction_json/text/975.json,full_text,false,,case_series_or_multi_case,case_series,high,1,true,true,true,individual_case_split,true,false,split_cases_then_langextract,,,,,,,,,,"This paper reports six original anti-GAD65 AE patients from the authors' center, with detailed individual-level clinical data. Only one of these patients (patient 2) is described as having stiff-person syndrome (SPS), meeting the criteria for SPS-spectrum. The remainder of the paper is a literature review/meta-analysis of previously published cases, which are not counted as original data.",llm_v1_gpt4.1,2026-04-06T00:37:51.151434+00:00
980,980,An unusual cause of older adult falls: Stiff Leg Syndrome,Michaud M.; Gaudin C.; Brechemier D.; Cintas P.; Gauchet C.; Moulis G.; Vellas B.; Balardy L.,2013,European Geriatric Medicine,Clinical manifestations,Karlo Lizarraga (2021-10-14 12:44:26)(Select): Unable to access abstract or full text.;,data/extraction_json/text/980.json,data/extraction_json/text_trimmed/980.json,trimmed,true,header_only_source,conference_abstract,single_case_conference_abstract,low,0,false,false,false,individual,true,true,review_source_category_then_langextract,,,,,,,,,,"validator_flags=EVIDENCE_NO_PAGES | The available metadata and extracted text indicate this is likely a conference abstract (proceedings detected, 1 page), but there is no content to confirm the presence or absence of original SPS-spectrum patient data. Manual review is required.",llm_v1_gpt4.1,2026-04-06T00:37:53.926967+00:00
99,99,Improvement of stiff-man syndrome with vigabatrin.,"Vermeij, F H; van Doorn, P A; Busch, H F",1996,"Lancet (London, England)",Treatment,Gustavo  Da Prat (2023-06-13 22:58:23)(Screen): there are 3 articles with similar titles - This one / Then Sharoqi (neurology 1998) and Prevett (neurology 1997) / ; Natalie Witek (2021-10-13 06:55:13)(Select): Duplicate?;,data/extraction_json/text/99.json,data/extraction_json/text/99.json,full_text,false,,single_case_report,case_report,high,1,true,false,false,individual,true,false,run_langextract_individual,,,,,,,,,,This is a single case report describing one patient with stiff-man syndrome (SPS) who improved with vigabatrin. The report provides individual-level clinical data and does not mention any additional original SPS patients.,llm_v1_gpt4.1,2026-04-06T00:37:57.232983+00:00
990,990,Therapeutic plasma exchange in treatment of neuroimmunologic disorders: Review of 92 cases,Sorgun M.H.; Erdogan S.; Bay M.; Ayyildiz E.; Yucemen N.; IIhan O.; Yucesan C.,2013,Transfusion and Apheresis Science,,,data/extraction_json/text/990.json,data/extraction_json/text/990.json,full_text,false,,observational_group_study,retrospective_or_cohort_group_study,high,1,false,true,false,group,true,false,run_langextract_group,,,,,,,,,,"This is an observational group study reporting aggregate outcomes for a consecutive cohort of 92 patients with various neuroimmunologic disorders treated with TPE. The study includes one original SPS patient, as indicated in the tables and text. There is no individual-level detail for the SPS patient, but group-level data are provided.",llm_v1_gpt4.1,2026-04-06T00:38:15.906031+00:00
