paper_id,covidence_id,title,authors,source_category,source_subtype,preferred_text_json_path,preferred_text_source,count_eligible,likely_sps_case_count,count_confidence,count_basis,count_manual_review_required,count_reason,count_version,counted_at_utc
10,10,Stiff-person syndrome: an autoimmune disease.,"Blum, P; Jankovic, J",case_series_or_multi_case,case_series,data\extraction_json\text\10.json,full_text,true,2,high,abstract_count_signal,false,count_basis=abstract_count_signal | count_confidence=high | source_category=case_series_or_multi_case,heuristic_v1,2026-04-05T11:49:19.851645+00:00
1001,1001,Inpatient physiotherapy management for Stiff Person syndrome,Kahraman T.; Balci B.; Sengun I.S.,conference_abstract,single_case_conference_abstract,data\extraction_json\text_trimmed\1001.json,trimmed,true,1,medium,case_report_marker_single_case,false,count_basis=case_report_marker_single_case | count_confidence=medium | source_category=conference_abstract,heuristic_v1,2026-04-05T11:49:19.913598+00:00
101,101,Progressive encephalomyelitis with rigidity responsive to plasmapheresis and immunosuppression.,"Fogan, L",single_case_report,case_report,data\extraction_json\text\101.json,full_text,true,1,medium,single_case_text_signal,false,count_basis=single_case_text_signal | count_confidence=medium | source_category=single_case_report,heuristic_v1,2026-04-05T11:49:19.918996+00:00
1010,1010,Intrathecal baclofen pump placement in a patient with stiff person syndrome: A case report,Avraham R.; Sharma A.; Channick R.; Angles C.A.,single_case_report,case_report,data\extraction_json\text\1010.json,full_text,true,1,medium,case_report_marker_single_case,false,count_basis=case_report_marker_single_case | count_confidence=medium | source_category=single_case_report,heuristic_v1,2026-04-05T11:49:19.924839+00:00
1011,1011,Two cases of stiff person syndrome treated with intrathecal baclofen pump in an inpatient rehabilitation unit: A case series,Shoval H.A.; Hamer O.; Chantasi K.; Nanda U.,case_series_or_multi_case,case_series,data\extraction_json\text\1011.json,full_text,true,2,high,title_count_signal,false,count_basis=title_count_signal | count_confidence=high | source_category=case_series_or_multi_case,heuristic_v1,2026-04-05T11:49:19.928311+00:00
1017,1017,Therapeutic plasma exchange in a patient with paraneoplastic variant of stiff-person syndrome,Madrigal E.; Fisher R.; Friedman M.T.,conference_abstract,single_case_conference_abstract,data\extraction_json\text\1017.json,full_text,true,1,medium,case_report_marker_single_case,false,count_basis=case_report_marker_single_case | count_confidence=medium | source_category=conference_abstract,heuristic_v1,2026-04-05T11:49:19.939210+00:00
102,102,The insulin-dependent diabetes mellitus-associated ICA 105 autoantigen in stiff-man syndrome patients.,"Martino, G; Grimaldi, L M; Bazzigaluppi, E; Passini, N; Sinigaglia, F; Rogge, L",lab_heavy_clinical_or_translational,group_or_frequency_focused_lab_clinical_study,data\extraction_json\text\102.json,full_text,true,105,high,abstract_count_signal,false,count_basis=abstract_count_signal | count_confidence=high | source_category=lab_heavy_clinical_or_translational,heuristic_v1,2026-04-05T11:49:19.956136+00:00
1028,1028,Autoantibodies against glycine-associated synaptic proteins in stiff-person syndrome,Probst C.; Blocker I.-M.; Mindorf S.; Unger M.; Fechner K.; Meinck H.-M.; Balint B.; Stocker W.; Schlumberger W.; Komorowski L.,conference_abstract,group_conference_abstract,data\extraction_json\text_trimmed\1028.json,trimmed,true,2,high,abstract_count_signal,false,count_basis=abstract_count_signal | count_confidence=high | source_category=conference_abstract,heuristic_v1,2026-04-05T11:49:19.965983+00:00
103,103,Electrophysiological evaluation of the stiff-man syndrome: further data.,"Martinelli, P; Nassetti, S; Minardi, C; Macri, S; Ippoliti, M",single_case_report,case_report,data\extraction_json\text\103.json,full_text,true,1,medium,source_single_case_default,false,count_basis=source_single_case_default | count_confidence=medium | source_category=single_case_report,heuristic_v1,2026-04-05T11:49:19.988138+00:00
1031,1031,Autonomic dysfunction in stiff person syndrome (SPS): Observations in 8 cases,Barboi A.,conference_abstract,multi_case_conference_abstract,data\extraction_json\text_trimmed\1031.json,trimmed,true,8,high,title_count_signal,false,count_basis=title_count_signal | count_confidence=high | source_category=conference_abstract,heuristic_v1,2026-04-05T11:49:19.997302+00:00
1054,1054,Efficacy of levetiracetam in case of stiff-person syndrome - Case report,Carrilho P.I.N.; Munhoz R.P.; Teive H.A.G.,single_case_report,case_report,data\extraction_json\text\1054.json,full_text,true,1,medium,abstract_count_signal,true,count_basis=abstract_count_signal | count_confidence=medium | source_category=single_case_report,heuristic_v1,2026-04-05T11:49:20.004344+00:00
106,106,"Subacute encephalomyelitis presenting as stiff-person syndrome: clinical, polygraphic, and pathologic correlations.","Armon, C; Swanson, J W; McLean, J M; Westbrook, P R; Okazaki, H; Kurtin, P J; Kalyan-Raman, U P; Rodriguez, M",single_case_report,case_report,data\extraction_json\text\106.json,full_text,true,1,medium,case_report_marker_single_case,false,count_basis=case_report_marker_single_case | count_confidence=medium | source_category=single_case_report,heuristic_v1,2026-04-05T11:49:20.014585+00:00
1068,1068,Progressive encephalomyelitis with rigidity and myoclonus: Anesthesia and glycine receptor antibodies,Papadopoulou A.; Samuels T.L.; Dassanayake A.; Spring C.; Willers J.; Uncles D.R.,single_case_report,case_report,data\extraction_json\text\1068.json,full_text,true,1,medium,case_report_marker_single_case,false,count_basis=case_report_marker_single_case | count_confidence=medium | source_category=single_case_report,heuristic_v1,2026-04-05T11:49:20.020268+00:00
10691,10691,VIGABATRIN IMPROVES RIGIDITY IN STIFF-PERSON SYNDROME (SPS),"LIGUORI, R; MEDORI, R; MARCHELLO, L; GRIMALDI, L; LUGARESI, E; MONTAGNA, P",conference_abstract,multi_case_conference_abstract,data\extraction_json\text\10691.json,full_text,true,1,medium,source_single_case_default,false,count_basis=source_single_case_default | count_confidence=medium | source_category=conference_abstract,heuristic_v1,2026-04-05T11:49:20.024454+00:00
10692,10692,SIGNIFICANT IMPROVEMENT OF STIFF-PERSON SYNDROME AFTER PARASPINAL INJECTION OF BOTULINUM TOXIN-A,"DAVIS, D; JABBARI, B",single_case_report,case_report,data\extraction_json\text\10692.json,full_text,true,1,medium,single_case_text_signal,false,count_basis=single_case_text_signal | count_confidence=medium | source_category=single_case_report,heuristic_v1,2026-04-05T11:49:20.029671+00:00
10695,10695,ANESTHETIC IMPLICATIONS IN STIFF-PERSON SYNDROME,"JOHNSON, JO; MILLER, KA",review_article,tagged_review_article,data\extraction_json\text\10695.json,full_text,false,1,medium,source_single_case_default,false,count_basis=source_single_case_default | count_confidence=medium | source_category=review_article,heuristic_v1,2026-04-05T11:49:20.039054+00:00
10697,10697,STIFF-PERSON SYNDROME WITH ANTI-GLUTAMIC ACID DECARBOXYLASE AUTOANTIBODIES - COMPLETE REMISSION OF SYMPTOMS AFTER INTRATHECAL BACLOFEN ADMINISTRATION,"SEITZ, RJ; BLANK, B; KIWIT, JCW; BENECKE, R",single_case_report,case_report,data\extraction_json\text\10697.json,full_text,true,1,medium,single_case_text_signal,false,count_basis=single_case_text_signal | count_confidence=medium | source_category=single_case_report,heuristic_v1,2026-04-05T11:49:20.043194+00:00
108,108,"Total alopecia, diabetes mellitus, and falls.","Mueller-Schoop, J W; Meyer, M",unclear_manual_review,unclear,data\extraction_json\text\108.json,full_text,false,1,medium,source_single_case_default,false,count_basis=source_single_case_default | count_confidence=medium | source_category=unclear_manual_review,heuristic_v1,2026-04-05T11:49:20.047772+00:00
10801,10801,"Stiff Person Syndrom, a rare neurological disease in long-term care resident.","Bhatt, T; Medina-Walpole, A; Marshall, FJ",conference_abstract,group_conference_abstract,data\extraction_json\text_trimmed\10801.json,trimmed,true,1,medium,source_single_case_default,false,count_basis=source_single_case_default | count_confidence=medium | source_category=conference_abstract,heuristic_v1,2026-04-05T11:49:20.070318+00:00
1087,1087,Stiff-person syndrome and myasthenia gravis as a paraneoplastic manifestation of thymoma,Pitha J.; Ehler E.,unclear_manual_review,unclear,data\extraction_json\text\1087.json,full_text,false,,low,no_reliable_count_signal,false,count_basis=no_reliable_count_signal | count_confidence=low | source_category=unclear_manual_review,heuristic_v1,2026-04-05T11:49:20.084219+00:00
1094,1094,Stiff-person syndrome associated with myotonic dystrophy type 2 - A case report,Ehler E.; Kopal A.; Mandysova P.; Vojtisek P.; Zamecnik J.,review_article,tagged_review_article,data\extraction_json\text\1094.json,full_text,false,1,medium,case_report_marker_single_case,false,count_basis=case_report_marker_single_case | count_confidence=medium | source_category=review_article,heuristic_v1,2026-04-05T11:49:20.090697+00:00
1097,1097,Stiff Limb Syndrome Mimicking Corticobasal Syndrome,Balint B.; Mahant N.; Meinck H.-M.; Fung V.,case_series_or_multi_case,case_series,data\extraction_json\text\1097.json,full_text,true,4,medium,patient_label_count,false,count_basis=patient_label_count | count_confidence=medium | source_category=case_series_or_multi_case,heuristic_v1,2026-04-05T11:49:20.109870+00:00
1098,1098,Spasmodic dysphonia like presentation of stiff person syndrome,Rana A.Q.; Masroor M.S.; Ismail B.,unclear_manual_review,unclear,data\extraction_json\text\1098.json,full_text,false,,low,no_reliable_count_signal,false,count_basis=no_reliable_count_signal | count_confidence=low | source_category=unclear_manual_review,heuristic_v1,2026-04-05T11:49:20.123064+00:00
11,11,A therapeutic trial of milacemide in myoclonus and the stiff-person syndrome.,"Brown, P; Thompson, P D; Rothwell, J C; Day, B L; Marsden, C D",interventional_study,controlled_or_therapeutic_group_study,data\extraction_json\text\11.json,full_text,true,3,high,abstract_count_signal,false,count_basis=abstract_count_signal | count_confidence=high | source_category=interventional_study,heuristic_v1,2026-04-05T11:49:20.129557+00:00
110,110,Stiff-man syndrome: abnormal late responses upon transcranial magnetic stimulation.,"Schulte-Mattler, W J; Zierz, S",single_case_report,case_report,data\extraction_json\text\110.json,full_text,true,1,medium,source_single_case_default,false,count_basis=source_single_case_default | count_confidence=medium | source_category=single_case_report,heuristic_v1,2026-04-05T11:49:20.142469+00:00
1105,1105,Scoliosis in childhood-onset stiff person syndrome,Rasameesoraj T.; Katirji B.; Devereaux M.,single_case_report,case_report,data\extraction_json\text\1105.json,full_text,true,1,medium,case_report_marker_single_case,false,count_basis=case_report_marker_single_case | count_confidence=medium | source_category=single_case_report,heuristic_v1,2026-04-05T11:49:20.148773+00:00
1106,1106,Rhabdomyolysis in stiff person syndrome: Case report,Gangadhara S.; Gandhy C.; Robertson D.,single_case_report,case_report,data\extraction_json\text\1106.json,full_text,true,1,medium,case_report_marker_single_case,false,count_basis=case_report_marker_single_case | count_confidence=medium | source_category=single_case_report,heuristic_v1,2026-04-05T11:49:20.157037+00:00
11109,11109,High-dose intravenous immunoglobulin in the treatment elf patients with stiff person syndrome: a controlled study,"Dalakas, MC",conference_abstract,group_conference_abstract,data\extraction_json\text_trimmed\11109.json,trimmed,true,,low,no_reliable_count_signal,false,count_basis=no_reliable_count_signal | count_confidence=low | source_category=conference_abstract,heuristic_v1,2026-04-05T11:49:20.166245+00:00
1112,1112,Practical management of stiff person syndrome in a limited resource setting-report of experiences in a two year follow-up,Siddi Ganie N.; Nichol R.; Janse Van Rensberg E.; Smit L.; Kruger A.; Nel M.; Lecuona E.,conference_abstract,single_case_conference_abstract,data\extraction_json\text_trimmed\1112.json,trimmed,true,3,medium,abstract_count_signal,true,count_basis=abstract_count_signal | count_confidence=medium | source_category=conference_abstract,heuristic_v1,2026-04-05T11:49:20.192756+00:00
1116,1116,Paediatric neurological syndromes associated with glycine receptor antibodies,Gadian J.; Hacohen Y.; Kariyawasam S.; Woodhall M.; Brilot F.; Pillai S.; Suleiman J.; Lascelles K.; Pike M.; Munot P.; Vincent A.; Dale R.C.; Lim M.,conference_abstract,group_conference_abstract,data\extraction_json\text\1116.json,full_text,true,,low,no_reliable_count_signal,false,count_basis=no_reliable_count_signal | count_confidence=low | source_category=conference_abstract,heuristic_v1,2026-04-05T11:49:20.210802+00:00
1117,1117,Glycine receptor antibody mediated progressive encephalomyelitis with rigidity and myoclonus (PERM) presenting as an abnormal startle response in an adolescent girl,Patel A.; Boyd S.; Amin B.; Robinson R.; Woodhall M.; Vincent A.; Hemingway C.; Munot P.,conference_abstract,multi_case_conference_abstract,data\extraction_json\text_trimmed\1117.json,trimmed,true,1,medium,case_report_marker_single_case,false,count_basis=case_report_marker_single_case | count_confidence=medium | source_category=conference_abstract,heuristic_v1,2026-04-05T11:49:20.220491+00:00
1118,1118,Prolonged cortical hyperexcitability during burst-suppression associated with glycine receptor antibodies,Patel A.; Janackova S.; Munot P.; Vincent A.; Boyd S.,conference_abstract,multi_case_conference_abstract,data\extraction_json\text\1118.json,full_text,true,1,medium,single_case_text_signal,false,count_basis=single_case_text_signal | count_confidence=medium | source_category=conference_abstract,heuristic_v1,2026-04-05T11:49:20.230558+00:00
1119,1119,Antibody spectrum in stiff person syndrome and related disorders,Balint B.; Blocker I.M.; Unger M.; Stocker W.; Probst C.; Komorowski L.; Meinck H.M.,review_article,tagged_review_article,data\extraction_json\text_trimmed\1119.json,trimmed,false,73,high,abstract_count_signal,false,count_basis=abstract_count_signal | count_confidence=high | source_category=review_article,heuristic_v1,2026-04-05T11:49:20.297119+00:00
11193,11193,STIFF PERSON AND RELATED SYNDROMES: REVIEW OF 21 PATIENTS AND THEIR RESPONSE TO TREATMENT,"Thompson, J; Sadalage, G; Karim, A; Jacob, S",observational_group_study,retrospective_or_cohort_group_study,data\extraction_json\text\11193.json,full_text,true,21,high,title_count_signal,false,count_basis=title_count_signal | count_confidence=high | source_category=observational_group_study,heuristic_v1,2026-04-05T11:49:20.301214+00:00
112,112,Anti-gabaergic neuron autoantibodies in a patient with stiff-man syndrome and ataxia.,"Giometto, B; Miotto, D; Faresin, F; Argentiero, V; Scaravilli, T; Tavolato, B",single_case_report,case_report,data\extraction_json\text\112.json,full_text,true,1,medium,case_report_marker_single_case,false,count_basis=case_report_marker_single_case | count_confidence=medium | source_category=single_case_report,heuristic_v1,2026-04-05T11:49:20.304692+00:00
1120,1120,Anti-GAD65 negative stiff-person syndrome with a favorable response to pregabalin: A case post-thymoma excision accompanying central sleep apnea,Zhang G.; Liu L.; Xiong N.; Huang J.; Wang T.,conference_abstract,single_case_conference_abstract,data\extraction_json\text_trimmed\1120.json,trimmed,true,1,medium,case_report_marker_single_case,false,count_basis=case_report_marker_single_case | count_confidence=medium | source_category=conference_abstract,heuristic_v1,2026-04-05T11:49:20.352501+00:00
11200,11200,A CASE OF PEDIATRIC STIFF-PERSON SYNDROME IN KENYA,"Lee, S; Oundoh, NL; Mercer, T; Humphrey, J; Oyungu, E",single_case_report,case_report,data\extraction_json\text\11200.json,full_text,true,1,medium,case_report_marker_single_case,false,count_basis=case_report_marker_single_case | count_confidence=medium | source_category=single_case_report,heuristic_v1,2026-04-05T11:49:20.358420+00:00
1129,1129,"GAD autoimmunity: Syndromes, comorbidities, and coexisting antibodies in 121 patients",Arino H.; Gresa-Arribas N.; Hoftberger R.; Martinez-Hernandez E.; Armangue T.; Kruer M.C.; Arpa J.; Domingo J.; Rojc B.; Bataller L.; Saiz A.; Dalmau J.; Graus F.,conference_abstract,group_conference_abstract,data\extraction_json\text_trimmed\1129.json,trimmed,true,121,medium,title_count_signal,true,count_basis=title_count_signal | count_confidence=medium | source_category=conference_abstract,heuristic_v1,2026-04-05T11:49:20.373125+00:00
113,113,Gastrointestinal involvement in neurologic disorders: Stiff-man and Charcot-Marie-Tooth syndromes.,"Soykan, I; McCallum, R W",case_series_or_multi_case,case_series,data\extraction_json\text\113.json,full_text,true,2,high,abstract_count_signal,false,count_basis=abstract_count_signal | count_confidence=high | source_category=case_series_or_multi_case,heuristic_v1,2026-04-05T11:49:20.376639+00:00
11318,11318,PROGRESSIVE ENCEPHALOMYELITIS WITH RIGIDITY - ITS RELATION TO SUBACUTE MYOCLONIC SPINAL NEURONITIS AND TO STIFF MAN SYNDROME,"WHITELEY, AM; SWASH, M; URICH, H",case_series_or_multi_case,case_series,data\extraction_json\text\11318.json,full_text,true,,low,no_reliable_count_signal,false,count_basis=no_reliable_count_signal | count_confidence=low | source_category=case_series_or_multi_case,heuristic_v1,2026-04-05T11:49:20.384463+00:00
1133,1133,Favorable response of botulinum toxin to the axial muscle spasms in a patient with stiff-person syndrome autoimmune: A case report,Correa Ospina D.; Paula Andrea Millan Giraldo P.; Jose Mauricio Cardenas Prieto J.; Omar Fredy Buritica O.; Simon Uribe Vargas S.,case_series_or_multi_case,case_series,data\extraction_json\text\1133.json,full_text,true,1,medium,case_report_marker_single_case,false,count_basis=case_report_marker_single_case | count_confidence=medium | source_category=case_series_or_multi_case,heuristic_v1,2026-04-05T11:49:20.389968+00:00
1135,1135,Stiff person syndrome in a 64 year old male Filipino: A case report,Blanco P.; Belonguel N.J.,single_case_report,case_report,data\extraction_json\text\1135.json,full_text,true,1,medium,case_report_marker_single_case,false,count_basis=case_report_marker_single_case | count_confidence=medium | source_category=single_case_report,heuristic_v1,2026-04-05T11:49:20.397581+00:00
1138,1138,Stiff person syndrome: Review of 14 patients,Cavalcante V.; Souza Bulle Oliveira A.,conference_abstract,single_case_conference_abstract,data\extraction_json\text_trimmed\1138.json,trimmed,true,14,high,title_count_signal,false,count_basis=title_count_signal | count_confidence=high | source_category=conference_abstract,heuristic_v1,2026-04-05T11:49:20.401485+00:00
114,114,The stiff leg syndrome.,"Brown, P; Rothwell, J C; Marsden, C D",case_series_or_multi_case,case_series,data\extraction_json\text\114.json,full_text,true,4,medium,patient_label_count,false,count_basis=patient_label_count | count_confidence=medium | source_category=case_series_or_multi_case,heuristic_v1,2026-04-05T11:49:20.419511+00:00
11443,11443,A Systematic review of 192 cases of Stiff-person Syndrome in China,"Liu, Y; Zhao, YQ",conference_abstract,multi_case_conference_abstract,data\extraction_json\text_trimmed\11443.json,trimmed,true,192,high,title_count_signal,false,count_basis=title_count_signal | count_confidence=high | source_category=conference_abstract,heuristic_v1,2026-04-05T11:49:20.422193+00:00
1149,1149,Stiff person syndrome: A case series,Jabari D.; Dimachkie M.; Statland J.; Abuzinadah A.; Jawdat O.; Glenn M.; McVey A.; Dick A.; Dubinsky R.; Herbelin L.; Barohn R.; Pasnoor M.,conference_abstract,multi_case_conference_abstract,data\extraction_json\text\1149.json,full_text,true,2,medium,abstract_count_signal,true,count_basis=abstract_count_signal | count_confidence=medium | source_category=conference_abstract,heuristic_v1,2026-04-05T11:49:20.429426+00:00
115,115,Improvement of stiff-man syndrome with vigabatrin.,"Prevett, M C; Brown, P; Duncan, J S",interventional_study,controlled_or_therapeutic_group_study,data\extraction_json\text\115.json,full_text,true,4,medium,early_body_count_signal,true,count_basis=early_body_count_signal | count_confidence=medium | source_category=interventional_study,heuristic_v1,2026-04-05T11:49:20.443556+00:00
1150,1150,Stiff person syndrome presenting as 'stiff eyes',Vinjam M.R.; Shanmugarajan P.; Ford H.,unclear_manual_review,unclear,data\extraction_json\text\1150.json,full_text,false,,low,no_reliable_count_signal,false,count_basis=no_reliable_count_signal | count_confidence=low | source_category=unclear_manual_review,heuristic_v1,2026-04-05T11:49:20.449575+00:00
1153,1153,A new clinical tool (BRIT) to monitor IVIg efficacy in patients with stiff person syndrome,Weerasinghe S.; Sadalage G.; Jacob S.,conference_abstract,group_conference_abstract,data\extraction_json\text\1153.json,full_text,true,12,high,abstract_count_signal,false,count_basis=abstract_count_signal | count_confidence=high | source_category=conference_abstract,heuristic_v1,2026-04-05T11:49:20.453935+00:00
1154,1154,Clinical features and treatment response in a large UK cohort of stiff person syndrome patients,Sadalage G.; Karim A.; Jacob S.,conference_abstract,group_conference_abstract,data\extraction_json\text\1154.json,full_text,true,12,medium,abstract_count_signal,true,count_basis=abstract_count_signal | count_confidence=medium | source_category=conference_abstract,heuristic_v1,2026-04-05T11:49:20.457280+00:00
116,116,Antibodies to 125I-glutamic acid decarboxylase in patients with stiff man syndrome.,"Vincent, A; Grimaldi, L M; Martino, G; Davenport, C; Todd, I",observational_group_study,retrospective_or_cohort_group_study,data\extraction_json\text\116.json,full_text,true,,low,no_reliable_count_signal,false,count_basis=no_reliable_count_signal | count_confidence=low | source_category=observational_group_study,heuristic_v1,2026-04-05T11:49:20.470407+00:00
11732,11732,Use of subcutaneous immunoglobulin in stiff person syndrome: Case series,"Aljarallah, Salman; Newsome, Scott D.",interventional_study,controlled_or_therapeutic_group_study,data\extraction_json\text\11732.json,full_text,true,5,medium,abstract_count_signal,true,count_basis=abstract_count_signal | count_confidence=medium | source_category=interventional_study,heuristic_v1,2026-04-05T11:49:20.474473+00:00
11746,11746,Stiff person syndrome and gluten sensitivity,"Hadjivassiliou, Marios; Zis, Panagiotis; Sarrigiannis, Ptolemaios G.; Sanders, David S.; Hoggard, Nigel",observational_group_study,retrospective_or_cohort_group_study,data\extraction_json\text\11746.json,full_text,true,20,high,abstract_count_signal,false,count_basis=abstract_count_signal | count_confidence=high | source_category=observational_group_study,heuristic_v1,2026-04-05T11:49:20.480608+00:00
11750,11750,Anti-amphiphysin positive stiff-person syndrome due to invasive ductal carcinoma in a male patient,"Connolly, Christopher; Cobain, Erin; Hughes, Tasha",single_case_report,case_report,data\extraction_json\text\11750.json,full_text,true,1,medium,single_case_text_signal,false,count_basis=single_case_text_signal | count_confidence=medium | source_category=single_case_report,heuristic_v1,2026-04-05T11:49:20.486304+00:00
11785,11785,"GAD antibody-spectrum disorders: progress in clinical phenotypes, immunopathogenesis and therapeutic interventions","Tsiortou, Popianna; Alexopoulos, Harry; Dalakas, Marinos C.",review_article,tagged_review_article,data\extraction_json\text\11785.json,full_text,false,,low,no_reliable_count_signal,false,count_basis=no_reliable_count_signal | count_confidence=low | source_category=review_article,heuristic_v1,2026-04-05T11:49:20.499710+00:00
11789,11789,Perioperative management and complications of stiff person syndrome,"Garrigan, Ethan; Lee, Howard",conference_abstract,single_case_conference_abstract,data\extraction_json\text\11789.json,full_text,true,1,medium,case_report_marker_single_case,false,count_basis=case_report_marker_single_case | count_confidence=medium | source_category=conference_abstract,heuristic_v1,2026-04-05T11:49:20.504980+00:00
11790,11790,Efficacy and safety of therapeutic plasma exchange in stiff person syndrome,"Czempik, Piotr F.; Gawryluk, Justyna; Wiorek, Agnieszka; Krzystanek, Ewa; Krzych, Lukasz J.",single_case_report,case_report,data\extraction_json\text\11790.json,full_text,true,1,medium,case_report_marker_single_case,false,count_basis=case_report_marker_single_case | count_confidence=medium | source_category=single_case_report,heuristic_v1,2026-04-05T11:49:20.509807+00:00
11798,11798,"The Dilemma, Conversion Disorder or Stiff Person Syndrome, a Case Report","Jahan, Sultana",interventional_study,controlled_or_therapeutic_group_study,data\extraction_json\text\11798.json,full_text,true,1,medium,case_report_marker_single_case,false,count_basis=case_report_marker_single_case | count_confidence=medium | source_category=interventional_study,heuristic_v1,2026-04-05T11:49:20.516853+00:00
118,118,Stiff-persons' syndrome associated with thymoma and subsequent myasthenia gravis.,"Nicholas, A P; Chatterjee, A; Arnold, M M; Claussen, G C; Zorn, G L Jr; Oh, S J",single_case_report,case_report,data\extraction_json\text\118.json,full_text,true,1,medium,case_report_marker_single_case,false,count_basis=case_report_marker_single_case | count_confidence=medium | source_category=single_case_report,heuristic_v1,2026-04-05T11:49:20.519551+00:00
11803,11803,Perm syndrome: A potential mimic of glycine antagonist poisoning,"Scanlon, Matthew P.; Malley, Carin K.; Westover, Rachael C.; Micciche, Andrew F.; Abesamis, Michael G.; Shulman, Joshua A.",review_article,tagged_review_article,data\extraction_json\text_trimmed\11803.json,trimmed,false,1,medium,case_report_marker_single_case,false,count_basis=case_report_marker_single_case | count_confidence=medium | source_category=review_article,heuristic_v1,2026-04-05T11:49:20.530110+00:00
11804,11804,GAD65 autoimmunity after treatment with nivolumab: a multifocal presentation,"Ranieri, Angelo; Napolitano, Massimo; Manzo, Valentino; Maniscalco, Giorgia Teresa; Allegorico, Lia; Zekeridou, Anastasia; Pezzella, Marianna; Gatta, Luigi Della; Ferrari, Sergio; Mariotto, Sara",single_case_report,case_report,data\extraction_json\text\11804.json,full_text,true,1,medium,single_case_text_signal,false,count_basis=single_case_text_signal | count_confidence=medium | source_category=single_case_report,heuristic_v1,2026-04-05T11:49:20.533424+00:00
11810,11810,Subcutaneous Immunoglobulin Therapy with IgPro20 in Patients with Stiff Person Syndrome and Primary Immunodeficiency Disease,"Francis, Olivia; Patel, Niraj C.; Joshi, Avni; Prince, Ty; Krishnaswamy, Guha",case_series_or_multi_case,case_series,data\extraction_json\text\11810.json,full_text,true,4,high,abstract_count_signal,false,count_basis=abstract_count_signal | count_confidence=high | source_category=case_series_or_multi_case,heuristic_v1,2026-04-05T11:49:20.536527+00:00
11813,11813,Exacerbation of Stiff Person Syndrome by Selective Serotonin Reuptake Inhibitors,"Olszewska, Diana A.; Bhowmick, Suvorit S.; Lang, Anthony E.",interventional_study,controlled_or_therapeutic_group_study,data\extraction_json\text\11813.json,full_text,true,1,medium,source_single_case_default,false,count_basis=source_single_case_default | count_confidence=medium | source_category=interventional_study,heuristic_v1,2026-04-05T11:49:20.545864+00:00
11814,11814,Rehabilitation in paraneoplastic stiff-person syndrome-case report,"Karatekin, Bilinc Dogruoz; Sahin, Seyma Nur; Icagasioglu, Afitap",single_case_report,case_report,data\extraction_json\text\11814.json,full_text,true,1,medium,case_report_marker_single_case,false,count_basis=case_report_marker_single_case | count_confidence=medium | source_category=single_case_report,heuristic_v1,2026-04-05T11:49:20.550663+00:00
11822,11822,Quantitative Assessment of Response to Long-Term Treatment with Intravenous Immunoglobulin in Patients with Stiff Person Syndrome,"Bose, Smriti; Thompson, Joseph P.; Sadalage, Girija; Karim, Abid; Jacob, Saiju",interventional_study,controlled_or_therapeutic_group_study,data\extraction_json\text\11822.json,full_text,true,23,high,abstract_count_signal,false,count_basis=abstract_count_signal | count_confidence=high | source_category=interventional_study,heuristic_v1,2026-04-05T11:49:20.557402+00:00
11823,11823,Successful management of acute respiratory failure in a patient with stiff person syndrome and scoliosis,"Song, D.; Mudigonda, G.; Sithamraju, A.; Kulkarni, S.",conference_abstract,single_case_conference_abstract,data\extraction_json\text\11823.json,full_text,true,1,medium,abstract_count_signal,true,count_basis=abstract_count_signal | count_confidence=medium | source_category=conference_abstract,heuristic_v1,2026-04-05T11:49:20.570334+00:00
11834,11834,Stiff Person Syndrome: A Case Report with Sudden Onset and Coexistence of Sero-Positive Antibodies to Glutamic Acid Decarboxylase and Anti-SOX1 Antibodies.,Nguyen PM; Vu DD; Vu KD; Nguyen HT; Nguyen DV,single_case_report,case_report,data\extraction_json\text\11834.json,full_text,true,1,medium,case_report_marker_single_case,false,count_basis=case_report_marker_single_case | count_confidence=medium | source_category=single_case_report,heuristic_v1,2026-04-05T11:49:20.574579+00:00
11835,11835,A Rare Case of Stiff Person Syndrome With Pulmonary Complications.,Singh P; Singhvi S; Crestani A; Perez J,single_case_report,case_report,data\extraction_json\text\11835.json,full_text,true,1,medium,case_report_marker_single_case,false,count_basis=case_report_marker_single_case | count_confidence=medium | source_category=single_case_report,heuristic_v1,2026-04-05T11:49:20.578316+00:00
11849,11849,Stiff-person syndrome: an atypical presentation and a review of the literature.,Lin BC; Johal J; Sivakumar K; Romano AE; Yacoub HA,single_case_report,case_report,data\extraction_json\text\11849.json,full_text,true,1,medium,case_report_marker_single_case,false,count_basis=case_report_marker_single_case | count_confidence=medium | source_category=single_case_report,heuristic_v1,2026-04-05T11:49:20.581607+00:00
11850,11850,Successful Treatment of Stiff Person Syndrome with Intrathecal Baclofen.,Geffen S; Chiang N,single_case_report,case_report,data\extraction_json\text\11850.json,full_text,true,1,medium,case_report_marker_single_case,false,count_basis=case_report_marker_single_case | count_confidence=medium | source_category=single_case_report,heuristic_v1,2026-04-05T11:49:20.584747+00:00
11884,11884,Effectiveness of Intrathecal Baclofen for Intractable Stiffperson Syndrome: a Case Report.,Zhang B; Lau R; van Why D; Saulino M,single_case_report,case_report,data\extraction_json\text\11884.json,full_text,true,1,medium,case_report_marker_single_case,false,count_basis=case_report_marker_single_case | count_confidence=medium | source_category=single_case_report,heuristic_v1,2026-04-05T11:49:20.589093+00:00
11893,11893,Brain and Muscle Metabolic Changes by FDG-PET in Stiff Person Syndrome Spectrum Disorders.,Wang Y; Sadaghiani MS; Tian F; Fitzgerald KC; Solnes L; Newsome SD,conference_abstract,single_case_conference_abstract,data\extraction_json\text\11893.json,full_text,true,170,high,abstract_count_signal,false,count_basis=abstract_count_signal | count_confidence=high | source_category=conference_abstract,heuristic_v1,2026-04-05T11:49:20.596398+00:00
11903,11903,"Pediatric stiff limb syndrome with polyautoimmunity of anti-GAD-65, anti-islet cell, and thyroid peroxidase antibodies: A case report and review of literature.",Nie DA; Abud A; Serrano-Gonzalez M; Harappanahally G; Patil R,conference_abstract,single_case_conference_abstract,data\extraction_json\text_trimmed\11903.json,trimmed,true,1,medium,case_report_marker_single_case,false,count_basis=case_report_marker_single_case | count_confidence=medium | source_category=conference_abstract,heuristic_v1,2026-04-05T11:49:20.600961+00:00
11904,11904,One in a Million: A Case Report of Stiff Person Syndrome.,Yadav R; Abrol N; Terebelo S,single_case_report,case_report,data\extraction_json\text\11904.json,full_text,true,1,medium,case_report_marker_single_case,false,count_basis=case_report_marker_single_case | count_confidence=medium | source_category=single_case_report,heuristic_v1,2026-04-05T11:49:20.604812+00:00
11913,11913,A Case of Anti-GAD 65 Autoimmune Encephalitis Associated with Focal Segmental Stiff-Person Syndrome.,Zhang C; Dai Y; Han B; Peng J; Ma J; Tang Q; Yang L,single_case_report,case_report,data\extraction_json\text\11913.json,full_text,true,1,medium,case_report_marker_single_case,false,count_basis=case_report_marker_single_case | count_confidence=medium | source_category=single_case_report,heuristic_v1,2026-04-05T11:49:20.658687+00:00
11914,11914,Long-term Effectiveness of IVIg Maintenance Therapy in 36 Patients With GAD Antibody-Positive Stiff-Person Syndrome.,Yi J; Dalakas MC,interventional_study,controlled_or_therapeutic_group_study,data\extraction_json\text\11914.json,full_text,true,36,high,title_count_signal,false,count_basis=title_count_signal | count_confidence=high | source_category=interventional_study,heuristic_v1,2026-04-05T11:49:20.662233+00:00
11915,11915,Therapeutic plasma exchange in the management of stiff person syndrome spectrum disorders: a case series and review of the literature.,Mercure-Corriveau N; Roy S; Hu C; Crowe EP; Zhu X; Obando D; Patel EU; Tobian AAR; Wang Y; Bloch EM; Newsome SD,conference_abstract,multi_case_conference_abstract,data\extraction_json\text_trimmed\11915.json,trimmed,true,39,high,abstract_count_signal,false,count_basis=abstract_count_signal | count_confidence=high | source_category=conference_abstract,heuristic_v1,2026-04-05T11:49:20.672176+00:00
11916,11916,"Stiff person spectrum disorder diagnosis, misdiagnosis, and suggested diagnostic criteria.",Chia NH; McKeon A; Dalakas MC; Flanagan EP; Bower JH; Klassen BT; Dubey D; Zalewski NL; Duffy D; Pittock SJ; Zekeridou A,observational_group_study,retrospective_or_cohort_group_study,data\extraction_json\text\11916.json,full_text,true,72,high,abstract_count_signal,false,count_basis=abstract_count_signal | count_confidence=high | source_category=observational_group_study,heuristic_v1,2026-04-05T11:49:20.679966+00:00
11922,11922,Case report: Amphiphysin-IgG autoimmunity: a paraneoplastic presentation of appendiceal goblet cell carcinoma.,Lin J; Yu T; Wang M; Wang J; Li J,single_case_report,case_report,data\extraction_json\text\11922.json,full_text,true,1,medium,case_report_marker_single_case,false,count_basis=case_report_marker_single_case | count_confidence=medium | source_category=single_case_report,heuristic_v1,2026-04-05T11:49:20.684545+00:00
11923,11923,Seizure semiology and predictors of outcomes in Chinese patients with glutamic acid decarboxylase antibody-associated neurological syndrome.,Lin N; Bai L; Liu Q; Chen J; Ren H; Guan H; Lu Q,conference_abstract,group_conference_abstract,data\extraction_json\text\11923.json,full_text,true,22,high,abstract_count_signal,false,count_basis=abstract_count_signal | count_confidence=high | source_category=conference_abstract,heuristic_v1,2026-04-05T11:49:20.694377+00:00
11927,11927,"Prevalence, Clinical Profiles, and Prognosis of Stiff-Person Syndrome in a Japanese Nationwide Survey.","Matsui, Naoko; Tanaka, Keiko; Ishida, Mitsuyo; Yamamoto, Yohei; Matsubara, Yuri; Saika, Reiko; Iizuka, Takahiro; Nakamura, Koshi; Kuriyama, Nagato; Matsui, Makoto; Arisawa, Kokichi; Nakamura, Yosikazu; Kaji, Ryuji; Kuwabara, Satoshi; Izumi, Yuishin",observational_group_study,retrospective_or_cohort_group_study,data\extraction_json\text\11927.json,full_text,true,4,medium,abstract_count_signal,true,count_basis=abstract_count_signal | count_confidence=medium | source_category=observational_group_study,heuristic_v1,2026-04-05T11:49:20.705584+00:00
11928,11928,Immunotherapy-Responsive Neuropathic Pain and Allodynia in a Patient With Glycine Receptor Autoantibodies: A Case Report.,"Soleimani, Babak; Board, Callum; Yu, Tony; Tracey, Irene; Irani, Sarosh R; Foley, Peter",single_case_report,case_report,data\extraction_json\text\11928.json,full_text,true,1,medium,case_report_marker_single_case,false,count_basis=case_report_marker_single_case | count_confidence=medium | source_category=single_case_report,heuristic_v1,2026-04-05T11:49:20.711196+00:00
11931,11931,Progressive encephalomyelitis with rigidity and myoclonus (PERM) associated with anti-glycine receptor antibodies and urothelial carcinoma: a case report.,"Ali, Amanuel Hassen; Benterud, Anna; Holmoy, Trygve; Myro, Aija Zuleron",conference_abstract,single_case_conference_abstract,data\extraction_json\text_trimmed\11931.json,trimmed,true,1,medium,case_report_marker_single_case,false,count_basis=case_report_marker_single_case | count_confidence=medium | source_category=conference_abstract,heuristic_v1,2026-04-05T11:49:20.715431+00:00
11933,11933,Anti-amphiphysin-positive Progressive Encephalomyelitis with Rigidity and Myoclonus.,"Fujii, Yuki; Murata, Yuki; Hokkoku, Keiichi; Chiba, Takashi; Hamada, Yuichi; Uchibori, Ayumi; Chiba, Atsuro; Kobayashi, Shunsuke; Sonoo, Masahiro",unclear_manual_review,unclear,data\extraction_json\text\11933.json,full_text,false,,low,no_reliable_count_signal,false,count_basis=no_reliable_count_signal | count_confidence=low | source_category=unclear_manual_review,heuristic_v1,2026-04-05T11:49:20.725323+00:00
11935,11935,Eculizumab for the treatment of glycine receptor antibody associated stiff-person syndrome.,"McCombe, Jennifer A; Klassen, Bryan T; Flanagan, Eoin P; Teener, James W; Zekeridou, Anastasia; Pittock, Sean J; McKeon, Andrew",unclear_manual_review,unclear,data\extraction_json\text\11935.json,full_text,false,,low,no_reliable_count_signal,false,count_basis=no_reliable_count_signal | count_confidence=low | source_category=unclear_manual_review,heuristic_v1,2026-04-05T11:49:20.735153+00:00
11936,11936,Assessment of anti-GAD65-associated cerebellar ataxia with 18F-FDG cerebellar uptake: ROC analysis.,"Sadaghiani, Mohammad S; Roman, Samantha; Wang, Yujie; Rowe, Steven P; Leal, Jeffery P; Newsome, Scott D; Solnes, Lilja B",observational_group_study,retrospective_or_cohort_group_study,data\extraction_json\text\11936.json,full_text,true,,low,no_reliable_count_signal,false,count_basis=no_reliable_count_signal | count_confidence=low | source_category=observational_group_study,heuristic_v1,2026-04-05T11:49:20.747093+00:00
11937,11937,"Centripetal Nystagmus, Slow Saccades, Cerebellar Ataxia, and Parkinsonism in a Patient With Anti-GAD65-Associated Stiff Person Syndrome Spectrum Disorder.","Hac, Nicholas E F; Murphy, Olwen C; Butala, Ankur A; Newsome, Scott D; Gold, Daniel R",conference_abstract,single_case_conference_abstract,data\extraction_json\text_trimmed\11937.json,trimmed,true,1,medium,case_report_marker_single_case,false,count_basis=case_report_marker_single_case | count_confidence=medium | source_category=conference_abstract,heuristic_v1,2026-04-05T11:49:20.753138+00:00
11939,11939,Respiratory symptoms are common in stiff person syndrome spectrum disorders and are associated with number of body regions involved.,"Pimentel Maldonado, Daniela A; Balshi, Alexandra; Hu, Chen; Fitzgerald, Kathryn C; Koshorek, Jacqueline; Reyes-Mantilla, Maria I; Obando, Danielle; Wang, Yujie; Newsome, Scott D",case_series_or_multi_case,case_series,data\extraction_json\text\11939.json,full_text,true,2,medium,abstract_count_signal,true,count_basis=abstract_count_signal | count_confidence=medium | source_category=case_series_or_multi_case,heuristic_v1,2026-04-05T11:49:20.758700+00:00
11940,11940,Rare Association of Autoimmune Limbic Encephalitis and Stiff Person Syndrome.,"Moustafa, Abdelmoniem; Alsamman, Mohd Amer; Fernandes, Denise",single_case_report,case_report,data\extraction_json\text\11940.json,full_text,true,1,medium,case_report_marker_single_case,false,count_basis=case_report_marker_single_case | count_confidence=medium | source_category=single_case_report,heuristic_v1,2026-04-05T11:49:20.761736+00:00
11941,11941,Glycine receptor antibody associated stiff person syndrome with nigrostriatal dopamine loss and levodopa responsiveness.,"Joo, Jae Young; Chang, Hee Jin; Woo, Kyung Ah; Lee, Han Sang; Kim, Han-Joon",unclear_manual_review,unclear,data\extraction_json\text\11941.json,full_text,false,1,medium,source_single_case_default,false,count_basis=source_single_case_default | count_confidence=medium | source_category=unclear_manual_review,heuristic_v1,2026-04-05T11:49:20.770413+00:00
11942,11942,Evaluation of glutamic acid decarboxylase (GAD) 65 antibody detection methods for neurological and diabetic investigation in an Australian diagnostic laboratory.,"Cecchin, Amelia; Reynolds, Claire; Ali, Syed; Hissaria, Pravin",case_series_or_multi_case,case_series,data\extraction_json\text\11942.json,full_text,true,1,medium,early_body_count_signal,true,count_basis=early_body_count_signal | count_confidence=medium | source_category=case_series_or_multi_case,heuristic_v1,2026-04-05T11:49:20.783543+00:00
11943,11943,"Coexisting Stiff Limb Syndrome, Myositis, and Myasthenia Gravis in a Patient with Thymoma.","Jiang, Yun; Hou, Shifang; Zhang, Hua; Zhang, Jinsong; Guo, Hong",single_case_report,case_report,data\extraction_json\text\11943.json,full_text,true,1,medium,case_report_marker_single_case,false,count_basis=case_report_marker_single_case | count_confidence=medium | source_category=single_case_report,heuristic_v1,2026-04-05T11:49:20.785367+00:00
11946,11946,Psychiatric Symptoms in Stiff-Person Syndrome: A Systematic Review and a Report of Two Cases.,"Nasri, Amina; Gharbi, Alya; Ouali, Uta; Mrabet, Saloua; Souissi, Amira; Jomli, Rabaa; Gargouri, Amina; Bendjebara, Mouna; Kacem, Imen; Gouider, Riadh",conference_abstract,multi_case_conference_abstract,data\extraction_json\text_trimmed\11946.json,trimmed,true,2,high,title_count_signal,false,count_basis=title_count_signal | count_confidence=high | source_category=conference_abstract,heuristic_v1,2026-04-05T11:49:20.788417+00:00
11947,11947,Asymmetric slowness and dystonic posturing.,"Casaletto, Emily; Ratliff, Jeffrey",unclear_manual_review,unclear,data\extraction_json\text\11947.json,full_text,false,1,medium,source_single_case_default,false,count_basis=source_single_case_default | count_confidence=medium | source_category=unclear_manual_review,heuristic_v1,2026-04-05T11:49:20.799323+00:00
11948,11948,A genome-wide association study in autoimmune neurological syndromes with anti-GAD65 autoantibodies.,"Strippel, Christine; Herrera-Rivero, Marisol; Wendorff, Mareike; Tietz, Anja K; Degenhardt, Frauke; Witten, Anika; Schroeter, Christina; Nelke, Christopher; Golombeck, Kristin S; Madlener, Marie; Ruber, Theodor; Ernst, Leon; Racz, Attila; Baumgartner, Tobias; Widman, Guido; Doppler, Kathrin; Thaler, Franziska; Siebenbrodt, Kai; Dik, Andre; Kerin, Constanze; Rauber, Saskia; Gallus, Marco; Kovac, Stjepana; Grauer, Oliver M; Grimm, Alexander; Pruss, Harald; Wickel, Jonathan; Geis, Christian; Lewerenz, Jan; Goebels, Norbert; Ringelstein, Marius; Menge, Til; Tackenberg, Bjorn; Kellinghaus, Christoph; Bien, Christian G; Kraft, Andrea; Zettl, Uwe; Ismail, Fatme Seval; Ayzenberg, Ilya; Urbanek, Christian; Suhs, Kurt-Wolfram; Tauber, Simone C; Mues, Sigrid; Kortvelyessy, Peter; Markewitz, Robert; Paliantonis, Asterios; Elger, Christian E; Surges, Rainer; Sommer, Claudia; Kumpfel, Tania; Gross, Catharina C; Lerche, Holger; Wellmer, Jorg; Quesada, Carlos M; Then Bergh, Florian; Wandinger, Klaus-Peter; Becker, Albert J; Kunz, Wolfram S; Meyer Zu Horste, Gerd; Malter, Michael P; Rosenow, Felix; Wiendl, Heinz; Kuhlenbaumer, Gregor; Leypoldt, Frank; Lieb, Wolfgang; Franke, Andre; Meuth, Sven G; Stoll, Monika; Melzer, Nico",observational_group_study,retrospective_or_cohort_group_study,data\extraction_json\text\11948.json,full_text,true,,low,no_reliable_count_signal,false,count_basis=no_reliable_count_signal | count_confidence=low | source_category=observational_group_study,heuristic_v1,2026-04-05T11:49:20.815453+00:00
11951,11951,Hung-up knee jerk in stiff-person syndrome.,"Chen, Tychicus",unclear_manual_review,unclear,data\extraction_json\text\11951.json,full_text,false,1,medium,source_single_case_default,false,count_basis=source_single_case_default | count_confidence=medium | source_category=unclear_manual_review,heuristic_v1,2026-04-05T11:49:20.822060+00:00
11952,11952,Glutamic acid decarboxylase antibody-associated neurological syndromes: Clinical and antibody characteristics and therapy response.,"Madlener, Marie; Strippel, Christine; Thaler, Franziska S; Doppler, Kathrin; Wandinger, Klaus P; Lewerenz, Jan; Ringelstein, Marius; Roessling, Rosa; Menge, Til; Wickel, Jonathan; Kellingshaus, Christoph; Mues, Sigrid; Kraft, Andrea; Linsa, Andreas; Tauber, Simone C; Berg, Florian Then; Gerner, Stefan T; Paliantonis, Asterios; Finke, Alexander; Priller, Josef; Schirotzek, Ingo; Suse, Marie; Suhs, Kurt W; Urbanek, Christian; Senel, Makbule; Sommer, Claudia; Kuempfel, Tania; Pruess, Harald; Fink, Gereon R; Leypoldt, Frank; Melzer, Nico; Malter, Michael P",conference_abstract,single_case_conference_abstract,data\extraction_json\text_trimmed\11952.json,trimmed,true,,low,no_reliable_count_signal,false,count_basis=no_reliable_count_signal | count_confidence=low | source_category=conference_abstract,heuristic_v1,2026-04-05T11:49:20.829600+00:00
11954,11954,Thymoma-Related Stiff-Person Syndrome with Successfully Treated by Surgery.,"Sasaki, Akihiro; Kato, Tatsuya; Ujiie, Hideki; Wakasa, Satoru; Otake, Setsuyuki; Kikuchi, Keisuke; Ohno, Koichi",single_case_report,case_report,data\extraction_json\text\11954.json,full_text,true,1,medium,case_report_marker_single_case,false,count_basis=case_report_marker_single_case | count_confidence=medium | source_category=single_case_report,heuristic_v1,2026-04-05T11:49:20.832422+00:00
11956,11956,Teaching Video NeuroImage: Hung-Up Reflex in Stiff Limb Syndrome.,"Lopez-Jimenez, Alejandro; Gutierrez-Gutierrez, Gerardo; Guerra-Hiraldo, Juan Diego; Kurtis, Monica M; Parees, Isabel",interventional_study,controlled_or_therapeutic_group_study,data\extraction_json\text\11956.json,full_text,true,1,medium,source_single_case_default,false,count_basis=source_single_case_default | count_confidence=medium | source_category=interventional_study,heuristic_v1,2026-04-05T11:49:20.836720+00:00
11957,11957,Postoperative hypotonia in a patient with stiff person syndrome: a case report and literature review.,"Elsherbini, Noha; Weingartshofer, Antonio; Backman, Steven B",single_case_report,case_report,data\extraction_json\text\11957.json,full_text,true,1,medium,case_report_marker_single_case,false,count_basis=case_report_marker_single_case | count_confidence=medium | source_category=single_case_report,heuristic_v1,2026-04-05T11:49:20.843247+00:00
11960,11960,Glutamic acid decarboxylase (GAD) antibody-positive paraneoplastic stiff person syndrome associated with mediastinal liposarcoma.,"Yohannan, Binoy; Sridhar, Arthi; Kachira, Johncy John; Jafri, Syed H",single_case_report,case_report,data\extraction_json\text\11960.json,full_text,true,1,medium,case_report_marker_single_case,false,count_basis=case_report_marker_single_case | count_confidence=medium | source_category=single_case_report,heuristic_v1,2026-04-05T11:49:20.849029+00:00
11966,11966,Pilomotor seizures in autoimmune limbic encephalitis: description of two GAD65 antibodies- related cases and literature review.,"Pondrelli, Federica; Giannoccaro, Maria Pia; Bisulli, Francesca; Ferri, Lorenzo; Menghi, Veronica; Mostacci, Barbara; Avoni, Patrizia; Liguori, Rocco; Tinuper, Paolo; Licchetta, Laura",case_series_or_multi_case,case_series,data\extraction_json\text\11966.json,full_text,true,3,medium,patient_label_count,false,count_basis=patient_label_count | count_confidence=medium | source_category=case_series_or_multi_case,heuristic_v1,2026-04-05T11:49:20.874460+00:00
11971,11971,Neuropsychiatric Manifestations of Autoimmune Encephalitis in a Tertiary Hospital: A Case Series and Current Perspectives.,"Sinha, Akriti; Smolik, Trenton J; Roy, Kamalika; Bollu, Pradeep C",case_series_or_multi_case,case_series,data\extraction_json\text\11971.json,full_text,true,7,medium,patient_label_count,false,count_basis=patient_label_count | count_confidence=medium | source_category=case_series_or_multi_case,heuristic_v1,2026-04-05T11:49:20.887940+00:00
11972,11972,Unusual presentation of stiff-person syndrome in a patient with type 1 diabetes mellitus.,"Munipalli, Bala; Shah, Jaimin S",single_case_report,case_report,data\extraction_json\text\11972.json,full_text,true,1,medium,case_report_marker_single_case,false,count_basis=case_report_marker_single_case | count_confidence=medium | source_category=single_case_report,heuristic_v1,2026-04-05T11:49:20.893332+00:00
11974,11974,Inspiratory laryngeal stridor as the main feature of progressive encephalomyelitis with rigidity and myoclonus: a case report and literature review.,"Yao, Qingyang; Fu, Maolin; Ren, Lijie; Lin, Caihong; Cao, Liming",single_case_report,case_report,data\extraction_json\text\11974.json,full_text,true,1,medium,case_report_marker_single_case,false,count_basis=case_report_marker_single_case | count_confidence=medium | source_category=single_case_report,heuristic_v1,2026-04-05T11:49:20.899255+00:00
11975,11975,Stiff Person Syndrome and Encephalitis with GAD Antibodies with Severe Anterograde Amnesia in an Adolescent: A Case Study and Literature Review.,"Herbulot, Lea; Bost, Chloe; Viguier, Agnes; Faure-Marie, Nathalie; Baudou, Eloise; Cheuret, Emmanuel",single_case_report,case_report,data\extraction_json\text\11975.json,full_text,true,1,medium,single_case_text_signal,false,count_basis=single_case_text_signal | count_confidence=medium | source_category=single_case_report,heuristic_v1,2026-04-05T11:49:20.902905+00:00
11976,11976,Severe dysautonomia in glycine receptor antibody-positive progressive encephalomyelitis with rigidity and myoclonus (PERM): A case report.,"Mizutani, Yasuaki; Adachi, Shunsuke; Nakano, Shoko; Hayashi, Kazutaka; Higashi, Atsuhiro; Kikuchi, Kouichi; Maeda, Toshiki; Murate, Kenichiro; Shima, Sayuri; Iizuka, Takahiro; Ueda, Akihiro; Ito, Mizuki; Watanabe, Hirohisa",single_case_report,case_report,data\extraction_json\text\11976.json,full_text,true,1,medium,case_report_marker_single_case,false,count_basis=case_report_marker_single_case | count_confidence=medium | source_category=single_case_report,heuristic_v1,2026-04-05T11:49:20.905893+00:00
11978,11978,Autoimmune encephalitis: the first observational study from Iran.,"Etemadifar, Masoud; Aghababaei, Ali; Nouri, Hosein; Kargaran, Parisa K; Mohammadi, Shaghayegh; Salari, Mehri",case_series_or_multi_case,case_series,data\extraction_json\text\11978.json,full_text,true,1,medium,case_report_marker_single_case,false,count_basis=case_report_marker_single_case | count_confidence=medium | source_category=case_series_or_multi_case,heuristic_v1,2026-04-05T11:49:20.910612+00:00
11979,11979,Progressive encephalomyelitis with rigidity and myoclonus (PERM).,"Grech, Neil; Caruana Galizia, John Paul; Pace, Adrian",single_case_report,case_report,data\extraction_json\text\11979.json,full_text,true,1,medium,single_case_text_signal,false,count_basis=single_case_text_signal | count_confidence=medium | source_category=single_case_report,heuristic_v1,2026-04-05T11:49:20.914431+00:00
11981,11981,Serum glutamate decarboxylase antibodies and neurological disorders: when to suspect their association?.,"Lacruz Ballester, Laura; Fernandez-Fournier, Mireya; Puertas Munoz, Inmaculada; Rodriguez Fraga, Olaia; Lastras Fernandez-Escandon, Clara; Rodriguez de Rivera Garrido, Francisco Javier; Alba Suarez, Elda Maria; Tallon Barranco, Antonio",interventional_study,controlled_or_therapeutic_group_study,data\extraction_json\text\11981.json,full_text,true,,low,no_reliable_count_signal,false,count_basis=no_reliable_count_signal | count_confidence=low | source_category=interventional_study,heuristic_v1,2026-04-05T11:49:20.925425+00:00
11984,11984,Stiff-person syndrome with rhabdomyolysis.,"Nakanishi, Toshiyuki; Kenzaka, Tsuneaki",unclear_manual_review,unclear,data\extraction_json\text\11984.json,full_text,false,1,medium,source_single_case_default,false,count_basis=source_single_case_default | count_confidence=medium | source_category=unclear_manual_review,heuristic_v1,2026-04-05T11:49:20.931727+00:00
11985,11985,Quantitative brain imaging analysis of neurological syndromes associated with anti-GAD antibodies.,"Dade, Maelle; Giry, Marine; Berzero, Giulia; Benazra, Marion; Huberfeld, Gilles; Leclercq, Delphine; Navarro, Vincent; Delattre, Jean-Yves; Psimaras, Dimitri; Alentorn, Agusti",observational_group_study,retrospective_or_cohort_group_study,data\extraction_json\text\11985.json,full_text,true,52,medium,early_body_count_signal,false,count_basis=early_body_count_signal | count_confidence=medium | source_category=observational_group_study,heuristic_v1,2026-04-05T11:49:20.945981+00:00
11988,11988,Progressive encephalomyelitis with rigidity: A Taiwanese case and review of literature.,"Chang, Anna; Lin, Kuan-Yu; Chuang, Kai-Ju; Waters, Patrick; Irani, Sarosh; Mgbachi, Victor; Yeh, Hsu-Ling; Lien, Li-Ming; Chiu, Hou-Chang; Chen, Wei-Hung",case_series_or_multi_case,case_series,data\extraction_json\text\11988.json,full_text,true,2,medium,patient_label_count,false,count_basis=patient_label_count | count_confidence=medium | source_category=case_series_or_multi_case,heuristic_v1,2026-04-05T11:49:20.963781+00:00
11990,11990,Thymoma and Autoimmune Encephalitis: Clinical Manifestations and Antibodies.,"Guasp, Mar; Landa, Jon; Martinez-Hernandez, Eugenia; Sabater, Lidia; Iizuka, Takahiro; Simabukuro, Mateus; Nakamura, Masataka; Kinoshita, Makoto; Kurihara, Masanori; Kaida, Kenichi; Bruna, Jordi; Kapetanovic, Solange; Sanchez, Pedro; Ruiz-Garcia, Raquel; Naranjo, Laura; Planaguma, Jesus; Munoz-Lopetegi, Amaia; Bataller, Luis; Saiz, Albert; Dalmau, Josep; Graus, Francesc",observational_group_study,retrospective_or_cohort_group_study,data\extraction_json\text\11990.json,full_text,true,61,medium,early_body_count_signal,true,count_basis=early_body_count_signal | count_confidence=medium | source_category=observational_group_study,heuristic_v1,2026-04-05T11:49:20.978036+00:00
12012,12012,Ocular Motor and Vestibular Characteristics of Antiglutamic Acid Decarboxylase-Associated Neurologic Disorders.,"Wang, Yujie; Tourkevich, Roksolyana; Bosley, Justin; Gold, Daniel R; Newsome, Scott D",observational_group_study,retrospective_or_cohort_group_study,data\extraction_json\text\12012.json,full_text,true,4,high,abstract_count_signal,false,count_basis=abstract_count_signal | count_confidence=high | source_category=observational_group_study,heuristic_v1,2026-04-05T11:49:20.984100+00:00
12013,12013,The effect of clinical pilates-based physiotherapy program for a Stiff Person Syndrome patient: a case report.,"Belgen Kaygisiz, Beliz; Coban, Fahriye; Selcuk, Ferda",single_case_report,case_report,data\extraction_json\text\12013.json,full_text,true,1,medium,case_report_marker_single_case,false,count_basis=case_report_marker_single_case | count_confidence=medium | source_category=single_case_report,heuristic_v1,2026-04-05T11:49:20.988529+00:00
12031,12031,Transient Neurological Symptoms Preceding Cerebellar Ataxia with Glutamic Acid Decarboxylase Antibodies.,"Muniz-Castrillo, Sergio; Vogrig, Alberto; Joubert, Bastien; Pinto, Anne-Laurie; Goncalves, David; Chaumont, Hugo; Rogemond, Veronique; Picard, Geraldine; Fabien, Nicole; Honnorat, Jerome",case_series_or_multi_case,case_series,data\extraction_json\text\12031.json,full_text,true,5,medium,patient_label_count,false,count_basis=patient_label_count | count_confidence=medium | source_category=case_series_or_multi_case,heuristic_v1,2026-04-05T11:49:21.001830+00:00
12094,12094,Diplopia management in a patient with stiff person syndrome,"Skiadopoulos, D",single_case_report,case_report,data\extraction_json\text\12094.json,full_text,true,1,medium,case_report_marker_single_case,false,count_basis=case_report_marker_single_case | count_confidence=medium | source_category=single_case_report,heuristic_v1,2026-04-05T11:49:21.003149+00:00
121,121,Stiff-man syndrome associated with antecedent myasthenia gravis and organ-specific autoimmunopathy.,"Aso, Y; Sato, A; Narimatsu, M; Takiguchi, Y; Yamaguchi, Y; Inukai, T; Takemura, Y",single_case_report,case_report,data\extraction_json\text\121.json,full_text,true,1,medium,case_report_marker_single_case,false,count_basis=case_report_marker_single_case | count_confidence=medium | source_category=single_case_report,heuristic_v1,2026-04-05T11:49:21.006066+00:00
1210,1210,Status spasticus and psoas muscle edema due to anti-GAD antibody associated stiff-man syndrome,Maramattom B.V.,single_case_report,case_report,data\extraction_json\text\1210.json,full_text,true,1,medium,case_report_marker_single_case,false,count_basis=case_report_marker_single_case | count_confidence=medium | source_category=single_case_report,heuristic_v1,2026-04-05T11:49:21.009684+00:00
12114,12114,Case Report: Amphiphysin Antibody-Associated Stiff-Limb Syndrome and Myelopathy: An Unusual Presentation of Breast Cancer in an Elderly Woman,"Gogia, B; Shanina, E; Fang, X; He, J; Li, XP",conference_abstract,single_case_conference_abstract,data\extraction_json\text\12114.json,full_text,true,1,medium,case_report_marker_single_case,false,count_basis=case_report_marker_single_case | count_confidence=medium | source_category=conference_abstract,heuristic_v1,2026-04-05T11:49:21.014105+00:00
12117,12117,Stiff-person syndrome with sensorimotor polyneuropathy - case report,"Jastrzebski, K; Romanowska, N; Rek-Paczes, M; Kepczynski, L; Plucinska, A; Galecka-Kowalska, M; Paczes, K",observational_group_study,retrospective_or_cohort_group_study,data\extraction_json\text\12117.json,full_text,true,1,medium,case_report_marker_single_case,false,count_basis=case_report_marker_single_case | count_confidence=medium | source_category=observational_group_study,heuristic_v1,2026-04-05T11:49:21.018104+00:00
12137,12137,THERAPEUTIC TRIAL OF MILACEMIDE IN PATIENTS WITH MYOCLONUS AND OTHER INTRACTABLE MOVEMENT-DISORDERS,"GORDON, MF; DIAZOLIVO, R; HUNT, AL; FAHN, S",interventional_study,controlled_or_therapeutic_group_study,data\extraction_json\text\12137.json,full_text,true,10,medium,patient_label_count,false,count_basis=patient_label_count | count_confidence=medium | source_category=interventional_study,heuristic_v1,2026-04-05T11:49:21.027021+00:00
12138,12138,Glycine Receptor Antibody-Associated Progressive Encephalomyelitis with Rigidity and Myoclonus (PERM) During SARS-CoV-2 Infection: a Video-Case Report,"Giacomozzi, S; Barone, V; Merli, E; Contardi, S; Ricciardiello, F; Giannoccaro, MP; Liguori, R; Zini, A",single_case_report,case_report,data\extraction_json\text\12138.json,full_text,true,1,medium,case_report_marker_single_case,false,count_basis=case_report_marker_single_case | count_confidence=medium | source_category=single_case_report,heuristic_v1,2026-04-05T11:49:21.028632+00:00
12141,12141,Paraneoplastic Stiff Person Syndrome With Anti-amphiphysin Antibodies Presenting With Pruritus as the Initial Manifestation: An Unusual Case,"Raj, A; Alapatt, P; Johny, P; Ashraf, VV",single_case_report,case_report,data\extraction_json\text\12141.json,full_text,true,1,medium,case_report_marker_single_case,false,count_basis=case_report_marker_single_case | count_confidence=medium | source_category=single_case_report,heuristic_v1,2026-04-05T11:49:21.032148+00:00
1215,1215,Three cases of elevated IL-1beta in common variable immunodeficiency (CVID) with autoimmune complications,Toh J.; Gavrilova T.; Rubinstein A.,case_series_or_multi_case,case_series,data\extraction_json\text\1215.json,full_text,true,3,medium,title_count_signal,true,count_basis=title_count_signal | count_confidence=medium | source_category=case_series_or_multi_case,heuristic_v1,2026-04-05T11:49:21.034593+00:00
1216,1216,Two atypical cases of stiff-person syndrome,Pires K.; Amaral C.; Pupe C.; Pessoa B.; Orsini M.; Custodio R.; Andorinho A.; Souza O.; Nascimento O.,case_series_or_multi_case,case_series,data\extraction_json\text\1216.json,full_text,true,2,high,title_count_signal,false,count_basis=title_count_signal | count_confidence=high | source_category=case_series_or_multi_case,heuristic_v1,2026-04-05T11:49:21.036696+00:00
1217,1217,Epidemiology of stiff person syndrome in the United States veterans health administration database,Galli J.; Greenlee J.; Soldan M.P.; Clardy S.,observational_group_study,retrospective_or_cohort_group_study,data\extraction_json\text\1217.json,full_text,true,79,high,abstract_count_signal,false,count_basis=abstract_count_signal | count_confidence=high | source_category=observational_group_study,heuristic_v1,2026-04-05T11:49:21.041332+00:00
1220,1220,Stiff-person syndrome exacerbated with serotonin-norepinephrine reuptake inhibitor use,Benavides D.; Newsome S.,case_series_or_multi_case,case_series,data\extraction_json\text\1220.json,full_text,true,4,high,abstract_count_signal,false,count_basis=abstract_count_signal | count_confidence=high | source_category=case_series_or_multi_case,heuristic_v1,2026-04-05T11:49:21.044797+00:00
12202,12202,Progressive Encephalomyelitis with Rigidity and Myoclonus with an Aggressive Presentation Mimicking Septic Shock: A Pediatric Case Report and Literature Review,"Ho, SCS; Leung, KY; Ng, GSF; Yiu, WL; Yau, EKC; Fong, NC",single_case_report,case_report,data\extraction_json\text\12202.json,full_text,true,1,medium,case_report_marker_single_case,false,count_basis=case_report_marker_single_case | count_confidence=medium | source_category=single_case_report,heuristic_v1,2026-04-05T11:49:21.050131+00:00
12206,12206,Paraneoplastic Stiff-Person syndrome with adenocarcinoma of the bladder and anti-glycine receptor antibodies,"Papantoniou, M; Sotiriou, K",unclear_manual_review,unclear,data\extraction_json\text\12206.json,full_text,false,1,medium,source_single_case_default,false,count_basis=source_single_case_default | count_confidence=medium | source_category=unclear_manual_review,heuristic_v1,2026-04-05T11:49:21.055672+00:00
12219,12219,Stiff person syndrome associated with dermatitis herpetiformis: a case report,"Tayebi, L; Keita, AM; Louhab, N; Zahlane, M; Benjilali, L; Essaadouni, L",single_case_report,case_report,data\extraction_json\text\12219.json,full_text,true,1,medium,case_report_marker_single_case,false,count_basis=case_report_marker_single_case | count_confidence=medium | source_category=single_case_report,heuristic_v1,2026-04-05T11:49:21.058679+00:00
12222,12222,A THERAPEUTIC TRIAL OF MILACEMIDE IN MYOCLONUS AND THE STIFF-PERSON SYNDROME,"BROWN, P; THOMPSON, PD; ROTHWELL, JC; DAY, BL; MARSDEN, CD",interventional_study,controlled_or_therapeutic_group_study,data\extraction_json\text\12222.json,full_text,true,3,high,abstract_count_signal,false,count_basis=abstract_count_signal | count_confidence=high | source_category=interventional_study,heuristic_v1,2026-04-05T11:49:21.060937+00:00
12234,12234,Anti-glycine receptor antibody-positive progressive encephalomyelitis with rigidity and myoclonus initially presenting with one-sided stiff face: A case report,"Irie, KI; Tateishi, T; Moritaka, T; Sakurada, N; Kikuchi, S; Taniwaki, T",single_case_report,case_report,data\extraction_json\text\12234.json,full_text,true,1,medium,case_report_marker_single_case,false,count_basis=case_report_marker_single_case | count_confidence=medium | source_category=single_case_report,heuristic_v1,2026-04-05T11:49:21.064667+00:00
12236,12236,Stiff person syndrome in a Nepalese man with uncontrolled diabetes mellitus and ketonuria: A rare case report,"Kharel, S; Ojha, R; Bhandari, S; Sharma, A; Parajuli, N; Karn, R; Gajurel, BP; Rajbhandari, R; Gautam, N; Shrestha, A",single_case_report,case_report,data\extraction_json\text\12236.json,full_text,true,1,medium,case_report_marker_single_case,false,count_basis=case_report_marker_single_case | count_confidence=medium | source_category=single_case_report,heuristic_v1,2026-04-05T11:49:21.066890+00:00
12244,12244,Successful management of dyspnea in a patient with stiff person syndrome with noninvasive positive-pressure ventilation: A case report,"Kim, D; Chang, MC",single_case_report,case_report,data\extraction_json\text\12244.json,full_text,true,1,medium,case_report_marker_single_case,false,count_basis=case_report_marker_single_case | count_confidence=medium | source_category=single_case_report,heuristic_v1,2026-04-05T11:49:21.071023+00:00
12246,12246,Progressive Encephalomyelitis With Rigidity and Myoclonus <i>The First Pediatric Case With Glycine Receptor Antibodies</i>,"Damásio, J; Leite, MI; Coutinho, E; Waters, P; Woodhall, M; Santos, MA; Carrilho, I; Vincent, A",unclear_manual_review,unclear,data\extraction_json\text\12246.json,full_text,false,,low,no_reliable_count_signal,false,count_basis=no_reliable_count_signal | count_confidence=low | source_category=unclear_manual_review,heuristic_v1,2026-04-05T11:49:21.083666+00:00
12247,12247,AUTOANTIBODIES TO A 128-KD SYNAPTIC PROTEIN IN 3 WOMEN WITH THE STIFF-MAN SYNDROME AND BREAST-CANCER,"FOLLI, F; SOLIMENA, M; COFIELL, R; AUSTONI, M; TALLINI, G; FASSETTA, G; BATES, D; CARTLIDGE, N; BOTTAZZO, GF; PICCOLO, G; DECAMILLI, P",lab_heavy_clinical_or_translational,group_or_frequency_focused_lab_clinical_study,data\extraction_json\text\12247.json,full_text,true,3,high,abstract_count_signal,false,count_basis=abstract_count_signal | count_confidence=high | source_category=lab_heavy_clinical_or_translational,heuristic_v1,2026-04-05T11:49:21.089589+00:00
12251,12251,Stiff limb syndrome: a case report,"Farhat, E; Zouari, M; Beyrouti, R; Ben Sassi, S; Hentati, F",conference_abstract,single_case_conference_abstract,data\extraction_json\text_trimmed\12251.json,trimmed,true,1,medium,case_report_marker_single_case,false,count_basis=case_report_marker_single_case | count_confidence=medium | source_category=conference_abstract,heuristic_v1,2026-04-05T11:49:21.123083+00:00
12262,12262,STIFF-MAN SYNDROME - REPORT OF A CASE,"TARSY, D; MIYAWAKI, EK",single_case_report,case_report,data\extraction_json\text\12262.json,full_text,true,1,medium,case_report_marker_single_case,false,count_basis=case_report_marker_single_case | count_confidence=medium | source_category=single_case_report,heuristic_v1,2026-04-05T11:49:21.127396+00:00
1227,1227,Role of plasma exchange in stiff person syndrome,Albahra S.; Yates S.; Matevosyan K.; Sarode R.,conference_abstract,group_conference_abstract,data\extraction_json\text_trimmed\1227.json,trimmed,true,1,high,abstract_count_signal,false,count_basis=abstract_count_signal | count_confidence=high | source_category=conference_abstract,heuristic_v1,2026-04-05T11:49:21.139005+00:00
12270,12270,Rapid Onset Stiff Person Syndrome,"Neeley, B; Pawar, G; Tripathi, R",conference_abstract,group_conference_abstract,data\extraction_json\text_trimmed\12270.json,trimmed,true,1,medium,source_single_case_default,false,count_basis=source_single_case_default | count_confidence=medium | source_category=conference_abstract,heuristic_v1,2026-04-05T11:49:21.178741+00:00
12288,12288,MRI abnormalities in stiff person syndrome,"Seefried, S; Homola, G; Pham, M; Sommer, C",conference_abstract,group_conference_abstract,data\extraction_json\text_trimmed\12288.json,trimmed,true,,low,no_reliable_count_signal,false,count_basis=no_reliable_count_signal | count_confidence=low | source_category=conference_abstract,heuristic_v1,2026-04-05T11:49:21.202214+00:00
1229,1229,Progressive encephalomyelitis with rigidity and myoclonus (PERM) associated with glycine receptor antibodies as first manifestation of hodgkin's lymphoma: A case report,Borellini L.; Lanfranconi S.; Trezzi I.; Franco G.; Di Fonzo A.; Bonato S.; Bresolin N.,conference_abstract,single_case_conference_abstract,data\extraction_json\text_trimmed\1229.json,trimmed,true,1,medium,case_report_marker_single_case,false,count_basis=case_report_marker_single_case | count_confidence=medium | source_category=conference_abstract,heuristic_v1,2026-04-05T11:49:21.218505+00:00
1230,1230,Stiff Person Syndrome: A female case report with focal onset and multiple limb involvement,Vaz S.; Barros A.; Calado A.; Sequeira J.; Melancia D.; Fernandes A.,conference_abstract,single_case_conference_abstract,data\extraction_json\text_trimmed\1230.json,trimmed,true,1,medium,case_report_marker_single_case,false,count_basis=case_report_marker_single_case | count_confidence=medium | source_category=conference_abstract,heuristic_v1,2026-04-05T11:49:21.240826+00:00
12301,12301,Stiff Person Syndrome Presenting with Dystonia,"Gao, F",conference_abstract,single_case_conference_abstract,data\extraction_json\text_trimmed\12301.json,trimmed,true,1,medium,case_report_marker_single_case,false,count_basis=case_report_marker_single_case | count_confidence=medium | source_category=conference_abstract,heuristic_v1,2026-04-05T11:49:21.290712+00:00
12302,12302,STIFF EYES IN STIFF-PERSON SYNDROME,"Pittock, SJ; Lennon, VA; McKeon, A",unclear_manual_review,unclear,data\extraction_json\text\12302.json,full_text,false,4,medium,early_body_count_signal,false,count_basis=early_body_count_signal | count_confidence=medium | source_category=unclear_manual_review,heuristic_v1,2026-04-05T11:49:21.301617+00:00
12305,12305,Breast Carcinoma Presenting with Anti-amphiphysin Antibody-associated Stiff-limb Syndrome,"Closas, AMD; Tan, AH; Goh, KJ; Schee, JP; See, MH; Tai, SML; Lim, SY",conference_abstract,single_case_conference_abstract,data\extraction_json\text\12305.json,full_text,true,1,medium,case_report_marker_single_case,false,count_basis=case_report_marker_single_case | count_confidence=medium | source_category=conference_abstract,heuristic_v1,2026-04-05T11:49:21.303691+00:00
1231,1231,Therapeutic challenges of stiff person syndrome: A case report,Varga E.T.; Gyorgyi Md T.; Vecsei L.,conference_abstract,single_case_conference_abstract,data\extraction_json\text_trimmed\1231.json,trimmed,true,1,medium,case_report_marker_single_case,false,count_basis=case_report_marker_single_case | count_confidence=medium | source_category=conference_abstract,heuristic_v1,2026-04-05T11:49:21.329785+00:00
12322,12322,Celiac Disease With Concurrent Stiff Person Syndrome,"Hall, H; Zheng, XN; Chastant, W; Hutchings, J",unclear_manual_review,unclear,data\extraction_json\text\12322.json,full_text,false,1,medium,source_single_case_default,false,count_basis=source_single_case_default | count_confidence=medium | source_category=unclear_manual_review,heuristic_v1,2026-04-05T11:49:21.345233+00:00
12328,12328,Painful spasms during childhood: Stiff-person syndrome,"Curado, A; Rosário, M; Gonçalves, C; Silva, D; Conceiçao, I; Coelho, J; Santos, T; Moreno, T",interventional_study,controlled_or_therapeutic_group_study,data\extraction_json\text\12328.json,full_text,true,,low,no_reliable_count_signal,false,count_basis=no_reliable_count_signal | count_confidence=low | source_category=interventional_study,heuristic_v1,2026-04-05T11:49:21.352287+00:00
1233,1233,Stiff person syndrome,Dosekova P.; Krastev G.; Haring J.; Lackovic R.,conference_abstract,single_case_conference_abstract,data\extraction_json\text_trimmed\1233.json,trimmed,true,2,medium,abstract_count_signal,true,count_basis=abstract_count_signal | count_confidence=medium | source_category=conference_abstract,heuristic_v1,2026-04-05T11:49:21.412966+00:00
12345,12345,Partial Stiff Person Syndrome as a Stroke Mimic,"Machado, D; Hodges, K",conference_abstract,group_conference_abstract,data\extraction_json\text_trimmed\12345.json,trimmed,true,,low,no_reliable_count_signal,false,count_basis=no_reliable_count_signal | count_confidence=low | source_category=conference_abstract,heuristic_v1,2026-04-05T11:49:21.441151+00:00
12358,12358,Type 1 Diabetes Mellitus and Stiff-Person Syndrome,"Araújo, CA; Baptista, C; Paiva, I; Morgadinho, A",unclear_manual_review,unclear,data\extraction_json\text\12358.json,full_text,false,1,medium,source_single_case_default,false,count_basis=source_single_case_default | count_confidence=medium | source_category=unclear_manual_review,heuristic_v1,2026-04-05T11:49:21.446589+00:00
1237,1237,Stiff person syndrome: Case series,Sasse E.; Amorelli G.; Spitz M.; Germano C.S.B.; Vasconcellos L.F.,conference_abstract,multi_case_conference_abstract,data\extraction_json\text_trimmed\1237.json,trimmed,true,3,medium,abstract_count_signal,true,count_basis=abstract_count_signal | count_confidence=medium | source_category=conference_abstract,heuristic_v1,2026-04-05T11:49:21.513078+00:00
12376,12376,Lupus revealing itself after a stiff-person syndrome,"Goëb, V; Dubreuil, F; Cabre, P; Jean-Baptiste, G; Arfi, S",unclear_manual_review,unclear,data\extraction_json\text\12376.json,full_text,false,1,medium,source_single_case_default,false,count_basis=source_single_case_default | count_confidence=medium | source_category=unclear_manual_review,heuristic_v1,2026-04-05T11:49:21.519445+00:00
12387,12387,Successful treatment of Stiff Person Syndrome with botulinum toxin,"Goncalves, A; Brunet, F; Ariton, D; De Fabregues, O",conference_abstract,group_conference_abstract,data\extraction_json\text_trimmed\12387.json,trimmed,true,1,medium,source_single_case_default,false,count_basis=source_single_case_default | count_confidence=medium | source_category=conference_abstract,heuristic_v1,2026-04-05T11:49:21.565560+00:00
1239,1239,Stiff-person syndrome and hypogammaglobulinaemia: An unusual combination,Suratannon N.; Dalm V.; Van Bilsen K.; Van Paassen P.; Tervaert J.W.C.; Driessen G.J.; Wentink M.W.; Van Der Burg M.; Van Hagen P.M.,conference_abstract,single_case_conference_abstract,data\extraction_json\text_trimmed\1239.json,trimmed,true,1,medium,case_report_marker_single_case,false,count_basis=case_report_marker_single_case | count_confidence=medium | source_category=conference_abstract,heuristic_v1,2026-04-05T11:49:21.581417+00:00
12390,12390,Stiff Person Syndrome Misdiagnosis: Clinical and Ancillary Testing Characteristics,"Chia, N; McKeon, A; Flanagan, E; Dubey, D; Zalewski, N; Pittock, S; Zekeridou, A",observational_group_study,retrospective_or_cohort_group_study,data\extraction_json\text\12390.json,full_text,true,1,medium,source_single_case_override,false,count_basis=source_single_case_override | count_confidence=medium | source_category=observational_group_study,heuristic_v1,2026-04-05T11:49:21.590729+00:00
12399,12399,Neuropsychological performance and psychiatric symptoms in stiff person syndrome,"Chan, C; Wang, YJ; Obando, D; Newsome, S",unclear_manual_review,unclear,data\extraction_json\text\12399.json,full_text,false,,low,no_reliable_count_signal,false,count_basis=no_reliable_count_signal | count_confidence=low | source_category=unclear_manual_review,heuristic_v1,2026-04-05T11:49:21.593302+00:00
12405,12405,"Immunotherapy in Stiff Person Syndrome, is Timing Really Important?","Reyes, M; Wang, YJ; Kalaitzidis, G; Pimentel, D; Koshorek, J; Obando, D; Newsome, S",observational_group_study,retrospective_or_cohort_group_study,data\extraction_json\text\12405.json,full_text,true,,low,no_reliable_count_signal,false,count_basis=no_reliable_count_signal | count_confidence=low | source_category=observational_group_study,heuristic_v1,2026-04-05T11:49:21.595959+00:00
12412,12412,Long-term effect of gabapentin in stiff limb syndrome: A case report,"Holmoy, T",single_case_report,case_report,data\extraction_json\text\12412.json,full_text,true,1,medium,case_report_marker_single_case,false,count_basis=case_report_marker_single_case | count_confidence=medium | source_category=single_case_report,heuristic_v1,2026-04-05T11:49:21.597240+00:00
12414,12414,The stiff limb syndrome - a new case and a literature review,"Bartsch, T; Herzog, J; Baron, R; Deuschl, G",single_case_report,case_report,data\extraction_json\text\12414.json,full_text,true,1,medium,case_report_marker_single_case,false,count_basis=case_report_marker_single_case | count_confidence=medium | source_category=single_case_report,heuristic_v1,2026-04-05T11:49:21.598663+00:00
1242,1242,Stiff-person syndrome in association with cerebellar ataxia: Overlapping syndrome: A case report,Chauhan V.H.; Jowkar A.A.,conference_abstract,single_case_conference_abstract,data\extraction_json\text_trimmed\1242.json,trimmed,true,1,medium,case_report_marker_single_case,false,count_basis=case_report_marker_single_case | count_confidence=medium | source_category=conference_abstract,heuristic_v1,2026-04-05T11:49:21.616163+00:00
12424,12424,Unanticipated Improvement of Stiff Person Syndrome after severe COVID-19,"Tofade, T; Shaulov, S; Surathi, P; Mulvey, M; Marks, D",unclear_manual_review,unclear,data\extraction_json\text\12424.json,full_text,false,1,medium,source_single_case_default,false,count_basis=source_single_case_default | count_confidence=medium | source_category=unclear_manual_review,heuristic_v1,2026-04-05T11:49:21.623867+00:00
12428,12428,"Unrecognized thymoma-associated paraneoplastic ""stiff person"" syndrome - a case report","Novoselska, N; Mateva, G; Bochev, P",conference_abstract,single_case_conference_abstract,data\extraction_json\text_trimmed\12428.json,trimmed,true,1,medium,case_report_marker_single_case,false,count_basis=case_report_marker_single_case | count_confidence=medium | source_category=conference_abstract,heuristic_v1,2026-04-05T11:49:21.669845+00:00
12433,12433,AUTOANTIBODIES TO GABAERGIC NEURONS AND RESPONSE TO PLASMAPHERESIS IN STIFF-MAN SYNDROME,"BRASHEAR, HR; PHILLIPS, LH",observational_group_study,retrospective_or_cohort_group_study,data\extraction_json\text\12433.json,full_text,true,1,medium,case_report_marker_single_case,false,count_basis=case_report_marker_single_case | count_confidence=medium | source_category=observational_group_study,heuristic_v1,2026-04-05T11:49:21.675449+00:00
12437,12437,SEROTONIN-NOREPINEPHRINE REUPTAKE INHIBITORS MAY EXACERBATE STIFF-PERSON SYNDROME,"Benavides, DR; Newsome, SD",case_series_or_multi_case,case_series,data\extraction_json\text\12437.json,full_text,true,1,medium,source_single_case_override,false,count_basis=source_single_case_override | count_confidence=medium | source_category=case_series_or_multi_case,heuristic_v1,2026-04-05T11:49:21.681173+00:00
12440,12440,The Evolving Spectrum of Gastrointestinal Dysfunction in Stiff Person Syndrome,"Koshorek, J; Maldonado, DP; Reyes-Mantilla, M; Obando, D; Wang, YJ; Newsome, S",observational_group_study,retrospective_or_cohort_group_study,data\extraction_json\text\12440.json,full_text,true,211,medium,early_body_count_signal,true,count_basis=early_body_count_signal | count_confidence=medium | source_category=observational_group_study,heuristic_v1,2026-04-05T11:49:21.684524+00:00
1245,1245,Bilateral hip fracture during hospitalization for spasm exacerbation in an adult with stiff person syndrome: A case report,Podobinski T.K.; Mimbella P.C.; Irvine M.J.; Verduzco-Gutierrez M.,conference_abstract,single_case_conference_abstract,data\extraction_json\text\1245.json,full_text,true,1,medium,case_report_marker_single_case,false,count_basis=case_report_marker_single_case | count_confidence=medium | source_category=conference_abstract,heuristic_v1,2026-04-05T11:49:21.687940+00:00
12457,12457,TREATMENT OF STIFF MAN SYNDROME WITH INTRAVENOUS IMMUNOGLOBULIN,"CORNMAN, EW; AMATO, AA; KISSEL, JT",case_series_or_multi_case,case_series,data\extraction_json\text\12457.json,full_text,true,3,medium,early_body_count_signal,false,count_basis=early_body_count_signal | count_confidence=medium | source_category=case_series_or_multi_case,heuristic_v1,2026-04-05T11:49:21.696988+00:00
1246,1246,Acute rehabilitation of a patient with stiff person syndrome (SPS) and GAD-antibody cerebellar Ataxia: A case report,Strong N.A.; Love N.F.; Brusky K.M.; Salim S.,single_case_report,case_report,data\extraction_json\text\1246.json,full_text,true,1,medium,case_report_marker_single_case,false,count_basis=case_report_marker_single_case | count_confidence=medium | source_category=single_case_report,heuristic_v1,2026-04-05T11:49:21.701916+00:00
12465,12465,Successful treatment of stiff man syndrome with intravenous immunoglobulin,"Barker, RA; Marsden, CD",single_case_report,case_report,data\extraction_json\text\12465.json,full_text,true,1,medium,source_single_case_default,false,count_basis=source_single_case_default | count_confidence=medium | source_category=single_case_report,heuristic_v1,2026-04-05T11:49:21.712129+00:00
1247,1247,A novel approach to the treatment of stiff-person-syndrome with botulinum toxin: A case report,Shah C.D.; Bunzol D.,single_case_report,case_report,data\extraction_json\text\1247.json,full_text,true,1,medium,case_report_marker_single_case,false,count_basis=case_report_marker_single_case | count_confidence=medium | source_category=single_case_report,heuristic_v1,2026-04-05T11:49:21.718916+00:00
12473,12473,Stiff-person syndrome - a 15-year review at a tertiary hospital,"Rodrigues, R; Sousa, L; Samoes, R; Caçao, G; Chaves, J; Cardoso, M; Barros, J; Santos, E; Damásio, J",conference_abstract,group_conference_abstract,data\extraction_json\text_trimmed\12473.json,trimmed,true,1,medium,source_single_case_default,false,count_basis=source_single_case_default | count_confidence=medium | source_category=conference_abstract,heuristic_v1,2026-04-05T11:49:21.756280+00:00
12474,12474,F-18 fluorodeoxyglucose positron emission tomography/computed tomography muscle uptake in antiglutamic acid decarboxylase antibody-positive stiff-person syndrome,"Kamaleshwaran, KK; Ramkumar, E; Senthilkumar, E",unclear_manual_review,unclear,data\extraction_json\text\12474.json,full_text,false,,low,no_reliable_count_signal,false,count_basis=no_reliable_count_signal | count_confidence=low | source_category=unclear_manual_review,heuristic_v1,2026-04-05T11:49:21.764454+00:00
1248,1248,How a flexible differential yielded an elusive diagnosis: A case report,Ross K.; Harrington A.; Khurana S.R.,single_case_report,case_report,data\extraction_json\text\1248.json,full_text,true,1,medium,case_report_marker_single_case,false,count_basis=case_report_marker_single_case | count_confidence=medium | source_category=single_case_report,heuristic_v1,2026-04-05T11:49:21.769344+00:00
12484,12484,Stiff-person Syndrome Associated with Anti-Yo1 Antibodies: A Case Report,"Chekanova, E; Luneva, I; Kozlova, A; Smetanina, O; Zakharova, M",single_case_report,case_report,data\extraction_json\text\12484.json,full_text,true,1,medium,case_report_marker_single_case,false,count_basis=case_report_marker_single_case | count_confidence=medium | source_category=single_case_report,heuristic_v1,2026-04-05T11:49:21.770495+00:00
12486,12486,Early Predictors of Future Disability in Stiff Person Syndrome Spectrum Disorders,"Wang, Y; Hu, C; Mukharesh, L; Aljarallah, S; Reyes-Mantilla, M; Comisac, M; Balshi, A; Obando, D; Snoops, S; Fitzgerald, K; Newsome, S",observational_group_study,retrospective_or_cohort_group_study,data\extraction_json\text\12486.json,full_text,true,235,medium,early_body_count_signal,false,count_basis=early_body_count_signal | count_confidence=medium | source_category=observational_group_study,heuristic_v1,2026-04-05T11:49:21.773774+00:00
1249,1249,Thymic abnormalities and stiff person syndrome,Yanlin R.C.; Kabir T.; Asmat A.; Basheer D.; Aneez A.,case_series_or_multi_case,case_series,data\extraction_json\text\1249.json,full_text,true,2,high,abstract_count_signal,false,count_basis=abstract_count_signal | count_confidence=high | source_category=case_series_or_multi_case,heuristic_v1,2026-04-05T11:49:21.778456+00:00
12495,12495,ATYPICAL STIFF PERSON SYNDROME WITH ANTI-IGLON5 ANTIBODIES: A CASE REPORT,"Castellano, C; Bellucci, M; Germano, F; Gemelli, C; Marinelli, L; Lechiara, A; Schenone, A; Franciotta, D; Benedetti, L",conference_abstract,single_case_conference_abstract,data\extraction_json\text_trimmed\12495.json,trimmed,true,1,medium,case_report_marker_single_case,false,count_basis=case_report_marker_single_case | count_confidence=medium | source_category=conference_abstract,heuristic_v1,2026-04-05T11:49:21.783066+00:00
12497,12497,Late-onset Stiff Person Syndrome (SPS): Challenges in Diagnosis and Management,"Yi, J; Dalakas, M",unclear_manual_review,unclear,data\extraction_json\text\12497.json,full_text,false,5,medium,early_body_count_signal,false,count_basis=early_body_count_signal | count_confidence=medium | source_category=unclear_manual_review,heuristic_v1,2026-04-05T11:49:21.786085+00:00
12501,12501,Stiff person syndrome is commonly associated with gastrointestinal symptoms and dysmotility,"Villatoro, L; Barahona, G; McKnight, M; Burns, R; Koshorek, J; Newsome, S; Pasricha, PJ",conference_abstract,group_conference_abstract,data\extraction_json\text\12501.json,full_text,true,,low,no_reliable_count_signal,false,count_basis=no_reliable_count_signal | count_confidence=low | source_category=conference_abstract,heuristic_v1,2026-04-05T11:49:21.788500+00:00
12502,12502,"Immunological, Physical, and Psychological Interventions in Young-Onset Stiff-Person Syndrome","Phua, CS; Bhaskar, S",unclear_manual_review,unclear,data\extraction_json\text\12502.json,full_text,false,1,medium,source_single_case_default,false,count_basis=source_single_case_default | count_confidence=medium | source_category=unclear_manual_review,heuristic_v1,2026-04-05T11:49:21.794503+00:00
1251,1251,Double trouble: Opisthotonos associated with guillain-barre Syndrome and GAD autoantibody,Alwis A.; Ram D.; Vassallo G.,conference_abstract,group_conference_abstract,data\extraction_json\text_trimmed\1251.json,trimmed,true,1,medium,case_report_marker_single_case,false,count_basis=case_report_marker_single_case | count_confidence=medium | source_category=conference_abstract,heuristic_v1,2026-04-05T11:49:21.803246+00:00
12512,12512,Teaching Neuro<i>Images</i>: PET-CT hypermetabolism paralleling muscle hyperactivity in stiff-person syndrome,"O'Toole, O; Murphy, R; Tracy, JA; McKeon, A",unclear_manual_review,unclear,data\extraction_json\text\12512.json,full_text,false,1,medium,source_single_case_default,false,count_basis=source_single_case_default | count_confidence=medium | source_category=unclear_manual_review,heuristic_v1,2026-04-05T11:49:21.806513+00:00
12515,12515,Stiff-Person Syndrome <i>Persistent Elevation of Glutamic Acid Decarboxylase Antibodies Despite Successful Treatment With Rituximab</i>,"Bacorro, EA; Tehrani, R",single_case_report,case_report,data\extraction_json\text\12515.json,full_text,true,1,medium,case_report_marker_single_case,false,count_basis=case_report_marker_single_case | count_confidence=medium | source_category=single_case_report,heuristic_v1,2026-04-05T11:49:21.809989+00:00
12517,12517,THE ACOUSTIC STARTLE REFLEX IN STIFF-MAN SYNDROME,"MATSUMOTO, JY; CAVINESS, JN; MCEVOY, KM",case_series_or_multi_case,case_series,data\extraction_json\text\12517.json,full_text,true,8,high,abstract_count_signal,false,count_basis=abstract_count_signal | count_confidence=high | source_category=case_series_or_multi_case,heuristic_v1,2026-04-05T11:49:21.811993+00:00
12531,12531,STIFF-MAN SYNDROME AND ENCEPHALOMYELITIS MAY COEXIST - CLINICAL-PATHOLOGICAL CORRELATIONS,"ARMON, C; SWANSON, JW; MCLEAN, JM; WESTBROOK, PR; OKAZAKI, H; KURTIN, PJ; KAYLANRAMAN, UP; RODRIGUEZ, MR",conference_abstract,single_case_conference_abstract,data\extraction_json\text_trimmed\12531.json,trimmed,true,1,medium,source_single_case_default,false,count_basis=source_single_case_default | count_confidence=medium | source_category=conference_abstract,heuristic_v1,2026-04-05T11:49:21.820141+00:00
12532,12532,Standing Still: A Case of Stiff-person Syndrome and Common Variable Immunodeficiency,"Escobar, S; Khazar, V; Szema, A",single_case_report,case_report,data\extraction_json\text\12532.json,full_text,true,1,medium,case_report_marker_single_case,false,count_basis=case_report_marker_single_case | count_confidence=medium | source_category=single_case_report,heuristic_v1,2026-04-05T11:49:21.821582+00:00
12536,12536,Misdiagnosis of Stiff Person Syndrome Spectrum Disorders: Identifying the Most Common Culprits,"Roy, S; Wang, YJ; Newsome, S",observational_group_study,retrospective_or_cohort_group_study,data\extraction_json\text\12536.json,full_text,true,240,medium,early_body_count_signal,true,count_basis=early_body_count_signal | count_confidence=medium | source_category=observational_group_study,heuristic_v1,2026-04-05T11:49:21.826044+00:00
12537,12537,Caesarean section under spinal anaesthesia for a patient with stiff person syndrome,"Forbes, A; Skelton, V",single_case_report,case_report,data\extraction_json\text\12537.json,full_text,true,1,medium,case_report_marker_single_case,false,count_basis=case_report_marker_single_case | count_confidence=medium | source_category=single_case_report,heuristic_v1,2026-04-05T11:49:21.827131+00:00
12538,12538,Characterization of Spasm-Related Respiratory Impairment in Stiff Person Syndrome Spectrum Disorders,"Maldonado, DP; Koshorek, J; Reyes-Mantilla, M; Obando, D; Wang, YJ; Newsome, S",observational_group_study,retrospective_or_cohort_group_study,data\extraction_json\text\12538.json,full_text,true,,low,no_reliable_count_signal,false,count_basis=no_reliable_count_signal | count_confidence=low | source_category=observational_group_study,heuristic_v1,2026-04-05T11:49:21.829613+00:00
12545,12545,Case Report: Deep Brain Stimulation as a Potential Treatment for Stiff-Person Syndrome,"Shah, E; Isfahani, S; Swope, D",case_series_or_multi_case,case_series,data\extraction_json\text\12545.json,full_text,true,1,medium,case_report_marker_single_case,false,count_basis=case_report_marker_single_case | count_confidence=medium | source_category=case_series_or_multi_case,heuristic_v1,2026-04-05T11:49:21.830959+00:00
12554,12554,Botulinum Toxin Could Be Helpful as an Adjunct Therapy in Stiff Person Syndrome,"Roman, S; Taylor, E; Newsome, S; Moukheiber, E",conference_abstract,group_conference_abstract,data\extraction_json\text_trimmed\12554.json,trimmed,true,,low,no_reliable_count_signal,false,count_basis=no_reliable_count_signal | count_confidence=low | source_category=conference_abstract,heuristic_v1,2026-04-05T11:49:21.850318+00:00
12567,12567,A Case of Stiff Person Syndrome with Response to Methotrexate Therapy for Lymphoma,"Birjandian, Z; Graber, J",single_case_report,case_report,data\extraction_json\text\12567.json,full_text,true,1,medium,case_report_marker_single_case,false,count_basis=case_report_marker_single_case | count_confidence=medium | source_category=single_case_report,heuristic_v1,2026-04-05T11:49:21.852398+00:00
1257,1257,Left-side asymmetry in cortical and spinal inhibitory circuits in stiff-person syndrome: A case report,Bocek V.; Cvickova B.; Peisker T.; Stetkarova I.,conference_abstract,single_case_conference_abstract,data\extraction_json\text\1257.json,full_text,true,1,medium,case_report_marker_single_case,false,count_basis=case_report_marker_single_case | count_confidence=medium | source_category=conference_abstract,heuristic_v1,2026-04-05T11:49:21.855920+00:00
12584,12584,Stiff person syndrome vs functional neurological disorder: two patients with hyperkinetic movement disorder,"Garcia, J; Mireles, S; Martinez, Y; Alcocer, A",conference_abstract,group_conference_abstract,data\extraction_json\text_trimmed\12584.json,trimmed,true,2,medium,title_count_signal,true,count_basis=title_count_signal | count_confidence=medium | source_category=conference_abstract,heuristic_v1,2026-04-05T11:49:21.857149+00:00
12594,12594,Rituximab is Associated with Limiting Progression in Individuals with Stiff Person Syndrome Spectrum Disorders,"Harrison, K; Hu, C; Aljarallah, S; Wang, Y; Fitzgerald, K; Newsome, S",observational_group_study,retrospective_or_cohort_group_study,data\extraction_json\text\12594.json,full_text,true,,low,no_reliable_count_signal,false,count_basis=no_reliable_count_signal | count_confidence=low | source_category=observational_group_study,heuristic_v1,2026-04-05T11:49:21.861292+00:00
126,126,Stiff-man syndrome: possible autoimmune etiology targeted against GABA-ergic cells.,"Warich-Kirches, M; Von Bossanyi, P; Treuheit, T; Kirches, E; Dietzmann, K; Feistner, H; Wittig, H",case_series_or_multi_case,case_series,data\extraction_json\text\126.json,full_text,true,1,medium,single_case_text_signal,false,count_basis=single_case_text_signal | count_confidence=medium | source_category=case_series_or_multi_case,heuristic_v1,2026-04-05T11:49:21.865232+00:00
12600,12600,Catatonia or Depression - A Diagnostic Dilemma in Stiff Person Syndrome: A rare case report,"Das, D; Mamtani, H; Prasad, K",single_case_report,case_report,data\extraction_json\text\12600.json,full_text,true,1,medium,case_report_marker_single_case,false,count_basis=case_report_marker_single_case | count_confidence=medium | source_category=single_case_report,heuristic_v1,2026-04-05T11:49:21.866293+00:00
12613,12613,AUTOANTIBODIES TO GABAERGIC NEURONS AND PANCREATIC BETA-CELLS IN STIFF-MAN SYNDROME,"SOLIMENA, M; FOLLI, F; APARISI, R; POZZA, G; DECAMILLI, P",single_case_report,case_report,data\extraction_json\text\12613.json,full_text,true,1,medium,source_single_case_override,false,count_basis=source_single_case_override | count_confidence=medium | source_category=single_case_report,heuristic_v1,2026-04-05T11:49:21.874668+00:00
12623,12623,Inpatient care for stiff person syndrome in the United States: A nationwide readmission study,"Crispo, J; Thibault, D; Fortin, Y; Willis, A",interventional_study,controlled_or_therapeutic_group_study,data\extraction_json\text\12623.json,full_text,true,182,medium,early_body_count_signal,true,count_basis=early_body_count_signal | count_confidence=medium | source_category=interventional_study,heuristic_v1,2026-04-05T11:49:21.883726+00:00
12627,12627,Coexistence of neuromyelitis optica and stiff person syndrome in a single patient: a case report,"Thuringer, A; Jassam, Y",single_case_report,case_report,data\extraction_json\text\12627.json,full_text,true,1,medium,case_report_marker_single_case,false,count_basis=case_report_marker_single_case | count_confidence=medium | source_category=single_case_report,heuristic_v1,2026-04-05T11:49:21.885264+00:00
12630,12630,Autologous Haematopoietic Stem Cell Transplantation (Auto-HSCT) in Stiff Person Syndrome (SPS): The Sheffield Experience,"Thorpe, AE; Kass-Iliyya, L; Jessop, H; Chantry, A; Hadjivassiliou, M; Sharrack, B; Snowden, JA",case_series_or_multi_case,case_series,data\extraction_json\text\12630.json,full_text,true,2,medium,early_body_count_signal,false,count_basis=early_body_count_signal | count_confidence=medium | source_category=case_series_or_multi_case,heuristic_v1,2026-04-05T11:49:21.890996+00:00
12642,12642,Identifying Key Components for Diagnosing Stiff Person Syndrome Spectrum Disorders: A Sensitivity and Specificity Study,"Roy, S; Hu, C; Wang, YJ; Fitzgerald, K; Newsome, S",unclear_manual_review,unclear,data\extraction_json\text\12642.json,full_text,false,,low,no_reliable_count_signal,false,count_basis=no_reliable_count_signal | count_confidence=low | source_category=unclear_manual_review,heuristic_v1,2026-04-05T11:49:21.893559+00:00
12643,12643,"Allodynia, rigidity and gait disturbance","Ruiz-Ortiz, M; Díaz-Santiáñez, M; Azcárate-Díaz, FJ; Gonzalo-Martínez, JF; Moreno-García, S; Ruiz-García, R; Calleja-Castaño, P",unclear_manual_review,unclear,data\extraction_json\text\12643.json,full_text,false,1,medium,source_single_case_default,false,count_basis=source_single_case_default | count_confidence=medium | source_category=unclear_manual_review,heuristic_v1,2026-04-05T11:49:21.901028+00:00
12660,12660,Epilepsia Partialis Continua & Stiff Person Syndrome Occurring Together in a Child with Anti-GAD Antibody Positivity,"Varma-Doyle, A; Vega, J; Wojcicki, K; Weimer, M; Miller, D",single_case_report,case_report,data\extraction_json\text\12660.json,full_text,true,1,medium,single_case_text_signal,false,count_basis=single_case_text_signal | count_confidence=medium | source_category=single_case_report,heuristic_v1,2026-04-05T11:49:21.902192+00:00
12663,12663,Stiff-person syndrome with paraneoplastic neurological syndrome: a case report and literature review,"Zhang, HW; Wei, WS",single_case_report,case_report,data\extraction_json\text\12663.json,full_text,true,1,medium,case_report_marker_single_case,false,count_basis=case_report_marker_single_case | count_confidence=medium | source_category=single_case_report,heuristic_v1,2026-04-05T11:49:21.906790+00:00
12664,12664,Use of Immunotherapy and Symptomatic Therapy Differs Between Clinical Phenotypes of Stiff Person Syndrome Spectrum Disorders,"Simpson, A; Balshi, A; Obando, D; Miles, A; Taylor, E; Snoops, S; Wang, YJ; Newsome, S",unclear_manual_review,unclear,data\extraction_json\text\12664.json,full_text,false,,low,no_reliable_count_signal,false,count_basis=no_reliable_count_signal | count_confidence=low | source_category=unclear_manual_review,heuristic_v1,2026-04-05T11:49:21.909423+00:00
12668,12668,Stiff Person Syndrome <i>Presentation of a Case With Repetitive Complex Discharges in Electromiograms</i>,"Caballero, PEJ",single_case_report,case_report,data\extraction_json\text\12668.json,full_text,true,1,medium,case_report_marker_single_case,false,count_basis=case_report_marker_single_case | count_confidence=medium | source_category=single_case_report,heuristic_v1,2026-04-05T11:49:21.912471+00:00
12679,12679,Longitudinal brain and skeletal muscle FDG-PET changes in people with stiff person syndrome spectrum disorders,"Roman, S; Wang, YJ; Sadaghiani, M; Newsome, S",unclear_manual_review,unclear,data\extraction_json\text\12679.json,full_text,false,,low,no_reliable_count_signal,false,count_basis=no_reliable_count_signal | count_confidence=low | source_category=unclear_manual_review,heuristic_v1,2026-04-05T11:49:21.916453+00:00
12682,12682,PURELY TORSIONAL NYSTAGMUS IN A PATIENT WITH THE STIFF-MAN SYNDROME - A CASE-REPORT,"STEARNS, MQ; SINOFF, SE; ROSENBERG, ML",conference_abstract,single_case_conference_abstract,data\extraction_json\text_trimmed\12682.json,trimmed,true,1,medium,case_report_marker_single_case,false,count_basis=case_report_marker_single_case | count_confidence=medium | source_category=conference_abstract,heuristic_v1,2026-04-05T11:49:21.942098+00:00
12683,12683,"Stiff person syndrome (SPS), a basal ganglia disease?: Striatal MRI lesions in a patient with SPS","Santervas, PLG; Padillo, AA; Castro, PS; Romero, JO; Callejón, JR; Verdegay, GA; Hurtado, AH",single_case_report,case_report,data\extraction_json\text\12683.json,full_text,true,1,medium,case_report_marker_single_case,false,count_basis=case_report_marker_single_case | count_confidence=medium | source_category=single_case_report,heuristic_v1,2026-04-05T11:49:21.944425+00:00
12687,12687,GABAergic Changes in <SUP>11</SUP>C-Flumazenil PET in the Drug-Naive Stiff-Person Syndrome,"Kim, MJ; Lim, YM; Kim, JS; Kim, KK",unclear_manual_review,unclear,data\extraction_json\text\12687.json,full_text,false,1,medium,source_single_case_default,false,count_basis=source_single_case_default | count_confidence=medium | source_category=unclear_manual_review,heuristic_v1,2026-04-05T11:49:21.951729+00:00
12691,12691,Cascade apheresis as a monotherapy or in combination with IVIG in therapy of stiff-person syndrome,"Mikhailova, V; Degterev, D",case_series_or_multi_case,case_series,data\extraction_json\text\12691.json,full_text,true,1,medium,source_single_case_override,false,count_basis=source_single_case_override | count_confidence=medium | source_category=case_series_or_multi_case,heuristic_v1,2026-04-05T11:49:21.954837+00:00
12696,12696,"A DOUBLE-BLIND, PLACEBO-CONTROLLED TRIAL OF INTRATHECAL BACLOFEN THERAPY IN STIFF-MAN SYNDROME","MCEVOY, KM; SILBERT, PL; STOLPSMITH, KA; MATSUMOTO, JY; MCMANIS, PG; ELLIOTT, BA",single_case_report,case_report,data\extraction_json\text\12696.json,full_text,true,1,medium,source_single_case_default,false,count_basis=source_single_case_default | count_confidence=medium | source_category=single_case_report,heuristic_v1,2026-04-05T11:49:21.958833+00:00
12697,12697,A Case of Stiff Person Syndrome Complicated by Acute Interstitial Pneumonia: Successful Treatment With IVIG and Glucocorticoids,"Kumar, K; Chung, J",single_case_report,case_report,data\extraction_json\text\12697.json,full_text,true,1,medium,case_report_marker_single_case,false,count_basis=case_report_marker_single_case | count_confidence=medium | source_category=single_case_report,heuristic_v1,2026-04-05T11:49:21.959850+00:00
127,127,Sporadic Stiffman syndrome in a young girl.,"Udani, V P; Dharnidharka, V R; Gajendragadkar, A R; Udani, S V",single_case_report,case_report,data\extraction_json\text\127.json,full_text,true,1,medium,source_single_case_default,false,count_basis=source_single_case_default | count_confidence=medium | source_category=single_case_report,heuristic_v1,2026-04-05T11:49:21.968378+00:00
12700,12700,GAD65 Antibody-Associated Neurologic Disease Presenting With Hemiparkinsonism at Onset,"Patel, RA; Joyce, J; Witek, N; Afshari, M",single_case_report,case_report,data\extraction_json\text\12700.json,full_text,true,1,medium,case_report_marker_single_case,false,count_basis=case_report_marker_single_case | count_confidence=medium | source_category=single_case_report,heuristic_v1,2026-04-05T11:49:21.969630+00:00
12720,12720,STIFF-MAN SYNDROME,"TORO, C; JACOBWITZ, DM; HALLETT, M",case_series_or_multi_case,case_series,data\extraction_json\text\12720.json,full_text,true,1,medium,source_single_case_default,false,count_basis=source_single_case_default | count_confidence=medium | source_category=case_series_or_multi_case,heuristic_v1,2026-04-05T11:49:21.976374+00:00
12726,12726,STIFF-MAN-SYNDROME-80 - A VARIANT ASSOCIATED WITH ABNORMAL VISUAL PROCESSING AND A NEW ANTINEURONAL ANTIBODY,"DARNELL, RB; RUBIN, M; VICTOR, J; PLUM, F",conference_abstract,single_case_conference_abstract,data\extraction_json\text_trimmed\12726.json,trimmed,true,1,medium,source_single_case_default,false,count_basis=source_single_case_default | count_confidence=medium | source_category=conference_abstract,heuristic_v1,2026-04-05T11:49:21.982983+00:00
1273,1273,Long-term efficacy of pregabalin in stiff person syndrome,Sofia V.; Reggio E.; Giuliano L.; Fatuzzo D.; Sueri C.; Sciacca G.; Zappia M.,unclear_manual_review,unclear,data\extraction_json\text\1273.json,full_text,false,1,medium,source_single_case_default,false,count_basis=source_single_case_default | count_confidence=medium | source_category=unclear_manual_review,heuristic_v1,2026-04-05T11:49:21.988337+00:00
12741,12741,Glycine receptor autoantibodies bind to the glycine receptor β subunit representing a novel target of stiff person syndrome,"Eckes, AL; Piro, I; Seefried, S; Tüzün, E; Sommer, C; Villmann, C",conference_abstract,group_conference_abstract,data\extraction_json\text_trimmed\12741.json,trimmed,true,,low,no_reliable_count_signal,false,count_basis=no_reliable_count_signal | count_confidence=low | source_category=conference_abstract,heuristic_v1,2026-04-05T11:49:21.993200+00:00
12751,12751,Anti-Glycine Receptor Antibody-Associated Lateral Tractopathy,"Vázquez-Vélez, GE; Perez, EJ",unclear_manual_review,unclear,data\extraction_json\text\12751.json,full_text,false,1,medium,source_single_case_default,false,count_basis=source_single_case_default | count_confidence=medium | source_category=unclear_manual_review,heuristic_v1,2026-04-05T11:49:21.996446+00:00
12755,12755,STIFF-MAN SYNDROME,"MCEVOY, KM",single_case_report,case_report,data\extraction_json\text\12755.json,full_text,true,1,medium,source_single_case_default,false,count_basis=source_single_case_default | count_confidence=medium | source_category=single_case_report,heuristic_v1,2026-04-05T11:49:22.004471+00:00
12758,12758,Defining the Expanding Clinical Spectrum of Pediatric Onset Stiff-Person Syndrome (p-SPS) and Differentiating this from Mimics,"Yeshokumar, AK; Sun, LR; Newsome, SD",conference_abstract,group_conference_abstract,data\extraction_json\text_trimmed\12758.json,trimmed,true,6,medium,early_body_count_signal,false,count_basis=early_body_count_signal | count_confidence=medium | source_category=conference_abstract,heuristic_v1,2026-04-05T11:49:22.013827+00:00
12760,12760,Therapeutic Plasma Exchange in the Management of Stiff Person Syndrome Spectrum Disorders: A Case Series and Review of the Literature,"Roy, S; Mercure-Corriveau, N; Obando, D; Wang, YJ; Daou, L; Tobian, A; Bloch, E; Newsome, S",interventional_study,controlled_or_therapeutic_group_study,data\extraction_json\text\12760.json,full_text,true,39,medium,early_body_count_signal,false,count_basis=early_body_count_signal | count_confidence=medium | source_category=interventional_study,heuristic_v1,2026-04-05T11:49:22.033682+00:00
12762,12762,The use of combined therapy with CFPE and IVIG in a patient with refractory standard therapy for stiff person syndrome,"Tkachenko, V; Makaruk, J; Degterev, D; Nikitina, A; Smolentseva, K; Ginzberg, M",single_case_report,case_report,data\extraction_json\text\12762.json,full_text,true,1,medium,case_report_marker_single_case,false,count_basis=case_report_marker_single_case | count_confidence=medium | source_category=single_case_report,heuristic_v1,2026-04-05T11:49:22.035858+00:00
12767,12767,Brachial monomelic amyotrophy as an initial manifestation of stiff person syndrome,"Ray, S; Kamath, V; Rajesh, KN",single_case_report,case_report,data\extraction_json\text\12767.json,full_text,true,1,medium,case_report_marker_single_case,false,count_basis=case_report_marker_single_case | count_confidence=medium | source_category=single_case_report,heuristic_v1,2026-04-05T11:49:22.041983+00:00
12780,12780,Neuropsychological Evaluation and Cognitive Profile of Stiff Person Syndrome (SPS) in a Predominantly Spanish-Speaking Older Adult: Is Cognition Really Affected?,"Saldana, DG; Suarez, P",unclear_manual_review,unclear,data\extraction_json\text\12780.json,full_text,false,,low,no_reliable_count_signal,false,count_basis=no_reliable_count_signal | count_confidence=low | source_category=unclear_manual_review,heuristic_v1,2026-04-05T11:49:22.046872+00:00
12785,12785,STIFF-MAN SYNDROME IN A PATIENT WITH HODGKINS-DISEASE - AN UNUSUAL PARANEOPLASTIC SYNDROME,"FERRARI, P; FEDERICO, M; GRIMALDI, LME; SILINGARDI, V",observational_group_study,retrospective_or_cohort_group_study,data\extraction_json\text\12785.json,full_text,true,1,medium,case_report_marker_single_case,false,count_basis=case_report_marker_single_case | count_confidence=medium | source_category=observational_group_study,heuristic_v1,2026-04-05T11:49:22.050883+00:00
12798,12798,A CASE OF PROGRESSIVE ENCEPHALOMYELITIS WITH RIGIDITY AND POSITIVE ANTIGLUTAMIC ACID DEHYDROGENASE ANTIBODIES,"BURN, DJ; BALL, J; LEES, AJ; BEHAN, PO; MORGANHUGHES, JA",single_case_report,case_report,data\extraction_json\text\12798.json,full_text,true,1,medium,case_report_marker_single_case,false,count_basis=case_report_marker_single_case | count_confidence=medium | source_category=single_case_report,heuristic_v1,2026-04-05T11:49:22.053095+00:00
12807,12807,Stiff Person Syndrome in a Patient with Atypical Carcinoid Tumor of the Lung Secondary to Antiamphiphysin Antibodies: A Case Report and Literature Review,"Abusamra, K; Thandampallayam, M; Sudhakar, P; Lukins, D",conference_abstract,single_case_conference_abstract,data\extraction_json\text_trimmed\12807.json,trimmed,true,1,medium,case_report_marker_single_case,false,count_basis=case_report_marker_single_case | count_confidence=medium | source_category=conference_abstract,heuristic_v1,2026-04-05T11:49:22.073101+00:00
1281,1281,Rhabdomyolysis and autoimmune variant stiff-person syndrome,Gangadhara S.; Gandhy C.; Robertson D.,single_case_report,case_report,data\extraction_json\text\1281.json,full_text,true,1,medium,case_report_marker_single_case,false,count_basis=case_report_marker_single_case | count_confidence=medium | source_category=single_case_report,heuristic_v1,2026-04-05T11:49:22.077636+00:00
12849,12849,Stiff-Person Syndrome (SPS) with Very High GAD-Titers Triggered by COVID-19-Booster in 2 Neurologically Asymptomatic GAD-Positive Patients with Diabetes Mellitus Type 1 (DM1),"Giler, G; Dalakas, MC",conference_abstract,multi_case_conference_abstract,data\extraction_json\text_trimmed\12849.json,trimmed,true,2,high,title_count_signal,false,count_basis=title_count_signal | count_confidence=high | source_category=conference_abstract,heuristic_v1,2026-04-05T11:49:22.098435+00:00
12866,12866,STIFF-MAN SYNDROME,"CLIFTON, ER; SUBRAMONY, SH",case_series_or_multi_case,case_series,data\extraction_json\text\12866.json,full_text,true,2,high,abstract_count_signal,false,count_basis=abstract_count_signal | count_confidence=high | source_category=case_series_or_multi_case,heuristic_v1,2026-04-05T11:49:22.102052+00:00
12894,12894,Paraneoplastic stiff-person syndrome with lung cancer: a case report and literature review,"Li, Z; Han, D; Chen, T; Zhang, LF; Wang, Y; Liu, YX; Zhang, XJ",single_case_report,case_report,data\extraction_json\text\12894.json,full_text,true,1,medium,case_report_marker_single_case,false,count_basis=case_report_marker_single_case | count_confidence=medium | source_category=single_case_report,heuristic_v1,2026-04-05T11:49:22.105641+00:00
1291,1291,"A unique combination of autoimmune limbic encephalitis, type 1 diabetes, and Stiff person syndrome associated with GAD-65 antibody",Sharma C.M.; Pandey R.K.; Kumawat B.; Khandelwal D.L.; Gandhi P.,single_case_report,case_report,data\extraction_json\text\1291.json,full_text,true,1,medium,case_report_marker_single_case,false,count_basis=case_report_marker_single_case | count_confidence=medium | source_category=single_case_report,heuristic_v1,2026-04-05T11:49:22.109620+00:00
12920,12920,SUDDEN-DEATH AND PAROXYSMAL AUTONOMIC DYSFUNCTION IN STIFF-MAN SYNDROME,"MITSUMOTO, H; SCHWARTZMAN, MJ; ESTES, ML; CHOU, SM; LAFRANCHISE, EF; DECAMILLI, P; SOLIMENA, M",case_series_or_multi_case,case_series,data\extraction_json\text\12920.json,full_text,true,1,high,abstract_count_signal,false,count_basis=abstract_count_signal | count_confidence=high | source_category=case_series_or_multi_case,heuristic_v1,2026-04-05T11:49:22.113439+00:00
12940,12940,Stiff-Eye Syndrome-Anti-GAD Ataxia Presenting with Isolated Ophthalmoplegia: A Case Report,"Belém, AD; Vasconcelos, TDF; de Paula, RCD; da Costa, FBS; Rodrigues, PGB; Pereira, ID; Tavares, PRD; Galdino, GS; Dias, DA; Santos, CD; Sobreira-Neto, MA; Braga-Neto, P; Nobrega, PR",single_case_report,case_report,data\extraction_json\text\12940.json,full_text,true,1,medium,case_report_marker_single_case,false,count_basis=case_report_marker_single_case | count_confidence=medium | source_category=single_case_report,heuristic_v1,2026-04-05T11:49:22.117322+00:00
12951,12951,Cognitive and Mood Profiles Among Patients With Stiff Person Syndrome Spectrum Disorders,"Chan, CK; Maldonado, DPA; Wang, YJ; Obando, D; Hughes, AJ; Newsome, SD",observational_group_study,retrospective_or_cohort_group_study,data\extraction_json\text\12951.json,full_text,true,,low,no_reliable_count_signal,false,count_basis=no_reliable_count_signal | count_confidence=low | source_category=observational_group_study,heuristic_v1,2026-04-05T11:49:22.128652+00:00
1297,1297,Anesthetic management for a patient with stiff-person syndrome,Nakamura K.; Murao K.; Kimoto-Shirakawa M.; Takahira K.; Toorabally F.; Shingu K.,single_case_report,case_report,data\extraction_json\text\1297.json,full_text,true,1,medium,case_report_marker_single_case,false,count_basis=case_report_marker_single_case | count_confidence=medium | source_category=single_case_report,heuristic_v1,2026-04-05T11:49:22.132297+00:00
1298,1298,Stiff person syndrome with pyramidal signs,Nalbantoglu M.; Battal H.; Kiziltan M.E.; Akalin M.A.; Kiziltan G.,unclear_manual_review,unclear,data\extraction_json\text\1298.json,full_text,false,1,medium,source_single_case_override,false,count_basis=source_single_case_override | count_confidence=medium | source_category=unclear_manual_review,heuristic_v1,2026-04-05T11:49:22.137444+00:00
13026,13026,A NOVEL ANTINEURONAL ANTIBODY IN STIFF-MAN SYNDROME,"DARNELL, RB; VICTOR, J; RUBIN, M; CLOUSTON, P; PLUM, F",lab_heavy_clinical_or_translational,group_or_frequency_focused_lab_clinical_study,data\extraction_json\text\13026.json,full_text,true,2,high,abstract_count_signal,false,count_basis=abstract_count_signal | count_confidence=high | source_category=lab_heavy_clinical_or_translational,heuristic_v1,2026-04-05T11:49:22.140407+00:00
13027,13027,Stiff-man syndrome:: identification of 17β-hydroxysteroid dehydrogenase type 4 as a novel 80-kDa antineuronal antigen,"Dinkel, K; Rickert, M; Möller, G; Adamski, J; Meinck, HM; Richter, W",single_case_report,case_report,data\extraction_json\text\13027.json,full_text,true,1,medium,single_case_text_signal,false,count_basis=single_case_text_signal | count_confidence=medium | source_category=single_case_report,heuristic_v1,2026-04-05T11:49:22.143973+00:00
13028,13028,The many faces of gastrointestinal dysfunction in stiff person syndrome spectrum disorders,"Koshorek, J; Wang, YJ; Maldonado, DP; Reyes-Mantilla, MI; Obando, D; Balshi, A; Comisac, M; Pasricha, PJ; Newsome, SD",case_series_or_multi_case,case_series,data\extraction_json\text\13028.json,full_text,true,240,high,abstract_count_signal,false,count_basis=abstract_count_signal | count_confidence=high | source_category=case_series_or_multi_case,heuristic_v1,2026-04-05T11:49:22.148310+00:00
13031,13031,"INTRATHECAL BACLOFEN THERAPY IN STIFF-MAN SYNDROME - A DOUBLE-BLIND, PLACEBO-CONTROLLED TRIAL","SILBERT, PL; MATSUMOTO, JY; MCMANIS, PG; STOLPSMITH, KA; ELLIOTT, BA; MCEVOY, KM",interventional_study,controlled_or_therapeutic_group_study,data\extraction_json\text\13031.json,full_text,true,1,medium,abstract_count_signal,true,count_basis=abstract_count_signal | count_confidence=medium | source_category=interventional_study,heuristic_v1,2026-04-05T11:49:22.151274+00:00
13042,13042,A Rarity Among the Rare: Psychiatric Manifestations in a Young Woman With Stiff- Person Syndrome,"Sanak, D; Marticorena-Martinez, R; Acosta, E",single_case_report,case_report,data\extraction_json\text\13042.json,full_text,true,1,medium,single_case_text_signal,false,count_basis=single_case_text_signal | count_confidence=medium | source_category=single_case_report,heuristic_v1,2026-04-05T11:49:22.155617+00:00
13049,13049,Stiff-Leg Syndrome Associated with Autoimmune Retinopathy and Its Treatment with IVIg-A Case Report and Review of the Literature,"Papadopoulos, VE; Papadimas, GK; Androudi, S; Anagnostouli, M; Evangelopoulos, ME",single_case_report,case_report,data\extraction_json\text\13049.json,full_text,true,1,medium,case_report_marker_single_case,false,count_basis=case_report_marker_single_case | count_confidence=medium | source_category=single_case_report,heuristic_v1,2026-04-05T11:49:22.159225+00:00
13056,13056,<SUP>11</SUP>C-Flumazenil positron emission tomography demonstrates reduction of both global and local cerebral benzodiazepine receptor binding in a patient with Stiff Person Syndrome,"Galldiks, N; Thiel, A; Haense, C; Fink, GR; Hilker, R",single_case_report,case_report,data\extraction_json\text\13056.json,full_text,true,1,medium,case_report_marker_single_case,false,count_basis=case_report_marker_single_case | count_confidence=medium | source_category=single_case_report,heuristic_v1,2026-04-05T11:49:22.162241+00:00
13064,13064,Efgartigimod beyond myasthenia gravis: the role of FcRn-targeting therapies in stiff-person syndrome,"Di Stefano, V; Alonge, P; Rini, N; Militello, M; Lupica, A; Torrente, A; Brighina, F",interventional_study,controlled_or_therapeutic_group_study,data\extraction_json\text\13064.json,full_text,true,3,high,abstract_count_signal,false,count_basis=abstract_count_signal | count_confidence=high | source_category=interventional_study,heuristic_v1,2026-04-05T11:49:22.166451+00:00
13066,13066,Case Report: Dexmedetomidine for Intractable Clusters of Myoclonic Jerks and Paroxysmal Sympathetic Hyperactivity in Progressive Encephalomyelitis With Rigidity and Myoclonus,"Fujino, Y; Shiga, K; Hori, M; Tamura, A; Iizuka, T",single_case_report,case_report,data\extraction_json\text\13066.json,full_text,true,1,medium,case_report_marker_single_case,false,count_basis=case_report_marker_single_case | count_confidence=medium | source_category=single_case_report,heuristic_v1,2026-04-05T11:49:22.172482+00:00
131,131,Psychiatric consultations in stiff-man syndrome.,"Tinsley, J A; Barth, E M; Black, J L; Williams, D E",case_series_or_multi_case,case_series,data\extraction_json\text\131.json,full_text,true,24,high,abstract_count_signal,false,count_basis=abstract_count_signal | count_confidence=high | source_category=case_series_or_multi_case,heuristic_v1,2026-04-05T11:49:22.176085+00:00
13100,13100,TREATMENT OF STIFF-MAN SYNDROME WITH INTRAVENOUS IMMUNE GLOBULIN,"KARLSON, HW; SUDARSKY, L; RUDERMAN, E; PIERSON, S; SCOTT, M; HELFGOTT, SM",case_series_or_multi_case,case_series,data\extraction_json\text\13100.json,full_text,true,3,medium,abstract_count_signal,true,count_basis=abstract_count_signal | count_confidence=medium | source_category=case_series_or_multi_case,heuristic_v1,2026-04-05T11:49:22.178097+00:00
1311,1311,Stiff leg syndrome after epidural anesthesia,Perez-Sanchez J.R.; Contreras Chicote A.; Gutierrez-Ruano B.; De La Casa-Fages B.; Traba A.; Grandas F.,case_series_or_multi_case,case_series,data\extraction_json\text\1311.json,full_text,true,2,medium,early_body_count_signal,true,count_basis=early_body_count_signal | count_confidence=medium | source_category=case_series_or_multi_case,heuristic_v1,2026-04-05T11:49:22.182393+00:00
13150,13150,Progressive Encephalomyelitis with Rigidity and Myoclonus and Myasthenia Gravis Comorbid Status with Thymoma,"Ogawa, T; Ogaki, K; Daida, K; Nishimaki, T; Ando, M; Kawajiri, S; Wada, R; Noda, K; Hattori, N; Okuma, Y",unclear_manual_review,unclear,data\extraction_json\text\13150.json,full_text,false,1,medium,source_single_case_default,false,count_basis=source_single_case_default | count_confidence=medium | source_category=unclear_manual_review,heuristic_v1,2026-04-05T11:49:22.189402+00:00
13177,13177,A Case of Stiff Person Syndrome: Immunomodulatory Effect of Benzodiazepines <i>Successful Rituximab and Tizanidine Therapy</i>,"Zdziarski, P",single_case_report,case_report,data\extraction_json\text\13177.json,full_text,true,1,medium,case_report_marker_single_case,false,count_basis=case_report_marker_single_case | count_confidence=medium | source_category=single_case_report,heuristic_v1,2026-04-05T11:49:22.193537+00:00
13200,13200,Proprioceptive Stimuli as a New Type of Trigger for Epilepsy in Stiff Person Syndrome,"Basterra, PP; Nombela, F; Iriarte, P; Del Rincon, CR; Maroto, JA; Quintas, S",single_case_report,case_report,data\extraction_json\text\13200.json,full_text,true,1,medium,source_single_case_default,false,count_basis=source_single_case_default | count_confidence=medium | source_category=single_case_report,heuristic_v1,2026-04-05T11:49:22.198701+00:00
13202,13202,Facial Palsy as Initial Symptom in Glycine Receptor Antibody Positive Progressive Encephalomyelitis With Rigidity and Myoclonus: A Case Report,"Wang, L; Zhang, R; Liu, K; Xu, YF; Song, B; Xu, YM",single_case_report,case_report,data\extraction_json\text\13202.json,full_text,true,1,medium,case_report_marker_single_case,false,count_basis=case_report_marker_single_case | count_confidence=medium | source_category=single_case_report,heuristic_v1,2026-04-05T11:49:22.202692+00:00
13206,13206,"GAD AUTOANTIBODIES IN IDDM, STIFF-MAN SYNDROME, AND AUTOIMMUNE POLYENDOCRINE SYNDROME TYPE-I RECOGNIZE DIFFERENT EPITOPES","BJORK, E; VELLOSO, LA; KAMPE, O; KARLSSON, FA",lab_heavy_clinical_or_translational,group_or_frequency_focused_lab_clinical_study,data\extraction_json\text\13206.json,full_text,true,4,high,abstract_count_signal,false,count_basis=abstract_count_signal | count_confidence=high | source_category=lab_heavy_clinical_or_translational,heuristic_v1,2026-04-05T11:49:22.206821+00:00
13222,13222,Brain γ-aminobutyric acid changes in stiff-person syndrome,"Levy, LM; Levy-Reis, I; Fujii, M; Dalakas, MC",interventional_study,controlled_or_therapeutic_group_study,data\extraction_json\text\13222.json,full_text,true,8,high,abstract_count_signal,false,count_basis=abstract_count_signal | count_confidence=high | source_category=interventional_study,heuristic_v1,2026-04-05T11:49:22.211499+00:00
13224,13224,GABA<sub>B</sub> receptor antibodies in limbic encephalitis and anti-GAD-associated neurologic disorders,"Boronat, A; Sabater, L; Saiz, A; Dalmau, J; Graus, F",lab_heavy_clinical_or_translational,group_or_frequency_focused_lab_clinical_study,data\extraction_json\text\13224.json,full_text,true,,low,no_reliable_count_signal,false,count_basis=no_reliable_count_signal | count_confidence=low | source_category=lab_heavy_clinical_or_translational,heuristic_v1,2026-04-05T11:49:22.225076+00:00
13226,13226,"Stiff person syndrome -: Quantification, specificity, and intrathecal synthesis of GAD<sub>65</sub> antibodies","Dalakas, MC; Mian, L; Fujii, M; Jacobowitz, DM",observational_group_study,retrospective_or_cohort_group_study,data\extraction_json\text\13226.json,full_text,true,18,high,abstract_count_signal,false,count_basis=abstract_count_signal | count_confidence=high | source_category=observational_group_study,heuristic_v1,2026-04-05T11:49:22.229677+00:00
13233,13233,Progressive encephalomyelitis with rigidity and myoclonus in a Mexican patient,"Garcia-Bermudez, R; Leon-Castillo, D; Bertado-Cortes, B",conference_abstract,group_conference_abstract,data\extraction_json\text_trimmed\13233.json,trimmed,true,1,medium,source_single_case_default,false,count_basis=source_single_case_default | count_confidence=medium | source_category=conference_abstract,heuristic_v1,2026-04-05T11:49:22.278315+00:00
13237,13237,Progressive encephalomyelitis with rigidity and myoclonus: A new variant with DPPX antibodies,"Balint, B; Nagel, S; Probst, C; Blöcker, IM; Bahtz, R; Komorowski, L; Stöcker, W; Meinck, HM",unclear_manual_review,unclear,data\extraction_json\text\13237.json,full_text,false,5,medium,early_body_count_signal,false,count_basis=early_body_count_signal | count_confidence=medium | source_category=unclear_manual_review,heuristic_v1,2026-04-05T11:49:22.285881+00:00
1326,1326,Progressive encephalomyelitis with rigidity and myoclonus (PERM): Brucellosis as a possible triggering factor and long-term follow-up therapy with rituximab,Magira E.E.; Alexopoulos H.; Charitatos E.; Michas D.; Dalakas M.C.,unclear_manual_review,unclear,data\extraction_json\text\1326.json,full_text,false,,low,no_reliable_count_signal,false,count_basis=no_reliable_count_signal | count_confidence=low | source_category=unclear_manual_review,heuristic_v1,2026-04-05T11:49:22.298426+00:00
13267,13267,A Case of Progressive Encephalomyelitis with Rigidity and Myoclonus (PERM syndrome) in a Patient with Myasthenia Gravis,"Dai, X; Sarezky, J; Stavros, K",single_case_report,case_report,data\extraction_json\text\13267.json,full_text,true,1,medium,case_report_marker_single_case,false,count_basis=case_report_marker_single_case | count_confidence=medium | source_category=single_case_report,heuristic_v1,2026-04-05T11:49:22.299709+00:00
1327,1327,Pediatric stiff-person syndrome with renal failure,Kumar M.V.; Savida P.,single_case_report,case_report,data\extraction_json\text\1327.json,full_text,true,1,medium,case_report_marker_single_case,false,count_basis=case_report_marker_single_case | count_confidence=medium | source_category=single_case_report,heuristic_v1,2026-04-05T11:49:22.302125+00:00
13276,13276,Glial Fibrillary Acidic Protein Astrocytopathy Presenting as Progressive Encephalomyelitis with Rigidity and Myoclonus,"Lim, GZ; Yap, LG; Chuang, DF; Yeo, TR; Tan, KV",unclear_manual_review,unclear,data\extraction_json\text\13276.json,full_text,false,1,medium,source_single_case_default,false,count_basis=source_single_case_default | count_confidence=medium | source_category=unclear_manual_review,heuristic_v1,2026-04-05T11:49:22.313531+00:00
133,133,Botulinum toxin A improves muscle spasms and rigidity in stiff-person syndrome.,"Liguori, R; Cordivari, C; Lugaresi, E; Montagna, P",interventional_study,controlled_or_therapeutic_group_study,data\extraction_json\text\133.json,full_text,true,2,high,abstract_count_signal,false,count_basis=abstract_count_signal | count_confidence=high | source_category=interventional_study,heuristic_v1,2026-04-05T11:49:22.316278+00:00
13311,13311,Progressive encephalomyelitis with rigidity and myoclonus with glycine receptor and GAD65 autoantibodies-Clinico-pathological correlates and potential pathomechanisms of a rare disease,"Winklehner, M; Wickel, J; Gelpi, E; Brämer, D; Rauschenberger, V; Günther, A; Bauer, J; Ricken, G; Villmann, C; Höftberger, R; Geis, C",unclear_manual_review,unclear,data\extraction_json\text\13311.json,full_text,false,,low,no_reliable_count_signal,false,count_basis=no_reliable_count_signal | count_confidence=low | source_category=unclear_manual_review,heuristic_v1,2026-04-05T11:49:22.318803+00:00
1332,1332,Stiff face syndrome associated with glycine receptor antibodies,Gadian J.; Lascelles K.; Lim M.,single_case_report,case_report,data\extraction_json\text\1332.json,full_text,true,1,medium,case_report_marker_single_case,false,count_basis=case_report_marker_single_case | count_confidence=medium | source_category=single_case_report,heuristic_v1,2026-04-05T11:49:22.326513+00:00
1333,1333,Glycine antibody mediated progressive encephalomyelitis with rigidity and myoclonus (PERM): A paediatric presentation,Kariyawasam D.S.T.; Hildebrand D.; Jayawant S.; Palace J.; Leite M.I.; Ramdas S.,conference_abstract,single_case_conference_abstract,data\extraction_json\text_trimmed\1333.json,trimmed,true,1,medium,case_report_marker_single_case,false,count_basis=case_report_marker_single_case | count_confidence=medium | source_category=conference_abstract,heuristic_v1,2026-04-05T11:49:22.336473+00:00
13339,13339,Case report: Varicella-zoster virus infection triggering progressive encephalomyelitis with rigidity and myoclonus,"Yuan, J; Wang, AH; Hou, YF; Xu, XX",single_case_report,case_report,data\extraction_json\text\13339.json,full_text,true,1,medium,case_report_marker_single_case,false,count_basis=case_report_marker_single_case | count_confidence=medium | source_category=single_case_report,heuristic_v1,2026-04-05T11:49:22.340611+00:00
1337,1337,Visual Dysfunction and Retinal Pathology occurs in Stiff-Person Syndrome,Rothman A.; Shoemaker T.; Prince J.; Saidha S.; Calabresi P.; Newsome S.,observational_group_study,retrospective_or_cohort_group_study,data\extraction_json\text\1337.json,full_text,true,,low,no_reliable_count_signal,false,count_basis=no_reliable_count_signal | count_confidence=low | source_category=observational_group_study,heuristic_v1,2026-04-05T11:49:22.347695+00:00
1339,1339,Anti-GAD65 antibody testing at a tertiary care center,Vodopivec I.; Loomis A.; Baron J.; Cho T.; Bhattacharyya S.,observational_group_study,retrospective_or_cohort_group_study,data\extraction_json\text\1339.json,full_text,true,5,high,abstract_count_signal,false,count_basis=abstract_count_signal | count_confidence=high | source_category=observational_group_study,heuristic_v1,2026-04-05T11:49:22.355516+00:00
134,134,Intrathecal baclofen therapy for stiff-man syndrome and progressive encephalomyelopathy with rigidity and myoclonus.,"Stayer, C; Tronnier, V; Dressnandt, J; Mauch, E; Marquardt, G; Rieke, K; Muller-Schwefe, G; Schumm, F; Meinck, H M",case_series_or_multi_case,case_series,data\extraction_json\text\134.json,full_text,true,8,high,abstract_count_signal,false,count_basis=abstract_count_signal | count_confidence=high | source_category=case_series_or_multi_case,heuristic_v1,2026-04-05T11:49:22.359832+00:00
1340,1340,Seronegative progressive encephalomyelitis with rigidity and myoclonus (PERM),Khalid E.; Estevez-Ordonez D.; Lavin P.,single_case_report,case_report,data\extraction_json\text\1340.json,full_text,true,1,medium,single_case_text_signal,false,count_basis=single_case_text_signal | count_confidence=medium | source_category=single_case_report,heuristic_v1,2026-04-05T11:49:22.365095+00:00
1341,1341,Prodromal stiffperson syndrome: Two cases of antibody detection over a decade after symptom onset,Piquet A.; O'Donnell S.; Greenlee J.; Warner J.; Clardy S.,case_series_or_multi_case,case_series,data\extraction_json\text\1341.json,full_text,true,2,medium,title_count_signal,true,count_basis=title_count_signal | count_confidence=medium | source_category=case_series_or_multi_case,heuristic_v1,2026-04-05T11:49:22.367476+00:00
1343,1343,Case control analysis of glycine receptor autoimmunity,Lopez-Chiriboga A.S.; Hinson S.; Bower J.; Matsumoto J.; Hassan A.; Basal E.; Lennon V.; Pittock S.; McKeon A.,conference_abstract,group_conference_abstract,data\extraction_json\text\1343.json,full_text,true,19,high,abstract_count_signal,false,count_basis=abstract_count_signal | count_confidence=high | source_category=conference_abstract,heuristic_v1,2026-04-05T11:49:22.375984+00:00
1344,1344,Stiff person syndrome masquerading as more common movement disorders,Stone D.; Kaye L.; Wicklund M.; Malaty I.,single_case_report,case_report,data\extraction_json\text\1344.json,full_text,true,2,medium,abstract_count_signal,true,count_basis=abstract_count_signal | count_confidence=medium | source_category=single_case_report,heuristic_v1,2026-04-05T11:49:22.380088+00:00
13469,13469,Neuroimaging Pearls from the MDS Congress Video Challenge. Part 2: Acquired Disorders,"Fearon, C; Rawal, S; Olszewska, D; Alcaide-Leon, P; Kern, DS; Sharma, S; Jaiswal, SK; Murthy, JMK; Ha, AD; Schwartz, RS; Fung, VSC; Spears, C; Tholanikunnel, T; Almeida, L; Hatano, T; Oji, Y; Hattori, N; Shubham, S; Kumar, H; Bhidayasiri, R; Laohathai, C; Lang, AE",case_series_or_multi_case,case_series,data\extraction_json\text\13469.json,full_text,true,5,medium,patient_label_count,false,count_basis=patient_label_count | count_confidence=medium | source_category=case_series_or_multi_case,heuristic_v1,2026-04-05T11:49:22.392627+00:00
13506,13506,Hypersomnia in anti-glutamic acid decarboxylase 65 (GAD65) associated neurological syndromes: A pilot study,"Jeantin, L; Gales, A; Berzero, G; Leu, S; Proust, J; Giry, M; Valyraki, NE; Birzu, C; Alentorn, A; Vidailhet, M; Psimaras, D; Arnulf, I",unclear_manual_review,unclear,data\extraction_json\text\13506.json,full_text,false,2,medium,early_body_count_signal,false,count_basis=early_body_count_signal | count_confidence=medium | source_category=unclear_manual_review,heuristic_v1,2026-04-05T11:49:22.401612+00:00
13507,13507,A genome-wide association study in autoimmune neurological syndromes with anti-GAD65 autoantibodies,"German Network Res Autoimmune Ence; Strippel, C; Herrera-Rivero, M; Wendorff, M; Tietz, AK; Degenhardt, F; Witten, A; Schroeter, C; Nelke, C; Golombeck, KS; Madlener, M; Rüber, T; Ernst, L; Racz, A; Baumgartner, T; Widman, G; Doppler, K; Thaler, F; Siebenbrodt, K; Dik, A; Kerin, C; Räuber, S; Gallus, M; Kovac, S; Grauer, OM; Grimm, A; Prüss, H; Wickel, J; Geis, C; Lewerenz, J; Goebels, N; Ringelstein, M; Menge, T; Tackenberg, B; Kellinghaus, C; Bien, CG; Kraft, A; Zettl, U; Ismail, FS; Ayzenberg, I; Urbanek, C; Sühs, KW; Tauber, SC; Mues, S; Körtvélyessy, P; Markewitz, R; Paliantonis, A; Elger, CE; Surges, R; Sommer, C; Kümpfel, T; Gross, CC; Lerche, H; Wellmer, J; Quesada, CM; Bergh, FT; Wandinger, KP; Becker, AJ; Kunz, WS; zu Hörste, GM; Malter, MP; Rosenow, F; Wiendl, H; Kuhlenbäumer, G; Leypoldt, F; Lieb, W; Franke, A; Meuth, SG; Stoll, M; Melzer, N",observational_group_study,retrospective_or_cohort_group_study,data\extraction_json\text\13507.json,full_text,true,,low,no_reliable_count_signal,false,count_basis=no_reliable_count_signal | count_confidence=low | source_category=observational_group_study,heuristic_v1,2026-04-05T11:49:22.418322+00:00
1363,1363,Stiff-person syndrome with cerebellar manifestations and foot deformities,Chu C.-I.; Hsueh I.-H.; Cheng S.-J.,single_case_report,case_report,data\extraction_json\text\1363.json,full_text,true,1,medium,single_case_text_signal,false,count_basis=single_case_text_signal | count_confidence=medium | source_category=single_case_report,heuristic_v1,2026-04-05T11:49:22.420800+00:00
13684,13684,Clinical Features and Prognosis in Chinese Patients With Dipeptidyl-Peptidase-Like Protein 6 Antibody-Associated Encephalitis,"Miao, AL; Shi, YW; Wang, XS; Ge, JQ; Yu, CY",case_series_or_multi_case,case_series,data\extraction_json\text\13684.json,full_text,true,3,medium,patient_label_count,false,count_basis=patient_label_count | count_confidence=medium | source_category=case_series_or_multi_case,heuristic_v1,2026-04-05T11:49:22.434103+00:00
13688,13688,Neurological disorders associated with glutamic acid decarboxylase 65 antibodies: Clinical spectrum and prognosis of a cohort from China,"Bai, L; Ren, HT; Liang, ML; Lu, Q; Lin, N; Liu, ME; Fan, SY; Cui, RX; Guan, HZ",case_series_or_multi_case,case_series,data\extraction_json\text\13688.json,full_text,true,,low,no_reliable_count_signal,false,count_basis=no_reliable_count_signal | count_confidence=low | source_category=case_series_or_multi_case,heuristic_v1,2026-04-05T11:49:22.457144+00:00
1372,1372,Stiff person syndrome with negative anti-GAD65 antibodies. Case report,Roman-Filip C.; Radu D.; Ungureanu A.; Deaconu A.; Pereanu M.,single_case_report,case_report,data\extraction_json\text\1372.json,full_text,true,1,medium,case_report_marker_single_case,false,count_basis=case_report_marker_single_case | count_confidence=medium | source_category=single_case_report,heuristic_v1,2026-04-05T11:49:22.460796+00:00
13723,13723,STIFFMAN SYNDROME - A RARE PARANEOPLASTIC DISORDER,"BATEMAN, DE; WELLER, RO; KENNEDY, P",unclear_manual_review,unclear,data\extraction_json\text\13723.json,full_text,false,1,medium,source_single_case_default,false,count_basis=source_single_case_default | count_confidence=medium | source_category=unclear_manual_review,heuristic_v1,2026-04-05T11:49:22.467375+00:00
13747,13747,Rituximab Treatment and Long-term Outcome of Patients With Autoimmune Encephalitis Real-world Evidence From the GENERATE Registry,"Thaler, FS; Zimmermann, L; Kammermeier, S; Strippel, C; Ringelstein, M; Kraft, A; Suhs, KW; Wickel, J; Geis, C; Markewitz, R; Urbanek, C; Sommer, C; Doppler, K; Penner, L; Lewerenz, J; Rössling, R; Finke, C; Pruss, H; Melzer, N; Wandinger, KP; Leypoldt, F; Kumpfel, T",interventional_study,controlled_or_therapeutic_group_study,data\extraction_json\text\13747.json,full_text,true,358,medium,early_body_count_signal,true,count_basis=early_body_count_signal | count_confidence=medium | source_category=interventional_study,heuristic_v1,2026-04-05T11:49:22.480120+00:00
13783,13783,Brain <SUP>18</SUP>F-FDG-PET characteristics in patients with paraneoplastic neurological syndrome and its correlation with clinical and MRI findings,"Masangkay, N; Basu, S; Moghbel, M; Kwee, T; Alavi, A",case_series_or_multi_case,case_series,data\extraction_json\text\13783.json,full_text,true,1,high,abstract_count_signal,false,count_basis=abstract_count_signal | count_confidence=high | source_category=case_series_or_multi_case,heuristic_v1,2026-04-05T11:49:22.492244+00:00
13799,13799,A Familial Analysis of Stiff-Person Spectrum Disorder utilizing the Utah Population Database,"Abbatemarco, J; Crane, P; Galli, J; Rodenbeck, S; Yu, Z; Date, A; West, J; Fraser, A; Madsen, M; Wong, KH; Greenlee, J; Clardy, S",observational_group_study,retrospective_or_cohort_group_study,data\extraction_json\text\13799.json,full_text,true,34,medium,early_body_count_signal,true,count_basis=early_body_count_signal | count_confidence=medium | source_category=observational_group_study,heuristic_v1,2026-04-05T11:49:22.499581+00:00
13804,13804,Successful Autologous Hematopoietic Stem Cell Transplant in a Case of Stiff Person Spectrum Disorder with a positive Glycine Receptor antibody,"Celli, S; Nash, R; McMenamin, C; Garza, M; Von Geldern, G; Georges, G; Piquet, A",single_case_report,case_report,data\extraction_json\text\13804.json,full_text,true,1,medium,case_report_marker_single_case,false,count_basis=case_report_marker_single_case | count_confidence=medium | source_category=single_case_report,heuristic_v1,2026-04-05T11:49:22.501235+00:00
1381,1381,Determination of antibodies to GAD67 and other antigens in patients with GAD65 antibody-associated syndromes,Gresa-Arribas N.; Arino H.; Sabater L.; Caballero E.; Alba M.; Martinez-Hernandez E.; Petit M.; Saiz A.; Dalmau J.; Graus F.,conference_abstract,group_conference_abstract,data\extraction_json\text\1381.json,full_text,true,109,high,abstract_count_signal,false,count_basis=abstract_count_signal | count_confidence=high | source_category=conference_abstract,heuristic_v1,2026-04-05T11:49:22.510147+00:00
1382,1382,"Clinical manifestations, imaging findings, and immunomodulatory therapeutic strategies for three patients with concurrent stiff person syndrome and cerebellar ataxia due to Anti-GAD antibodies: A case series",DeNiro L.; Graber J.; Geyer H.; Boro A.,case_series_or_multi_case,case_series,data\extraction_json\text\1382.json,full_text,true,3,high,title_count_signal,false,count_basis=title_count_signal | count_confidence=high | source_category=case_series_or_multi_case,heuristic_v1,2026-04-05T11:49:22.512208+00:00
1383,1383,Effect of IVIG on gad epitopes in patients with stiff-person syndrome: Implications for other antibody-mediated neurological disorders responding to IVIG,Fouka P.; Alexopoulos H.; Politis P.; Dalakas M.,lab_heavy_clinical_or_translational,group_or_frequency_focused_lab_clinical_study,data\extraction_json\text\1383.json,full_text,true,1,medium,abstract_count_signal,true,count_basis=abstract_count_signal | count_confidence=medium | source_category=lab_heavy_clinical_or_translational,heuristic_v1,2026-04-05T11:49:22.517871+00:00
1388,1388,A retrospective analysis of patient-reported outcomes for 34 patients with stiff person syndrome receiving home IVIg infusions,Ladha S.; Ayer G.; Souayah N.,conference_abstract,group_conference_abstract,data\extraction_json\text\1388.json,full_text,true,34,high,title_count_signal,false,count_basis=title_count_signal | count_confidence=high | source_category=conference_abstract,heuristic_v1,2026-04-05T11:49:22.520292+00:00
139,139,Stiff-man syndrome in a woman with breast cancer: an uncommon central nervous system paraneoplastic syndrome.,"Rosin, L; DeCamilli, P; Butler, M; Solimena, M; Schmitt, H P; Morgenthaler, N; Meinck, H M",case_series_or_multi_case,case_series,data\extraction_json\text\139.json,full_text,true,1,medium,single_case_text_signal,false,count_basis=single_case_text_signal | count_confidence=medium | source_category=case_series_or_multi_case,heuristic_v1,2026-04-05T11:49:22.523116+00:00
1391,1391,Progressive encephalomyelitis with rigidity and myoclonus: A new variant with DPPX antibodies,Balint B.; Jarius S.; Nagel S.; Haberkorn U.; Probst C.; BlOcker I.M.; Bahtz R.; Komorowski L.; StOcker W.; Kastrup A.; Kuthe M.; Meinck H.-M.,conference_abstract,multi_case_conference_abstract,data\extraction_json\text_trimmed\1391.json,trimmed,true,,low,no_reliable_count_signal,false,count_basis=no_reliable_count_signal | count_confidence=low | source_category=conference_abstract,heuristic_v1,2026-04-05T11:49:22.527648+00:00
1393,1393,Stiff limb syndrome: A case report,Farhat E.; Zouari M.; Beyrouti R.; Sassi S.B.; Hentati F.,conference_abstract,single_case_conference_abstract,data\extraction_json\text_trimmed\1393.json,trimmed,true,1,medium,case_report_marker_single_case,false,count_basis=case_report_marker_single_case | count_confidence=medium | source_category=conference_abstract,heuristic_v1,2026-04-05T11:49:22.543979+00:00
1394,1394,Inpatient physiotherapy management for stiff person syndrome,Kahraman T.; Balci B.; Sengun I.S.,conference_abstract,single_case_conference_abstract,data\extraction_json\text_trimmed\1394.json,trimmed,true,1,medium,case_report_marker_single_case,false,count_basis=case_report_marker_single_case | count_confidence=medium | source_category=conference_abstract,heuristic_v1,2026-04-05T11:49:22.549214+00:00
1395,1395,An atypical Stiff-Person Syndrome associated with type 3 autoimmune polyglandular syndrome,Viana P.; Abreu L.; Fonseca V.R.; Cortes M.; Neutel D.; Pita Lobo P.; Albuquerque L.,conference_abstract,single_case_conference_abstract,data\extraction_json\text_trimmed\1395.json,trimmed,true,1,medium,case_report_marker_single_case,false,count_basis=case_report_marker_single_case | count_confidence=medium | source_category=conference_abstract,heuristic_v1,2026-04-05T11:49:22.589914+00:00
1397,1397,Reducing excess stiffness in stiff-person syndrome using CBT: A case study,Morris L.L.; Dysch L.; Salkovskis P.M.,conference_abstract,single_case_conference_abstract,data\extraction_json\text_trimmed\1397.json,trimmed,true,1,medium,case_report_marker_single_case,false,count_basis=case_report_marker_single_case | count_confidence=medium | source_category=conference_abstract,heuristic_v1,2026-04-05T11:49:22.632126+00:00
1398,1398,A neurological syndrome in a patient with anti glutamic acid decarboxylase (GAD) antibodies,Rachana G.; Tarannum K.,conference_abstract,single_case_conference_abstract,data\extraction_json\text_trimmed\1398.json,trimmed,true,1,medium,case_report_marker_single_case,false,count_basis=case_report_marker_single_case | count_confidence=medium | source_category=conference_abstract,heuristic_v1,2026-04-05T11:49:22.673440+00:00
140,140,Stiff-leg syndrome: a focal form of stiff-man syndrome.,"Saiz, A; Graus, F; Valldeoriola, F; Valls-Sole, J; Tolosa, E",case_series_or_multi_case,case_series,data\extraction_json\text\140.json,full_text,true,2,high,abstract_count_signal,false,count_basis=abstract_count_signal | count_confidence=high | source_category=case_series_or_multi_case,heuristic_v1,2026-04-05T11:49:22.677459+00:00
1401,1401,Pseudohemidystonia associated with anti-GAD antibodies,Kenda J.; Kojovic M.; Trost M.; Zupancic N.; Pirtosek Z.; Gregoric Kramberger M.,conference_abstract,single_case_conference_abstract,data\extraction_json\text_trimmed\1401.json,trimmed,true,1,medium,case_report_marker_single_case,false,count_basis=case_report_marker_single_case | count_confidence=medium | source_category=conference_abstract,heuristic_v1,2026-04-05T11:49:22.683729+00:00
1407,1407,Increased cortical excitability in patients with stiff person syndrome assessed by paired-pulse transcranial magnetic stimulation. A case study of two patients,Wilenius J.; Vaalto S.; Toppila J.; Partanen J.,conference_abstract,group_conference_abstract,data\extraction_json\text_trimmed\1407.json,trimmed,true,2,high,title_count_signal,false,count_basis=title_count_signal | count_confidence=high | source_category=conference_abstract,heuristic_v1,2026-04-05T11:49:22.686030+00:00
1416,1416,Immunomodulatory therapy in stiff-person syndrome (SPS): A controlled Rituximab-randomised study,Amarandei M.,conference_abstract,group_conference_abstract,data\extraction_json\text_trimmed\1416.json,trimmed,true,10,medium,abstract_count_signal,true,count_basis=abstract_count_signal | count_confidence=medium | source_category=conference_abstract,heuristic_v1,2026-04-05T11:49:22.726155+00:00
1418,1418,Stiff-limb syndrome with cerebellar features and atypical EMG findings responds to IVIG,Rametta S.; Robinson G.; Hellmers N.; Jacoby N.; Sarva H.,conference_abstract,single_case_conference_abstract,data\extraction_json\text_trimmed\1418.json,trimmed,true,1,medium,case_report_marker_single_case,false,count_basis=case_report_marker_single_case | count_confidence=medium | source_category=conference_abstract,heuristic_v1,2026-04-05T11:49:22.770772+00:00
1421,1421,Response to IVIG leads to diagnosis of stiff person syndrome in a patient with limbic encephalitis and GAD65 autoantibodies (AB) without diabetes,Khan M.S.; Hao J.B.; Chaudhry F.; Tiwari A.; Sharma H.; Jaume J.C.,review_article,tagged_review_article,data\extraction_json\text\1421.json,full_text,false,1,medium,case_report_marker_single_case,false,count_basis=case_report_marker_single_case | count_confidence=medium | source_category=review_article,heuristic_v1,2026-04-05T11:49:22.779615+00:00
1422,1422,Intrathecal baclofen therapy for GAD(+) stiff-person syndrome: A case series of 4 patients,Ungar L.; Taira T.; Zibly Z.,conference_abstract,multi_case_conference_abstract,data\extraction_json\text_trimmed\1422.json,trimmed,true,4,high,title_count_signal,false,count_basis=title_count_signal | count_confidence=high | source_category=conference_abstract,heuristic_v1,2026-04-05T11:49:22.795647+00:00
1426,1426,Respiratory manifestations of stiff person syndrome (SPS),Woodford M.R.; Pack K.; Allen A.; Rakocevic G.; Sexauer W.P.,observational_group_study,retrospective_or_cohort_group_study,data\extraction_json\text\1426.json,full_text,true,16,medium,abstract_count_signal,true,count_basis=abstract_count_signal | count_confidence=medium | source_category=observational_group_study,heuristic_v1,2026-04-05T11:49:22.801447+00:00
1433,1433,Early empirical treatment of antibody-negative autoimmune/paraneoplastic encephalitis with immunosuppression,Dai P.; Lin M.-W.; Mahant N.; Gao B.; Brown D.,case_series_or_multi_case,case_series,data\extraction_json\text\1433.json,full_text,true,2,medium,abstract_count_signal,true,count_basis=abstract_count_signal | count_confidence=medium | source_category=case_series_or_multi_case,heuristic_v1,2026-04-05T11:49:22.805509+00:00
1437,1437,Acute lower limb spasticity: Stiff person syndrome responsive to immunomodulatory therapy in an adolescent female,Ogilvie R.; Kolski H.,conference_abstract,single_case_conference_abstract,data\extraction_json\text\1437.json,full_text,true,1,medium,case_report_marker_single_case,false,count_basis=case_report_marker_single_case | count_confidence=medium | source_category=conference_abstract,heuristic_v1,2026-04-05T11:49:22.809603+00:00
1439,1439,Unrecognized respiratory manifestations of stiff person syndrome (SPS),Rakocevic G.; Woodford M.; Pack K.; Allen A.; Sexaur W.,conference_abstract,group_conference_abstract,data\extraction_json\text_trimmed\1439.json,trimmed,true,16,medium,abstract_count_signal,true,count_basis=abstract_count_signal | count_confidence=medium | source_category=conference_abstract,heuristic_v1,2026-04-05T11:49:22.828052+00:00
1441,1441,Spectrum of stiff person syndrome expands with presence of retinal pathology,Shoemaker T.; Rothman A.; Prince J.; Saidha S.; Calabresi P.A.; Newsome S.D.,conference_abstract,group_conference_abstract,data\extraction_json\text_trimmed\1441.json,trimmed,true,,low,no_reliable_count_signal,false,count_basis=no_reliable_count_signal | count_confidence=low | source_category=conference_abstract,heuristic_v1,2026-04-05T11:49:22.858839+00:00
1446,1446,Neurologic disorders associated with anti-glutamic acid decarboxylase antibodies: Comparison of anti-GAD antibodies titer and time-dependent changes between neurologic disease and type I diabetes mellitus,Tani H.; Hideto N.; Kiichi U.; Toshifumi H.; Shimon I.; Fumiharu K.; Shigeki A.,conference_abstract,group_conference_abstract,data\extraction_json\text_trimmed\1446.json,trimmed,true,2,high,abstract_count_signal,false,count_basis=abstract_count_signal | count_confidence=high | source_category=conference_abstract,heuristic_v1,2026-04-05T11:49:22.865551+00:00
1447,1447,"Hypokinesia, brainstem involvement, rigidity and exaggerated startle in a child with glycine receptors antibodies",Amin S.; Hameed B.; Babiker M.O.E.,conference_abstract,single_case_conference_abstract,data\extraction_json\text_trimmed\1447.json,trimmed,true,1,medium,case_report_marker_single_case,false,count_basis=case_report_marker_single_case | count_confidence=medium | source_category=conference_abstract,heuristic_v1,2026-04-05T11:49:22.876301+00:00
1451,1451,Spontaneous bilateral hip fractures in a paraneoplastic stiff person patient with severe spasticity: A case report,Rutzen-Lopez I.M.; Fu J.B.; Yadav R.,single_case_report,case_report,data\extraction_json\text\1451.json,full_text,true,1,medium,case_report_marker_single_case,false,count_basis=case_report_marker_single_case | count_confidence=medium | source_category=single_case_report,heuristic_v1,2026-04-05T11:49:22.882301+00:00
1452,1452,A stiff diagnosis: An unusual case of low back pain,Patel K.G.; Montero-Cruz F.-R.L.; Vishnubhakat S.M.,single_case_report,case_report,data\extraction_json\text\1452.json,full_text,true,1,medium,case_report_marker_single_case,false,count_basis=case_report_marker_single_case | count_confidence=medium | source_category=single_case_report,heuristic_v1,2026-04-05T11:49:22.887470+00:00
1453,1453,Stiff person syndrome without axial stiffness or hyperekplexia: A case report,Lee M.,conference_abstract,single_case_conference_abstract,data\extraction_json\text\1453.json,full_text,true,1,medium,case_report_marker_single_case,false,count_basis=case_report_marker_single_case | count_confidence=medium | source_category=conference_abstract,heuristic_v1,2026-04-05T11:49:22.892291+00:00
1458,1458,Unrecognized respiratory manifestations of stiff person syndrome,Rakocevic G.; Allen A.; Pack K.; Woodford M.; Sexauer W.,conference_abstract,group_conference_abstract,data\extraction_json\text_trimmed\1458.json,trimmed,true,1,medium,abstract_count_signal,true,count_basis=abstract_count_signal | count_confidence=medium | source_category=conference_abstract,heuristic_v1,2026-04-05T11:49:22.902239+00:00
146,146,Stiff-man syndrome. Results of interviews and psychologic testing.,"Black, J L; Barth, E M; Williams, D E; Tinsley, J A",observational_group_study,retrospective_or_cohort_group_study,data\extraction_json\text\146.json,full_text,true,13,high,abstract_count_signal,false,count_basis=abstract_count_signal | count_confidence=high | source_category=observational_group_study,heuristic_v1,2026-04-05T11:49:22.905766+00:00
1470,1470,DPPX antibody-associated encephalitis Main syndrome and antibody effects,Hara M.; Arino H.; Petit-Pedrol M.; Sabater L.; Titulaer M.J.; Hernandez E.M.; Schreurs M.W.J.; Rosenfeld M.R.; Graus F.; Dalmau J.,case_series_or_multi_case,case_series,data\extraction_json\text\1470.json,full_text,true,9,medium,abstract_count_signal,true,count_basis=abstract_count_signal | count_confidence=medium | source_category=case_series_or_multi_case,heuristic_v1,2026-04-05T11:49:22.911757+00:00
1476,1476,Progressive encephalomyelitis with rigidity and myoclonus associated with anti-GlyR antibodies and Hodgkin's lymphoma: A case report,Borellini L.; Lanfranconi S.; Bonato S.; Trezzi I.; Franco G.; Torretta L.; Bresolin N.; Di Fonzo A.B.,single_case_report,case_report,data\extraction_json\text\1476.json,full_text,true,1,medium,case_report_marker_single_case,false,count_basis=case_report_marker_single_case | count_confidence=medium | source_category=single_case_report,heuristic_v1,2026-04-05T11:49:22.917583+00:00
1479,1479,Stiff person case misdiagnosed as conversion disorder: A case report,Razmeh S.; Habibi A.H.; Sina F.; Alizadeh E.; Eslami M.,single_case_report,case_report,data\extraction_json\text\1479.json,full_text,true,1,medium,case_report_marker_single_case,false,count_basis=case_report_marker_single_case | count_confidence=medium | source_category=single_case_report,heuristic_v1,2026-04-05T11:49:22.921620+00:00
150,150,Stiff-man syndrome in a child.,"Garzo, C; Perez-Sotelo, M; Traba, A; Esteban, A; Grandas, F; Munoz-Blanco, J L",single_case_report,case_report,data\extraction_json\text\150.json,full_text,true,1,medium,single_case_text_signal,false,count_basis=single_case_text_signal | count_confidence=medium | source_category=single_case_report,heuristic_v1,2026-04-05T11:49:22.923125+00:00
1501,1501,Ocular motor function in stiff person syndrome-Role of GABA and beyond,Wang F.; Neilson L.; Wang H.; Wilmot G.; Shaikh A.,conference_abstract,group_conference_abstract,data\extraction_json\text\1501.json,full_text,true,11,high,abstract_count_signal,false,count_basis=abstract_count_signal | count_confidence=high | source_category=conference_abstract,heuristic_v1,2026-04-05T11:49:22.931256+00:00
1504,1504,"Progressive encephalomyelitis with rigidity and myoclonus (PERM): Phenomenology, investigations and management of two recent cases",Munteanu T.; Lamas-Osorio Y.; Cullinane P.; Lynch T.,conference_abstract,multi_case_conference_abstract,data\extraction_json\text\1504.json,full_text,true,2,medium,title_count_signal,true,count_basis=title_count_signal | count_confidence=medium | source_category=conference_abstract,heuristic_v1,2026-04-05T11:49:22.935576+00:00
1505,1505,Quantitative clinical and autoimmune assessments in stiff person syndrome: Evidence for a progressive disorder,Rakocevic G.; Alexopoulos H.; Dalakas M.,observational_group_study,retrospective_or_cohort_group_study,data\extraction_json\text\1505.json,full_text,true,57,medium,abstract_count_signal,true,count_basis=abstract_count_signal | count_confidence=medium | source_category=observational_group_study,heuristic_v1,2026-04-05T11:49:22.943720+00:00
1511,1511,Stiff-limb syndrome: Thinking about that!,Delorme A.; Pencu D.E.; De Saint-Hubert G.,review_article,tagged_review_article,data\extraction_json\text_trimmed\1511.json,trimmed,false,1,medium,case_report_marker_single_case,false,count_basis=case_report_marker_single_case | count_confidence=medium | source_category=review_article,heuristic_v1,2026-04-05T11:49:22.951546+00:00
1528,1528,Glycine receptor modulating antibody predicting treatable stiff-person spectrum disorders,Hinson S.R.; Lopez-Chiriboga A.S.; Bower J.H.; Matsumoto J.Y.; Hassan A.; Basal E.; Lennon V.A.; Pittock S.J.; McKeon A.,conference_abstract,multi_case_conference_abstract,data\extraction_json\text\1528.json,full_text,true,247,high,abstract_count_signal,false,count_basis=abstract_count_signal | count_confidence=high | source_category=conference_abstract,heuristic_v1,2026-04-05T11:49:22.958691+00:00
1529,1529,Paraneoplastic neurologic syndromes: Rare but more common than expected nine cases with a literature review,Erkoyun H.U.; Gundogan S.; Secil Y.; Beckmann Y.; Incesu T.K.; Ture H.S.; Akhan G.,case_series_or_multi_case,case_series,data\extraction_json\text\1529.json,full_text,true,2,medium,abstract_count_signal,true,count_basis=abstract_count_signal | count_confidence=medium | source_category=case_series_or_multi_case,heuristic_v1,2026-04-05T11:49:22.961934+00:00
154,154,"Atypical stiff-person syndrome with spinal MRI findings, amphiphysin autoantibodies, and immunosuppression.","Schmierer, K; Valdueza, J M; Bender, A; DeCamilli, P; David, C; Solimena, M; Zschenderlein, R",unclear_manual_review,unclear,data\extraction_json\text\154.json,full_text,false,,low,no_reliable_count_signal,false,count_basis=no_reliable_count_signal | count_confidence=low | source_category=unclear_manual_review,heuristic_v1,2026-04-05T11:49:22.971838+00:00
1540,1540,Multiplex family with GAD65-Abs neurologic syndromes,Belbezier A.; Joubert B.; Montero-Martin G.; Fernandez-Vina M.; Fabien N.; Rogemond V.; Mignot E.; Honnorat J.,conference_abstract,group_conference_abstract,data\extraction_json\text\1540.json,full_text,true,,low,no_reliable_count_signal,false,count_basis=no_reliable_count_signal | count_confidence=low | source_category=conference_abstract,heuristic_v1,2026-04-05T11:49:22.982516+00:00
155,155,Humoral and cellular immune parameters before and during immunosuppressive therapy of a patient with stiff-man syndrome and insulin dependent diabetes mellitus.,"Hummel, M; Durinovic-Bello, I; Bonifacio, E; Lampasona, V; Endl, J; Fessele, S; Then Bergh, F; Trenkwalder, C; Standl, E; Ziegler, A G",single_case_report,case_report,data\extraction_json\text\155.json,full_text,true,2,medium,abstract_count_signal,true,count_basis=abstract_count_signal | count_confidence=medium | source_category=single_case_report,heuristic_v1,2026-04-05T11:49:22.987106+00:00
1558,1558,Successful anesthetic management of patient with stiff pesrson syndrome,Sohaib M.; Siddiqui A.S.,single_case_report,case_report,data\extraction_json\text\1558.json,full_text,true,1,medium,case_report_marker_single_case,false,count_basis=case_report_marker_single_case | count_confidence=medium | source_category=single_case_report,heuristic_v1,2026-04-05T11:49:22.990319+00:00
1597,1597,O-35 The Stiff Person Syndrome. Neurophysiological findings,Maeztu Sardina M.C.; Martinez Garcia F.A.; Garnes C.; Garcia L.; Puerto A.M.,conference_abstract,single_case_conference_abstract,data\extraction_json\text\1597.json,full_text,true,,low,no_reliable_count_signal,false,count_basis=no_reliable_count_signal | count_confidence=low | source_category=conference_abstract,heuristic_v1,2026-04-05T11:49:22.997819+00:00
1598,1598,Coexistence of neuromyelitis optica and stiff person syndrome in a single patient: A case report,Thuringer A.J.; Jassam Y.N.,conference_abstract,single_case_conference_abstract,data\extraction_json\text\1598.json,full_text,true,1,medium,case_report_marker_single_case,false,count_basis=case_report_marker_single_case | count_confidence=medium | source_category=conference_abstract,heuristic_v1,2026-04-05T11:49:23.003314+00:00
160,160,"Review of 23 patients affected by the stiff man syndrome: clinical subdivision into stiff trunk (man) syndrome, stiff limb syndrome, and progressive encephalomyelitis with rigidity.","Barker, R A; Revesz, T; Thom, M; Marsden, C D; Brown, P",observational_group_study,retrospective_or_cohort_group_study,data\extraction_json\text\160.json,full_text,true,23,high,title_count_signal,false,count_basis=title_count_signal | count_confidence=high | source_category=observational_group_study,heuristic_v1,2026-04-05T11:49:23.007132+00:00
1602,1602,Progressive encephalomyelitis with rigidity and myoclonus - Case report,Barbov I.; Stojkoska F.; Petovska-Cvetkovska D.; Lazarova S.,conference_abstract,single_case_conference_abstract,data\extraction_json\text_trimmed\1602.json,trimmed,true,1,medium,case_report_marker_single_case,false,count_basis=case_report_marker_single_case | count_confidence=medium | source_category=conference_abstract,heuristic_v1,2026-04-05T11:49:23.020845+00:00
1603,1603,Clinical characteristics of 88 confirmed cases of anti-Ri antibody-associated syndrome,Vogrig A.; Simard C.; Joubert B.; Picard G.; Rogemond V.; Ducray F.; Psimaras D.; Desestret V.; Honnorat J.,conference_abstract,group_conference_abstract,data\extraction_json\text\1603.json,full_text,true,88,medium,title_count_signal,true,count_basis=title_count_signal | count_confidence=medium | source_category=conference_abstract,heuristic_v1,2026-04-05T11:49:23.024382+00:00
1605,1605,A stiff woman,Srinithya F.; Gadde S.,conference_abstract,single_case_conference_abstract,data\extraction_json\text\1605.json,full_text,true,1,medium,single_case_text_signal,false,count_basis=single_case_text_signal | count_confidence=medium | source_category=conference_abstract,heuristic_v1,2026-04-05T11:49:23.152023+00:00
1609,1609,Unusual respiratory manifestation in a patient with Stiff Person Syndrome (SPS),Lin A.; Arias A.A.; Casul Y.R.; Gupta A.; Calder C.,conference_abstract,single_case_conference_abstract,data\extraction_json\text\1609.json,full_text,true,1,medium,case_report_marker_single_case,false,count_basis=case_report_marker_single_case | count_confidence=medium | source_category=conference_abstract,heuristic_v1,2026-04-05T11:49:23.159999+00:00
1610,1610,Longitudinally extensive dorsal column lesion in a patient with longstanding anti-hu and anti-amphphysin autoimmunity,Aljarallah S.; Newsome S.,single_case_report,case_report,data\extraction_json\text\1610.json,full_text,true,1,medium,case_report_marker_single_case,false,count_basis=case_report_marker_single_case | count_confidence=medium | source_category=single_case_report,heuristic_v1,2026-04-05T11:49:23.165821+00:00
1611,1611,Presence of systemic autoantibodies and associated comorbid conditions in a large cohort of stiff person syndrome,Comisac M.; Wang Y.; Aljarallah S.; Lukish N.; Newsome S.,observational_group_study,retrospective_or_cohort_group_study,data\extraction_json\text\1611.json,full_text,true,25,high,abstract_count_signal,false,count_basis=abstract_count_signal | count_confidence=high | source_category=observational_group_study,heuristic_v1,2026-04-05T11:49:23.171123+00:00
1614,1614,Long-term rituximab use benefits patients with stiff person syndrome,Aljarallah S.; Wang Y.; Shoemaker T.; Newsome S.,case_series_or_multi_case,case_series,data\extraction_json\text\1614.json,full_text,true,41,high,abstract_count_signal,false,count_basis=abstract_count_signal | count_confidence=high | source_category=case_series_or_multi_case,heuristic_v1,2026-04-05T11:49:23.180307+00:00
1616,1616,Double hit and excellent treatment response: AMPA and GAD-65 receptor antibodies in a young woman with stiff person plus syndrome misdiagnosed as acute scoliosis and bipolar disorder,Witek N.; Gera A.; Denike J.; Goetz C.; Bailey M.,single_case_report,case_report,data\extraction_json\text\1616.json,full_text,true,1,medium,case_report_marker_single_case,false,count_basis=case_report_marker_single_case | count_confidence=medium | source_category=single_case_report,heuristic_v1,2026-04-05T11:49:23.185825+00:00
1618,1618,Bortezomib for the treatment of refractory stiff person spectrum disorder,Husari K.; Tardo L.; Greenberg B.,single_case_report,case_report,data\extraction_json\text\1618.json,full_text,true,1,medium,single_case_text_signal,false,count_basis=single_case_text_signal | count_confidence=medium | source_category=single_case_report,heuristic_v1,2026-04-05T11:49:23.191037+00:00
162,162,Severe insulin resistance in a patient with type 1 diabetes and stiff-man syndrome treated with insulin lispro.,"Hirsch, I B; D'Alessio, D; Eng, L; Davis, C; Lernmark, A; Chait, A",single_case_report,case_report,data\extraction_json\text\162.json,full_text,true,1,medium,case_report_marker_single_case,false,count_basis=case_report_marker_single_case | count_confidence=medium | source_category=single_case_report,heuristic_v1,2026-04-05T11:49:23.195491+00:00
1621,1621,"A rare case of non-neoplastic anti-gad positive cerebellar ataxia and progressive encephalomyelitis with rigidity and myoclonus (PERM), responsive to ivig therapy",Jazebi N.; Rodrigo S.; Hamouda D.; Shawagfeh A.,single_case_report,case_report,data\extraction_json\text\1621.json,full_text,true,1,medium,case_report_marker_single_case,false,count_basis=case_report_marker_single_case | count_confidence=medium | source_category=single_case_report,heuristic_v1,2026-04-05T11:49:23.201077+00:00
1625,1625,Neuronal autoantibodies and clinical significance in stiff-person spectrum disorder,Kaneko J.; Iizuka T.; Kondo Y.; Abe Y.; Kaneko A.; Hattori K.; Kobayashi S.; Ugawa Y.; Sekiguchi K.; Maeda K.; Matsumoto Y.; Kanazawa N.; Kitamura E.; Dalmau J.; Nishiyama K.,review_article,tagged_review_article,data\extraction_json\text\1625.json,full_text,false,20,high,abstract_count_signal,false,count_basis=abstract_count_signal | count_confidence=high | source_category=review_article,heuristic_v1,2026-04-05T11:49:23.206647+00:00
1628,1628,Stiff person syndrome as a mimic of Parkinsonism,Diaz M.; Ratliff J.,single_case_report,case_report,data\extraction_json\text\1628.json,full_text,true,1,medium,source_single_case_default,false,count_basis=source_single_case_default | count_confidence=medium | source_category=single_case_report,heuristic_v1,2026-04-05T11:49:23.213492+00:00
1636,1636,A stiff person case admitted phsysical medicine and rehabilitation outpatient clinic with low back pain,Karaoglan B.; Ote S.; Koseoglu E.; Balevi E.,single_case_report,case_report,data\extraction_json\text\1636.json,full_text,true,1,medium,case_report_marker_single_case,false,count_basis=case_report_marker_single_case | count_confidence=medium | source_category=single_case_report,heuristic_v1,2026-04-05T11:49:23.217099+00:00
1640,1640,"Anti-GAD antibody syndrome with concomitant cerebellar ataxia, stiff person syndrome, and limbic encephalitis",Schaefer S.M.; Moeller J.J.,single_case_report,case_report,data\extraction_json\text\1640.json,full_text,true,1,medium,single_case_text_signal,false,count_basis=single_case_text_signal | count_confidence=medium | source_category=single_case_report,heuristic_v1,2026-04-05T11:49:23.220204+00:00
1646,1646,(Pseudo)hemidystonia associated with anti-glutamic acid decarboxylase antibodies - a case report,Kenda J.; Kojovic M.; Graus F.; Gregoric Kramberger M.,single_case_report,case_report,data\extraction_json\text\1646.json,full_text,true,1,medium,case_report_marker_single_case,false,count_basis=case_report_marker_single_case | count_confidence=medium | source_category=single_case_report,heuristic_v1,2026-04-05T11:49:23.221445+00:00
1658,1658,Neonatal hyperekplexia (the stiff baby syndrome),Saeed M.; Al-Dhalaan H.; Wali A.; Ahmad W.,unclear_manual_review,unclear,data\extraction_json\text\1658.json,full_text,false,1,medium,source_single_case_default,false,count_basis=source_single_case_default | count_confidence=medium | source_category=unclear_manual_review,heuristic_v1,2026-04-05T11:49:23.229308+00:00
166,166,Stiffman syndrome.,"Pagarkar, W; Khopkar, S; Agrawal, M",unclear_manual_review,unclear,data\extraction_json\text\166.json,full_text,false,1,medium,source_single_case_default,false,count_basis=source_single_case_default | count_confidence=medium | source_category=unclear_manual_review,heuristic_v1,2026-04-05T11:49:23.236524+00:00
1661,1661,Anti-GAD65 positive stiff-person syndrome: Novel association with common variable immune deficiency,Ghably J.G.; Guido M.; Atwater S.; Krishnaswamy G.,single_case_report,case_report,data\extraction_json\text\1661.json,full_text,true,1,medium,case_report_marker_single_case,false,count_basis=case_report_marker_single_case | count_confidence=medium | source_category=single_case_report,heuristic_v1,2026-04-05T11:49:23.239992+00:00
1662,1662,Progressive encephalomyelitis with rigidity and myoclonus with antibodies to glycine receptor presenting with temporomandibular joint dislocation,Mahdi Aljedani R.; Meyer I.; Novy J.; Pagani J.-L.; Arlettaz L.; Ribi C.,conference_abstract,single_case_conference_abstract,data\extraction_json\text_trimmed\1662.json,trimmed,true,1,medium,case_report_marker_single_case,false,count_basis=case_report_marker_single_case | count_confidence=medium | source_category=conference_abstract,heuristic_v1,2026-04-05T11:49:23.247048+00:00
1664,1664,A rare person with Stiff Person syndrome,Suciu R.; Stoicanescu D.; Cevei M.; Bodog F.,conference_abstract,single_case_conference_abstract,data\extraction_json\text_trimmed\1664.json,trimmed,true,1,medium,single_case_text_signal,false,count_basis=single_case_text_signal | count_confidence=medium | source_category=conference_abstract,heuristic_v1,2026-04-05T11:49:23.262676+00:00
1665,1665,Stiff person syndrome: An elusive diagnosis in a pediatric patient,Tuttrup G.; Miller D.; Weimer M.,single_case_report,case_report,data\extraction_json\text\1665.json,full_text,true,,low,no_reliable_count_signal,false,count_basis=no_reliable_count_signal | count_confidence=low | source_category=single_case_report,heuristic_v1,2026-04-05T11:49:23.270900+00:00
1668,1668,Botulinum toxin for the treatment of muscle spasms associated with stiff person syndrome,Moukheiber E.; Comisac M.; Newsome S.,observational_group_study,retrospective_or_cohort_group_study,data\extraction_json\text\1668.json,full_text,true,20,high,abstract_count_signal,false,count_basis=abstract_count_signal | count_confidence=high | source_category=observational_group_study,heuristic_v1,2026-04-05T11:49:23.276620+00:00
167,167,Large motor neuron involvement in Stiff-man syndrome: a qualitative and quantitative study.,"Ishizawa, K; Komori, T; Okayama, K; Qin, X; Kaneko, K; Sasaki, S; Iwata, M",single_case_report,case_report,data\extraction_json\text\167.json,full_text,true,1,medium,source_single_case_default,false,count_basis=source_single_case_default | count_confidence=medium | source_category=single_case_report,heuristic_v1,2026-04-05T11:49:23.290797+00:00
1671,1671,Autoimmune retinopathy in two patients with stiff-person syndrome with anti-GAD65 autoantibodies,Vargas M.E.; Vasconcelos H.; Yang S.; Adamus G.; Yang P.,conference_abstract,multi_case_conference_abstract,data\extraction_json\text\1671.json,full_text,true,2,high,title_count_signal,false,count_basis=title_count_signal | count_confidence=high | source_category=conference_abstract,heuristic_v1,2026-04-05T11:49:23.293412+00:00
1674,1674,Anti-glutamic acid decarboxylase associated neurologic disorders referred from neuro-ophthalmology and neurotology: A case series with characterization of vestibulo-ocular function,Wang Y.; Tourkevich R.; Gold D.; Newsome S.D.,case_series_or_multi_case,case_series,data\extraction_json\text\1674.json,full_text,true,170,high,abstract_count_signal,false,count_basis=abstract_count_signal | count_confidence=high | source_category=case_series_or_multi_case,heuristic_v1,2026-04-05T11:49:23.298340+00:00
1675,1675,Autologous Haematopoietic Stem Cell Transplantation (Auto-HSCT) in Stiff Person Syndrome (SPS): The UK experience,Thorpe A.; Kass-Iliyya L.; Jessop H.; Chantry A.; Hadjivassiliou M.; Snowden J.; Sharrack B.,case_series_or_multi_case,case_series,data\extraction_json\text\1675.json,full_text,true,7,high,abstract_count_signal,false,count_basis=abstract_count_signal | count_confidence=high | source_category=case_series_or_multi_case,heuristic_v1,2026-04-05T11:49:23.302833+00:00
1688,1688,Complex phenotype in a C9ORF72-positive patient with high-titer anti-glutamic acid decarboxylase antibodies: neuroimmunology meets neurogenetics,Varvaressos S.; Breza M.; Marousi S.; Printzou M.; Georgoulis A.; Papageorgiou E.; Kartanou C.; Karadima G.; Tagaris G.; Koutsis G.; Tzartos J.S.,unclear_manual_review,unclear,data\extraction_json\text\1688.json,full_text,false,,low,no_reliable_count_signal,false,count_basis=no_reliable_count_signal | count_confidence=low | source_category=unclear_manual_review,heuristic_v1,2026-04-05T11:49:23.311315+00:00
1692,1692,Movement disorders and nonmotor symptoms in patient with idiopathic stiff person syndrome,Maksimova A.S.; Zinovyeva O.E.; Solokha O.A.; Pilyuzina A.L.; Petelin D.S.; Volel B.A.; Ulanova A.D.; Vikhlyantsev I.M.,single_case_report,case_report,data\extraction_json\text\1692.json,full_text,true,1,medium,single_case_text_signal,false,count_basis=single_case_text_signal | count_confidence=medium | source_category=single_case_report,heuristic_v1,2026-04-05T11:49:23.315802+00:00
1694,1694,Anti-glutamic acid decarboxylase antibody (GAD) syndromes may have more aggressive disease course in African Americans and early onset of presentation compare to Caucasians group,Sriwastava S.; Srinivas M.; Kanna A.; Yarraguntla K.; Jowkar A.; George E.,observational_group_study,retrospective_or_cohort_group_study,data\extraction_json\text\1694.json,full_text,true,9,medium,early_body_count_signal,false,count_basis=early_body_count_signal | count_confidence=medium | source_category=observational_group_study,heuristic_v1,2026-04-05T11:49:23.326109+00:00
1699,1699,Stiff person syndrome: An unusual paraneoplastic neurological phenomenon in Carcinoid tumour,Vithoosan S.; Herath T.; Gamlaksha D.S.; Yogendranathan N.; Kulatunga A.; Senanayake B.,observational_group_study,retrospective_or_cohort_group_study,data\extraction_json\text\1699.json,full_text,true,,low,no_reliable_count_signal,false,count_basis=no_reliable_count_signal | count_confidence=low | source_category=observational_group_study,heuristic_v1,2026-04-05T11:49:23.335816+00:00
17,17,Muscle spasms and stiffness that progressed for four years.,"Bhutani, M S; Mathews, T; Akuthota, P",unclear_manual_review,unclear,data\extraction_json\text\17.json,full_text,false,,low,no_reliable_count_signal,false,count_basis=no_reliable_count_signal | count_confidence=low | source_category=unclear_manual_review,heuristic_v1,2026-04-05T11:49:23.339826+00:00
1700,1700,Successful treatment of glycine-receptor-antibody-mediated progressive encephalomyelitis with rigidity and myoclonus by combining steroids and azathioprine,Lee E.-J.; Kim K.; Choi J.-Y.; Park K.S.,unclear_manual_review,unclear,data\extraction_json\text\1700.json,full_text,false,1,medium,source_single_case_default,false,count_basis=source_single_case_default | count_confidence=medium | source_category=unclear_manual_review,heuristic_v1,2026-04-05T11:49:23.345566+00:00
1707,1707,Stiff Person Syndrome Associated with Compartment Syndrome,Yong K.P.; Lo Y.L.,single_case_report,case_report,data\extraction_json\text\1707.json,full_text,true,1,medium,case_report_marker_single_case,false,count_basis=case_report_marker_single_case | count_confidence=medium | source_category=single_case_report,heuristic_v1,2026-04-05T11:49:23.348584+00:00
1718,1718,Association of stiff-person syndrome with autoimmune endocrine diseases,Lee Y.-Y.; Chen I.-W.; Chen S.-T.; Wang C.-C.,case_series_or_multi_case,case_series,data\extraction_json\text\1718.json,full_text,true,9,high,abstract_count_signal,false,count_basis=abstract_count_signal | count_confidence=high | source_category=case_series_or_multi_case,heuristic_v1,2026-04-05T11:49:23.355625+00:00
1721,1721,Anti-glutamic acid decarboxylase positive stiff person syndrome treated with immunoglobulin in a 38-year old filipina: A case report,Perez J.A.L.; Damian L.,single_case_report,case_report,data\extraction_json\text\1721.json,full_text,true,1,medium,case_report_marker_single_case,false,count_basis=case_report_marker_single_case | count_confidence=medium | source_category=single_case_report,heuristic_v1,2026-04-05T11:49:23.359974+00:00
1722,1722,Stiff person syndrome - An unusual paraneoplastic neurological phenomenon in carcinoid tumour,Sahathevan V.; Herath T.; Gamlaksha D.; Yogendranathan N.; Kulatunga A.; Senanayake B.,observational_group_study,retrospective_or_cohort_group_study,data\extraction_json\text\1722.json,full_text,true,,low,no_reliable_count_signal,false,count_basis=no_reliable_count_signal | count_confidence=low | source_category=observational_group_study,heuristic_v1,2026-04-05T11:49:23.366099+00:00
173,173,Immune-mediated retinopathy in a patient with stiff-man syndrome.,"Steffen, H; Menger, N; Richter, W; Nolle, B; Krastel, H; Stayer, C; Kolling, G H; Wassle, H; Meinck, H M",lab_heavy_clinical_or_translational,group_or_frequency_focused_lab_clinical_study,data\extraction_json\text\173.json,full_text,true,1,medium,case_report_marker_single_case,false,count_basis=case_report_marker_single_case | count_confidence=medium | source_category=lab_heavy_clinical_or_translational,heuristic_v1,2026-04-05T11:49:23.371124+00:00
1739,1739,Case report: Stiff person syndrome with thymoma,Sonokawa T.; Shizukawa H.; Ichihara S.; Muraoka S.; Usuda J.; Tanaka K.,single_case_report,case_report,data\extraction_json\text\1739.json,full_text,true,1,medium,case_report_marker_single_case,false,count_basis=case_report_marker_single_case | count_confidence=medium | source_category=single_case_report,heuristic_v1,2026-04-05T11:49:23.375116+00:00
1740,1740,Low-Dose Naltrexone reduces symptoms in Stiff-Person Syndrome,Zappaterra M.; Shouse E.; Levine R.L.,single_case_report,case_report,data\extraction_json\text\1740.json,full_text,true,1,medium,single_case_text_signal,false,count_basis=single_case_text_signal | count_confidence=medium | source_category=single_case_report,heuristic_v1,2026-04-05T11:49:23.378918+00:00
1742,1742,Medical Cannabis as an Effective Treatment for Refractory Symptoms of Paraneoplastic Stiff Person Syndrome,Portman D.; Donovan K.A.; Bobonis M.,unclear_manual_review,unclear,data\extraction_json\text\1742.json,full_text,false,,low,no_reliable_count_signal,false,count_basis=no_reliable_count_signal | count_confidence=low | source_category=unclear_manual_review,heuristic_v1,2026-04-05T11:49:23.388136+00:00
175,175,GAD65-Reactive T cells in a non-diabetic stiff-man syndrome patient.,"Schloot, N C; Batstra, M C; Duinkerken, G; De Vries, R R; Dyrberg, T; Chaudhuri, A; Behan, P O; Roep, B O",lab_heavy_clinical_or_translational,group_or_frequency_focused_lab_clinical_study,data\extraction_json\text\175.json,full_text,true,2,high,abstract_count_signal,false,count_basis=abstract_count_signal | count_confidence=high | source_category=lab_heavy_clinical_or_translational,heuristic_v1,2026-04-05T11:49:23.392351+00:00
1759,1759,Stiff person-syndrome IgG affects presynaptic GABAergic release mechanisms,Werner C.; Haselmann H.; Weishaupt A.; Toyka K.V.; Sommer C.; Geis C.,case_series_or_multi_case,case_series,data\extraction_json\text\1759.json,full_text,true,2,medium,patient_label_count,false,count_basis=patient_label_count | count_confidence=medium | source_category=case_series_or_multi_case,heuristic_v1,2026-04-05T11:49:23.404576+00:00
1762,1762,Trismus as a Presenting Symptom in a Case of Progressive Encephalopathy with Rigidity and Myoclonus,Blomme L.; Van De Velde K.,single_case_report,case_report,data\extraction_json\text\1762.json,full_text,true,1,medium,case_report_marker_single_case,false,count_basis=case_report_marker_single_case | count_confidence=medium | source_category=single_case_report,heuristic_v1,2026-04-05T11:49:23.408123+00:00
1764,1764,"Rituximab improves not only back stiffness but also ""stiff eyes"" in stiff person syndrome: Implications for immune-mediated treatment",Kodama S.; Tokushige S.-I.; Sugiyama Y.; Sato K.; Otsuka J.; Shirota Y.; Hamada M.; Iwata A.; Toda T.; Tsuji S.; Terao Y.,conference_abstract,single_case_conference_abstract,data\extraction_json\text_trimmed\1764.json,trimmed,true,1,medium,single_case_text_signal,false,count_basis=single_case_text_signal | count_confidence=medium | source_category=conference_abstract,heuristic_v1,2026-04-05T11:49:23.415458+00:00
1768,1768,Cerebellar Ataxia Followed by Stiff Person Syndrome in a Patient with Anti-GAD Antibodies,Seneviratne S.O.; Buzzard K.A.; Cruse B.; Monif M.,single_case_report,case_report,data\extraction_json\text\1768.json,full_text,true,1,medium,case_report_marker_single_case,false,count_basis=case_report_marker_single_case | count_confidence=medium | source_category=single_case_report,heuristic_v1,2026-04-05T11:49:23.419858+00:00
1769,1769,Improvement of stiff-person syndrome symptoms in pregnancy: Case series and literature review,Esch M.E.; Newsome S.D.,case_series_or_multi_case,case_series,data\extraction_json\text\1769.json,full_text,true,9,high,abstract_count_signal,false,count_basis=abstract_count_signal | count_confidence=high | source_category=case_series_or_multi_case,heuristic_v1,2026-04-05T11:49:23.425069+00:00
1770,1770,Neurologic syndromes related to anti-GAD65: Clinical and serologic response to treatment,Munoz-Lopetegi A.; de Bruijn M.A.A.M.; Boukhrissi S.; Bastiaansen A.E.M.; Nagtzaam M.M.P.; Hulsenboom E.S.P.; Boon A.J.W.; Neuteboom R.F.; de Vries J.M.; Sillevis Smitt P.A.E.; Schreurs M.W.J.; Titulaer M.J.,lab_heavy_clinical_or_translational,group_or_frequency_focused_lab_clinical_study,data\extraction_json\text\1770.json,full_text,true,,low,no_reliable_count_signal,false,count_basis=no_reliable_count_signal | count_confidence=low | source_category=lab_heavy_clinical_or_translational,heuristic_v1,2026-04-05T11:49:23.436793+00:00
1772,1772,Autoimmune musicogenic epilepsy associated with anti-glutamic acid decarboxylase antibodies and Stiff-person syndrome,Jesus-Ribeiro J.; Bozorgi A.; Alkhaldi M.; Shaqfeh M.; Fernandez-Baca Vaca G.; Katirji B.,single_case_report,case_report,data\extraction_json\text\1772.json,full_text,true,1,medium,case_report_marker_single_case,false,count_basis=case_report_marker_single_case | count_confidence=medium | source_category=single_case_report,heuristic_v1,2026-04-05T11:49:23.439445+00:00
1773,1773,Stiff limb syndrome associated to anti NMDA-R antibodies,Birzu C.; Jaume L.; Rostomashvilli S.; Honnorat J.; Berzero G.; Psimaras D.,single_case_report,case_report,data\extraction_json\text\1773.json,full_text,true,1,medium,case_report_marker_single_case,false,count_basis=case_report_marker_single_case | count_confidence=medium | source_category=single_case_report,heuristic_v1,2026-04-05T11:49:23.446147+00:00
1774,1774,An unusual presentation of stiff-person syndrome,Saengphatrachai W.; Wantaneeyawong C.; Pitakpatapee Y.; Srivanitchapoom P.,conference_abstract,single_case_conference_abstract,data\extraction_json\text_trimmed\1774.json,trimmed,true,1,medium,single_case_text_signal,false,count_basis=single_case_text_signal | count_confidence=medium | source_category=conference_abstract,heuristic_v1,2026-04-05T11:49:23.468016+00:00
1782,1782,Stiff Limb Syndrome Masquerading As a Focal Limb Dystonia,Morrison P.; Barbano R.,conference_abstract,single_case_conference_abstract,data\extraction_json\text\1782.json,full_text,true,1,medium,case_report_marker_single_case,false,count_basis=case_report_marker_single_case | count_confidence=medium | source_category=conference_abstract,heuristic_v1,2026-04-05T11:49:23.473328+00:00
1784,1784,Stiff-person syndrome and limbic encephalopathy associated with GAD-antibody: A case report,Li S.L.; Yang Y.M.; Guan H.Z.; Wan X.H.; Ren H.T.,conference_abstract,single_case_conference_abstract,data\extraction_json\text\1784.json,full_text,true,1,medium,case_report_marker_single_case,false,count_basis=case_report_marker_single_case | count_confidence=medium | source_category=conference_abstract,heuristic_v1,2026-04-05T11:49:23.478772+00:00
1785,1785,Stiff Limb Syndrome Progressing to Stiff Man Syndrome in a nondiabetic man,Ali T.; Ginjupally D.; Guduru Z.,review_article,tagged_review_article,data\extraction_json\text\1785.json,full_text,false,1,medium,case_report_marker_single_case,false,count_basis=case_report_marker_single_case | count_confidence=medium | source_category=review_article,heuristic_v1,2026-04-05T11:49:23.484528+00:00
1787,1787,Functional stiff person like disorders: Clinical features and red flags,Balint B.; Jha A.; Edwards M.; Meinck H.M.; Bhatia K.,conference_abstract,group_conference_abstract,data\extraction_json\text\1787.json,full_text,true,4,medium,abstract_count_signal,true,count_basis=abstract_count_signal | count_confidence=medium | source_category=conference_abstract,heuristic_v1,2026-04-05T11:49:23.489158+00:00
1788,1788,"Pseudoagoraphobia, a Diagnostic Clue in Stiff-Limb Syndrome",Marano M.; Motolese F.; Lanzone J.; Di Santo A.; Rossi M.; Bevacqua M.G.; Ranieri F.; Capone F.; Gatto E.M.; Di Lazzaro V.,case_series_or_multi_case,case_series,data\extraction_json\text\1788.json,full_text,true,2,medium,abstract_count_signal,true,count_basis=abstract_count_signal | count_confidence=medium | source_category=case_series_or_multi_case,heuristic_v1,2026-04-05T11:49:23.492221+00:00
1789,1789,Intranasal midazolam for treating acute respiratory crises in a woman with stiff person syndrome,Cosentino G.; Romano M.; Algeri M.; Brighina F.; Alfonsi E.; Tassorelli C.; Crescimanno G.,single_case_report,case_report,data\extraction_json\text\1789.json,full_text,true,1,medium,single_case_text_signal,false,count_basis=single_case_text_signal | count_confidence=medium | source_category=single_case_report,heuristic_v1,2026-04-05T11:49:23.493681+00:00
1793,1793,Stiff-person syndrome: The analyses of 15 cases and their prognosises,Wei X.; Cai J.; Zhang C.; Lin H.,conference_abstract,multi_case_conference_abstract,data\extraction_json\text_trimmed\1793.json,trimmed,true,15,high,title_count_signal,false,count_basis=title_count_signal | count_confidence=high | source_category=conference_abstract,heuristic_v1,2026-04-05T11:49:23.505083+00:00
180,180,Paraneoplastic stiff limb syndrome.,"Silverman, I E",case_series_or_multi_case,case_series,data\extraction_json\text\180.json,full_text,true,1,medium,source_single_case_default,false,count_basis=source_single_case_default | count_confidence=medium | source_category=case_series_or_multi_case,heuristic_v1,2026-04-05T11:49:23.525089+00:00
1802,1802,Advanced progression of scoliosis after intrathecal baclofen in an adult with stiff person syndrome: A case report,Oh D.C.; LaGrant B.; Sein M.,conference_abstract,single_case_conference_abstract,data\extraction_json\text\1802.json,full_text,true,1,medium,case_report_marker_single_case,false,count_basis=case_report_marker_single_case | count_confidence=medium | source_category=conference_abstract,heuristic_v1,2026-04-05T11:49:23.557454+00:00
1805,1805,Possible link of genetic variants to autoimmunity in GAD-antibody-associated neurological disorders,Thaler F.S.; Bangol B.; Biljecki M.; Havla J.; Schumacher A.-M.; Kumpfel T.,conference_abstract,multi_case_conference_abstract,data\extraction_json\text_trimmed\1805.json,trimmed,true,1,medium,abstract_count_signal,true,count_basis=abstract_count_signal | count_confidence=medium | source_category=conference_abstract,heuristic_v1,2026-04-05T11:49:23.563196+00:00
1807,1807,Anti-GAD65 antibody mediated systemic small vessel vasculitis with CNS involvement presenting as refractory status epilepticus and stiff-limb syndrome,Neupert D.; Leibu N.; Aysenne A.; Dunn C.R.,conference_abstract,single_case_conference_abstract,data\extraction_json\text_trimmed\1807.json,trimmed,true,1,medium,case_report_marker_single_case,false,count_basis=case_report_marker_single_case | count_confidence=medium | source_category=conference_abstract,heuristic_v1,2026-04-05T11:49:23.577316+00:00
1812,1812,Effectiveness of Combined Immunoglobulin and Glucocorticoid Treatments in a Patient With Stiff Limb Syndrome: Case Report and Review of the Literature,Huang J.; Meng H.-Y.; Duan X.; Li W.-W.; Xu H.-W.; Zhou Y.-F.; Zhou L.,observational_group_study,retrospective_or_cohort_group_study,data\extraction_json\text\1812.json,full_text,true,1,medium,case_report_marker_single_case,false,count_basis=case_report_marker_single_case | count_confidence=medium | source_category=observational_group_study,heuristic_v1,2026-04-05T11:49:23.581321+00:00
182,182,Plasmapheresis and immunosuppression in stiff-man syndrome with type 1 diabetes: a 2-year study.,"Hao, W; Davis, C; Hirsch, I B; Eng, L J; Daniels, T; Walsh, D; Lernmark, A",single_case_report,case_report,data\extraction_json\text\182.json,full_text,true,1,medium,source_single_case_default,false,count_basis=source_single_case_default | count_confidence=medium | source_category=single_case_report,heuristic_v1,2026-04-05T11:49:23.589179+00:00
1829,1829,Providing relief from stiff person syndrome through intrathecal baclofen: A case report,Mazzola A.J.; Escalon M.X.,conference_abstract,single_case_conference_abstract,data\extraction_json\text_trimmed\1829.json,trimmed,true,1,medium,abstract_count_signal,true,count_basis=abstract_count_signal | count_confidence=medium | source_category=conference_abstract,heuristic_v1,2026-04-05T11:49:23.593268+00:00
1830,1830,"Rehabilitation challenges in a rare combination of Stiff-man syndrome, cerebellar ataxia, and Grave's Disease: A case report",Rivelis Y.; Saad E.,single_case_report,case_report,data\extraction_json\text\1830.json,full_text,true,1,medium,case_report_marker_single_case,false,count_basis=case_report_marker_single_case | count_confidence=medium | source_category=single_case_report,heuristic_v1,2026-04-05T11:49:23.598764+00:00
1836,1836,Stiff person syndrome-the less common antibody: A case report,Ozdemir H.N.; Yondem D.; Kaplan S.; Gokcay F.,single_case_report,case_report,data\extraction_json\text\1836.json,full_text,true,1,medium,case_report_marker_single_case,false,count_basis=case_report_marker_single_case | count_confidence=medium | source_category=single_case_report,heuristic_v1,2026-04-05T11:49:23.601322+00:00
1838,1838,Progressive encephalomyelitis with rigidity and myoclonus with multiple autoantibodies as a first manifestation of thymoma,Florea A.; Matei A.; Mitu C.E.; Popescu B.O.,conference_abstract,single_case_conference_abstract,data\extraction_json\text_trimmed\1838.json,trimmed,true,1,medium,single_case_text_signal,false,count_basis=single_case_text_signal | count_confidence=medium | source_category=conference_abstract,heuristic_v1,2026-04-05T11:49:23.631611+00:00
184,184,The stiff-person syndrome: an autoimmune disorder affecting neurotransmission of gamma-aminobutyric acid.,"Levy, L M; Dalakas, M C; Floeter, M K",review_article,tagged_review_article,data\extraction_json\text\184.json,full_text,false,,low,no_reliable_count_signal,false,count_basis=no_reliable_count_signal | count_confidence=low | source_category=review_article,heuristic_v1,2026-04-05T11:49:23.646042+00:00
1841,1841,Stiff person syndrome: A case report,Marin Conesa E.; Marin Marin J.; Gomez Lopez E.; Martinez Zarco M.; Pellicer Espinosa I.; Gimenez Lopez E.; Rodriguez Garcia J.M.; Martinez Navarro M.L.; Iniesta Valera J.A.,conference_abstract,single_case_conference_abstract,data\extraction_json\text_trimmed\1841.json,trimmed,true,1,medium,case_report_marker_single_case,false,count_basis=case_report_marker_single_case | count_confidence=medium | source_category=conference_abstract,heuristic_v1,2026-04-05T11:49:23.651473+00:00
185,185,Stiff-man syndrome with vacuolar degeneration of anterior horn motor neurons.,"Saiz, A; Minguez, A; Graus, F; Marin, C; Tolosa, E; Cruz-Sanchez, F",single_case_report,case_report,data\extraction_json\text\185.json,full_text,true,1,medium,source_single_case_default,false,count_basis=source_single_case_default | count_confidence=medium | source_category=single_case_report,heuristic_v1,2026-04-05T11:49:23.660840+00:00
1859,1859,Surgical Treatment for Toe Deformities in Stiff-Person Syndrome: A Case Report,Takeda R.; Isawa K.; Matsumoto T.; Tanaka S.; Yasui T.,single_case_report,case_report,data\extraction_json\text\1859.json,full_text,true,1,medium,case_report_marker_single_case,false,count_basis=case_report_marker_single_case | count_confidence=medium | source_category=single_case_report,heuristic_v1,2026-04-05T11:49:23.663698+00:00
1860,1860,Exogenous Insulin Injection-Induced Stiff-Person Syndrome in a Patient With Latent Autoimmune Diabetes: A Case Report and Literature Review,Lee Y.-Y.; Lin C.-W.; Chen I.-W.,single_case_report,case_report,data\extraction_json\text\1860.json,full_text,true,1,medium,case_report_marker_single_case,false,count_basis=case_report_marker_single_case | count_confidence=medium | source_category=single_case_report,heuristic_v1,2026-04-05T11:49:23.669366+00:00
1861,1861,Stiff Person Syndrome and Acetylcholine Receptor Ganglionic Neuronal Antibodies,Lester J.; Cojab J.; Kleriga E.,single_case_report,case_report,data\extraction_json\text\1861.json,full_text,true,1,medium,single_case_text_signal,false,count_basis=single_case_text_signal | count_confidence=medium | source_category=single_case_report,heuristic_v1,2026-04-05T11:49:23.672084+00:00
1867,1867,Amphiphysin expression in a case of occult cancer with paraneoplastic stiff-person syndrome,Doi Y.; Ishida S.,single_case_report,case_report,data\extraction_json\text\1867.json,full_text,true,1,medium,case_report_marker_single_case,false,count_basis=case_report_marker_single_case | count_confidence=medium | source_category=single_case_report,heuristic_v1,2026-04-05T11:49:23.673309+00:00
187,187,Long-term remission of refractory stiff-man syndrome after treatment with intravenous immunoglobulin.,"Khanlou, H; Eiger, G",conference_abstract,single_case_conference_abstract,data\extraction_json\text_trimmed\187.json,trimmed,true,1,medium,case_report_marker_single_case,false,count_basis=case_report_marker_single_case | count_confidence=medium | source_category=conference_abstract,heuristic_v1,2026-04-05T11:49:23.675948+00:00
1877,1877,Can certain baseline characteristics in patients with stiff person syndrome (SPS) predict disease burden and functional outcomes?,Mukharesh L.; Fitzgerald K.; Wang Y.; Newsome S.,observational_group_study,retrospective_or_cohort_group_study,data\extraction_json\text\1877.json,full_text,true,186,high,abstract_count_signal,false,count_basis=abstract_count_signal | count_confidence=high | source_category=observational_group_study,heuristic_v1,2026-04-05T11:49:23.683103+00:00
189,189,Stiff-man syndrome--diagnostic criteria and pitfalls.,"Kuruvilla, T; Bharucha, N E; Thompson, E J; Hawa, M; Chauhan, V; Agarwal, R",conference_abstract,single_case_conference_abstract,data\extraction_json\text_trimmed\189.json,trimmed,true,1,medium,source_single_case_default,false,count_basis=source_single_case_default | count_confidence=medium | source_category=conference_abstract,heuristic_v1,2026-04-05T11:49:23.685810+00:00
1897,1897,Autologous hematopoietic stem cell transplantation may be highly effective treatment for severe stiff person syndrome,Georges G.E.; Bowen J.D.; Pearlman M.; Wundes A.; Von Geldern G.; Kraft G.H.; Weiss M.D.; McLaughlin B.; Sytsma J.; Nash R.,conference_abstract,single_case_conference_abstract,data\extraction_json\text_trimmed\1897.json,trimmed,true,1,medium,source_single_case_override,false,count_basis=source_single_case_override | count_confidence=medium | source_category=conference_abstract,heuristic_v1,2026-04-05T11:49:23.692828+00:00
1898,1898,"Anti-gad positive syndrome (stiff-man): A 9-years-case report of treatment, evolution and a review",De Camargo Carmello J.F.; Oliveira A.S.B.,conference_abstract,single_case_conference_abstract,data\extraction_json\text_trimmed\1898.json,trimmed,true,1,medium,case_report_marker_single_case,false,count_basis=case_report_marker_single_case | count_confidence=medium | source_category=conference_abstract,heuristic_v1,2026-04-05T11:49:23.716898+00:00
1899,1899,Stiff-person syndrome and type 1 diabetes mellitus: Report of a family,Faro F.N.; Bussular T.C.; Feder C.K.R.; Salles J.E.N.; Scalissi N.M.; Pereira M.V.,conference_abstract,single_case_conference_abstract,data\extraction_json\text\1899.json,full_text,true,1,medium,case_report_marker_single_case,false,count_basis=case_report_marker_single_case | count_confidence=medium | source_category=conference_abstract,heuristic_v1,2026-04-05T11:49:23.747208+00:00
19,19,Stiff-man syndrome.,"Clifton, E R; Subramony, S H",review_article,tagged_review_article,data\extraction_json\text\19.json,full_text,false,2,high,abstract_count_signal,false,count_basis=abstract_count_signal | count_confidence=high | source_category=review_article,heuristic_v1,2026-04-05T11:49:23.750999+00:00
190,190,Double filtration plasma exchange and immunoadsorption therapy in a case of stiff-man syndrome with negative anti-GAD antibody.,"Hayashi, A; Nakamagoe, K; Ohkoshi, N; Hoshino, S; Shoji, S",single_case_report,case_report,data\extraction_json\text\190.json,full_text,true,1,medium,case_report_marker_single_case,false,count_basis=case_report_marker_single_case | count_confidence=medium | source_category=single_case_report,heuristic_v1,2026-04-05T11:49:23.753748+00:00
1900,1900,Stiff person syndrome exacerbations & therapeutic plasma exchange,Stiefel E.; Leeper J.; Alquist C.,conference_abstract,single_case_conference_abstract,data\extraction_json\text_trimmed\1900.json,trimmed,true,6,high,abstract_count_signal,false,count_basis=abstract_count_signal | count_confidence=high | source_category=conference_abstract,heuristic_v1,2026-04-05T11:49:23.762030+00:00
1901,1901,Iatrogenic hypoglobulinemia due to the therapeutic plasma exchange: Managing the patient with allergies to blood products,Linnik Y.A.; Moiseff R.; Thomasson R.; Szczepiorkowski Z.; Dunbar N.,conference_abstract,single_case_conference_abstract,data\extraction_json\text_trimmed\1901.json,trimmed,true,1,medium,single_case_text_signal,false,count_basis=single_case_text_signal | count_confidence=medium | source_category=conference_abstract,heuristic_v1,2026-04-05T11:49:23.772403+00:00
1903,1903,Stiff person's syndrome: Challenging symptom control,Thakolkaran N.T.; Kaur R.,conference_abstract,single_case_conference_abstract,data\extraction_json\text_trimmed\1903.json,trimmed,true,2,high,abstract_count_signal,false,count_basis=abstract_count_signal | count_confidence=high | source_category=conference_abstract,heuristic_v1,2026-04-05T11:49:23.805123+00:00
1904,1904,Serial CSF studies of anti-GAD antibodies and GAD-IgG intrathecal synthesis in stiff-person syndrome (SPS): Correlation with disease severity and progression,Alexopoulos H.; Akrivou S.; Rakocevic G.; Dalakas M.,observational_group_study,retrospective_or_cohort_group_study,data\extraction_json\text\1904.json,full_text,true,5,high,abstract_count_signal,false,count_basis=abstract_count_signal | count_confidence=high | source_category=observational_group_study,heuristic_v1,2026-04-05T11:49:23.810887+00:00
1907,1907,Unrecognized respiratory manifestations of stiff person syndrome (SPS),Allen A.; Rakocevic G.; Woodford M.; Pack K.; Sexauer W.,observational_group_study,retrospective_or_cohort_group_study,data\extraction_json\text\1907.json,full_text,true,1,medium,abstract_count_signal,true,count_basis=abstract_count_signal | count_confidence=medium | source_category=observational_group_study,heuristic_v1,2026-04-05T11:49:23.815126+00:00
1908,1908,Multiple antibody positive autoimmune encephalomyelitis; Role of immunosuppression in relapsing disease,Hussaini S.; Elwan S.; Singh G.; Simionescu L.; Beach R.,single_case_report,case_report,data\extraction_json\text\1908.json,full_text,true,1,medium,case_report_marker_single_case,false,count_basis=case_report_marker_single_case | count_confidence=medium | source_category=single_case_report,heuristic_v1,2026-04-05T11:49:23.820440+00:00
1909,1909,"Autologous hematopoietic stem cell transplantation may be highly effective treatment for severe, treatment refractory stiff person syndrome",Georges G.; McSweeney P.; Bowen J.; Pearlman M.; Wundes A.; Von Geldern G.; Kraft G.; Weiss M.; Sytsma J.; McLaughlin B.; Nash R.,conference_abstract,group_conference_abstract,data\extraction_json\text_trimmed\1909.json,trimmed,true,9,high,abstract_count_signal,false,count_basis=abstract_count_signal | count_confidence=high | source_category=conference_abstract,heuristic_v1,2026-04-05T11:49:23.824992+00:00
191,191,Motor evoked potentials in a case of stiff-man syndrome: a longitudinal study.,"Logullo, F; Di Bella, P; Provinciali, L",single_case_report,case_report,data\extraction_json\text\191.json,full_text,true,1,medium,case_report_marker_single_case,false,count_basis=case_report_marker_single_case | count_confidence=medium | source_category=single_case_report,heuristic_v1,2026-04-05T11:49:23.828260+00:00
1910,1910,Spastic dysarthria as a presenting sign of stiff person syndrome,Giles S.; Persaud A.; Pulley M.; Shneyder N.,single_case_report,case_report,data\extraction_json\text\1910.json,full_text,true,1,high,abstract_count_signal,false,count_basis=abstract_count_signal | count_confidence=high | source_category=single_case_report,heuristic_v1,2026-04-05T11:49:23.833585+00:00
1911,1911,Anti-GAD-65 associated progressive encephalomyelitis with rigidity and myoclonus following west NILE virus encephalitis,Loeb J.S.; Devine M.; Perven G.,conference_abstract,single_case_conference_abstract,data\extraction_json\text\1911.json,full_text,true,1,medium,case_report_marker_single_case,false,count_basis=case_report_marker_single_case | count_confidence=medium | source_category=conference_abstract,heuristic_v1,2026-04-05T11:49:23.838630+00:00
1912,1912,Defining the clinical spectrum of variant-stiff person syndrome: A case series,Shoemaker T.; Aljarallah S.; Lukish N.; Comisac M.; Saylor D.; Newsome S.,case_series_or_multi_case,case_series,data\extraction_json\text\1912.json,full_text,true,4,medium,abstract_count_signal,true,count_basis=abstract_count_signal | count_confidence=medium | source_category=case_series_or_multi_case,heuristic_v1,2026-04-05T11:49:23.843410+00:00
1913,1913,Improvement of stiff person syndrome symptoms during pregnancy,Esch M.; Newsome S.,case_series_or_multi_case,case_series,data\extraction_json\text\1913.json,full_text,true,4,high,abstract_count_signal,false,count_basis=abstract_count_signal | count_confidence=high | source_category=case_series_or_multi_case,heuristic_v1,2026-04-05T11:49:23.847838+00:00
1916,1916,A rare cause of progressive encephalopathy - PERM,Hartigan S.; Turner R.; Hastings J.,conference_abstract,single_case_conference_abstract,data\extraction_json\text_trimmed\1916.json,trimmed,true,1,medium,source_single_case_default,false,count_basis=source_single_case_default | count_confidence=medium | source_category=conference_abstract,heuristic_v1,2026-04-05T11:49:23.862264+00:00
1918,1918,Spasmodic reflex myoclonus-an characteristic electrophysiological manifestation for the diagnosis of Stiff-person syndrome,Tsai C.-H.,conference_abstract,group_conference_abstract,data\extraction_json\text_trimmed\1918.json,trimmed,true,,low,no_reliable_count_signal,false,count_basis=no_reliable_count_signal | count_confidence=low | source_category=conference_abstract,heuristic_v1,2026-04-05T11:49:23.871125+00:00
1921,1921,Refractory anti-gad positive stiff-person syndrome controlled after rituximab therapy,Aragao V.; Braga E.; Marinho A.R.; Nobrega P.; Simabukuro M.; Ferreira G.; Maia F.,conference_abstract,single_case_conference_abstract,data\extraction_json\text_trimmed\1921.json,trimmed,true,1,medium,case_report_marker_single_case,false,count_basis=case_report_marker_single_case | count_confidence=medium | source_category=conference_abstract,heuristic_v1,2026-04-05T11:49:23.884609+00:00
1922,1922,Stiff person syndrome presenting with spastic dysarthria,Persaud A.; Shneyder N.; Pulley M.; Giles S.,conference_abstract,single_case_conference_abstract,data\extraction_json\text_trimmed\1922.json,trimmed,true,1,medium,case_report_marker_single_case,false,count_basis=case_report_marker_single_case | count_confidence=medium | source_category=conference_abstract,heuristic_v1,2026-04-05T11:49:23.896321+00:00
1923,1923,Intrathecal baclofen effects in stiff person syndrome: Clinical and instrumented gait analysis,Rocha M.S.; Terzian P.R.; Ferreira R.; Majdoub A.A.; Barbosa J.; Godinho F.,conference_abstract,single_case_conference_abstract,data\extraction_json\text_trimmed\1923.json,trimmed,true,2,high,abstract_count_signal,false,count_basis=abstract_count_signal | count_confidence=high | source_category=conference_abstract,heuristic_v1,2026-04-05T11:49:23.906803+00:00
1924,1924,Status dystonicus in a young person as an unusual presentation of stiff person syndrome: A case report,Di Luca D.G.; Bette S.; Luca C.; Singer C.,conference_abstract,single_case_conference_abstract,data\extraction_json\text_trimmed\1924.json,trimmed,true,1,medium,case_report_marker_single_case,false,count_basis=case_report_marker_single_case | count_confidence=medium | source_category=conference_abstract,heuristic_v1,2026-04-05T11:49:23.919916+00:00
1928,1928,Stiff person syndrome with reflex myoclonus and occupational incapacity. Case report,Sanchez B.S.; Avelar S.; Hurtado P.; Aguilar M.,observational_group_study,retrospective_or_cohort_group_study,data\extraction_json\text\1928.json,full_text,true,1,medium,case_report_marker_single_case,false,count_basis=case_report_marker_single_case | count_confidence=medium | source_category=observational_group_study,heuristic_v1,2026-04-05T11:49:23.924215+00:00
193,193,Marked improvement in a stiff-limb patient treated with intravenous immunoglobulin.,"Souza-Lima, C F; Ferraz, H B; Braz, C A; Araujo, A M; Manzano, G M",case_series_or_multi_case,case_series,data\extraction_json\text\193.json,full_text,true,16,medium,early_body_count_signal,true,count_basis=early_body_count_signal | count_confidence=medium | source_category=case_series_or_multi_case,heuristic_v1,2026-04-05T11:49:23.936331+00:00
1931,1931,"""Stiff young woman"": Case report",Sousa M.; Varela R.; Carneiro D.; Januario C.; Morgadinho A.,conference_abstract,single_case_conference_abstract,data\extraction_json\text\1931.json,full_text,true,1,medium,case_report_marker_single_case,false,count_basis=case_report_marker_single_case | count_confidence=medium | source_category=conference_abstract,heuristic_v1,2026-04-05T11:49:23.942242+00:00
1932,1932,An international survey of stiff person spectrum disorders: Exploring the clinical spectrum and unmet needs,Balint B.; Gatto E.; Etcheverry J.; Cesarini M.; Virginia Parisi V.; Rodriguez Violante M.; Garcia Ruiz P.; Bhatia K.,conference_abstract,single_case_conference_abstract,data\extraction_json\text\1932.json,full_text,true,16,medium,abstract_count_signal,true,count_basis=abstract_count_signal | count_confidence=medium | source_category=conference_abstract,heuristic_v1,2026-04-05T11:49:23.947223+00:00
1935,1935,Stiff limb syndrome: A rare variant of stiff person's syndrome,Lin B.; Sivakumar K.; Yacoub H.; Varrato J.; Walsh A.; Romano A.,conference_abstract,single_case_conference_abstract,data\extraction_json\text\1935.json,full_text,true,1,medium,case_report_marker_single_case,false,count_basis=case_report_marker_single_case | count_confidence=medium | source_category=conference_abstract,heuristic_v1,2026-04-05T11:49:23.953063+00:00
1937,1937,Prevalence of neurological anti-gad autoimmunity in martinique,Duclos S.; Cabre P.; Deligny C.; Signate A.,observational_group_study,retrospective_or_cohort_group_study,data\extraction_json\text\1937.json,full_text,true,13,medium,abstract_count_signal,true,count_basis=abstract_count_signal | count_confidence=medium | source_category=observational_group_study,heuristic_v1,2026-04-05T11:49:23.958007+00:00
1938,1938,Stiff-person spectrum disorders can be highly underdiagnosed in Russia: A retrospective analysis,Seliverstov Y.; Melnik E.; Fominykh V.; Skalnaya A.; Brylev L.,observational_group_study,retrospective_or_cohort_group_study,data\extraction_json\text\1938.json,full_text,true,11,high,abstract_count_signal,false,count_basis=abstract_count_signal | count_confidence=high | source_category=observational_group_study,heuristic_v1,2026-04-05T11:49:23.963539+00:00
1941,1941,The effect of clinical pilates-based physiotherapy program for a Stiff Person Syndrome patient: a case report,Belgen Kaygisiz B.; Coban F.; Selcuk F.,single_case_report,case_report,data\extraction_json\text\1941.json,full_text,true,1,medium,case_report_marker_single_case,false,count_basis=case_report_marker_single_case | count_confidence=medium | source_category=single_case_report,heuristic_v1,2026-04-05T11:49:23.968144+00:00
1943,1943,Amphiphysin-positive paraneoplastic myelitis and stiff-person syndrome,Faissner S.; Lukas C.; Reinacher-Schick A.; Tannapfel A.; Gold R.; Kleiter I.,unclear_manual_review,unclear,data\extraction_json\text\1943.json,full_text,false,1,medium,source_single_case_default,false,count_basis=source_single_case_default | count_confidence=medium | source_category=unclear_manual_review,heuristic_v1,2026-04-05T11:49:23.975352+00:00
1945,1945,Paraneoplastic Stiff Person Syndrome in Early-Stage Breast Cancer with Positive Anti-Amphiphysin Antibodies,Vacaras V.; Cucu E.E.; Radu R.; Muresanu D.F.,single_case_report,case_report,data\extraction_json\text\1945.json,full_text,true,1,medium,case_report_marker_single_case,false,count_basis=case_report_marker_single_case | count_confidence=medium | source_category=single_case_report,heuristic_v1,2026-04-05T11:49:23.978455+00:00
1947,1947,AN INTERESTING PRESENTATION OF STIFF-PERSON SYNDROME,Lezama K.; Hudey S.; Glaum M.,conference_abstract,single_case_conference_abstract,data\extraction_json\text_trimmed\1947.json,trimmed,true,1,medium,abstract_count_signal,true,count_basis=abstract_count_signal | count_confidence=medium | source_category=conference_abstract,heuristic_v1,2026-04-05T11:49:23.983216+00:00
1949,1949,Ocular Motor and Vestibular Characteristics of Antiglutamic Acid Decarboxylase-Associated Neurologic Disorders,Wang Y.; Tourkevich R.; Bosley J.; Gold D.R.; Newsome S.D.,observational_group_study,retrospective_or_cohort_group_study,data\extraction_json\text\1949.json,full_text,true,4,high,abstract_count_signal,false,count_basis=abstract_count_signal | count_confidence=high | source_category=observational_group_study,heuristic_v1,2026-04-05T11:49:23.989325+00:00
1950,1950,Stiff-Person Syndrome Outpatient Rehabilitation: Case Report,Khan F.; Chevidikunnan M.F.; Almalki R.A.; Mirdad M.K.; Nimatallah K.A.; Al-Zahrani S.; Alshareef A.A.,single_case_report,case_report,data\extraction_json\text\1950.json,full_text,true,1,medium,case_report_marker_single_case,false,count_basis=case_report_marker_single_case | count_confidence=medium | source_category=single_case_report,heuristic_v1,2026-04-05T11:49:23.992442+00:00
1954,1954,Defining the Expanding Clinical Spectrum of Pediatric-Onset Stiff Person Syndrome,Yeshokumar A.K.; Sun L.R.; Newsome S.D.,observational_group_study,retrospective_or_cohort_group_study,data\extraction_json\text\1954.json,full_text,true,186,medium,early_body_count_signal,false,count_basis=early_body_count_signal | count_confidence=medium | source_category=observational_group_study,heuristic_v1,2026-04-05T11:49:24.003638+00:00
1957,1957,Progressive Encephalomyelitis With Rigidity and Myoclonus With Thymoma: A Case Report and Literature Review,Su Y.; Cui L.; Zhu M.; Liang Y.; Zhang Y.,single_case_report,case_report,data\extraction_json\text\1957.json,full_text,true,1,medium,case_report_marker_single_case,false,count_basis=case_report_marker_single_case | count_confidence=medium | source_category=single_case_report,heuristic_v1,2026-04-05T11:49:24.006764+00:00
1959,1959,Levodopa-responsive progressive encephalomyelitis with rigidity and myoclonus associated with glycine receptor antibodies,Sturchio A.; Gastaldi M.; Cariddi L.P.; Biacchi D.; Espay A.J.; Franciotta D.; Versino M.; Mauri M.,review_article,narrative_or_systematic_review,data\extraction_json\text\1959.json,full_text,false,1,medium,source_single_case_default,false,count_basis=source_single_case_default | count_confidence=medium | source_category=review_article,heuristic_v1,2026-04-05T11:49:24.023959+00:00
1962,1962,McArdle Disease vs. Stiff-Person Syndrome: A Case Report Highlighting the Similarities Between Two Rare and Distinct Disorders,Godbe K.; Malaty G.; Wenzel A.; Nazeer S.; Grider D.J.; Kinsey A.,single_case_report,case_report,data\extraction_json\text\1962.json,full_text,true,1,medium,case_report_marker_single_case,false,count_basis=case_report_marker_single_case | count_confidence=medium | source_category=single_case_report,heuristic_v1,2026-04-05T11:49:24.030781+00:00
1964,1964,Advanced Progression of Scoliosis after Intrathecal Baclofen in an Adult with Stiff Person Syndrome: A Case Report,Oh D.C.-S.; Rakesh N.; Lagrant B.; Sein M.,single_case_report,case_report,data\extraction_json\text\1964.json,full_text,true,1,medium,case_report_marker_single_case,false,count_basis=case_report_marker_single_case | count_confidence=medium | source_category=single_case_report,heuristic_v1,2026-04-05T11:49:24.035294+00:00
1968,1968,Subcutaneous immunoglobulin for maintenance therapy in stiff-person syndrome: One-year follow-up in two patients,Fileccia E.; Rinaldi R.; Minicuci G.M.; D'Angelo R.; Bartolomei L.; Liguori R.; Donadio V.,interventional_study,controlled_or_therapeutic_group_study,data\extraction_json\text\1968.json,full_text,true,2,high,title_count_signal,false,count_basis=title_count_signal | count_confidence=high | source_category=interventional_study,heuristic_v1,2026-04-05T11:49:24.037700+00:00
197,197,Autoimmunity to gephyrin in Stiff-Man syndrome.,"Butler, M H; Hayashi, A; Ohkoshi, N; Villmann, C; Becker, C M; Feng, G; De Camilli, P; Solimena, M",single_case_report,case_report,data\extraction_json\text\197.json,full_text,true,1,medium,case_report_marker_single_case,false,count_basis=case_report_marker_single_case | count_confidence=medium | source_category=single_case_report,heuristic_v1,2026-04-05T11:49:24.041079+00:00
1971,1971,"""Rigid"" lower back pain: A case of stiff person syndrome",Aurore V.; Stephane G.,conference_abstract,single_case_conference_abstract,data\extraction_json\text\1971.json,full_text,true,1,medium,case_report_marker_single_case,false,count_basis=case_report_marker_single_case | count_confidence=medium | source_category=conference_abstract,heuristic_v1,2026-04-05T11:49:24.044856+00:00
206,206,The clinical spectrum of anti-GAD antibody-positive patients with stiff-person syndrome.,"Dalakas, M C; Fujii, M; Li, M; McElroy, B",interventional_study,controlled_or_therapeutic_group_study,data\extraction_json\text\206.json,full_text,true,38,high,abstract_count_signal,false,count_basis=abstract_count_signal | count_confidence=high | source_category=interventional_study,heuristic_v1,2026-04-05T11:49:24.051693+00:00
208,208,Stiff-person like syndrome in a patient with multiple pituitary hormone deficiencies.,"Chroni, E; Papadimitriou, A; Avramidis, T; Terentiou, A E; Tzioras, C; Divari, R",single_case_report,case_report,data\extraction_json\text\208.json,full_text,true,1,medium,case_report_marker_single_case,false,count_basis=case_report_marker_single_case | count_confidence=medium | source_category=single_case_report,heuristic_v1,2026-04-05T11:49:24.053786+00:00
209,209,Cerebellar ataxia with anti-glutamic acid decarboxylase antibodies: study of 14 patients.,"Honnorat, J; Saiz, A; Giometto, B; Vincent, A; Brieva, L; de Andres, C; Maestre, J; Fabien, N; Vighetto, A; Casamitjana, R; Thivolet, C; Tavolato, B; Antoine, J; Trouillas, P; Graus, F",observational_group_study,retrospective_or_cohort_group_study,data\extraction_json\text\209.json,full_text,true,14,medium,title_count_signal,true,count_basis=title_count_signal | count_confidence=medium | source_category=observational_group_study,heuristic_v1,2026-04-05T11:49:24.056427+00:00
211,211,A case of stiff limb syndrome responsive to plasma exchange.,"Coles, A; Barker, R",single_case_report,case_report,data\extraction_json\text\211.json,full_text,true,1,medium,case_report_marker_single_case,false,count_basis=case_report_marker_single_case | count_confidence=medium | source_category=single_case_report,heuristic_v1,2026-04-05T11:49:24.057715+00:00
213,213,Focal stiff-person syndrome.,"Fiol, M; Cammarota, A; Rivero, A; Pardal, A; Nogues, M; Correale, J",conference_abstract,single_case_conference_abstract,data\extraction_json\text_trimmed\213.json,trimmed,true,1,medium,case_report_marker_single_case,false,count_basis=case_report_marker_single_case | count_confidence=medium | source_category=conference_abstract,heuristic_v1,2026-04-05T11:49:24.060955+00:00
214,214,Plasma exchange in stiff-man syndrome.,"Shariatmadar, S; Noto, T A",interventional_study,controlled_or_therapeutic_group_study,data\extraction_json\text\214.json,full_text,true,2,high,abstract_count_signal,false,count_basis=abstract_count_signal | count_confidence=high | source_category=interventional_study,heuristic_v1,2026-04-05T11:49:24.064260+00:00
2175,2175,Treatment of progressive encephalomyelitis with rigidity and myoclonic jerks with rituximab: a case report.,"Saidha, S; Elamin, M; Mullins, G; Chaila, E; Tormey, V J; Hennessy, M J",single_case_report,case_report,data\extraction_json\text\2175.json,full_text,true,1,medium,case_report_marker_single_case,false,count_basis=case_report_marker_single_case | count_confidence=medium | source_category=single_case_report,heuristic_v1,2026-04-05T11:49:24.065524+00:00
219,219,Quality of life in stiff-person syndrome.,"Gerschlager, Willibald; Schrag, Anette; Brown, Peter",observational_group_study,retrospective_or_cohort_group_study,data\extraction_json\text\219.json,full_text,true,24,high,abstract_count_signal,false,count_basis=abstract_count_signal | count_confidence=high | source_category=observational_group_study,heuristic_v1,2026-04-05T11:49:24.069799+00:00
22,22,Therapeutic trial of milacemide in patients with myoclonus and other intractable movement disorders.,"Gordon, M F; Diaz-Olivo, R; Hunt, A L; Fahn, S",interventional_study,controlled_or_therapeutic_group_study,data\extraction_json\text\22.json,full_text,true,10,medium,patient_label_count,false,count_basis=patient_label_count | count_confidence=medium | source_category=interventional_study,heuristic_v1,2026-04-05T11:49:24.078690+00:00
220,220,Stiff-person syndrome associated with oral isotretinoin treatment.,"Chroni, E; Sakkis, Th; Georgiou, S; Monastirli, A; Pasmatzi, E; Paschalis, C; Tsambaos, D",single_case_report,case_report,data\extraction_json\text\220.json,full_text,true,1,medium,case_report_marker_single_case,false,count_basis=case_report_marker_single_case | count_confidence=medium | source_category=single_case_report,heuristic_v1,2026-04-05T11:49:24.080833+00:00
223,223,The stiff-person syndrome. Case report.,"Piovano, C; Piattelli, M; Spina, T; Iervese, G; Bosco, G",single_case_report,case_report,data\extraction_json\text\223.json,full_text,true,1,medium,case_report_marker_single_case,false,count_basis=case_report_marker_single_case | count_confidence=medium | source_category=single_case_report,heuristic_v1,2026-04-05T11:49:24.085008+00:00
224,224,Specific phobia is a frequent non-motor feature in stiff man syndrome.,"Henningsen, P; Meinck, H-M",observational_group_study,retrospective_or_cohort_group_study,data\extraction_json\text\224.json,full_text,true,43,high,abstract_count_signal,false,count_basis=abstract_count_signal | count_confidence=high | source_category=observational_group_study,heuristic_v1,2026-04-05T11:49:24.089685+00:00
227,227,Spectrum of paraneoplastic neurologic disorders in women with breast and gynecologic cancer.,"Rojas-Marcos, Inigo; Rousseau, Audrey; Keime-Guibert, Florence; Rene, Ramon; Cartalat-Carel, Stephanie; Delattre, Jean Yves; Graus, Francesc",review_article,tagged_review_article,data\extraction_json\text\227.json,full_text,false,4,high,abstract_count_signal,false,count_basis=abstract_count_signal | count_confidence=high | source_category=review_article,heuristic_v1,2026-04-05T11:49:24.096570+00:00
228,228,Intrathecal baclofen for stiff-person syndrome: life-threatening intermittent catheter leakage.,"Bardutzky, J; Tronnier, V; Schwab, S; Meinck, H-M",single_case_report,case_report,data\extraction_json\text\228.json,full_text,true,1,medium,case_report_marker_single_case,false,count_basis=case_report_marker_single_case | count_confidence=medium | source_category=single_case_report,heuristic_v1,2026-04-05T11:49:24.099570+00:00
229,229,Progressive encephalomyelitis with rigidity as refractory asthma.,"Kikuchi, N; Nomura, A; Ishii, Y; Sekizawa, K; Harada, H; Ishii, K; Wada, T",interventional_study,controlled_or_therapeutic_group_study,data\extraction_json\text\229.json,full_text,true,,low,no_reliable_count_signal,false,count_basis=no_reliable_count_signal | count_confidence=low | source_category=interventional_study,heuristic_v1,2026-04-05T11:49:24.115569+00:00
23,23,Stiff-man syndrome treated with intrathecal baclofen.,"Penn, R D; Mangieri, E A",single_case_report,case_report,data\extraction_json\text\23.json,full_text,true,1,medium,source_single_case_override,false,count_basis=source_single_case_override | count_confidence=medium | source_category=single_case_report,heuristic_v1,2026-04-05T11:49:24.120997+00:00
231,231,Stiff person syndrome and anesthesia: case report.,"Bouw, Jans; Leendertse, Karin; Tijssen, Marina A J; Dzoljic, Misa",single_case_report,case_report,data\extraction_json\text\231.json,full_text,true,1,medium,case_report_marker_single_case,false,count_basis=case_report_marker_single_case | count_confidence=medium | source_category=single_case_report,heuristic_v1,2026-04-05T11:49:24.122943+00:00
2318,2318,Progressive encephalomyelitis with rigidity and myoclonus: resolution after thymectomy.,"Clerinx, K; Breban, T; Schrooten, M; Leite, M I; Vincent, A; Verschakelen, J; Tousseyn, T; Vandenberghe, W",unclear_manual_review,unclear,data\extraction_json\text\2318.json,full_text,false,194,medium,early_body_count_signal,false,count_basis=early_body_count_signal | count_confidence=medium | source_category=unclear_manual_review,heuristic_v1,2026-04-05T11:49:24.133335+00:00
232,232,Neuropathology and binding studies in anti-amphiphysin-associated stiff-person syndrome.,"Wessig, C; Klein, R; Schneider, M F; Toyka, K V; Naumann, M; Sommer, C",single_case_report,case_report,data\extraction_json\text\232.json,full_text,true,1,medium,single_case_text_signal,false,count_basis=single_case_text_signal | count_confidence=medium | source_category=single_case_report,heuristic_v1,2026-04-05T11:49:24.136443+00:00
233,233,Head retraction reflex in stiff-man syndrome and related disorders.,"Berger, Christian; Meinck, Hans-Michael",observational_group_study,retrospective_or_cohort_group_study,data\extraction_json\text\233.json,full_text,true,28,high,abstract_count_signal,false,count_basis=abstract_count_signal | count_confidence=high | source_category=observational_group_study,heuristic_v1,2026-04-05T11:49:24.141795+00:00
2346,2346,Thymoma-associated progressive encephalomyelitis with rigidity and myoclonus successfully treated with thymectomy and intravenous immunoglobulin.,"Uehara, Taira; Murai, Hiroyuki; Yamasaki, Ryo; Kikuchi, Hitoshi; Shigeto, Hiroshi; Ohyagi, Yasumasa; Kira, Jun-Ichi",unclear_manual_review,unclear,data\extraction_json\text\2346.json,full_text,false,,low,no_reliable_count_signal,false,count_basis=no_reliable_count_signal | count_confidence=low | source_category=unclear_manual_review,heuristic_v1,2026-04-05T11:49:24.150080+00:00
2357,2357,Variant form of stiff-man syndrome with neck pain: report of a case treated with muscle afferent block.,"Mori, Y; Kawai, K; Morishige, Y; Uchida, K; Yamamoto, T; Sakabe, T; Kawai, M",single_case_report,case_report,data\extraction_json\text\2357.json,full_text,true,1,medium,case_report_marker_single_case,false,count_basis=case_report_marker_single_case | count_confidence=medium | source_category=single_case_report,heuristic_v1,2026-04-05T11:49:24.151482+00:00
2370,2370,A patient with atypical stiff-person syndrome: an electrophysiological study.,"Picciolo, G; Quartarone, A; Battaglia, F; Majorana, G; Rizzo, V; Bagnato, S; Girlanda, P; Messina, C",single_case_report,case_report,data\extraction_json\text\2370.json,full_text,true,1,medium,case_report_marker_single_case,false,count_basis=case_report_marker_single_case | count_confidence=medium | source_category=single_case_report,heuristic_v1,2026-04-05T11:49:24.153777+00:00
2371,2371,"Stiffness, spasticity, or both: a case report of stiff-person syndrome.","Li, Jun; Bromberg, Mark B",interventional_study,controlled_or_therapeutic_group_study,data\extraction_json\text\2371.json,full_text,true,1,medium,case_report_marker_single_case,false,count_basis=case_report_marker_single_case | count_confidence=medium | source_category=interventional_study,heuristic_v1,2026-04-05T11:49:24.157461+00:00
238,238,Humoral and cellular autoimmune responses in stiff person syndrome.,"Lohmann, Tobias; Londei, Marco; Hawa, Mohammed; Leslie, R David G",lab_heavy_clinical_or_translational,group_or_frequency_focused_lab_clinical_study,data\extraction_json\text\238.json,full_text,true,1,high,abstract_count_signal,false,count_basis=abstract_count_signal | count_confidence=high | source_category=lab_heavy_clinical_or_translational,heuristic_v1,2026-04-05T11:49:24.161973+00:00
2381,2381,Stiff limb syndrome: a case report.,"Hajjioui, Abderrazak; Benbouazza, Karima; Faris, Mohamed El Alaoui; Missaoui, Amina; Hassouni, Najia Hajjaj",single_case_report,case_report,data\extraction_json\text\2381.json,full_text,true,1,medium,case_report_marker_single_case,false,count_basis=case_report_marker_single_case | count_confidence=medium | source_category=single_case_report,heuristic_v1,2026-04-05T11:49:24.165886+00:00
2383,2383,Stiff person syndrome presenting with sudden onset of shortness of breath and difficulty moving the right arm: a case report.,"Goodson, Bradley; Martin, Kate; Hunt, Thomas",single_case_report,case_report,data\extraction_json\text\2383.json,full_text,true,1,medium,case_report_marker_single_case,false,count_basis=case_report_marker_single_case | count_confidence=medium | source_category=single_case_report,heuristic_v1,2026-04-05T11:49:24.170002+00:00
2384,2384,Stiff man syndrome and anaesthetic considerations: successful management using combined spinal epidural anaesthesia.,"Shanthanna, Harsha",single_case_report,case_report,data\extraction_json\text\2384.json,full_text,true,1,medium,source_single_case_default,false,count_basis=source_single_case_default | count_confidence=medium | source_category=single_case_report,heuristic_v1,2026-04-05T11:49:24.175666+00:00
2389,2389,Childhood stiff-person syndrome improved with rituximab.,"Fekete, R; Jankovic, J",interventional_study,controlled_or_therapeutic_group_study,data\extraction_json\text\2389.json,full_text,true,1,medium,case_report_marker_single_case,false,count_basis=case_report_marker_single_case | count_confidence=medium | source_category=interventional_study,heuristic_v1,2026-04-05T11:49:24.179195+00:00
239,239,Clinically disparate stiff-person syndrome with GAD65 autoantibody in a father and daughter.,"Burns, T M; Jones, H R; Phillips, L H 2nd; Bugawan, T L; Erlich, H A; Lennon, V A",case_series_or_multi_case,case_series,data\extraction_json\text\239.json,full_text,true,5,medium,early_body_count_signal,false,count_basis=early_body_count_signal | count_confidence=medium | source_category=case_series_or_multi_case,heuristic_v1,2026-04-05T11:49:24.189958+00:00
241,241,Anti-GAD antibody positive stiff-limb syndrome in multiple myeloma.,"Schiff, David; Dalmau, Josep; Myers, Delynne J",single_case_report,case_report,data\extraction_json\text\241.json,full_text,true,1,medium,case_report_marker_single_case,false,count_basis=case_report_marker_single_case | count_confidence=medium | source_category=single_case_report,heuristic_v1,2026-04-05T11:49:24.191898+00:00
242,242,Levetiracetam improves paroxysmal symptoms in a patient with stiff-person syndrome.,"Ruegg, Stephan J; Steck, Andreas J; Fuhr, Peter",interventional_study,controlled_or_therapeutic_group_study,data\extraction_json\text\242.json,full_text,true,1,medium,case_report_marker_single_case,false,count_basis=case_report_marker_single_case | count_confidence=medium | source_category=interventional_study,heuristic_v1,2026-04-05T11:49:24.193706+00:00
243,243,Rhabdomyolysis and paraneoplastic stiff-man syndrome with amphiphysin autoimmunity.,"Petzold, Gabor C; Marcucci, Melissa; Butler, Margaret H; van Landeghem, Frank K H; Einhaupl, Karl M; Solimena, Michele; Valdueza, Jose M; De Camilli, Pietro",case_series_or_multi_case,case_series,data\extraction_json\text\243.json,full_text,true,1,medium,case_report_marker_single_case,false,count_basis=case_report_marker_single_case | count_confidence=medium | source_category=case_series_or_multi_case,heuristic_v1,2026-04-05T11:49:24.197151+00:00
2442,2442,Supranuclear gaze palsy in glycine receptor antibody-positive progressive encephalomyelitis with rigidity and myoclonus.,"Peeters, Elke; Vanacker, Peter; Woodhall, Mark; Vincent, Angela; Schrooten, Maarten; Vandenberghe, Wim",unclear_manual_review,unclear,data\extraction_json\text\2442.json,full_text,false,1,medium,source_single_case_default,false,count_basis=source_single_case_default | count_confidence=medium | source_category=unclear_manual_review,heuristic_v1,2026-04-05T11:49:24.210337+00:00
2461,2461,Anti-glycine receptor antibody mediated progressive encephalomyelitis with rigidity and myoclonus associated with breast cancer.,"De Blauwe, Sofie N; Santens, Patrick; Vanopdenbosch, Ludo J",single_case_report,case_report,data\extraction_json\text\2461.json,full_text,true,1,medium,single_case_text_signal,false,count_basis=single_case_text_signal | count_confidence=medium | source_category=single_case_report,heuristic_v1,2026-04-05T11:49:24.213068+00:00
2467,2467,Stiff-person syndrome: case series.,"Jung, Yu Jin; Jeong, Han G; Kim, Ryul; Kim, Han-Joon; Jeon, Beom S",case_series_or_multi_case,case_series,data\extraction_json\text\2467.json,full_text,true,3,high,abstract_count_signal,false,count_basis=abstract_count_signal | count_confidence=high | source_category=case_series_or_multi_case,heuristic_v1,2026-04-05T11:49:24.215215+00:00
247,247,Stiff-person syndromes: motor cortex hyperexcitability correlates with anti-GAD autoimmunity.,"Koerner, Claudia; Wieland, Bettina; Richter, Wiltrud; Meinck, Hans-Michael",observational_group_study,retrospective_or_cohort_group_study,data\extraction_json\text\247.json,full_text,true,21,medium,abstract_count_signal,true,count_basis=abstract_count_signal | count_confidence=medium | source_category=observational_group_study,heuristic_v1,2026-04-05T11:49:24.218797+00:00
2472,2472,Stiff man syndrome: a diagnostic dilemma in a young female with diabetes mellitus and thyroiditis.,"Enuh, Hilary; Park, Michael; Ghodasara, Arjun; Arsura, Edward; Nfonoyim, Jay",single_case_report,case_report,data\extraction_json\text\2472.json,full_text,true,1,medium,case_report_marker_single_case,false,count_basis=case_report_marker_single_case | count_confidence=medium | source_category=single_case_report,heuristic_v1,2026-04-05T11:49:24.221391+00:00
2479,2479,"Stiff Person Syndrome: A Rare Neurological Disorder, Heterogeneous in Clinical Presentation and Not Easy to Treat.","Buechner, Susanne; Florio, Igor; Capone, Loredana",review_article,tagged_review_article,data\extraction_json\text\2479.json,full_text,false,3,medium,early_body_count_signal,false,count_basis=early_body_count_signal | count_confidence=medium | source_category=review_article,heuristic_v1,2026-04-05T11:49:24.231045+00:00
248,248,"Paraneoplastic ""stiff person syndrome"" with metastatic adenocarcinoma and anti-Ri antibodies.","McCabe, D J H; Turner, N C; Chao, D; Leff, A; Gregson, N A; Womersley, H J; Mak, I; Perkin, G D; Schapira, A H V",single_case_report,case_report,data\extraction_json\text\248.json,full_text,true,1,medium,single_case_text_signal,false,count_basis=single_case_text_signal | count_confidence=medium | source_category=single_case_report,heuristic_v1,2026-04-05T11:49:24.233406+00:00
2495,2495,Lockjaw in stiff-person syndrome with autoantibodies against glycine receptors.,"Doppler, Kathrin; Schleyer, Barbara; Geis, Christian; Grunewald, Benedikt; Putz, Evelyn; Villmann, Carmen; Sommer, Claudia",unclear_manual_review,unclear,data\extraction_json\text\2495.json,full_text,false,1,medium,source_single_case_default,false,count_basis=source_single_case_default | count_confidence=medium | source_category=unclear_manual_review,heuristic_v1,2026-04-05T11:49:24.241113+00:00
25,25,Identification of a dominant epitope of glutamic acid decarboxylase (GAD-65) recognized by autoantibodies in stiff-man syndrome.,"Butler, M H; Solimena, M; Dirkx, R Jr; Hayday, A; De Camilli, P",lab_heavy_clinical_or_translational,group_or_frequency_focused_lab_clinical_study,data\extraction_json\text\25.json,full_text,true,30,high,abstract_count_signal,false,count_basis=abstract_count_signal | count_confidence=high | source_category=lab_heavy_clinical_or_translational,heuristic_v1,2026-04-05T11:49:24.245760+00:00
2500,2500,Clinical Spectrum of Stiff Person Syndrome: A Review of Recent Reports.,"Sarva, Harini; Deik, Andres; Ullah, Aman; Severt, William L",conference_abstract,group_conference_abstract,data\extraction_json\text_trimmed\2500.json,trimmed,true,,low,no_reliable_count_signal,false,count_basis=no_reliable_count_signal | count_confidence=low | source_category=conference_abstract,heuristic_v1,2026-04-05T11:49:24.252448+00:00
2514,2514,Stiff-Person Syndrome and Graves' Disease: A Pediatric Case Report.,"Medeiros, Lais Moreira; Morais, Thulio Carvalho; Primo, Arlete Esteves Lopes; Speltri, Valeria Casella; Rocha, Maria Sheila Guimaraes",single_case_report,case_report,data\extraction_json\text\2514.json,full_text,true,1,medium,case_report_marker_single_case,false,count_basis=case_report_marker_single_case | count_confidence=medium | source_category=single_case_report,heuristic_v1,2026-04-05T11:49:24.255148+00:00
252,252,The spectrum of antineuronal autoantibodies in a series of neurological patients.,"Vianello, M; Vitaliani, R; Pezzani, R; Nicolao, P; Betterle, C; Keir, G; Thompson, E J; Tavolato, B; Scaravilli, F; Giometto, B",lab_heavy_clinical_or_translational,group_or_frequency_focused_lab_clinical_study,data\extraction_json\text\252.json,full_text,true,,low,no_reliable_count_signal,false,count_basis=no_reliable_count_signal | count_confidence=low | source_category=lab_heavy_clinical_or_translational,heuristic_v1,2026-04-05T11:49:24.267885+00:00
256,256,Stiff person syndrome does not always occur with maternal passive transfer of GAD65 antibodies.,"Nemni, R; Caniatti, L M; Gironi, M; Bazzigaluppi, E; De Grandis, D",single_case_report,case_report,data\extraction_json\text\256.json,full_text,true,2,medium,abstract_count_signal,true,count_basis=abstract_count_signal | count_confidence=medium | source_category=single_case_report,heuristic_v1,2026-04-05T11:49:24.270239+00:00
258,258,Anti-glutamic acid decarboxylase antibodies in the serum and cerebrospinal fluid of patients with stiff-person syndrome: correlation with clinical severity.,"Rakocevic, Goran; Raju, Raghavanpillai; Dalakas, Marinos C",case_series_or_multi_case,case_series,data\extraction_json\text\258.json,full_text,true,16,high,abstract_count_signal,false,count_basis=abstract_count_signal | count_confidence=high | source_category=case_series_or_multi_case,heuristic_v1,2026-04-05T11:49:24.274464+00:00
259,259,Stiff-person syndrome following West Nile fever.,"Hassin-Baer, Sharon; Kirson, Eilon D; Shulman, Lester; Buchman, Aron S; Bin, Hanna; Hindiyeh, Musa; Markevich, Lea; Mendelson, Ella",single_case_report,case_report,data\extraction_json\text\259.json,full_text,true,1,medium,case_report_marker_single_case,false,count_basis=case_report_marker_single_case | count_confidence=medium | source_category=single_case_report,heuristic_v1,2026-04-05T11:49:24.279373+00:00
2592,2592,Therapeutic considerations in a case of progressive encephalomyelitis with rigidity and myoclonus.,"Gluck, Lauren; Hernandez, Amanda L; Wesley, Sarah F; Fulbright, Robert K; Longbrake, Erin E; Stathopoulos, Panos",single_case_report,case_report,data\extraction_json\text\2592.json,full_text,true,1,medium,case_report_marker_single_case,false,count_basis=case_report_marker_single_case | count_confidence=medium | source_category=single_case_report,heuristic_v1,2026-04-05T11:49:24.281204+00:00
2601,2601,Progressive Encephalomyelitis with Rigidity and Myoclonus in an Intellectually Disabled Patient Mimicking Neuroleptic Malignant Syndrome.,"Xu, Zheyu; Prasad, Kalpana; Yeo, Tianrong",single_case_report,case_report,data\extraction_json\text\2601.json,full_text,true,1,medium,case_report_marker_single_case,false,count_basis=case_report_marker_single_case | count_confidence=medium | source_category=single_case_report,heuristic_v1,2026-04-05T11:49:24.283887+00:00
2606,2606,Evaluation of Treatment Outcomes in Patients with Stiff Person Syndrome with Rituximab vs. Standard of Care.,"Rineer, Stephen; Fretwell, Timothy",case_series_or_multi_case,case_series,data\extraction_json\text\2606.json,full_text,true,1,medium,case_report_marker_single_case,false,count_basis=case_report_marker_single_case | count_confidence=medium | source_category=case_series_or_multi_case,heuristic_v1,2026-04-05T11:49:24.288272+00:00
261,261,Pregnancy in stiff-limb syndrome.,"Weatherby, Stuart J M; Woolner, Philippa; Clarke, Carl E",single_case_report,case_report,data\extraction_json\text\261.json,full_text,true,1,medium,case_report_marker_single_case,false,count_basis=case_report_marker_single_case | count_confidence=medium | source_category=single_case_report,heuristic_v1,2026-04-05T11:49:24.293328+00:00
2610,2610,Why It Is Not Always Anxiety: A Tough Diagnosis of Stiff Person Syndrome.,"Cervantes, Carmen Elena; Lee Lau, Hsien; Binazir, Tina Ataian; O'Brien, Keith O; Cross, Jonathan S",single_case_report,case_report,data\extraction_json\text\2610.json,full_text,true,1,medium,single_case_text_signal,false,count_basis=single_case_text_signal | count_confidence=medium | source_category=single_case_report,heuristic_v1,2026-04-05T11:49:24.298513+00:00
2615,2615,"Difficult to Treat Focal, Stiff Person Syndrome of the Left Upper Extremity.","Esplin, Nathan E; Stelzer, John W; Legare, Timothy B; Ali, Sayed K",single_case_report,case_report,data\extraction_json\text\2615.json,full_text,true,1,medium,case_report_marker_single_case,false,count_basis=case_report_marker_single_case | count_confidence=medium | source_category=single_case_report,heuristic_v1,2026-04-05T11:49:24.302729+00:00
2616,2616,The Stiff People: Two Rare Cases of Stiff-person Syndrome.,"Siddiqui, Muhammad Z; Tohid, Hassaan; Brown, Rebecca; Qazi, Samia",case_series_or_multi_case,case_series,data\extraction_json\text\2616.json,full_text,true,2,high,title_count_signal,false,count_basis=title_count_signal | count_confidence=high | source_category=case_series_or_multi_case,heuristic_v1,2026-04-05T11:49:24.304388+00:00
2617,2617,Paraneoplastic Stiff Person Syndrome Secondary to Pancreatic Adenocarcinoma.,"Yong, Stephanie Yu Shan; Teo, Jin Yao; Yong, Kok Pin; Goh, Brian K P",unclear_manual_review,unclear,data\extraction_json\text\2617.json,full_text,false,1,medium,source_single_case_default,false,count_basis=source_single_case_default | count_confidence=medium | source_category=unclear_manual_review,heuristic_v1,2026-04-05T11:49:24.314994+00:00
263,263,Primary hypothalamic lymphoma with panhypopituitarism presenting as stiff-man syndrome.,"Lee, May-Tze; Lee, Ting-I; Won, Justin Ging-Shing; Chau, Wing-Keung; Yang, Hong-Jye; Li, Jer-Chuan; Lin, Hong-Da; Tang, Kam-Tsun",single_case_report,case_report,data\extraction_json\text\263.json,full_text,true,1,medium,case_report_marker_single_case,false,count_basis=case_report_marker_single_case | count_confidence=medium | source_category=single_case_report,heuristic_v1,2026-04-05T11:49:24.322323+00:00
2631,2631,Inpatient care for stiff person syndrome in the United States: a nationwide readmission study.,"Crispo, James A G; Thibault, Dylan P; Fortin, Yannick; Willis, Allison W",conference_abstract,group_conference_abstract,data\extraction_json\text\2631.json,full_text,true,,low,no_reliable_count_signal,false,count_basis=no_reliable_count_signal | count_confidence=low | source_category=conference_abstract,heuristic_v1,2026-04-05T11:49:24.336632+00:00
264,264,Hyperekplexia and stiff-man syndrome: abnormal brainstem reflexes suggest a physiological relationship.,"Khasani, S; Becker, K; Meinck, H-M",case_series_or_multi_case,case_series,data\extraction_json\text\264.json,full_text,true,10,high,abstract_count_signal,false,count_basis=abstract_count_signal | count_confidence=high | source_category=case_series_or_multi_case,heuristic_v1,2026-04-05T11:49:24.341648+00:00
2646,2646,Anti-glutamate Dehydrogenase Antibody Positive Cerebellar Ataxia and Stiff Person Syndrome Responding to Dual Treatment with Steroids and Intravenous Immunoglobulin: A Case Presentation and Literature Review.,"Yilmaz, Furkan M; Little, Dena; Gallagher, Micheal; Colcher, Amy",single_case_report,case_report,data\extraction_json\text\2646.json,full_text,true,1,medium,case_report_marker_single_case,false,count_basis=case_report_marker_single_case | count_confidence=medium | source_category=single_case_report,heuristic_v1,2026-04-05T11:49:24.345439+00:00
2655,2655,Utility of Botulinum Injections in Stiff-Person Syndrome.,"Conners, L M; Betcher, A; Shahinian, A; Janda, P",single_case_report,case_report,data\extraction_json\text\2655.json,full_text,true,1,medium,case_report_marker_single_case,false,count_basis=case_report_marker_single_case | count_confidence=medium | source_category=single_case_report,heuristic_v1,2026-04-05T11:49:24.349302+00:00
2658,2658,"A Case of Anti-glutamic Acid Decarboxylase-65 Antibody Positive Stiff Person Syndrome Presenting Initially as Acute Peripheral Vestibulopathy, Leading to Delayed Diagnosis After Multiple Hospitalizations.","Nene, Yash; Mehta, Tejas; Pawar, Sanjay; Patil, Gajanan; Ichaporia, Nasli R",single_case_report,case_report,data\extraction_json\text\2658.json,full_text,true,1,high,abstract_count_signal,false,count_basis=abstract_count_signal | count_confidence=high | source_category=single_case_report,heuristic_v1,2026-04-05T11:49:24.353448+00:00
2659,2659,Improving Ambulation and Minimizing Disability with Therapeutic Plasma Exchange in a Stiff-person Syndrome Patient with Recurrent Falls.,"Sanchez, Kyle; Ullah, Aqsa; Waler, Alexandria R; Chakfe, Yassar",case_series_or_multi_case,case_series,data\extraction_json\text\2659.json,full_text,true,1,medium,case_report_marker_single_case,false,count_basis=case_report_marker_single_case | count_confidence=medium | source_category=case_series_or_multi_case,heuristic_v1,2026-04-05T11:49:24.356771+00:00
266,266,Stiff-person syndrome: a rare presentation for breast cancer.,"Kocak, Ergun; Abdessalam, Shahab; Walker, Michael J; Nuovo, Gerard J; Kissel, John T",unclear_manual_review,unclear,data\extraction_json\text\266.json,full_text,false,1,medium,source_single_case_default,false,count_basis=source_single_case_default | count_confidence=medium | source_category=unclear_manual_review,heuristic_v1,2026-04-05T11:49:24.361468+00:00
2661,2661,Stiff-Person Syndrome: A Case Report and Review of the Literature.,"Smith, Joe; Storey, Hayley",single_case_report,case_report,data\extraction_json\text\2661.json,full_text,true,1,medium,case_report_marker_single_case,false,count_basis=case_report_marker_single_case | count_confidence=medium | source_category=single_case_report,heuristic_v1,2026-04-05T11:49:24.367148+00:00
270,270,Markedly elevated GAD antibodies in SPS: effects of age and illness duration.,"Murinson, B B; Butler, M; Marfurt, K; Gleason, S; De Camilli, P; Solimena, M",case_series_or_multi_case,case_series,data\extraction_json\text\270.json,full_text,true,76,high,abstract_count_signal,false,count_basis=abstract_count_signal | count_confidence=high | source_category=case_series_or_multi_case,heuristic_v1,2026-04-05T11:49:24.370363+00:00
272,272,"Stiff person syndrome with eye movement abnormality, myasthenia gravis, and thymoma.","Thomas, S; Critchley, P; Lawden, M; Farooq, S; Thomas, A; Proudlock, F A; Constantinescu, C S; Gottlob, I",case_series_or_multi_case,case_series,data\extraction_json\text\272.json,full_text,true,1,medium,source_single_case_override,false,count_basis=source_single_case_override | count_confidence=medium | source_category=case_series_or_multi_case,heuristic_v1,2026-04-05T11:49:24.388180+00:00
273,273,Stiff person syndrome does not always occur with maternal passive transfer of GAD65 antibodies.,"Burns, Ted M; Phillips, Lawrence H 2nd; Jones, H R",observational_group_study,retrospective_or_cohort_group_study,data\extraction_json\text\273.json,full_text,true,11,medium,early_body_count_signal,true,count_basis=early_body_count_signal | count_confidence=medium | source_category=observational_group_study,heuristic_v1,2026-04-05T11:49:24.403926+00:00
274,274,Stiff-person syndrome presenting with headache.,"Loder, E; Stein, J",single_case_report,case_report,data\extraction_json\text\274.json,full_text,true,1,medium,case_report_marker_single_case,false,count_basis=case_report_marker_single_case | count_confidence=medium | source_category=single_case_report,heuristic_v1,2026-04-05T11:49:24.405180+00:00
2762,2762,Progressive Encephalomyelitis With Rigidity and Myoclonus Syndrome Presenting as Catatonia.,"Witek, Natalie; Hebert, Charles; Gera, Anjali; Comella, Cynthia",unclear_manual_review,unclear,data\extraction_json\text\2762.json,full_text,false,1,medium,source_single_case_default,false,count_basis=source_single_case_default | count_confidence=medium | source_category=unclear_manual_review,heuristic_v1,2026-04-05T11:49:24.416497+00:00
2836,2836,Stiff-person syndrome coexisting with critical illness polyneuropathy: A case report.,"Cai, Qiong; Wu, Chao; Xu, Wenxiao; Liang, Yinxing; Liao, Songjie",single_case_report,case_report,data\extraction_json\text\2836.json,full_text,true,1,medium,case_report_marker_single_case,false,count_basis=case_report_marker_single_case | count_confidence=medium | source_category=single_case_report,heuristic_v1,2026-04-05T11:49:24.422672+00:00
2841,2841,Spasms and Myoclonus in a Young Woman With Hashimoto Thyroiditis.,"Shen, Dingding; Zhou, Haiyan; Chen, Sheng",single_case_report,case_report,data\extraction_json\text\2841.json,full_text,true,1,medium,single_case_text_signal,false,count_basis=single_case_text_signal | count_confidence=medium | source_category=single_case_report,heuristic_v1,2026-04-05T11:49:24.424062+00:00
2843,2843,Involuntary movement in stiff-person syndrome with amphiphysin antibodies: A case report.,"Xie, Yin-Yin; Meng, Hong-Mei; Zhang, Feng-Xiao; Maimaiti, Buajieerguli; Jiang, Ting; Yang, Yu",single_case_report,case_report,data\extraction_json\text\2843.json,full_text,true,1,medium,case_report_marker_single_case,false,count_basis=case_report_marker_single_case | count_confidence=medium | source_category=single_case_report,heuristic_v1,2026-04-05T11:49:24.427886+00:00
2845,2845,Management of refractory pain in Stiff-Person syndrome.,"Cirnigliaro, Frank Arthur; Gauthier, Nicole; Rush, Moira",single_case_report,case_report,data\extraction_json\text\2845.json,full_text,true,1,medium,single_case_text_signal,false,count_basis=single_case_text_signal | count_confidence=medium | source_category=single_case_report,heuristic_v1,2026-04-05T11:49:24.431604+00:00
2846,2846,Autologous Hematopoietic Stem Cell Transplantation for Stiff-Person Spectrum Disorder: A Clinical Trial.,"Burt, Richard K; Balabanov, Roumen; Han, Xiaoqiang; Quigley, Kathleen; Arnautovic, Indira; Helenowski, Irene; Rose, John; Siddique, Teepu",interventional_study,controlled_or_therapeutic_group_study,data\extraction_json\text\2846.json,full_text,true,23,high,abstract_count_signal,false,count_basis=abstract_count_signal | count_confidence=high | source_category=interventional_study,heuristic_v1,2026-04-05T11:49:24.438304+00:00
2855,2855,Stiff-person syndrome in a patient with comorbid bipolar and panic disorders: A case report and literature review.,"Patel, Karishma; Stummer, Lauren; Patel, Krina",case_series_or_multi_case,case_series,data\extraction_json\text\2855.json,full_text,true,1,medium,case_report_marker_single_case,false,count_basis=case_report_marker_single_case | count_confidence=medium | source_category=case_series_or_multi_case,heuristic_v1,2026-04-05T11:49:24.443700+00:00
286,286,Multiple neurological syndromes during Hodgkin lymphoma remission.,"Werbrouck, Bart; Meire, Veronique; De Bleecker, Jan L",single_case_report,case_report,data\extraction_json\text\286.json,full_text,true,1,medium,source_single_case_default,false,count_basis=source_single_case_default | count_confidence=medium | source_category=single_case_report,heuristic_v1,2026-04-05T11:49:24.453410+00:00
2864,2864,Anesthetic management of a patient with Stiff-Person Syndrome and endometrial cancer for robotic surgery: A case report.,"Yeoh, Cindy B; Lee, Kathleen J; Tollinche, Luis E",review_article,tagged_review_article,data\extraction_json\text\2864.json,full_text,false,1,medium,case_report_marker_single_case,false,count_basis=case_report_marker_single_case | count_confidence=medium | source_category=review_article,heuristic_v1,2026-04-05T11:49:24.456812+00:00
287,287,A neuropsychological assessment of phobias in patients with stiff person syndrome.,"Ameli, Rezvan; Snow, Joseph; Rakocevic, Goran; Dalakas, Marinos C",case_series_or_multi_case,case_series,data\extraction_json\text\287.json,full_text,true,10,high,abstract_count_signal,false,count_basis=abstract_count_signal | count_confidence=high | source_category=case_series_or_multi_case,heuristic_v1,2026-04-05T11:49:24.458973+00:00
2879,2879,Stiff-Person Syndrome: Seeing Past Comorbidities to Reach the Correct Diagnosis.,"Hicken, Jared; Ramirez, Daniel; Rigby, Mark; Minasian, Aram",single_case_report,case_report,data\extraction_json\text\2879.json,full_text,true,1,medium,single_case_text_signal,false,count_basis=single_case_text_signal | count_confidence=medium | source_category=single_case_report,heuristic_v1,2026-04-05T11:49:24.463200+00:00
288,288,Brain gamma-aminobutyric acid changes in stiff-person syndrome.,"Levy, Lucien M; Levy-Reis, Igor; Fujii, Mavis; Dalakas, Marinos C",interventional_study,controlled_or_therapeutic_group_study,data\extraction_json\text\288.json,full_text,true,8,high,abstract_count_signal,false,count_basis=abstract_count_signal | count_confidence=high | source_category=interventional_study,heuristic_v1,2026-04-05T11:49:24.467516+00:00
2885,2885,Progressive encephalomyelitis with rigidity and myoclonus: the first pediatric case with glycine receptor antibodies.,"Damasio, Joana; Leite, M Isabel; Coutinho, Ester; Waters, Patrick; Woodhall, Mark; Santos, Manuela A; Carrilho, Ines; Vincent, Angela",unclear_manual_review,unclear,data\extraction_json\text\2885.json,full_text,false,,low,no_reliable_count_signal,false,count_basis=no_reliable_count_signal | count_confidence=low | source_category=unclear_manual_review,heuristic_v1,2026-04-05T11:49:24.479060+00:00
289,289,The role of IVIg in the treatment of patients with stiff person syndrome and other neurological diseases associated with anti-GAD antibodies.,"Dalakas, Marinos C",interventional_study,controlled_or_therapeutic_group_study,data\extraction_json\text\289.json,full_text,true,11,medium,abstract_count_signal,true,count_basis=abstract_count_signal | count_confidence=medium | source_category=interventional_study,heuristic_v1,2026-04-05T11:49:24.485352+00:00
29,29,Significant improvement of stiff-person syndrome after paraspinal injection of botulinum toxin A.,"Davis, D; Jabbari, B",single_case_report,case_report,data\extraction_json\text\29.json,full_text,true,1,medium,single_case_text_signal,false,count_basis=single_case_text_signal | count_confidence=medium | source_category=single_case_report,heuristic_v1,2026-04-05T11:49:24.488606+00:00
290,290,Treatment of stiff person syndrome with rituximab.,"Baker, M R; Das, M; Isaacs, J; Fawcett, P R W; Bates, D",single_case_report,case_report,data\extraction_json\text\290.json,full_text,true,1,medium,case_report_marker_single_case,false,count_basis=case_report_marker_single_case | count_confidence=medium | source_category=single_case_report,heuristic_v1,2026-04-05T11:49:24.490930+00:00
291,291,Minimal change nephrotic syndrome with stiff-person syndrome: is there a link?.,"Ergun, Ihsan; Akbostanci, M Cenk; Canbakan, Basol; Kocer, Bilge; Ensari, Arzu; Nergizoglu, Gokhan; Keven, Kenan",review_article,tagged_review_article,data\extraction_json\text\291.json,full_text,false,1,medium,case_report_marker_single_case,false,count_basis=case_report_marker_single_case | count_confidence=medium | source_category=review_article,heuristic_v1,2026-04-05T11:49:24.494593+00:00
292,292,Amphiphysin autoimmunity: paraneoplastic accompaniments.,"Pittock, Sean J; Lucchinetti, Claudia F; Parisi, Joseph E; Benarroch, Eduardo E; Mokri, Bahram; Stephan, Christina L; Kim, Kwang-Kuk; Kilimann, Manfred W; Lennon, Vanda A",lab_heavy_clinical_or_translational,group_or_frequency_focused_lab_clinical_study,data\extraction_json\text\292.json,full_text,true,2,medium,patient_label_count,false,count_basis=patient_label_count | count_confidence=medium | source_category=lab_heavy_clinical_or_translational,heuristic_v1,2026-04-05T11:49:24.510124+00:00
294,294,Graves' disease and stiff-person (stiff-man) syndrome: case report and literature review.,"Orija, Israel B; Gupta, Manjula; Zimmerman, Robert S",single_case_report,case_report,data\extraction_json\text\294.json,full_text,true,1,medium,case_report_marker_single_case,false,count_basis=case_report_marker_single_case | count_confidence=medium | source_category=single_case_report,heuristic_v1,2026-04-05T11:49:24.515656+00:00
2952,2952,"Hypoventilation in glycine-receptor antibody related progressive encephalomyelitis, rigidity and myoclonus.","Bourke, David; Roxburgh, Richard; Vincent, Angela; Cleland, James; Jeffery, Oliver; Dugan, Niels; Abernethy, David; King, Allison; Anderson, Neil",case_series_or_multi_case,case_series,data\extraction_json\text\2952.json,full_text,true,2,medium,early_body_count_signal,true,count_basis=early_body_count_signal | count_confidence=medium | source_category=case_series_or_multi_case,heuristic_v1,2026-04-05T11:49:24.526673+00:00
296,296,Downbeating nystagmus and muscle spasms in a patient with glutamic-acid decarboxylase antibodies.,"Ances, Beau M; Dalmau, Josep O; Tsai, Jean; Hasbani, M Josh; Galetta, Steven L",single_case_report,case_report,data\extraction_json\text\296.json,full_text,true,1,medium,case_report_marker_single_case,false,count_basis=case_report_marker_single_case | count_confidence=medium | source_category=single_case_report,heuristic_v1,2026-04-05T11:49:24.529894+00:00
30,30,Autoantibodies to a 128-kd synaptic protein in three women with the stiff-man syndrome and breast cancer.,"Folli, F; Solimena, M; Cofiell, R; Austoni, M; Tallini, G; Fassetta, G; Bates, D; Cartlidge, N; Bottazzo, G F; Piccolo, G; De Camilli, P",lab_heavy_clinical_or_translational,group_or_frequency_focused_lab_clinical_study,data\extraction_json\text\30.json,full_text,true,3,high,abstract_count_signal,false,count_basis=abstract_count_signal | count_confidence=high | source_category=lab_heavy_clinical_or_translational,heuristic_v1,2026-04-05T11:49:24.584093+00:00
3101,3101,Stiff-Person Syndrome Associated with Anti-Glutamic Acid Decarboxylase Autoimmune Encephalitis in a Young Woman: A Case Report.,"Gao, Shan Yu; Lu, Jun; Zhao, Chong Bo",single_case_report,case_report,data\extraction_json\text\3101.json,full_text,true,1,medium,case_report_marker_single_case,false,count_basis=case_report_marker_single_case | count_confidence=medium | source_category=single_case_report,heuristic_v1,2026-04-05T11:49:24.587441+00:00
3105,3105,Severe Chin-on-Chest Cervical Spine Deformity in the Setting of Stiff-Person Syndrome: A Case Report.,"Stephan, Stephen R; Ju, Derek G; Ross, Lindsey B; Naruse, Robert T; Kim, Terrence T; Johnson, J Patrick",single_case_report,case_report,data\extraction_json\text\3105.json,full_text,true,1,medium,abstract_count_signal,true,count_basis=abstract_count_signal | count_confidence=medium | source_category=single_case_report,heuristic_v1,2026-04-05T11:49:24.590751+00:00
3111,3111,Anti-glycin-receptor antibody related stiff-person syndrome under treatment with an immune checkpoint inhibitor.,"Schroter, Nils; Weiller, Cornelius; Rauer, Sebastian; Waller, Cornelius F",unclear_manual_review,unclear,data\extraction_json\text\3111.json,full_text,false,1,medium,source_single_case_default,false,count_basis=source_single_case_default | count_confidence=medium | source_category=unclear_manual_review,heuristic_v1,2026-04-05T11:49:24.597548+00:00
3113,3113,Autologous haematopoietic stem cell transplantation for refractory stiff-person syndrome: the UK experience.,"Kass-Iliyya, Lewis; Snowden, John A; Thorpe, Alice; Jessop, Helen; Chantry, Andrew D; Sarrigiannis, Ptolemaios G; Hadjivassiliou, Marios; Sharrack, Basil",case_series_or_multi_case,case_series,data\extraction_json\text\3113.json,full_text,true,10,high,abstract_count_signal,false,count_basis=abstract_count_signal | count_confidence=high | source_category=case_series_or_multi_case,heuristic_v1,2026-04-05T11:49:24.602228+00:00
3118,3118,A fatal case of glycine receptor antibody-mediated autoimmune encephalitis.,"Reniers, Wendeline; Ernon, Ludovic; Bekelaar, Kim",unclear_manual_review,unclear,data\extraction_json\text\3118.json,full_text,false,1,medium,source_single_case_default,false,count_basis=source_single_case_default | count_confidence=medium | source_category=unclear_manual_review,heuristic_v1,2026-04-05T11:49:24.608135+00:00
3125,3125,Poster 258 A Novel Approach to the Treatment of Stiff-Person-Syndrome with Botulinum Toxin: A Case Report.,"Shah, Chirag D; Bunzol, Daniel",conference_abstract,single_case_conference_abstract,data\extraction_json\text\3125.json,full_text,true,1,medium,case_report_marker_single_case,false,count_basis=case_report_marker_single_case | count_confidence=medium | source_category=conference_abstract,heuristic_v1,2026-04-05T11:49:24.609519+00:00
3133,3133,Familial autoimmunity in neurological patients with GAD65 antibodies: an interview-based study.,"Muniz-Castrillo, Sergio; Vogrig, Alberto; Montagnac, Clementine; Joubert, Bastien; Benaiteau, Marie; Casez, Olivier; Chaumont, Hugo; Hopes, Lucie; Lanoiselee, Helene-Marie; Navarro, Vincent; Thomas, Benjamin; Ursu, Renata; Goncalves, David; Fabien, Nicole; Ducray, Francois; Julier, Cecile; Honnorat, Jerome",observational_group_study,retrospective_or_cohort_group_study,data\extraction_json\text\3133.json,full_text,true,65,medium,abstract_count_signal,true,count_basis=abstract_count_signal | count_confidence=medium | source_category=observational_group_study,heuristic_v1,2026-04-05T11:49:24.615471+00:00
3134,3134,"Stiff person syndrome, transverse myelitis and hypothalamitis; three paraneoplastic syndromes associated with occult breast cancer.","Ibrikji, Sidonie; Halabi, Tarek El; Sawaya, Raja; Atweh, Samir",unclear_manual_review,unclear,data\extraction_json\text\3134.json,full_text,false,1,medium,source_single_case_default,false,count_basis=source_single_case_default | count_confidence=medium | source_category=unclear_manual_review,heuristic_v1,2026-04-05T11:49:24.621849+00:00
3135,3135,Progressive Encephalomyelitis with Rigidity and Myoclonus (PERM)-like Symptoms Associated with Anti-ganglionic Acetylcholine Receptor Antibodies.,"Kitazaki, Yuki; Ikawa, Masamichi; Kishitani, Toru; Kamisawa, Tomoko; Nakane, Shunya; Nakamoto, Yasunari; Hamano, Tadanori",case_series_or_multi_case,case_series,data\extraction_json\text\3135.json,full_text,true,1,medium,single_case_text_signal,false,count_basis=single_case_text_signal | count_confidence=medium | source_category=case_series_or_multi_case,heuristic_v1,2026-04-05T11:49:24.625437+00:00
3136,3136,Iliopsoas Hematomas in a Patient with Progressive Encephalomyelitis with Rigidity and Myoclonus.,"Shimazaki, Rui; Mukai, Masako; Nagaoka, Utako; Sugaya, Keizo; Takahashi, Kazushi",single_case_report,case_report,data\extraction_json\text\3136.json,full_text,true,1,medium,case_report_marker_single_case,false,count_basis=case_report_marker_single_case | count_confidence=medium | source_category=single_case_report,heuristic_v1,2026-04-05T11:49:24.627831+00:00
3139,3139,Clinical spectrum of high-titre GAD65 antibodies.,"Budhram, Adrian; Sechi, Elia; Flanagan, Eoin P; Dubey, Divyanshu; Zekeridou, Anastasia; Shah, Shailee S; Gadoth, Avi; Naddaf, Elie; McKeon, Andrew; Pittock, Sean J; Zalewski, Nicholas L",observational_group_study,retrospective_or_cohort_group_study,data\extraction_json\text\3139.json,full_text,true,323,medium,abstract_count_signal,true,count_basis=abstract_count_signal | count_confidence=medium | source_category=observational_group_study,heuristic_v1,2026-04-05T11:49:24.636790+00:00
3279,3279,Stiff-man syndrome in a patient with Hodgkin's disease. An unusual paraneoplastic syndrome.,"Ferrari, P; Federico, M; Grimaldi, L M; Silingardi, V",observational_group_study,retrospective_or_cohort_group_study,data\extraction_json\text\3279.json,full_text,true,1,medium,case_report_marker_single_case,false,count_basis=case_report_marker_single_case | count_confidence=medium | source_category=observational_group_study,heuristic_v1,2026-04-05T11:49:24.639857+00:00
3386,3386,Anti-Ri antibodies associated with opsoclonus and progressive encephalomyelitis with rigidity.,"Casado, J L; Gil-Peralta, A; Graus, F; Arenas, C; Lopez, J M; Alberca, R",single_case_report,case_report,data\extraction_json\text\3386.json,full_text,true,1,medium,single_case_text_signal,false,count_basis=single_case_text_signal | count_confidence=medium | source_category=single_case_report,heuristic_v1,2026-04-05T11:49:24.641622+00:00
34,34,A novel antineuronal antibody in stiff-man syndrome.,"Darnell, R B; Victor, J; Rubin, M; Clouston, P; Plum, F",lab_heavy_clinical_or_translational,group_or_frequency_focused_lab_clinical_study,data\extraction_json\text\34.json,full_text,true,2,high,abstract_count_signal,false,count_basis=abstract_count_signal | count_confidence=high | source_category=lab_heavy_clinical_or_translational,heuristic_v1,2026-04-05T11:49:24.644639+00:00
3438,3438,Stiff-man syndrome.,"Sharoqi, I A",single_case_report,case_report,data\extraction_json\text\3438.json,full_text,true,1,medium,source_single_case_default,false,count_basis=source_single_case_default | count_confidence=medium | source_category=single_case_report,heuristic_v1,2026-04-05T11:49:24.650465+00:00
3699,3699,Progressive encephalomyelitis with rigidity: a paraneoplastic presentation of oat cell carcinoma of the lung. Case report.,"Spitz, Mariana; Ferraz, Henrique Ballalai; Barsottini, Orlando G P; Gabbai, Alberto Alain",single_case_report,case_report,data\extraction_json\text\3699.json,full_text,true,1,medium,case_report_marker_single_case,false,count_basis=case_report_marker_single_case | count_confidence=medium | source_category=single_case_report,heuristic_v1,2026-04-05T11:49:24.653775+00:00
38,38,Intravenous methocarbamol in the treatment of stiff-man syndrome.,"Voci, J M; al-Hakim, M; Dokko, Y; Katirji, M B",single_case_report,case_report,data\extraction_json\text\38.json,full_text,true,1,medium,source_single_case_default,false,count_basis=source_single_case_default | count_confidence=medium | source_category=single_case_report,heuristic_v1,2026-04-05T11:49:24.663194+00:00
386,386,Autoantibodies to GABA-ergic neurons and pancreatic beta cells in stiff-man syndrome.,"Solimena, M; Folli, F; Aparisi, R; Pozza, G; De Camilli, P",observational_group_study,retrospective_or_cohort_group_study,data\extraction_json\text\386.json,full_text,true,1,medium,case_report_marker_single_case,false,count_basis=case_report_marker_single_case | count_confidence=medium | source_category=observational_group_study,heuristic_v1,2026-04-05T11:49:24.667316+00:00
387,387,Stiffman syndrome: a rare paraneoplastic disorder?.,"Bateman, D E; Weller, R O; Kennedy, P",unclear_manual_review,unclear,data\extraction_json\text\387.json,full_text,false,1,medium,case_report_marker_single_case,false,count_basis=case_report_marker_single_case | count_confidence=medium | source_category=unclear_manual_review,heuristic_v1,2026-04-05T11:49:24.669193+00:00
389,389,Borrelia burgdorferi myelitis presenting as a partial stiff man syndrome.,"Martin, R; Meinck, H M; Schulte-Mattler, W; Ricker, K; Mertens, H G",single_case_report,case_report,data\extraction_json\text\389.json,full_text,true,1,medium,single_case_text_signal,false,count_basis=single_case_text_signal | count_confidence=medium | source_category=single_case_report,heuristic_v1,2026-04-05T11:49:24.671767+00:00
39,39,Heterogeneity of autoantibodies in stiff-man syndrome.,"Grimaldi, L M; Martino, G; Braghi, S; Quattrini, A; Furlan, R; Bosi, E; Comi, G",conference_abstract,single_case_conference_abstract,data\extraction_json\text\39.json,full_text,true,4,high,abstract_count_signal,false,count_basis=abstract_count_signal | count_confidence=high | source_category=conference_abstract,heuristic_v1,2026-04-05T11:49:24.677674+00:00
391,391,Sudden death and paroxysmal autonomic dysfunction in stiff-man syndrome.,"Mitsumoto, H; Schwartzman, M J; Estes, M L; Chou, S M; La Franchise, E F; De Camilli, P; Solimena, M",case_series_or_multi_case,case_series,data\extraction_json\text\391.json,full_text,true,1,high,abstract_count_signal,false,count_basis=abstract_count_signal | count_confidence=high | source_category=case_series_or_multi_case,heuristic_v1,2026-04-05T11:49:24.681473+00:00
395,395,Stiff man syndrome with thymoma.,"Tanaka, Hisaichi; Matsumura, Akihide; Okumura, Meinoshin; Kitaguchi, Masataka; Yamamoto, Satoru; Iuchi, Keiji",single_case_report,case_report,data\extraction_json\text\395.json,full_text,true,1,medium,case_report_marker_single_case,false,count_basis=case_report_marker_single_case | count_confidence=medium | source_category=single_case_report,heuristic_v1,2026-04-05T11:49:24.683379+00:00
398,398,Anesthesia for cardiac surgery on a patient with stiff person syndrome.,"Ferrandis, Raquel; Belda, Javier; Llau, Juan V; Belda, Carmen; Bahamonde, Jose A",single_case_report,case_report,data\extraction_json\text\398.json,full_text,true,1,medium,case_report_marker_single_case,false,count_basis=case_report_marker_single_case | count_confidence=medium | source_category=single_case_report,heuristic_v1,2026-04-05T11:49:24.684626+00:00
401,401,Eye movement abnormalities in stiff person syndrome.,"Economides, John R; Horton, Jonathan C",single_case_report,case_report,data\extraction_json\text\401.json,full_text,true,1,medium,single_case_text_signal,false,count_basis=single_case_text_signal | count_confidence=medium | source_category=single_case_report,heuristic_v1,2026-04-05T11:49:24.686675+00:00
403,403,Analysis of GAD65 autoantibodies in Stiff-Person syndrome patients.,"Raju, Raghavanpillai; Foote, Jefferson; Banga, J Paul; Hall, Tyler R; Padoa, Carolyn J; Dalakas, Marinos C; Ortqvist, Eva; Hampe, Christiane S",review_article,tagged_review_article,data\extraction_json\text\403.json,full_text,false,12,high,abstract_count_signal,false,count_basis=abstract_count_signal | count_confidence=high | source_category=review_article,heuristic_v1,2026-04-05T11:49:24.690606+00:00
404,404,Intravenous immunoglobulin in patients with anti-GAD antibody-associated neurological diseases and patients with inflammatory myopathies: effects on clinicopathological features and immunoregulatory genes.,"Dalakas, Marinos C",interventional_study,controlled_or_therapeutic_group_study,data\extraction_json\text\404.json,full_text,true,16,medium,abstract_count_signal,true,count_basis=abstract_count_signal | count_confidence=medium | source_category=interventional_study,heuristic_v1,2026-04-05T11:49:24.694925+00:00
411,411,Prevention of an acute severe exacerbation of Stiff-person syndrome during surgery.,"Gros, Albert J Jr; Thomas, Leslie C; McKinley, Kevin L; Van Gerpen, Jay A",interventional_study,controlled_or_therapeutic_group_study,data\extraction_json\text\411.json,full_text,true,1,medium,source_single_case_default,false,count_basis=source_single_case_default | count_confidence=medium | source_category=interventional_study,heuristic_v1,2026-04-05T11:49:24.706224+00:00
413,413,Physical therapy during in-patient rehabilitation for a patient with Stiff-Person Syndrome.,"Potter, Kirsten",single_case_report,case_report,data\extraction_json\text\413.json,full_text,true,1,medium,case_report_marker_single_case,false,count_basis=case_report_marker_single_case | count_confidence=medium | source_category=single_case_report,heuristic_v1,2026-04-05T11:49:24.711515+00:00
415,415,Antiamphiphysin-positive stiff-person syndrome associated with small cell lung cancer.,"Nguyen-Huu, B K; Urban, P P; Schreckenberger, M; Dieterich, M; Werhahn, Konrad J",single_case_report,case_report,data\extraction_json\text\415.json,full_text,true,1,medium,case_report_marker_single_case,false,count_basis=case_report_marker_single_case | count_confidence=medium | source_category=single_case_report,heuristic_v1,2026-04-05T11:49:24.713325+00:00
419,419,A rare saccade velocity profile in Stiff-Person Syndrome with cerebellar degeneration.,"Zivotofsky, Ari Z; Siman-Tov, Tali; Gadoth, Natan; Gordon, Carlos R",single_case_report,case_report,data\extraction_json\text\419.json,full_text,true,1,medium,case_report_marker_single_case,false,count_basis=case_report_marker_single_case | count_confidence=medium | source_category=single_case_report,heuristic_v1,2026-04-05T11:49:24.717320+00:00
420,420,Anesthetic management of a patient with stiff person syndrome.,"Elkassabany, Nabil; Tetzlaff, John E; Argalious, Maged",conference_abstract,single_case_conference_abstract,data\extraction_json\text_trimmed\420.json,trimmed,true,1,medium,case_report_marker_single_case,false,count_basis=case_report_marker_single_case | count_confidence=medium | source_category=conference_abstract,heuristic_v1,2026-04-05T11:49:24.719653+00:00
421,421,Anesthetic management of a patient with stiff-person syndrome and thymoma: a case report.,"Qin, Xiang; Wang, Dong-xin; Wu, Xin-min",single_case_report,case_report,data\extraction_json\text\421.json,full_text,true,1,medium,case_report_marker_single_case,false,count_basis=case_report_marker_single_case | count_confidence=medium | source_category=single_case_report,heuristic_v1,2026-04-05T11:49:24.720857+00:00
422,422,Anaesthesia for stiff person syndrome: successful use of total intravenous anaesthesia.,"Ledowski, T; Russell, P",unclear_manual_review,unclear,data\extraction_json\text\422.json,full_text,false,1,medium,source_single_case_default,false,count_basis=source_single_case_default | count_confidence=medium | source_category=unclear_manual_review,heuristic_v1,2026-04-05T11:49:24.724613+00:00
423,423,Thymectomy for paraneoplastic stiff-person syndrome associated with invasive thymoma.,"Iwata, Takashi; Inoue, Kiyotoshi; Mizuguchi, Shinjiro; Morita, Ryuhei; Tsukioka, Takuma; Suehiro, Shigefumi",unclear_manual_review,unclear,data\extraction_json\text\423.json,full_text,false,1,medium,source_single_case_default,false,count_basis=source_single_case_default | count_confidence=medium | source_category=unclear_manual_review,heuristic_v1,2026-04-05T11:49:24.730394+00:00
427,427,Stiff person syndrome and motor mononeuropathy with conduction block: a singular association.,"La Spada, S; Negro, C; Nozzoli, C; De Marco, V; Passarella, B",observational_group_study,retrospective_or_cohort_group_study,data\extraction_json\text\427.json,full_text,true,1,medium,case_report_marker_single_case,false,count_basis=case_report_marker_single_case | count_confidence=medium | source_category=observational_group_study,heuristic_v1,2026-04-05T11:49:24.734714+00:00
429,429,Sudden spasms following gradual lordosis--the stiff-person syndrome.,"Wilson, Robin K; Murinson, Beth B",single_case_report,case_report,data\extraction_json\text\429.json,full_text,true,1,medium,single_case_text_signal,false,count_basis=single_case_text_signal | count_confidence=medium | source_category=single_case_report,heuristic_v1,2026-04-05T11:49:24.737093+00:00
43,43,"Higher autoantibody levels and recognition of a linear NH2-terminal epitope in the autoantigen GAD65, distinguish stiff-man syndrome from insulin-dependent diabetes mellitus.","Kim, J; Namchuk, M; Bugawan, T; Fu, Q; Jaffe, M; Shi, Y; Aanstoot, H J; Turck, C W; Erlich, H; Lennon, V; Baekkeskov, S",lab_heavy_clinical_or_translational,group_or_frequency_focused_lab_clinical_study,data\extraction_json\text\43.json,full_text,true,9,medium,abstract_count_signal,true,count_basis=abstract_count_signal | count_confidence=medium | source_category=lab_heavy_clinical_or_translational,heuristic_v1,2026-04-05T11:49:24.743645+00:00
432,432,"Glutamic acid decarboxylase autoimmunity with brainstem, extrapyramidal, and spinal cord dysfunction.","Pittock, Sean J; Yoshikawa, Hiroaki; Ahlskog, J Eric; Tisch, Stephen H; Benarroch, Eduardo E; Kryzer, Thomas J; Lennon, Vanda A",conference_abstract,group_conference_abstract,data\extraction_json\text_trimmed\432.json,trimmed,true,1,medium,case_report_marker_single_case,false,count_basis=case_report_marker_single_case | count_confidence=medium | source_category=conference_abstract,heuristic_v1,2026-04-05T11:49:24.750902+00:00
434,434,Autoimmunity to GABAA-receptor-associated protein in stiff-person syndrome.,"Raju, Raghavan; Rakocevic, Goran; Chen, Ziwei; Hoehn, Gerard; Semino-Mora, Cristina; Shi, Wei; Olsen, Richard; Dalakas, Marinos C",observational_group_study,retrospective_or_cohort_group_study,data\extraction_json\text\434.json,full_text,true,27,medium,early_body_count_signal,false,count_basis=early_body_count_signal | count_confidence=medium | source_category=observational_group_study,heuristic_v1,2026-04-05T11:49:24.760760+00:00
436,436,Stiff person syndrome with cerebellar disease and high-titer anti-GAD antibodies.,"Rakocevic, Goran; Raju, Raghavan; Semino-Mora, Cristina; Dalakas, Marinos C",case_series_or_multi_case,case_series,data\extraction_json\text\436.json,full_text,true,38,high,abstract_count_signal,false,count_basis=abstract_count_signal | count_confidence=high | source_category=case_series_or_multi_case,heuristic_v1,2026-04-05T11:49:24.762882+00:00
437,437,"Response to steroid treatment in anti-glutamic acid decarboxylase antibody-associated cerebellar ataxia, stiff person syndrome and polyendocrinopathy.","Kim, Ji-Youn; Chung, Eun Joo; Kim, Jong-Hun; Jung, Ki-Young; Lee, Won Yong",unclear_manual_review,unclear,data\extraction_json\text\437.json,full_text,false,1,medium,source_single_case_default,false,count_basis=source_single_case_default | count_confidence=medium | source_category=unclear_manual_review,heuristic_v1,2026-04-05T11:49:24.770501+00:00
439,439,"Paraneoplastic stiff-person syndrome, heterotopic soft tissue ossification and gonarthritis in a HLA B27-positive woman preceding the diagnosis of Hodgkin's lymphoma.","Gutmann, Bernd; Crivellaro, Claudio; Mitterer, Manfred; Zingerle, Hermann; Egarter-Vigl, Eduard; Wiedermann, Christian J",single_case_report,case_report,data\extraction_json\text\439.json,full_text,true,1,medium,case_report_marker_single_case,false,count_basis=case_report_marker_single_case | count_confidence=medium | source_category=single_case_report,heuristic_v1,2026-04-05T11:49:24.773765+00:00
4430,4430,GABAergic changes in (11)C-flumazenil PET in the drug-naïve Stiff-Person syndrome.,Kim MJ; Lim YM; Kim JS; Kim KK,unclear_manual_review,unclear,data\extraction_json\text\4430.json,full_text,false,1,medium,source_single_case_default,false,count_basis=source_single_case_default | count_confidence=medium | source_category=unclear_manual_review,heuristic_v1,2026-04-05T11:49:24.780799+00:00
445,445,Scleritis in a person with stiff-person syndrome.,"Taban, Mehryar; Langston, Roger H S; Lowder, Careen Y",single_case_report,case_report,data\extraction_json\text\445.json,full_text,true,1,medium,case_report_marker_single_case,false,count_basis=case_report_marker_single_case | count_confidence=medium | source_category=single_case_report,heuristic_v1,2026-04-05T11:49:24.782788+00:00
446,446,Stiff person syndrome: avoiding misdiagnosis.,"Andreadou, E; Kattoulas, E; Sfagos, C; Vassilopoulos, D",single_case_report,case_report,data\extraction_json\text\446.json,full_text,true,1,medium,case_report_marker_single_case,false,count_basis=case_report_marker_single_case | count_confidence=medium | source_category=single_case_report,heuristic_v1,2026-04-05T11:49:24.784972+00:00
452,452,GAD antibody positive paraneoplastic stiff person syndrome in a patient with renal cell carcinoma.,"McHugh, John C; Murray, Brian; Renganathan, Radhakrishnan; Connolly, Sean; Lynch, Tim",single_case_report,case_report,data\extraction_json\text\452.json,full_text,true,1,medium,case_report_marker_single_case,false,count_basis=case_report_marker_single_case | count_confidence=medium | source_category=single_case_report,heuristic_v1,2026-04-05T11:49:24.787564+00:00
454,454,A patient with post-traumatic stress disorder developing stiff person syndrome: is there a correlation?.,"Dinnerstein, Eric; Collins, Deborah; Berman, Stephen A",single_case_report,case_report,data\extraction_json\text\454.json,full_text,true,1,medium,case_report_marker_single_case,false,count_basis=case_report_marker_single_case | count_confidence=medium | source_category=single_case_report,heuristic_v1,2026-04-05T11:49:24.789926+00:00
456,456,PET evidence of central GABAergic changes in stiff-person syndrome.,"Perani, Daniela; Garibotto, Valentina; Panzacchi, Andrea; Moresco, Rosa Maria; Ortelli, Paola; Corbo, Massimo; Fazio, Ferruccio; Folli, Franco",case_series_or_multi_case,case_series,data\extraction_json\text\456.json,full_text,true,2,high,abstract_count_signal,false,count_basis=abstract_count_signal | count_confidence=high | source_category=case_series_or_multi_case,heuristic_v1,2026-04-05T11:49:24.792170+00:00
460,460,"Acute ataxia, Graves' disease, and stiff person syndrome.","Chia, Su-Ynn; Chua, Richard; Lo, Yew-Long; Wong, Meng-Cheong; Chan, Ling-Ling; Tan, Eng-King",single_case_report,case_report,data\extraction_json\text\460.json,full_text,true,1,medium,case_report_marker_single_case,false,count_basis=case_report_marker_single_case | count_confidence=medium | source_category=single_case_report,heuristic_v1,2026-04-05T11:49:24.794584+00:00
461,461,Isolated navicular fracture presenting as stiff limb syndrome: a case report.,"Dubow, Jordan S; Zadikoff, Cindy",single_case_report,case_report,data\extraction_json\text\461.json,full_text,true,1,medium,case_report_marker_single_case,false,count_basis=case_report_marker_single_case | count_confidence=medium | source_category=single_case_report,heuristic_v1,2026-04-05T11:49:24.795784+00:00
464,464,Considerations for general anesthesia combined with epidural anesthesia in a patient with stiff-person syndrome.,"Yamamoto, Katsumi; Hara, Koji; Horishita, Takafumi; Sata, Takeyoshi",conference_abstract,single_case_conference_abstract,data\extraction_json\text_trimmed\464.json,trimmed,true,1,medium,case_report_marker_single_case,false,count_basis=case_report_marker_single_case | count_confidence=medium | source_category=conference_abstract,heuristic_v1,2026-04-05T11:49:24.798407+00:00
468,468,Stiff-person syndrome with acute recurrent peripheral vertigo: possible evidence of gamma aminobutyric acid as a neurotransmitter in the vestibular periphery.,"Teggi, R; Piccioni, L O; Martino, G; Bellini, C; Bussi, M",single_case_report,case_report,data\extraction_json\text\468.json,full_text,true,1,medium,case_report_marker_single_case,false,count_basis=case_report_marker_single_case | count_confidence=medium | source_category=single_case_report,heuristic_v1,2026-04-05T11:49:24.801918+00:00
472,472,High definition profiling of autoantibodies to glutamic acid decarboxylases GAD65/GAD67 in stiff-person syndrome.,"Burbelo, Peter D; Groot, Sandra; Dalakas, Marinos C; Iadarola, Michael J",unclear_manual_review,unclear,data\extraction_json\text\472.json,full_text,false,,low,no_reliable_count_signal,false,count_basis=no_reliable_count_signal | count_confidence=low | source_category=unclear_manual_review,heuristic_v1,2026-04-05T11:49:24.811003+00:00
473,473,Progressive encephalomyelitis with rigidity and myoclonus in an 81-year-old patient.,"Kraemer, Markus; Berlit, Peter",single_case_report,case_report,data\extraction_json\text\473.json,full_text,true,1,medium,source_single_case_default,false,count_basis=source_single_case_default | count_confidence=medium | source_category=single_case_report,heuristic_v1,2026-04-05T11:49:24.819386+00:00
474,474,Unexpected benefit of propofol in stiff-person syndrome.,"Hattan, E; Angle, M R; Chalk, C",unclear_manual_review,unclear,data\extraction_json\text\474.json,full_text,false,,low,no_reliable_count_signal,false,count_basis=no_reliable_count_signal | count_confidence=low | source_category=unclear_manual_review,heuristic_v1,2026-04-05T11:49:24.826034+00:00
477,477,The spectrum of disorders presenting as adult-onset focal lower extremity dystonia.,"McKeon, Andrew; Matsumoto, Joseph Y; Bower, James H; Ahlskog, J Eric",case_series_or_multi_case,case_series,data\extraction_json\text\477.json,full_text,true,1,medium,case_report_marker_single_case,false,count_basis=case_report_marker_single_case | count_confidence=medium | source_category=case_series_or_multi_case,heuristic_v1,2026-04-05T11:49:24.831399+00:00
485,485,11C-flumazenil positron emission tomography demonstrates reduction of both global and local cerebral benzodiazepine receptor binding in a patient with Stiff Person Syndrome.,"Galldiks, Norbert; Thiel, Alexander; Haense, Cathleen; Fink, Gereon R; Hilker, Rudiger",single_case_report,case_report,data\extraction_json\text\485.json,full_text,true,1,medium,case_report_marker_single_case,false,count_basis=case_report_marker_single_case | count_confidence=medium | source_category=single_case_report,heuristic_v1,2026-04-05T11:49:24.835029+00:00
4877,4877,Stiff person syndrome with elevated titers of antibodies against cardiolipin and β2 glycoprotein 1: a case report and literature review.,Tang LY; Yu SY; Huang YH,single_case_report,case_report,data\extraction_json\text\4877.json,full_text,true,1,medium,case_report_marker_single_case,false,count_basis=case_report_marker_single_case | count_confidence=medium | source_category=single_case_report,heuristic_v1,2026-04-05T11:49:24.838886+00:00
488,488,"GAD65 IgG autoantibodies in stiff person syndrome: clonality, avidity and persistence.","Skorstad, G; Hestvik, A L; Torjesen, P; Alvik, K; Vartdal, F; Vandvik, B; Holmoy, T",unclear_manual_review,unclear,data\extraction_json\text\488.json,full_text,false,5,high,abstract_count_signal,false,count_basis=abstract_count_signal | count_confidence=high | source_category=unclear_manual_review,heuristic_v1,2026-04-05T11:49:24.843162+00:00
489,489,Stiff eyes in stiff-person syndrome.,"Oskarsson, B; Pelak, V; Quan, D; Hall, D; Foster, C; Galetta, S",interventional_study,controlled_or_therapeutic_group_study,data\extraction_json\text\489.json,full_text,true,1,medium,source_single_case_override,false,count_basis=source_single_case_override | count_confidence=medium | source_category=interventional_study,heuristic_v1,2026-04-05T11:49:24.850348+00:00
49,49,Genetics of susceptibility and resistance to insulin-dependent diabetes in stiff-man syndrome.,"Pugliese, A; Gianani, R; Eisenbarth, G S; De Camilli, P; Solimena, M",single_case_report,case_report,data\extraction_json\text\49.json,full_text,true,1,medium,source_single_case_default,false,count_basis=source_single_case_default | count_confidence=medium | source_category=single_case_report,heuristic_v1,2026-04-05T11:49:24.857798+00:00
491,491,Spectrum of neurological syndromes associated with glutamic acid decarboxylase antibodies: diagnostic clues for this association.,"Saiz, Albert; Blanco, Yolanda; Sabater, Lidia; Gonzalez, Felix; Bataller, Luis; Casamitjana, Roser; Ramio-Torrenta, Lluis; Graus, Francesc",case_series_or_multi_case,case_series,data\extraction_json\text\491.json,full_text,true,36,medium,abstract_count_signal,true,count_basis=abstract_count_signal | count_confidence=medium | source_category=case_series_or_multi_case,heuristic_v1,2026-04-05T11:49:24.864946+00:00
493,493,Levetiracetam in stiff-person syndrome.,"Sechi, Gianpietro; Barrocu, Marianna; Piluzza, Maria G; Cocco, Giovanni A; Deiana, Giovanni A; Sau, Gian Franco",interventional_study,controlled_or_therapeutic_group_study,data\extraction_json\text\493.json,full_text,true,3,medium,abstract_count_signal,true,count_basis=abstract_count_signal | count_confidence=medium | source_category=interventional_study,heuristic_v1,2026-04-05T11:49:24.867425+00:00
496,496,Levetiracetam for stiff-person syndrome: report of 2 patients.,"Shimberg, W Reed; Patel, Neha B; Sullivan, Kelly L; Hauser, Robert A; Zesiewicz, Theresa A",interventional_study,controlled_or_therapeutic_group_study,data\extraction_json\text\496.json,full_text,true,2,high,title_count_signal,false,count_basis=title_count_signal | count_confidence=high | source_category=interventional_study,heuristic_v1,2026-04-05T11:49:24.868623+00:00
497,497,Stiff-person syndrome associated with multiple myeloma following autologous bone marrow transplantation.,"Clow, Erin C; Couban, Stephen; Grant, Ian A",single_case_report,case_report,data\extraction_json\text\497.json,full_text,true,1,medium,case_report_marker_single_case,false,count_basis=case_report_marker_single_case | count_confidence=medium | source_category=single_case_report,heuristic_v1,2026-04-05T11:49:24.871522+00:00
499,499,Stiff-person syndrome with amphiphysin antibodies: distinctive features of a rare disease.,"Murinson, Beth B; Guarnaccia, Joseph B",case_series_or_multi_case,case_series,data\extraction_json\text\499.json,full_text,true,4,medium,abstract_count_signal,true,count_basis=abstract_count_signal | count_confidence=medium | source_category=case_series_or_multi_case,heuristic_v1,2026-04-05T11:49:24.877904+00:00
500,500,Successful intrathecal baclofen therapy for seronegative stiff-person syndrome: a case report.,"Ho, Bo-Lin; Shih, Pang-Ying",single_case_report,case_report,data\extraction_json\text\500.json,full_text,true,1,medium,case_report_marker_single_case,false,count_basis=case_report_marker_single_case | count_confidence=medium | source_category=single_case_report,heuristic_v1,2026-04-05T11:49:24.880317+00:00
502,502,Anxious depression and the stiff-person plus syndrome.,"Culav-Sumic, Jadranka; Bosnjak, Ivan; Pastar, Zvonimir; Jukic, Vlado",single_case_report,case_report,data\extraction_json\text\502.json,full_text,true,1,medium,case_report_marker_single_case,false,count_basis=case_report_marker_single_case | count_confidence=medium | source_category=single_case_report,heuristic_v1,2026-04-05T11:49:24.884160+00:00
5020,5020,Rituximab induces remission in stiff person syndrome,,unclear_manual_review,unclear,data\extraction_json\text\5020.json,full_text,false,1,medium,source_single_case_default,false,count_basis=source_single_case_default | count_confidence=medium | source_category=unclear_manual_review,heuristic_v1,2026-04-05T11:49:24.886289+00:00
5029,5029,Anti-Amphiphysin Positive Partial Stiff Person Syndrome in an Elderly Woman with a Breast Mass,"Abu El-Haija, H.; Gogia, B.; Shanina, E.; He, J.; Fang, X.; Li, X. P.",conference_abstract,single_case_conference_abstract,data\extraction_json\text_trimmed\5029.json,trimmed,true,1,medium,single_case_text_signal,false,count_basis=single_case_text_signal | count_confidence=medium | source_category=conference_abstract,heuristic_v1,2026-04-05T11:49:24.903231+00:00
5048,5048,Search for Anti-Glycine Receptor Antibodies in Stiff-Person Syndrome (SPS),"Alexopoulos, H.; Akrivou, S.; Dalakas, M.",case_series_or_multi_case,case_series,data\extraction_json\text\5048.json,full_text,true,1,medium,early_body_count_signal,false,count_basis=early_body_count_signal | count_confidence=medium | source_category=case_series_or_multi_case,heuristic_v1,2026-04-05T11:49:24.909805+00:00
505,505,Stiff-three limbs syndrome.,"Teive, Helio A G; Munhoz, Renato P; Cardoso, Juliana; Amaral, Vanice C G; Werneck, Lineu C",single_case_report,case_report,data\extraction_json\text\505.json,full_text,true,1,medium,single_case_text_signal,false,count_basis=single_case_text_signal | count_confidence=medium | source_category=single_case_report,heuristic_v1,2026-04-05T11:49:24.912229+00:00
506,506,Stiff-person syndrome first manifesting in pregnancy.,"Cerimagic, Denis; Bilic, Ervina",single_case_report,case_report,data\extraction_json\text\506.json,full_text,true,1,medium,case_report_marker_single_case,false,count_basis=case_report_marker_single_case | count_confidence=medium | source_category=single_case_report,heuristic_v1,2026-04-05T11:49:24.914285+00:00
5079,5079,Stiff-person syndrome positive for anti-amphyphisin antibodies: The presenting feature of a neuroendocrine lung cancer,"Andrade, K.; Carvalho, L.; Martins, A.; Barros, J.",conference_abstract,group_conference_abstract,data\extraction_json\text_trimmed\5079.json,trimmed,true,1,medium,source_single_case_default,false,count_basis=source_single_case_default | count_confidence=medium | source_category=conference_abstract,heuristic_v1,2026-04-05T11:49:24.931161+00:00
5087,5087,A CASE REPORT OF ATYPICAL STIFF PERSON SYNDROME WITH CRANIAL NERVE INVOLVEMENT PRECEEDING THE DIAGNOSIS OF A HIGH GRADE LYMPHOMA,"Aquilina, N.; Vella, M.; Debono, A. G.; Camilleri, D. J.",conference_abstract,single_case_conference_abstract,data\extraction_json\text_trimmed\5087.json,trimmed,true,1,medium,case_report_marker_single_case,false,count_basis=case_report_marker_single_case | count_confidence=medium | source_category=conference_abstract,heuristic_v1,2026-04-05T11:49:24.943789+00:00
5094,5094,STIFF-MAN SYNDROME AND ENCEPHALOMYELITIS MAY COEXIST - CLINICAL-PATHOLOGICAL CORRELATIONS,"Armon, C.; Swanson, J. W.; McLean, J. M.; Westbrook, P. R.; Okazaki, H.; Kurtin, P. J.; Kaylanraman, U. P.; Rodriguez, M. R.",conference_abstract,single_case_conference_abstract,data\extraction_json\text_trimmed\5094.json,trimmed,true,1,medium,source_single_case_default,false,count_basis=source_single_case_default | count_confidence=medium | source_category=conference_abstract,heuristic_v1,2026-04-05T11:49:24.951703+00:00
510,510,Insulin treatment in a patient with Type 2 diabetes and Stiff-person syndrome.,"Weitgasser, R; Sommavilla, B; Stieglbauer, K",single_case_report,case_report,data\extraction_json\text\510.json,full_text,true,1,medium,case_report_marker_single_case,false,count_basis=case_report_marker_single_case | count_confidence=medium | source_category=single_case_report,heuristic_v1,2026-04-05T11:49:24.952981+00:00
512,512,"A case of stiff-person syndrome, type 1 diabetes, celiac disease and dermatitis herpetiformis.","O'Sullivan, Eoin P; Behan, Lucy-Ann; King, Tom F J; Hardiman, Orla; Smith, Diarmuid",single_case_report,case_report,data\extraction_json\text\512.json,full_text,true,1,medium,case_report_marker_single_case,false,count_basis=case_report_marker_single_case | count_confidence=medium | source_category=single_case_report,heuristic_v1,2026-04-05T11:49:24.956154+00:00
514,514,Stiff limb syndrome: end of spectrum or a separate entity?.,"Misra, Usha K; Maurya, Pradeep K; Kalita, Jayantee; Gupta, Rakesh K",single_case_report,case_report,data\extraction_json\text\514.json,full_text,true,1,medium,case_report_marker_single_case,false,count_basis=case_report_marker_single_case | count_confidence=medium | source_category=single_case_report,heuristic_v1,2026-04-05T11:49:24.959141+00:00
5142,5142,A complex case of anti-GAD antibody-related syndrome treated with Rituximab,"Baroncini, D.; Spagnolo, F.; Sarro, L.; Comi, G.; Volonte, M. A.",unclear_manual_review,unclear,data\extraction_json\text\5142.json,full_text,false,1,medium,source_single_case_default,false,count_basis=source_single_case_default | count_confidence=medium | source_category=unclear_manual_review,heuristic_v1,2026-04-05T11:49:24.965065+00:00
5153,5153,A Fatal Case of Neuroleptic Malignant Syndrome in a Patient with Stiff Leg Syndrome,"Baykara, Z. N.; Efendi, H.; Toker, K.",single_case_report,case_report,data\extraction_json\text\5153.json,full_text,true,1,medium,case_report_marker_single_case,false,count_basis=case_report_marker_single_case | count_confidence=medium | source_category=single_case_report,heuristic_v1,2026-04-05T11:49:24.967326+00:00
5158,5158,A case of Type 1 diabetes with stiff person syndrome and coeliac disease,"Behan, L. A.; O'Sullivan, E. P.; King, T. J. F.; Hardiman, O.; Agha, A.; Thompson, C. J.; Smith, D.",single_case_report,case_report,data\extraction_json\text\5158.json,full_text,true,1,medium,case_report_marker_single_case,false,count_basis=case_report_marker_single_case | count_confidence=medium | source_category=single_case_report,heuristic_v1,2026-04-05T11:49:24.971163+00:00
517,517,"Stiff-person syndrome in a female patient with type 1 diabetes, dermatitis herpetiformis, celiac disease, microcytic anemia and copper deficiency Just a coincidence or an additional shared pathophysiological mechanism?.","Bilic, Ervina; Bilic, Ernest; Sepec, Branimir Ivan; Vranjes, Davorka; Zagar, Marija; Butorac, Visnja; Cerimagic, Denis",single_case_report,case_report,data\extraction_json\text\517.json,full_text,true,1,medium,single_case_text_signal,false,count_basis=single_case_text_signal | count_confidence=medium | source_category=single_case_report,heuristic_v1,2026-04-05T11:49:24.972830+00:00
518,518,Stiff-person syndrome: commonly mistaken for hysterical paralysis.,"Fleischman, David; Madan, Gitanjali; Zesiewicz, Theresa A; Fleischman, Miguel",unclear_manual_review,unclear,data\extraction_json\text\518.json,full_text,false,,low,no_reliable_count_signal,false,count_basis=no_reliable_count_signal | count_confidence=low | source_category=unclear_manual_review,heuristic_v1,2026-04-05T11:49:24.976903+00:00
5180,5180,Stiff-man syndrome - Results of interviews and psychological testing,"Black, J. L.; Barth, E. M.; Williams, D. E.; Tinsley, J. A.",observational_group_study,retrospective_or_cohort_group_study,data\extraction_json\text\5180.json,full_text,true,13,high,abstract_count_signal,false,count_basis=abstract_count_signal | count_confidence=high | source_category=observational_group_study,heuristic_v1,2026-04-05T11:49:24.979746+00:00
5191,5191,PCR detected hepatitis C virus genome in the brain of a case with progressive encephalomyelitis with rigidity,"Bolay, H.; Soylemezoglu, F.; Nurlu, G.; Tuncer, S.; Varli, K.",case_series_or_multi_case,case_series,data\extraction_json\text\5191.json,full_text,true,1,medium,case_report_marker_single_case,false,count_basis=case_report_marker_single_case | count_confidence=medium | source_category=case_series_or_multi_case,heuristic_v1,2026-04-05T11:49:24.982843+00:00
5212,5212,STIFF-MAN SYNDROME WITH GAD-LIKE IMMUNOREACTIVITY - RESPONSE OF A PATIENT TO PLASMAPHERESIS AND IMMUNOSUPPRESSION,"Brashear, H. R.; Phillips, L. H.",single_case_report,case_report,data\extraction_json\text\5212.json,full_text,true,1,medium,single_case_text_signal,false,count_basis=single_case_text_signal | count_confidence=medium | source_category=single_case_report,heuristic_v1,2026-04-05T11:49:24.983887+00:00
522,522,Stiff person syndrome: presentation of a case with repetitive complex discharges in electromiograms.,"Jimenez Caballero, Pedro Enrique",single_case_report,case_report,data\extraction_json\text\522.json,full_text,true,1,medium,case_report_marker_single_case,false,count_basis=case_report_marker_single_case | count_confidence=medium | source_category=single_case_report,heuristic_v1,2026-04-05T11:49:24.986882+00:00
5230,5230,A CASE OF PROGRESSIVE ENCEPHALOMYELITIS WITH RIGIDITY AND POSITIVE ANTIGLUTAMIC ACID DEHYDROGENASE ANTIBODIES,"Burn, D. J.; Ball, J.; Lees, A. J.; Behan, P. O.; Morganhughes, J. A.",single_case_report,case_report,data\extraction_json\text\5230.json,full_text,true,1,medium,case_report_marker_single_case,false,count_basis=case_report_marker_single_case | count_confidence=medium | source_category=single_case_report,heuristic_v1,2026-04-05T11:49:24.988742+00:00
5233,5233,Familial stiff-man syndrome with GAD65 antibody,"Burns, T. M.; Jones, H. R.; Phillips, L. H.; Lennon, V. A.",single_case_report,case_report,data\extraction_json\text\5233.json,full_text,true,1,medium,source_single_case_default,false,count_basis=source_single_case_default | count_confidence=medium | source_category=single_case_report,heuristic_v1,2026-04-05T11:49:24.999813+00:00
524,524,Stiff person syndrome associated with lower motor neuron disease and infiltration of cytotoxic T cells in the spinal cord.,"Holmoy, Trygve; Skorstad, Gjertrud; Roste, Line Sveberg; Scheie, David; Alvik, Kirsti",single_case_report,case_report,data\extraction_json\text\524.json,full_text,true,1,medium,single_case_text_signal,false,count_basis=single_case_text_signal | count_confidence=medium | source_category=single_case_report,heuristic_v1,2026-04-05T11:49:25.003548+00:00
5240,5240,Case 27-2012: A 60-Year-Old Woman with Painful Muscle Spasms and Hyperreflexia,"Byrne, T. N.; Isakoff, S. J.; Rincon, S. P.; Gudewicz, T. M.",single_case_report,case_report,data\extraction_json\text\5240.json,full_text,true,1,medium,single_case_text_signal,false,count_basis=single_case_text_signal | count_confidence=medium | source_category=single_case_report,heuristic_v1,2026-04-05T11:49:25.005213+00:00
5243,5243,"Progressive encephalomyelitis with rigidity, diabetes mellitus and retinopathy: An anti-GAD syndrome","Cabre, P.; Smadja, D.; Humbel, R. L.; Merle, H.; Vernant, J. C.",single_case_report,case_report,data\extraction_json\text\5243.json,full_text,true,1,medium,single_case_text_signal,false,count_basis=single_case_text_signal | count_confidence=medium | source_category=single_case_report,heuristic_v1,2026-04-05T11:49:25.007701+00:00
525,525,"Monozygotic twins with stiff person syndrome and autoimmune thyroiditis: rituximab inefficacy in a double-blind, randomised, placebo controlled crossover study.","Venhoff, N; Rizzi, M; Salzer, U; Bossaller, L; Thoden, J; Eibel, H; Walker, U A",interventional_study,controlled_or_therapeutic_group_study,data\extraction_json\text\525.json,full_text,true,1,medium,source_single_case_override,false,count_basis=source_single_case_override | count_confidence=medium | source_category=interventional_study,heuristic_v1,2026-04-05T11:49:25.017234+00:00
5254,5254,Stiff-person syndrome in a woman with breast cancer,"Carluer, L.",case_series_or_multi_case,case_series,data\extraction_json\text\5254.json,full_text,true,1,medium,single_case_text_signal,false,count_basis=single_case_text_signal | count_confidence=medium | source_category=case_series_or_multi_case,heuristic_v1,2026-04-05T11:49:25.018739+00:00
526,526,Spinocerebellar ataxia type 1 mimicking stiff person syndrome.,"Singhal, Sumeet; Gontu, Vamsi; Choudhary, Prajendra; Auer, Dorothee; Bajaj, Nin",unclear_manual_review,unclear,data\extraction_json\text\526.json,full_text,false,1,medium,source_single_case_default,false,count_basis=source_single_case_default | count_confidence=medium | source_category=unclear_manual_review,heuristic_v1,2026-04-05T11:49:25.028797+00:00
5265,5265,Brainstem involvement as onset of stiff limb syndrome: A case report,"Ceriani, F.; Massetto, N.; Rosci, C.; Pietrogrande, M.",single_case_report,case_report,data\extraction_json\text\5265.json,full_text,true,1,medium,case_report_marker_single_case,false,count_basis=case_report_marker_single_case | count_confidence=medium | source_category=single_case_report,heuristic_v1,2026-04-05T11:49:25.030358+00:00
5268,5268,The treatment of Moersch-Woltman syndrome,"Cerimagic, D.; Relja, M.; Telarovic, S.; Glavic, J.; Ivankovic, M.; Bogoje, A.; Vodopic, M.; Dzamonja, G.",unclear_manual_review,unclear,data\extraction_json\text\5268.json,full_text,false,1,medium,source_single_case_default,false,count_basis=source_single_case_default | count_confidence=medium | source_category=unclear_manual_review,heuristic_v1,2026-04-05T11:49:25.032174+00:00
5270,5270,"STIFF PERSON SYNDROME, ABOUT A CASE","Chahrazed, R.",conference_abstract,group_conference_abstract,data\extraction_json\text_trimmed\5270.json,trimmed,true,1,medium,source_single_case_default,false,count_basis=source_single_case_default | count_confidence=medium | source_category=conference_abstract,heuristic_v1,2026-04-05T11:49:25.039495+00:00
5279,5279,Characterisation of anti-GAD antibodies in stiff-person syndrome,"Chang, T.; Brown, P.; Vincent, A.",unclear_manual_review,unclear,data\extraction_json\text\5279.json,full_text,false,1,medium,source_single_case_default,false,count_basis=source_single_case_default | count_confidence=medium | source_category=unclear_manual_review,heuristic_v1,2026-04-05T11:49:25.042748+00:00
5280,5280,Autoantibodies in stiff-person syndrome,"Chang, T.; Brown, P.; Vincent, A.",unclear_manual_review,unclear,data\extraction_json\text_trimmed\5280.json,trimmed,false,20,medium,early_body_count_signal,false,count_basis=early_body_count_signal | count_confidence=medium | source_category=unclear_manual_review,heuristic_v1,2026-04-05T11:49:25.058592+00:00
5282,5282,Pathogenicity of autoantibodies in stiff-person syndrome,"Chang, T.; Lang, B.; Brown, P.; Vincent, A.",unclear_manual_review,unclear,data\extraction_json\text_trimmed\5282.json,trimmed,false,,low,no_reliable_count_signal,false,count_basis=no_reliable_count_signal | count_confidence=low | source_category=unclear_manual_review,heuristic_v1,2026-04-05T11:49:25.080601+00:00
5283,5283,Autoantibodies to GAD and Cell Surface Determinants in Stiff Person Syndrome,"Chang, T.; Pettingill, P.; Alexopoulos, H.; Jacobson, L. W.; Brown, P.; Vincent, A.",conference_abstract,group_conference_abstract,data\extraction_json\text_trimmed\5283.json,trimmed,true,,low,no_reliable_count_signal,false,count_basis=no_reliable_count_signal | count_confidence=low | source_category=conference_abstract,heuristic_v1,2026-04-05T11:49:25.084136+00:00
5286,5286,Unusual case of jerking stiff person syndrome,"Chaudhary, N.; Jaiswal, S.; Murthy, J. M. K.",unclear_manual_review,unclear,data\extraction_json\text\5286.json,full_text,false,1,medium,case_report_marker_single_case,false,count_basis=case_report_marker_single_case | count_confidence=medium | source_category=unclear_manual_review,heuristic_v1,2026-04-05T11:49:25.085338+00:00
529,529,Finding our way: diagnostic perils and the stiff person syndrome.,"Freeman, Jerome W; Xu, Min; Anderson, Susan; Lindemann, Janet",unclear_manual_review,unclear,data\extraction_json\text\529.json,full_text,false,1,medium,source_single_case_default,false,count_basis=source_single_case_default | count_confidence=medium | source_category=unclear_manual_review,heuristic_v1,2026-04-05T11:49:25.092212+00:00
531,531,Intrathecal baclofen pump implantation in a case of stiff person syndrome.,"Maramattom, Bobby Varkey",single_case_report,case_report,data\extraction_json\text\531.json,full_text,true,1,medium,case_report_marker_single_case,false,count_basis=case_report_marker_single_case | count_confidence=medium | source_category=single_case_report,heuristic_v1,2026-04-05T11:49:25.094232+00:00
5315,5315,Stiff-person syndrome presenting with asymmetric axial muscle spasms and hypertrophy,"Chuang, C.",single_case_report,case_report,data\extraction_json\text\5315.json,full_text,true,1,medium,case_report_marker_single_case,false,count_basis=case_report_marker_single_case | count_confidence=medium | source_category=single_case_report,heuristic_v1,2026-04-05T11:49:25.095531+00:00
5321,5321,Rehabilitation and orthopedic management of Stiff Person syndrome,"Clairmont, A. C.; Lindberg, K. E.; Goldstein, N.",observational_group_study,retrospective_or_cohort_group_study,data\extraction_json\text\5321.json,full_text,true,11,medium,early_body_count_signal,true,count_basis=early_body_count_signal | count_confidence=medium | source_category=observational_group_study,heuristic_v1,2026-04-05T11:49:25.102404+00:00
534,534,Spinal cord stimulation to abort painful spasms of atypical stiff limb syndrome.,"Ughratdar, I; Sivakumar, G; Basu, S",single_case_report,case_report,data\extraction_json\text\534.json,full_text,true,1,medium,single_case_text_signal,false,count_basis=single_case_text_signal | count_confidence=medium | source_category=single_case_report,heuristic_v1,2026-04-05T11:49:25.105320+00:00
535,535,Urodynamic study alterations in a patient with stiff person syndrome.,"Arrabal-Polo, Miguel Angel; Palao-Yago, Francisco; Zuluaga-Gomez, Armando",single_case_report,case_report,data\extraction_json\text\535.json,full_text,true,1,medium,case_report_marker_single_case,false,count_basis=case_report_marker_single_case | count_confidence=medium | source_category=single_case_report,heuristic_v1,2026-04-05T11:49:25.106426+00:00
536,536,Characterization of CD4+ T cells specific for glutamic acid decarboxylase (GAD65) and proinsulin in a patient with stiff-person syndrome but without type 1 diabetes.,"Hanninen, Arno; Soilu-Hanninen, Merja; Hampe, Christiane S; Deptula, Angie; Geubtner, Kelly; Ilonen, Jorma; Knip, Mikael; Reijonen, Helena",lab_heavy_clinical_or_translational,group_or_frequency_focused_lab_clinical_study,data\extraction_json\text\536.json,full_text,true,1,medium,case_report_marker_single_case,false,count_basis=case_report_marker_single_case | count_confidence=medium | source_category=lab_heavy_clinical_or_translational,heuristic_v1,2026-04-05T11:49:25.110583+00:00
5362,5362,"A double-blind, placebo-controlled, crossover trial of intravenous immunoglobin in the treatment of anti-GAD antibody-positive patients with stiff-person syndrome","Dalakas, M. C.; Fujii, M.; Lutft, B.; Khyos, J.; McElroy, B.",conference_abstract,group_conference_abstract,data\extraction_json\text_trimmed\5362.json,trimmed,true,,low,no_reliable_count_signal,false,count_basis=no_reliable_count_signal | count_confidence=low | source_category=conference_abstract,heuristic_v1,2026-04-05T11:49:25.113064+00:00
5365,5365,"A Double-Blind, Placebo-Cotrolled Study of Rituximab in Patients with Stiff-Person Syndrome (SPS)","Dalakas, M. C.; Rakocevic, G.; Dambrosia, J.; McElroy, B.",conference_abstract,group_conference_abstract,data\extraction_json\text_trimmed\5365.json,trimmed,true,,low,no_reliable_count_signal,false,count_basis=no_reliable_count_signal | count_confidence=low | source_category=conference_abstract,heuristic_v1,2026-04-05T11:49:25.118535+00:00
537,537,The occurrence of stiff person syndrome in a patient with thymoma: case report and literature review.,"Kosseifi, Semaan G; Mehta, Jay B; Roy, Thomas; Byrd, Ryland Jr; Farrow, Jeff",single_case_report,case_report,data\extraction_json\text\537.json,full_text,true,1,medium,case_report_marker_single_case,false,count_basis=case_report_marker_single_case | count_confidence=medium | source_category=single_case_report,heuristic_v1,2026-04-05T11:49:25.122096+00:00
5371,5371,The stiff person syndrome: A single case report of almost complete recovery 12 weeks following immunomodulatory therapy with IVIG and plasmapheresis,"Dalton, C. M.; Lim, E.; Redmond, J.",single_case_report,case_report,data\extraction_json\text\5371.json,full_text,true,1,medium,case_report_marker_single_case,false,count_basis=case_report_marker_single_case | count_confidence=medium | source_category=single_case_report,heuristic_v1,2026-04-05T11:49:25.123749+00:00
5373,5373,PROGRESSIVE ENCEPHALOMYELITIS WITH RIGIDITY AND MYOCLONUS: THE FIRST PAEDIATRIC CASE WITH GLYCINE RECEPTOR ANTIBODIES,"Damasio, J.; Leite, M. I.; Coutinho, E.; Waters, P.; Woodhall, M.; Santos, M. A.; Carrilho, I.; Vincent, A.",unclear_manual_review,unclear,data\extraction_json\text\5373.json,full_text,false,,low,no_reliable_count_signal,false,count_basis=no_reliable_count_signal | count_confidence=low | source_category=unclear_manual_review,heuristic_v1,2026-04-05T11:49:25.132292+00:00
5381,5381,STIFF-MAN-SYNDROME-80 - A VARIANT ASSOCIATED WITH ABNORMAL VISUAL PROCESSING AND A NEW ANTINEURONAL ANTIBODY,"Darnell, R. B.; Rubin, M.; Victor, J.; Plum, F.",single_case_report,case_report,data\extraction_json\text_trimmed\5381.json,trimmed,true,1,medium,source_single_case_default,false,count_basis=source_single_case_default | count_confidence=medium | source_category=single_case_report,heuristic_v1,2026-04-05T11:49:25.137884+00:00
5398,5398,Treatment of stiff person syndrome with chronic plasmapheresis,"De la Casa-Fages, B.; Anaya, F.; Grandas, F.",conference_abstract,multi_case_conference_abstract,data\extraction_json\text_trimmed\5398.json,trimmed,true,1,medium,source_single_case_override,false,count_basis=source_single_case_override | count_confidence=medium | source_category=conference_abstract,heuristic_v1,2026-04-05T11:49:25.165751+00:00
541,541,Stiff-person syndrome: persistent elevation of glutamic acid decarboxylase antibodies despite successful treatment with rituximab.,"Bacorro, Eugene A; Tehrani, Rodney",single_case_report,case_report,data\extraction_json\text\541.json,full_text,true,1,medium,case_report_marker_single_case,false,count_basis=case_report_marker_single_case | count_confidence=medium | source_category=single_case_report,heuristic_v1,2026-04-05T11:49:25.170153+00:00
544,544,Glutamic acid decarboxylase antibody-positive paraneoplastic stiff limb syndrome associated with carcinoma of the breast.,"Agarwal, Pankaj A; Ichaporia, Nasli R",single_case_report,case_report,data\extraction_json\text\544.json,full_text,true,1,medium,case_report_marker_single_case,false,count_basis=case_report_marker_single_case | count_confidence=medium | source_category=single_case_report,heuristic_v1,2026-04-05T11:49:25.172609+00:00
545,545,GAD antibodies associated neurological disorders: incidence and phenotype distribution among neurological inflammatory diseases.,"Mata, Sabrina; Muscas, Gian Carlo; Cincotta, Massimo; Bartolozzi, Maria Letizia; Ambrosini, Stefano; Sorbi, Sandro",lab_heavy_clinical_or_translational,group_or_frequency_focused_lab_clinical_study,data\extraction_json\text\545.json,full_text,true,7,medium,abstract_count_signal,true,count_basis=abstract_count_signal | count_confidence=medium | source_category=lab_heavy_clinical_or_translational,heuristic_v1,2026-04-05T11:49:25.176214+00:00
547,547,Stiff-person syndrome and generalized anxiety disorder.,"Cerqueira, Ana Claudia Rodrigues de; Bezerra, Jose Marcelo Ferreira; Rozenthal, Marcia; Nardi, Antonio Egidio",review_article,tagged_review_article,data\extraction_json\text\547.json,full_text,false,43,medium,early_body_count_signal,false,count_basis=early_body_count_signal | count_confidence=medium | source_category=review_article,heuristic_v1,2026-04-05T11:49:25.182538+00:00
5472,5472,HIGH AMPLITUDE F WAVES AND STIFF-PERSON SYNDROME,"Espinosa, P.; Ryan, S.",unclear_manual_review,unclear,data\extraction_json\text\5472.json,full_text,false,,low,no_reliable_count_signal,false,count_basis=no_reliable_count_signal | count_confidence=low | source_category=unclear_manual_review,heuristic_v1,2026-04-05T11:49:25.184368+00:00
548,548,Qualitative and quantitative evidence of anti-glutamic acid decarboxylase-specific intrathecal antibody synthesis in patients with stiff person syndrome.,"Jarius, S; Stich, O; Speck, J; Rasiah, Ch; Wildemann, B; Meinck, H M; Rauer, S",case_series_or_multi_case,case_series,data\extraction_json\text\548.json,full_text,true,10,medium,abstract_count_signal,true,count_basis=abstract_count_signal | count_confidence=medium | source_category=case_series_or_multi_case,heuristic_v1,2026-04-05T11:49:25.188675+00:00
5499,5499,Progressive Encephalomyelitis With Rigidity: A Case Report,"Baraba, R.; Jusic, A.; Sruk, A.",single_case_report,case_report,data\extraction_json\text\5499.json,full_text,true,1,medium,case_report_marker_single_case,false,count_basis=case_report_marker_single_case | count_confidence=medium | source_category=single_case_report,heuristic_v1,2026-04-05T11:49:25.191957+00:00
5502,5502,"GLUTAMIC ACID DECARBOXYLASE ANTIBODY: A LINK FOR LOCALISATION RELATED EPILEPSY, STIFF-PERSON SYNDROME AND TYPE I DIABETES MELLITUS? REPORT OF TWO CASES","Barcs, G.; Szucs, A.; Kamondi, A.",conference_abstract,multi_case_conference_abstract,data\extraction_json\text_trimmed\5502.json,trimmed,true,2,high,title_count_signal,false,count_basis=title_count_signal | count_confidence=high | source_category=conference_abstract,heuristic_v1,2026-04-05T11:49:25.208611+00:00
551,551,A perplexing consult for pseudoseizures: stiff-man syndrome.,"Prasad, Vivek",single_case_report,case_report,data\extraction_json\text\551.json,full_text,true,1,medium,source_single_case_default,false,count_basis=source_single_case_default | count_confidence=medium | source_category=single_case_report,heuristic_v1,2026-04-05T11:49:25.214328+00:00
5519,5519,Physiological studies of spinal inhibitory circuits in patients with stiff-person syndrome,"Floeter, M. K.; Valls-Sole, J.; Jacobowitz, D.; Hallett, M.",case_series_or_multi_case,case_series,data\extraction_json\text\5519.json,full_text,true,2,medium,patient_label_count,false,count_basis=patient_label_count | count_confidence=medium | source_category=case_series_or_multi_case,heuristic_v1,2026-04-05T11:49:25.223196+00:00
552,552,Stiff-person syndrome: a case report and review of the literature.,"Egwuonwu, Steve; Chedebeau, Fernando",single_case_report,case_report,data\extraction_json\text\552.json,full_text,true,1,medium,case_report_marker_single_case,false,count_basis=case_report_marker_single_case | count_confidence=medium | source_category=single_case_report,heuristic_v1,2026-04-05T11:49:25.230671+00:00
5529,5529,A videography documented case report: Antibody-negative stiff-person syndrome,"Fong, J. S.; Krieger, D.",single_case_report,case_report,data\extraction_json\text\5529.json,full_text,true,1,medium,case_report_marker_single_case,false,count_basis=case_report_marker_single_case | count_confidence=medium | source_category=single_case_report,heuristic_v1,2026-04-05T11:49:25.232654+00:00
5535,5535,STIFF PERSON SYNDROME IN ASSOCIATION WITH NONPARANEOPLASTIC LIMBIC ENCEPHALITIS,"Franke, K.; Schulz, R.; Hoppe, M.; Korn-Merker, E.; Specht, U.; Ebner, A.",conference_abstract,group_conference_abstract,data\extraction_json\text_trimmed\5535.json,trimmed,true,2,medium,early_body_count_signal,true,count_basis=early_body_count_signal | count_confidence=medium | source_category=conference_abstract,heuristic_v1,2026-04-05T11:49:25.266697+00:00
5537,5537,"CO-EMERGENT TRIAD OF EPILEPSY, MYASTHENIA GRAVIS AND STIFF-PERSON SYNDROME","Frawley, B. K.; Ritaccio, A.; Gruenthal, M.; Lava, N.; Murnane, M.; Lynch, T. M.",conference_abstract,group_conference_abstract,data\extraction_json\text_trimmed\5537.json,trimmed,true,1,medium,source_single_case_override,false,count_basis=source_single_case_override | count_confidence=medium | source_category=conference_abstract,heuristic_v1,2026-04-05T11:49:25.308363+00:00
554,554,Stiff-person syndrome treated with rituximab.,"Lobo, Marcelo Evangelista; Araujo, Marx Lincoln Barros; Tomaz, Carlos Alberto Bezerra; Allam, Nasser",single_case_report,case_report,data\extraction_json\text\554.json,full_text,true,1,medium,case_report_marker_single_case,false,count_basis=case_report_marker_single_case | count_confidence=medium | source_category=single_case_report,heuristic_v1,2026-04-05T11:49:25.313096+00:00
5542,5542,Stiff-Person syndrome with antibodies to glutamic acid decarboxylase (GAD): Studies in 10 patients,"Fujii, M. D.; Kyhos, J.; Jacobowitz, D.; Semino-Mora, C.; Floeter, M. K.; Dalakas, M. C.",unclear_manual_review,unclear,data\extraction_json\text\5542.json,full_text,false,10,high,title_count_signal,false,count_basis=title_count_signal | count_confidence=high | source_category=unclear_manual_review,heuristic_v1,2026-04-05T11:49:25.314247+00:00
5545,5545,C-11-Flumazenil positron emission tomography demonstrates reduction of both global and local cerebral benzodiazepine receptor binding in a patient with Stiff Person Syndrome,"Galldiks, N.; Thiel, A.; Haense, C.; Fink, G. R.; Hilker, R.",single_case_report,case_report,data\extraction_json\text\5545.json,full_text,true,1,medium,case_report_marker_single_case,false,count_basis=case_report_marker_single_case | count_confidence=medium | source_category=single_case_report,heuristic_v1,2026-04-05T11:49:25.317749+00:00
555,555,Stiff-person syndrome presenting as eating disorder: a case report.,"Cuturic, Miroslav; Harden, Laurie M; Kannaday, Melissa H; Campbell, Nioaka N; Harding, Richard K",single_case_report,case_report,data\extraction_json\text\555.json,full_text,true,1,medium,case_report_marker_single_case,false,count_basis=case_report_marker_single_case | count_confidence=medium | source_category=single_case_report,heuristic_v1,2026-04-05T11:49:25.321023+00:00
5552,5552,"Stiff-person syndrome associated with invasive thymoma, pemphigus and myasthenia gravis: a case report","Gao, X.; Zheng, X.; Li, H.",conference_abstract,single_case_conference_abstract,data\extraction_json\text_trimmed\5552.json,trimmed,true,1,medium,case_report_marker_single_case,false,count_basis=case_report_marker_single_case | count_confidence=medium | source_category=conference_abstract,heuristic_v1,2026-04-05T11:49:25.337653+00:00
5554,5554,Rituximab in stiff person syndrome,"Garcia-Ruiz, P. J.; del Val, J.; Herranz, A.; Bellido, S.; Aranda, M. A.",conference_abstract,group_conference_abstract,data\extraction_json\text_trimmed\5554.json,trimmed,true,1,medium,source_single_case_default,false,count_basis=source_single_case_default | count_confidence=medium | source_category=conference_abstract,heuristic_v1,2026-04-05T11:49:25.376495+00:00
556,556,GAD antibody-associated neurological illness and its relationship to gluten sensitivity.,"Hadjivassiliou, M; Aeschlimann, D; Grunewald, R A; Sanders, D S; Sharrack, B; Woodroofe, N",observational_group_study,retrospective_or_cohort_group_study,data\extraction_json\text\556.json,full_text,true,7,medium,early_body_count_signal,false,count_basis=early_body_count_signal | count_confidence=medium | source_category=observational_group_study,heuristic_v1,2026-04-05T11:49:25.395282+00:00
5573,5573,Long-term kinetics of anti-GAD65 antibody suppression by intravenous gamma globulin in stiff person syndrome,"George, E. B.; Mohamed, M. S.",unclear_manual_review,unclear,data\extraction_json\text_trimmed\5573.json,trimmed,false,1,medium,source_single_case_default,false,count_basis=source_single_case_default | count_confidence=medium | source_category=unclear_manual_review,heuristic_v1,2026-04-05T11:49:25.398286+00:00
559,559,Antiglycine-receptor encephalomyelitis with rigidity.,"Mas, Natalia; Saiz, Albert; Leite, Maria Isabel; Waters, Patrick; Baron, Manuel; Castano, Dolores; Sabater, Lidia; Vincent, Angela; Graus, Francesc",case_series_or_multi_case,case_series,data\extraction_json\text\559.json,full_text,true,1,medium,case_report_marker_single_case,false,count_basis=case_report_marker_single_case | count_confidence=medium | source_category=case_series_or_multi_case,heuristic_v1,2026-04-05T11:49:25.401975+00:00
560,560,Respective implications of glutamate decarboxylase antibodies in stiff person syndrome and cerebellar ataxia.,"Manto, Mario U; Hampe, Christiane S; Rogemond, Veronique; Honnorat, Jerome",conference_abstract,single_case_conference_abstract,data\extraction_json\text_trimmed\560.json,trimmed,true,1,medium,case_report_marker_single_case,false,count_basis=case_report_marker_single_case | count_confidence=medium | source_category=conference_abstract,heuristic_v1,2026-04-05T11:49:25.407872+00:00
5600,5600,Dysfunction of cortical inhibitory circuits in stiff-man syndrome,"Kim, S. D.; Vucic, S.; Kiernan, M. C.; Fung, V. S. C.",case_series_or_multi_case,case_series,data\extraction_json\text\5600.json,full_text,true,2,medium,patient_label_count,false,count_basis=patient_label_count | count_confidence=medium | source_category=case_series_or_multi_case,heuristic_v1,2026-04-05T11:49:25.414291+00:00
5631,5631,Severe worsening of the stiff person syndrome due to acute gastroenteritis,"Kramberger, M. G.; Avbersek, A.; Fabjan, T. H.",conference_abstract,single_case_conference_abstract,data\extraction_json\text_trimmed\5631.json,trimmed,true,1,medium,source_single_case_default,false,count_basis=source_single_case_default | count_confidence=medium | source_category=conference_abstract,heuristic_v1,2026-04-05T11:49:25.434502+00:00
5647,5647,Stiff-Person syndrome and ophthalmoplegia associated with thymoma,"Lai, E. C.; Linfante, I.; Lee, A. G.",conference_abstract,group_conference_abstract,data\extraction_json\text_trimmed\5647.json,trimmed,true,1,medium,source_single_case_default,false,count_basis=source_single_case_default | count_confidence=medium | source_category=conference_abstract,heuristic_v1,2026-04-05T11:49:25.444317+00:00
565,565,Surviving stiff-person syndrome: a case report.,"Gnanapavan, Sharmilee; Vincent, Angela; Giovannoni, Gavin",case_series_or_multi_case,case_series,data\extraction_json\text\565.json,full_text,true,1,medium,case_report_marker_single_case,false,count_basis=case_report_marker_single_case | count_confidence=medium | source_category=case_series_or_multi_case,heuristic_v1,2026-04-05T11:49:25.446167+00:00
566,566,"A case of glycine-receptor antibody-associated encephalomyelitis with rigidity and myoclonus (PERM): clinical course, treatment and CSF findings.","Piotrowicz, A; Thumen, A; Leite, M I; Vincent, A; Moser, A",single_case_report,case_report,data\extraction_json\text\566.json,full_text,true,1,medium,case_report_marker_single_case,false,count_basis=case_report_marker_single_case | count_confidence=medium | source_category=single_case_report,heuristic_v1,2026-04-05T11:49:25.447577+00:00
568,568,Pathological findings in a case of stiff person syndrome with anti-GAD antibodies.,"Witherick, Jonathan; Highley, J Robin; Hadjivassiliou, Marios",single_case_report,case_report,data\extraction_json\text\568.json,full_text,true,1,medium,case_report_marker_single_case,false,count_basis=case_report_marker_single_case | count_confidence=medium | source_category=single_case_report,heuristic_v1,2026-04-05T11:49:25.450055+00:00
570,570,Isolated hypertrophy of the tibialis anterior muscle in the stiff leg syndrome.,"Castelnovo, Giovanni; Renard, Dimitri; Bouly, Stephane; Labauge, Pierre",unclear_manual_review,unclear,data\extraction_json\text\570.json,full_text,false,1,medium,source_single_case_default,false,count_basis=source_single_case_default | count_confidence=medium | source_category=unclear_manual_review,heuristic_v1,2026-04-05T11:49:25.459226+00:00
571,571,Physical therapist management of stiff person syndrome in a 24-year-old woman.,"Hegyi, Christopher A",single_case_report,case_report,data\extraction_json\text\571.json,full_text,true,1,medium,single_case_text_signal,false,count_basis=single_case_text_signal | count_confidence=medium | source_category=single_case_report,heuristic_v1,2026-04-05T11:49:25.463276+00:00
5726,5726,Intravenous immunoglobulin in with anti-GAD anti body-associated patients neurological diseases and patients with inflammatory myopathies - Effects on clinicopathological features and immunoregulatory genes,"Dalakas, M. C.",interventional_study,controlled_or_therapeutic_group_study,data\extraction_json\text\5726.json,full_text,true,16,medium,abstract_count_signal,true,count_basis=abstract_count_signal | count_confidence=medium | source_category=interventional_study,heuristic_v1,2026-04-05T11:49:25.467679+00:00
5727,5727,The role of IVIg in the treatment of patients with stiff person syndrome and other neurological diseases associated with anti-GAD antibodies,"Dalakas, M. C.",interventional_study,controlled_or_therapeutic_group_study,data\extraction_json\text\5727.json,full_text,true,11,medium,abstract_count_signal,true,count_basis=abstract_count_signal | count_confidence=medium | source_category=interventional_study,heuristic_v1,2026-04-05T11:49:25.472226+00:00
573,573,Stiff person syndrome and pregnancy.,"Goldkamp, Jennifer; Blaskiewicz, Robert; Myles, Thomas",single_case_report,case_report,data\extraction_json\text\573.json,full_text,true,1,medium,single_case_text_signal,false,count_basis=single_case_text_signal | count_confidence=medium | source_category=single_case_report,heuristic_v1,2026-04-05T11:49:25.474902+00:00
574,574,Progressive encephalomyelitis with rigidity and myoclonus: glycine and NMDA receptor antibodies.,"Turner, M R; Irani, S R; Leite, M I; Nithi, K; Vincent, A; Ansorge, O",single_case_report,case_report,data\extraction_json\text\574.json,full_text,true,1,medium,single_case_text_signal,false,count_basis=single_case_text_signal | count_confidence=medium | source_category=single_case_report,heuristic_v1,2026-04-05T11:49:25.477904+00:00
5748,5748,Comorbid Idiopathic Parkinson's Disease and Stiff Person Syndrome Case Report,"Lustig, M.; Blevins, S.",conference_abstract,single_case_conference_abstract,data\extraction_json\text\5748.json,full_text,true,1,medium,case_report_marker_single_case,false,count_basis=case_report_marker_single_case | count_confidence=medium | source_category=conference_abstract,heuristic_v1,2026-04-05T11:49:25.478950+00:00
5753,5753,Partial Stiff Person Syndrome as a Stroke Mimic,"Machado, D.; Hodges, K.",conference_abstract,group_conference_abstract,data\extraction_json\text\5753.json,full_text,true,1,medium,source_single_case_default,false,count_basis=source_single_case_default | count_confidence=medium | source_category=conference_abstract,heuristic_v1,2026-04-05T11:49:25.480925+00:00
5755,5755,Management of Autoimmune Encephalitis: An Observational Monocentric Study of 38 Patients,"Macher, S.; Zimprich, F.; De Simoni, D.; Hoftberger, R.; Rommer, P. S.",case_series_or_multi_case,case_series,data\extraction_json\text\5755.json,full_text,true,38,medium,title_count_signal,true,count_basis=title_count_signal | count_confidence=medium | source_category=case_series_or_multi_case,heuristic_v1,2026-04-05T11:49:25.484413+00:00
58,58,Treatment of stiff-man syndrome with intravenous immune globulin.,"Karlson, E W; Sudarsky, L; Ruderman, E; Pierson, S; Scott, M; Helfgott, S M",case_series_or_multi_case,case_series,data\extraction_json\text\58.json,full_text,true,3,medium,abstract_count_signal,true,count_basis=abstract_count_signal | count_confidence=medium | source_category=case_series_or_multi_case,heuristic_v1,2026-04-05T11:49:25.486554+00:00
580,580,Stiff leg syndrome and myelitis with anti-amphiphysin antibodies: a common physiopathology?.,"Chamard, Ludivine; Magnin, Eloi; Berger, Eric; Hagenkotter, Beate; Rumbach, Lucien; Bataillard, Marc",unclear_manual_review,unclear,data\extraction_json\text\580.json,full_text,false,,low,no_reliable_count_signal,false,count_basis=no_reliable_count_signal | count_confidence=low | source_category=unclear_manual_review,heuristic_v1,2026-04-05T11:49:25.495321+00:00
5803,5803,A CASE OF UNDIAGNOSED STIFF-PERSON SYNDROME REQUIRING MECHANICAL VENTILATORY SUPPORT,"Mayer, N.; Kretzer, A.; John, S.; Bleck, T.; Garg, R.",conference_abstract,single_case_conference_abstract,data\extraction_json\text\5803.json,full_text,true,1,medium,case_report_marker_single_case,false,count_basis=case_report_marker_single_case | count_confidence=medium | source_category=conference_abstract,heuristic_v1,2026-04-05T11:49:25.496371+00:00
5808,5808,"SEVERE, PROLONGED BACLOFEN WITHDRAWAL FOLLOWING A SECOND CATHETER FAILURE IN A PATIENT WITH STIFF-PERSON SYNDROME","McDaniel, C.",conference_abstract,single_case_conference_abstract,data\extraction_json\text_trimmed\5808.json,trimmed,true,1,medium,case_report_marker_single_case,false,count_basis=case_report_marker_single_case | count_confidence=medium | source_category=conference_abstract,heuristic_v1,2026-04-05T11:49:25.497514+00:00
581,581,Hyperexcitability restricted to the lower limb motor system in a patient with stiff-leg syndrome.,"Iwata, Tomonori; Shigeto, Hiroshi; Ogata, Katsuya; Hagiwara, Ko-ichi; Kanamori, Yuji; Uehara, Taira; Ohyagi, Yasumasa; Tobimatsu, Shozo; Kira, Jun-ichi",single_case_report,case_report,data\extraction_json\text\581.json,full_text,true,1,medium,case_report_marker_single_case,false,count_basis=case_report_marker_single_case | count_confidence=medium | source_category=single_case_report,heuristic_v1,2026-04-05T11:49:25.500679+00:00
582,582,"Paraneoplastic encephalomyelitis, stiff person syndrome and breast carcinoma.","Lemieux, Julie; Provencher, Louise; Brunet, Denis; Hogue, Jean-Charles",unclear_manual_review,unclear,data\extraction_json\text\582.json,full_text,false,,low,no_reliable_count_signal,false,count_basis=no_reliable_count_signal | count_confidence=low | source_category=unclear_manual_review,heuristic_v1,2026-04-05T11:49:25.510577+00:00
583,583,Stiff-person syndrome following tick-borne meningoencephalitis.,"Ehler, Edvard; Latta, Jan; Mandysova, Petra; Havlasova, Jana; Mrklovsky, Milan",single_case_report,case_report,data\extraction_json\text\583.json,full_text,true,1,medium,case_report_marker_single_case,false,count_basis=case_report_marker_single_case | count_confidence=medium | source_category=single_case_report,heuristic_v1,2026-04-05T11:49:25.514052+00:00
5831,5831,A Rare Case of Amphiphysin-associated Stiff Person Syndrome in a Male Patient with Breast Cancer,"Mukharesh, L.; Newsome, S.",single_case_report,case_report,data\extraction_json\text\5831.json,full_text,true,1,medium,case_report_marker_single_case,false,count_basis=case_report_marker_single_case | count_confidence=medium | source_category=single_case_report,heuristic_v1,2026-04-05T11:49:25.515143+00:00
5839,5839,Stiff person syndrome as the initial manifestation of systemic lupus erythematosus-case report,"Munhoz, R. P.; Moscovich, M. M.; Fameli, H.; Filla, L.; Teive, H.",single_case_report,case_report,data\extraction_json\text\5839.json,full_text,true,1,medium,case_report_marker_single_case,false,count_basis=case_report_marker_single_case | count_confidence=medium | source_category=single_case_report,heuristic_v1,2026-04-05T11:49:25.517947+00:00
585,585,Stiff person syndrome (SPS) complicated by respiratory failure: successful treatment with rituximab.,"Qureshi, A; Hennessy, M",unclear_manual_review,unclear,data\extraction_json\text\585.json,full_text,false,1,medium,source_single_case_default,false,count_basis=source_single_case_default | count_confidence=medium | source_category=unclear_manual_review,heuristic_v1,2026-04-05T11:49:25.524460+00:00
5850,5850,STIFF-PERSON SYNDROME WITH AMPHIPHYSIN ANTIBODIES: DISTINCTIVE FEATURES OF A RARE DISEASE Reply,"Murinson, B. B.; Guarnaccia, J. B.",unclear_manual_review,unclear,data\extraction_json\text\5850.json,full_text,false,4,medium,early_body_count_signal,false,count_basis=early_body_count_signal | count_confidence=medium | source_category=unclear_manual_review,heuristic_v1,2026-04-05T11:49:25.531241+00:00
5861,5861,Successful Treatment of Stiff Person Syndrome with Sequential Use of Tacrolimus,"Nakane, S.; Kawabata, Y.; Urushihara, R.; Harada, M.; Kaji, R.",interventional_study,controlled_or_therapeutic_group_study,data\extraction_json\text\5861.json,full_text,true,2,medium,early_body_count_signal,false,count_basis=early_body_count_signal | count_confidence=medium | source_category=interventional_study,heuristic_v1,2026-04-05T11:49:25.538472+00:00
588,588,Efficacy of pregabalin in a case of stiff-person syndrome: clinical and neurophysiological evidence.,"Squintani, G; Bovi, T; Ferigo, L; Musso, A M; Ottaviani, S; Moretto, G; Morgante, F; Tinazzi, M",single_case_report,case_report,data\extraction_json\text\588.json,full_text,true,1,medium,case_report_marker_single_case,false,count_basis=case_report_marker_single_case | count_confidence=medium | source_category=single_case_report,heuristic_v1,2026-04-05T11:49:25.540946+00:00
5884,5884,Unable to Relax: A Case of Stiff Person Syndrome,"Ning, W.; Iantorno, S.; Zhong, C.; Li, S.",single_case_report,case_report,data\extraction_json\text\5884.json,full_text,true,1,medium,case_report_marker_single_case,false,count_basis=case_report_marker_single_case | count_confidence=medium | source_category=single_case_report,heuristic_v1,2026-04-05T11:49:25.541922+00:00
589,589,Glycine receptor antibodies are detected in progressive encephalomyelitis with rigidity and myoclonus (PERM) but not in saccadic oscillations.,"Iizuka, Takahiro; Leite, Maria I; Lang, Bethan; Waters, Patrick; Urano, Yoshiaki; Miyakawa, Saori; Hamada, Junichi; Sakai, Fumihiko; Mochizuki, Hideki; Vincent, Angela",case_series_or_multi_case,case_series,data\extraction_json\text\589.json,full_text,true,7,medium,early_body_count_signal,true,count_basis=early_body_count_signal | count_confidence=medium | source_category=case_series_or_multi_case,heuristic_v1,2026-04-05T11:49:25.550540+00:00
593,593,"Stiff-man syndrome and variants: clinical course, treatments, and outcomes.","McKeon, Andrew; Robinson, Maisha T; McEvoy, Kathleen M; Matsumoto, Joseph Y; Lennon, Vanda A; Ahlskog, J Eric; Pittock, Sean J",observational_group_study,retrospective_or_cohort_group_study,data\extraction_json\text\593.json,full_text,true,,low,no_reliable_count_signal,false,count_basis=no_reliable_count_signal | count_confidence=low | source_category=observational_group_study,heuristic_v1,2026-04-05T11:49:25.566259+00:00
594,594,Atypical clinically diagnosed stiff-person syndrome response to dantrolene--a refractory case.,"Schreiber, Adam L; Vasudevan, John M; Fetouh, S Kamal; Ankam, Nethra S; Hussain, Aamir; Rakocevic, Goran",observational_group_study,retrospective_or_cohort_group_study,data\extraction_json\text\594.json,full_text,true,1,medium,source_single_case_default,false,count_basis=source_single_case_default | count_confidence=medium | source_category=observational_group_study,heuristic_v1,2026-04-05T11:49:25.574861+00:00
595,595,Pregnancy and stiff person syndrome.,"Amyradakis, George; Carlan, S J; Bhullar, Amanpreet; Eastwood, Julie",unclear_manual_review,unclear,data\extraction_json\text\595.json,full_text,false,1,medium,source_single_case_default,false,count_basis=source_single_case_default | count_confidence=medium | source_category=unclear_manual_review,heuristic_v1,2026-04-05T11:49:25.578768+00:00
5963,5963,"UNUSUAL ELECTROMYOGRAPHIC FINDINGS IN A PATIENT WITH PRESUMPTIVE HASHIMOTO'S THYROIDITIS, STIFF-PERSON SYNDROME, AND HERPES ZOSTER MYELORADICULITIS","Ha, J.; Gorin, F.; Zhang, L.; Oskarsson, B.; Maselli, R.",conference_abstract,single_case_conference_abstract,data\extraction_json\text_trimmed\5963.json,trimmed,true,1,medium,case_report_marker_single_case,false,count_basis=case_report_marker_single_case | count_confidence=medium | source_category=conference_abstract,heuristic_v1,2026-04-05T11:49:25.585206+00:00
597,597,"Lymphoma, thymoma and the wooden man: stiff-person syndrome post-thymoma excision and non-Hodgkin lymphoma remission.","Tsai, T; McGrath, R",single_case_report,case_report,data\extraction_json\text\597.json,full_text,true,1,medium,case_report_marker_single_case,false,count_basis=case_report_marker_single_case | count_confidence=medium | source_category=single_case_report,heuristic_v1,2026-04-05T11:49:25.587417+00:00
5970,5970,DON'T CALL THE PSYCHIATRIST JUST YET; A CASE REPORT OF STIFF-PERSON SYNDROME,"Hallak, A.; Hazam, R.; Amin, M. K.; Alhbshi, K.; Islam, S.; Saadaldin, M.",review_article,tagged_review_article,data\extraction_json\text_trimmed\5970.json,trimmed,false,1,medium,case_report_marker_single_case,false,count_basis=case_report_marker_single_case | count_confidence=medium | source_category=review_article,heuristic_v1,2026-04-05T11:49:25.638366+00:00
5985,5985,Plasmapheresis and immunosuppression in stiff-man syndrome with type 1 diabetes: A two year study,"Hao, W.; Davis, C.; Hirsch, I. B.; Eng, L.; Daniels, T.; Lernmark, A.",single_case_report,case_report,data\extraction_json\text\5985.json,full_text,true,1,medium,source_single_case_default,false,count_basis=source_single_case_default | count_confidence=medium | source_category=single_case_report,heuristic_v1,2026-04-05T11:49:25.647489+00:00
599,599,Electrophysiological characteristics in four patients from Brazil with stiff person syndrome.,"Lorenzoni, Paulo J; Scola, Rosana H; Kay, Claudia S K; Teive, Helio A G; dos Santos, Lucia H Coutinho; Werneck, Lineu C",case_series_or_multi_case,case_series,data\extraction_json\text\599.json,full_text,true,4,high,title_count_signal,false,count_basis=title_count_signal | count_confidence=high | source_category=case_series_or_multi_case,heuristic_v1,2026-04-05T11:49:25.650089+00:00
5992,5992,Treatment resistant jerky stiff person syndrome,"Harrower, T. P.; Barker, R.; Baron, J.; Coles, A.",case_series_or_multi_case,case_series,data\extraction_json\text\5992.json,full_text,true,2,medium,early_body_count_signal,true,count_basis=early_body_count_signal | count_confidence=medium | source_category=case_series_or_multi_case,heuristic_v1,2026-04-05T11:49:25.656046+00:00
6000,6000,Distinct immune reactivity to GAD-65 in stiff man syndrome and type I diabetes,"Hawa, M. I.; Lohmann, T.; Leslie, R. D. G.; Londei, M.",single_case_report,case_report,data\extraction_json\text_trimmed\6000.json,trimmed,true,1,medium,source_single_case_default,false,count_basis=source_single_case_default | count_confidence=medium | source_category=single_case_report,heuristic_v1,2026-04-05T11:49:25.685526+00:00
601,601,Autoimmune stiff person syndrome and related myelopathies: understanding of electrophysiological and immunological processes.,"Rakocevic, Goran; Floeter, Mary Kay",unclear_manual_review,unclear,data\extraction_json\text\601.json,full_text,false,,low,no_reliable_count_signal,false,count_basis=no_reliable_count_signal | count_confidence=low | source_category=unclear_manual_review,heuristic_v1,2026-04-05T11:49:25.695338+00:00
6010,6010,Therapeutic Plasma Exchange in an Uncommon Disease: Stiff-Person Syndrome: Case Report,"Hergunsel, O.; Altun, D.; Cukurova, Z.; Eren, G.; Yayla, V.",single_case_report,case_report,data\extraction_json\text\6010.json,full_text,true,1,medium,case_report_marker_single_case,false,count_basis=case_report_marker_single_case | count_confidence=medium | source_category=single_case_report,heuristic_v1,2026-04-05T11:49:25.698252+00:00
6012,6012,Paraneoplastic encephalomyelitis associated with pancreatic tumor and anti-GAD antibodies,"Hernandez-Echebarria, L.; Saiz, A.; Ares, A.; Tejada, J.; Garcia-Tunon, L.; Nieves, C.; Graus, F.",unclear_manual_review,unclear,data\extraction_json\text\6012.json,full_text,false,1,medium,source_single_case_override,false,count_basis=source_single_case_override | count_confidence=medium | source_category=unclear_manual_review,heuristic_v1,2026-04-05T11:49:25.708338+00:00
6021,6021,Paraneoplastic stiff-person syndrome and anti-Ri antibodies in metastatic breast cancer,"Hoffmann, L. A.; Ditsch, N.; Kuempfel, T.; Dudel, C.; Wick, M.; Voltz, R.",conference_abstract,group_conference_abstract,data\extraction_json\text_trimmed\6021.json,trimmed,true,1,medium,source_single_case_default,false,count_basis=source_single_case_default | count_confidence=medium | source_category=conference_abstract,heuristic_v1,2026-04-05T11:49:25.728552+00:00
603,603,The relationship between cortical and spinal hyperexcitability and clinical disease severity in stiff-man syndrome.,"Kim, Samuel D; Vucic, Steve; Mahant, Neil; Kiernan, Matthew C; Fung, Victor S C",single_case_report,case_report,data\extraction_json\text\603.json,full_text,true,1,medium,source_single_case_override,false,count_basis=source_single_case_override | count_confidence=medium | source_category=single_case_report,heuristic_v1,2026-04-05T11:49:25.736003+00:00
6054,6054,"Progressive encephalomyelitis, rigidity, and myoclonus: A novel glycine receptor antibody","Hutchinson, M.; Waters, P.; McHugh, J.; Gorman, G.; O'Riordan, S.; Connolly, S.; Hager, H.; Yu, P.; Becker, C. M.; Vincent, A.",unclear_manual_review,unclear,data\extraction_json\text\6054.json,full_text,false,,low,no_reliable_count_signal,false,count_basis=no_reliable_count_signal | count_confidence=low | source_category=unclear_manual_review,heuristic_v1,2026-04-05T11:49:25.742570+00:00
6060,6060,"Glycine Receptor Antibodies in Immune-Mediated Movement Disorders: Progressive Encephalomyelitis with Rigidity and Myoclonus, Opsoclonus-Myoclonus Syndrome, and Ocular Flutter Syndrome","Iizuka, T.; Urano, Y.; Miyakawa, S.; Hamada, J.; Leite, M. I.; Vincent, A.; Sakai, F.; Mochizuki, H.",interventional_study,controlled_or_therapeutic_group_study,data\extraction_json\text\6060.json,full_text,true,4,medium,early_body_count_signal,true,count_basis=early_body_count_signal | count_confidence=medium | source_category=interventional_study,heuristic_v1,2026-04-05T11:49:25.754219+00:00
6068,6068,"Glycine receptor antibodies in progressive encephalomyelitis with rigidity and myclonus, hyperekplexia, stiff person syndrome and other neurological conditions","Isabel, L. M.; Patrick, W.; Cord-Michael, B.; Christian, J.; Benjamin, M.; Hans-Michael, M.; Angela, V.",unclear_manual_review,unclear,data\extraction_json\text_trimmed\6068.json,trimmed,false,,low,no_reliable_count_signal,false,count_basis=no_reliable_count_signal | count_confidence=low | source_category=unclear_manual_review,heuristic_v1,2026-04-05T11:49:25.771090+00:00
607,607,Botulinum toxin A in anti-GAD-positive stiff-limb syndrome.,"Anagnostou, Evangelos; Zambelis, Thomas",unclear_manual_review,unclear,data\extraction_json\text\607.json,full_text,false,1,medium,source_single_case_default,false,count_basis=source_single_case_default | count_confidence=medium | source_category=unclear_manual_review,heuristic_v1,2026-04-05T11:49:25.780141+00:00
6072,6072,Progressive encephalomyelitis with rigidity associated with anti-amphiphysin antibodies,"Ishii, A.; Hayashi, A.; Ohkoshi, N.; Matsuno, S.; Shoji, S.",observational_group_study,retrospective_or_cohort_group_study,data\extraction_json\text\6072.json,full_text,true,1,medium,source_single_case_default,false,count_basis=source_single_case_default | count_confidence=medium | source_category=observational_group_study,heuristic_v1,2026-04-05T11:49:25.796268+00:00
6073,6073,Detection of gephyrin antibody in stiff-person syndrome,"Ishii, A.; Hayashi, A.; Ohkoshi, N.; Shoji, S.",unclear_manual_review,unclear,data\extraction_json\text\6073.json,full_text,false,5,medium,early_body_count_signal,false,count_basis=early_body_count_signal | count_confidence=medium | source_category=unclear_manual_review,heuristic_v1,2026-04-05T11:49:25.817990+00:00
608,608,Case records of the Massachusetts General Hospital. Case 27-2012. A 60-year-old woman with painful muscle spasms and hyperreflexia.,"Byrne, Thomas N; Isakoff, Steven Jay; Rincon, Sandra P; Gudewicz, Thomas M",single_case_report,case_report,data\extraction_json\text\608.json,full_text,true,1,medium,single_case_text_signal,false,count_basis=single_case_text_signal | count_confidence=medium | source_category=single_case_report,heuristic_v1,2026-04-05T11:49:25.819857+00:00
6089,6089,STIFF-LIMB SYNDROME WITH IDENTIFICATION OF GLUTAMIC ACID ANTIDECARBOXYLASE ANTIBODY GAD65: A CASE REPORT,"Jaramillo, N.; Pena, C.",review_article,tagged_review_article,data\extraction_json\text_trimmed\6089.json,trimmed,false,1,medium,case_report_marker_single_case,false,count_basis=case_report_marker_single_case | count_confidence=medium | source_category=review_article,heuristic_v1,2026-04-05T11:49:25.826727+00:00
6101,6101,Stiff as a board: Diagnosis and intravenous immunoglobulin therapy in a teenager with Stiff-person syndrome,"Johnson, N.; Banwell, B.; Schneider, R.; Benseler, S.; Boros, C.; Silverman, E.",observational_group_study,retrospective_or_cohort_group_study,data\extraction_json\text\6101.json,full_text,true,,low,no_reliable_count_signal,false,count_basis=no_reliable_count_signal | count_confidence=low | source_category=observational_group_study,heuristic_v1,2026-04-05T11:49:25.829384+00:00
6106,6106,Can progressive encephalomyelitis with rigidity mimic motor neuron disease? Case report and review of the literature,"Jungehulsing, G. J.; Behse, F.; Grosse, P.",case_series_or_multi_case,case_series,data\extraction_json\text\6106.json,full_text,true,1,medium,case_report_marker_single_case,false,count_basis=case_report_marker_single_case | count_confidence=medium | source_category=case_series_or_multi_case,heuristic_v1,2026-04-05T11:49:25.830925+00:00
6128,6128,"Rituximab therapy in a patient with recurrent Hashimoto's encephalitis, anti-GAD antibodies and progressive encephalomyelitis with rigidity and myoclonus","Kassar, D.; Damodaram, S.; Chand, P.; Iyadurai, S.",conference_abstract,single_case_conference_abstract,data\extraction_json\text_trimmed\6128.json,trimmed,true,1,medium,case_report_marker_single_case,false,count_basis=case_report_marker_single_case | count_confidence=medium | source_category=conference_abstract,heuristic_v1,2026-04-05T11:49:25.847052+00:00
613,613,Antibodies against glutamic acid decarboxylase: prevalence in neurological diseases.,"Meinck, H M; Faber, L; Morgenthaler, N; Seissler, J; Maile, S; Butler, M; Solimena, M; DeCamilli, P; Scherbaum, W A",observational_group_study,retrospective_or_cohort_group_study,data\extraction_json\text\613.json,full_text,true,13,medium,abstract_count_signal,true,count_basis=abstract_count_signal | count_confidence=medium | source_category=observational_group_study,heuristic_v1,2026-04-05T11:49:25.851140+00:00
6141,6141,Patient with stiff-person syndrome and negative anti-GAD antibodies,"Petelin, Z.; Brinar, V.; Honnorat, J.; Budisic, Z.; Podolski, P.",conference_abstract,group_conference_abstract,data\extraction_json\text_trimmed\6141.json,trimmed,true,1,medium,source_single_case_default,false,count_basis=source_single_case_default | count_confidence=medium | source_category=conference_abstract,heuristic_v1,2026-04-05T11:49:25.870292+00:00
615,615,Anti-GAD antibodies and breast cancer in a patient with stiff-person syndrome: a puzzling association.,"Sinnreich, M; Assal, F; Hefft, S; Magistris, M R; Chizzolini, C; Landis, T; Burkhard, P R",single_case_report,case_report,data\extraction_json\text\615.json,full_text,true,1,medium,case_report_marker_single_case,false,count_basis=case_report_marker_single_case | count_confidence=medium | source_category=single_case_report,heuristic_v1,2026-04-05T11:49:25.872367+00:00
6152,6152,AUTOIMMUNE MYASTHENIA-GRAVIS WITH THYMOMA FOLLOWING THE SPONTANEOUS REMISSION OF STIFF-MAN SYNDROME,"Piccolo, G.; Martino, G.; Moglia, A.; Arrigo, A.; Cosi, V.",single_case_report,case_report,data\extraction_json\text\6152.json,full_text,true,1,medium,source_single_case_default,false,count_basis=source_single_case_default | count_confidence=medium | source_category=single_case_report,heuristic_v1,2026-04-05T11:49:25.879862+00:00
616,616,Improvement of stiff-person syndrome with tiagabine.,"Murinson, B B; Rizzo, M",review_article,tagged_review_article,data\extraction_json\text\616.json,full_text,false,,low,no_reliable_count_signal,false,count_basis=no_reliable_count_signal | count_confidence=low | source_category=review_article,heuristic_v1,2026-04-05T11:49:25.889314+00:00
617,617,Benefit of intravenous immunoglobulin in autoimmune stiff-person syndrome in a child.,"Mikaeloff, Y; Jambaque, I; Mayer, M; Ponsot, G; Kalifa, G; Carel, J C",unclear_manual_review,unclear,data\extraction_json\text\617.json,full_text,false,1,medium,single_case_text_signal,false,count_basis=single_case_text_signal | count_confidence=medium | source_category=unclear_manual_review,heuristic_v1,2026-04-05T11:49:25.890651+00:00
6185,6185,Stiff person syndrome (SPS): Literature review and case report,"Pretorius, E.; Struwig, W.",single_case_report,case_report,data\extraction_json\text\6185.json,full_text,true,1,medium,case_report_marker_single_case,false,count_basis=case_report_marker_single_case | count_confidence=medium | source_category=single_case_report,heuristic_v1,2026-04-05T11:49:25.894045+00:00
6198,6198,ASSOCIATION OF HLA-DQB1-ASTERISK-0201 WITH STIFF-MAN SYNDROME,"Pugliese, A.; Solimena, M.; Awdeh, Z. L.; Alper, C. A.; Bugawan, T.; Erlich, H. A.; Decamilli, P.; Eisenbarth, G. S.",case_series_or_multi_case,case_series,data\extraction_json\text\6198.json,full_text,true,18,high,abstract_count_signal,false,count_basis=abstract_count_signal | count_confidence=high | source_category=case_series_or_multi_case,heuristic_v1,2026-04-05T11:49:25.897665+00:00
62,62,"Autoimmunity in stiff-Man syndrome with breast cancer is targeted to the C-terminal region of human amphiphysin, a protein similar to the yeast proteins, Rvs167 and Rvs161.","David, C; Solimena, M; De Camilli, P",single_case_report,case_report,data\extraction_json\text\62.json,full_text,true,1,medium,source_single_case_override,false,count_basis=source_single_case_override | count_confidence=medium | source_category=single_case_report,heuristic_v1,2026-04-05T11:49:25.907140+00:00
620,620,"Stiff person syndrome: quantification, specificity, and intrathecal synthesis of GAD65 antibodies.","Dalakas, M C; Li, M; Fujii, M; Jacobowitz, D M",review_article,tagged_review_article,data\extraction_json\text\620.json,full_text,false,18,high,abstract_count_signal,false,count_basis=abstract_count_signal | count_confidence=high | source_category=review_article,heuristic_v1,2026-04-05T11:49:25.911650+00:00
6204,6204,Stiff Main syndrome good outcome after methylprednisolone pulse,"Rafai, M. A.; Oumari, S.; Boulaajaj, F. Z.; El Moutawakkil, B.; Slassi, I.",conference_abstract,group_conference_abstract,data\extraction_json\text_trimmed\6204.json,trimmed,true,1,medium,source_single_case_override,false,count_basis=source_single_case_override | count_confidence=medium | source_category=conference_abstract,heuristic_v1,2026-04-05T11:49:25.960217+00:00
621,621,Stiff-person syndrome associated with cerebellar ataxia and high glutamic acid decarboxylase antibody titer.,"Kono, S; Miyajima, H; Sugimoto, M; Suzuki, Y; Takahashi, Y; Hishida, A",case_series_or_multi_case,case_series,data\extraction_json\text\621.json,full_text,true,1,medium,case_report_marker_single_case,false,count_basis=case_report_marker_single_case | count_confidence=medium | source_category=case_series_or_multi_case,heuristic_v1,2026-04-05T11:49:25.965893+00:00
6219,6219,Visual-induced startle reactions in a patient with stiff limb syndrome,"Schestatsky, P.; Pizzol, A. D.; Cabral, L.; Schuh, A. S.; Roriz-Cruz, M.; Batistela, F.; Monte, T. L.; Bianchin, M. M.; Rieder, C. R. M.",conference_abstract,single_case_conference_abstract,data\extraction_json\text_trimmed\6219.json,trimmed,true,1,medium,case_report_marker_single_case,false,count_basis=case_report_marker_single_case | count_confidence=medium | source_category=conference_abstract,heuristic_v1,2026-04-05T11:49:26.000434+00:00
623,623,Stiff-person syndrome associated with invasive thymoma: a case report.,"Hagiwara, H; Enomoto-Nakatani, S; Sakai, K; Ugawa, Y; Kusunoki, S; Kanazawa, I",single_case_report,case_report,data\extraction_json\text\623.json,full_text,true,1,medium,case_report_marker_single_case,false,count_basis=case_report_marker_single_case | count_confidence=medium | source_category=single_case_report,heuristic_v1,2026-04-05T11:49:26.003998+00:00
624,624,Stiff leg syndrome: case report.,"Gurol, M E; Ertas, M; Hanagasi, H A; Sahin, H A; Gursoy, G; Emre, M",single_case_report,case_report,data\extraction_json\text\624.json,full_text,true,1,medium,case_report_marker_single_case,false,count_basis=case_report_marker_single_case | count_confidence=medium | source_category=single_case_report,heuristic_v1,2026-04-05T11:49:26.008012+00:00
6248,6248,Novel Use of Dual Immunomodulation To Treat the Cerebellar Variant of Stiff-Person Syndrome (SPS),"Sengupta, S.; Tarsy, D.; Jeyapalan, S.",unclear_manual_review,unclear,data\extraction_json\text\6248.json,full_text,false,1,medium,source_single_case_default,false,count_basis=source_single_case_default | count_confidence=medium | source_category=unclear_manual_review,heuristic_v1,2026-04-05T11:49:26.012844+00:00
625,625,High-dose intravenous immune globulin for stiff-person syndrome.,"Dalakas, M C; Fujii, M; Li, M; Lutfi, B; Kyhos, J; McElroy, B",interventional_study,controlled_or_therapeutic_group_study,data\extraction_json\text\625.json,full_text,true,16,high,abstract_count_signal,false,count_basis=abstract_count_signal | count_confidence=high | source_category=interventional_study,heuristic_v1,2026-04-05T11:49:26.017642+00:00
6257,6257,Stiff person syndrome (SPS): A pediatric case report,"Shah, N. S.; Hahn, A.; Banwell, B.",single_case_report,case_report,data\extraction_json\text\6257.json,full_text,true,1,medium,case_report_marker_single_case,false,count_basis=case_report_marker_single_case | count_confidence=medium | source_category=single_case_report,heuristic_v1,2026-04-05T11:49:26.019011+00:00
626,626,Paraneoplastic stiff-person syndrome: no tumor progression over 5 years.,"Schmierer, K; Grosse, P; De Camilli, P; Solimena, M; Floyd, S; Zschenderlein, R",review_article,tagged_review_article,data\extraction_json\text\626.json,full_text,false,1,medium,source_single_case_default,false,count_basis=source_single_case_default | count_confidence=medium | source_category=review_article,heuristic_v1,2026-04-05T11:49:26.028920+00:00
6268,6268,Quantitative analysis of the silent period in the stiff-person syndrome,"Shatzel, A. J.; Fenton, G.; Maselli, R. A.",conference_abstract,group_conference_abstract,data\extraction_json\text\6268.json,full_text,true,1,medium,source_single_case_default,false,count_basis=source_single_case_default | count_confidence=medium | source_category=conference_abstract,heuristic_v1,2026-04-05T11:49:26.031230+00:00
6271,6271,Dementia in elderly male with Stiff man syndrome,"Sheyner, I.; Cutillar, M.",conference_abstract,single_case_conference_abstract,data\extraction_json\text_trimmed\6271.json,trimmed,true,1,medium,source_single_case_default,false,count_basis=source_single_case_default | count_confidence=medium | source_category=conference_abstract,heuristic_v1,2026-04-05T11:49:26.048262+00:00
6278,6278,Unusual Presentation of Paraneoplastic Stiff-Person Syndrome with Underlying Breast Cancer,"Shrestha, A.; Mihalova, T.; Burns, D.; Jennens, H.; Etti, R.",conference_abstract,group_conference_abstract,data\extraction_json\text_trimmed\6278.json,trimmed,true,1,medium,source_single_case_default,false,count_basis=source_single_case_default | count_confidence=medium | source_category=conference_abstract,heuristic_v1,2026-04-05T11:49:26.061396+00:00
629,629,Anaesthesia for Stiff-Person Syndrome.,"Haslam, N; Price, K",review_article,narrative_or_systematic_review,data\extraction_json\text\629.json,full_text,false,,low,no_reliable_count_signal,false,count_basis=no_reliable_count_signal | count_confidence=low | source_category=review_article,heuristic_v1,2026-04-05T11:49:26.076178+00:00
6310,6310,"CHARACTERIZATION OF CD4+T CELLS SPECIFIC FOR GLUTAMIC ACID DECARBOXYLASE (GAD65) AND PROINSULIN IN A PATIENT WITH EPILEPSY AND STIFF-PERSON SYNDROME, BUT WITHOUT TYPE 1 DIABETES","Soilu-Hanninen, M.; Hanninen, A.; Hampe, C. S.; Deptula, A.; Geubtner, K.; Knip, M.; Reijonen, H.",single_case_report,case_report,data\extraction_json\text\6310.json,full_text,true,1,medium,case_report_marker_single_case,false,count_basis=case_report_marker_single_case | count_confidence=medium | source_category=single_case_report,heuristic_v1,2026-04-05T11:49:26.078190+00:00
6321,6321,Stiff person syndrome,"Sommer, C.",unclear_manual_review,unclear,data\extraction_json\text_trimmed\6321.json,trimmed,false,1,medium,source_single_case_default,false,count_basis=source_single_case_default | count_confidence=medium | source_category=unclear_manual_review,heuristic_v1,2026-04-05T11:49:26.088881+00:00
633,633,Stiff person syndrome and myasthenia gravis.,"Saravanan, P K; Paul, J; Sayeed, Zaheer Ahmed",unclear_manual_review,unclear,data\extraction_json\text\633.json,full_text,false,,low,no_reliable_count_signal,false,count_basis=no_reliable_count_signal | count_confidence=low | source_category=unclear_manual_review,heuristic_v1,2026-04-05T11:49:26.096171+00:00
6336,6336,PURELY TORSIONAL NYSTAGMUS IN A PATIENT WITH THE STIFF-MAN SYNDROME - A CASE-REPORT,"Stearns, M. Q.; Sinoff, S. E.; Rosenberg, M. L.",single_case_report,case_report,data\extraction_json\text\6336.json,full_text,true,1,medium,case_report_marker_single_case,false,count_basis=case_report_marker_single_case | count_confidence=medium | source_category=single_case_report,heuristic_v1,2026-04-05T11:49:26.098058+00:00
634,634,Anaesthetic management of a patient with Stiff-person syndrome.,"Obara, M; Sawamura, S; Chinzei, M; Komatsu, K; Hanaoka, K",single_case_report,case_report,data\extraction_json\text\634.json,full_text,true,1,medium,case_report_marker_single_case,false,count_basis=case_report_marker_single_case | count_confidence=medium | source_category=single_case_report,heuristic_v1,2026-04-05T11:49:26.101541+00:00
637,637,Progressive encephalomyelitis with rigidity presenting as a stiff-person syndrome.,"Gouider-Khouja, Neziha; Mekaouar, Aouatef; Larnaout, Abdelmajid; Miladi, Najoua; Ben Khelifa, Fethi; Hentati, Faycal",single_case_report,case_report,data\extraction_json\text\637.json,full_text,true,1,medium,single_case_text_signal,false,count_basis=single_case_text_signal | count_confidence=medium | source_category=single_case_report,heuristic_v1,2026-04-05T11:49:26.105917+00:00
639,639,Stiff-man syndrome: a case report and review of the literature.,"Kiriakos, Carol R; Franco, Kathleen N",single_case_report,case_report,data\extraction_json\text\639.json,full_text,true,1,medium,case_report_marker_single_case,false,count_basis=case_report_marker_single_case | count_confidence=medium | source_category=single_case_report,heuristic_v1,2026-04-05T11:49:26.107250+00:00
640,640,Pathological evidence of encephalomyelitis in the stiff man syndrome with anti-GAD antibodies.,"Warren, Jason D; Scott, Grace; Blumbergs, Peter C; Thompson, Philip D",case_series_or_multi_case,case_series,data\extraction_json\text\640.json,full_text,true,1,medium,single_case_text_signal,false,count_basis=single_case_text_signal | count_confidence=medium | source_category=case_series_or_multi_case,heuristic_v1,2026-04-05T11:49:26.110608+00:00
641,641,Effect of treatment with intravenous immunoglobulin on quality of life in patients with stiff-person syndrome.,"Gerschlager, Willibald; Brown, Peter",interventional_study,controlled_or_therapeutic_group_study,data\extraction_json\text\641.json,full_text,true,1,medium,case_report_marker_single_case,false,count_basis=case_report_marker_single_case | count_confidence=medium | source_category=interventional_study,heuristic_v1,2026-04-05T11:49:26.113046+00:00
6413,6413,Stiff person plus syndrome and voltage gated potassium channel antibody associated cognitive impairment: New evidence for an association?,"McGuigan, C.; Buckley, C.; Chang, T.; Vincent, A.; Everitt, E.",unclear_manual_review,unclear,data\extraction_json\text\6413.json,full_text,false,,low,no_reliable_count_signal,false,count_basis=no_reliable_count_signal | count_confidence=low | source_category=unclear_manual_review,heuristic_v1,2026-04-05T11:49:26.115477+00:00
642,642,Increased brainstem excitability in stiff-person syndrome.,"Molloy, F M; Dalakas, M C; Floeter, Mary Kay",case_series_or_multi_case,case_series,data\extraction_json\text\642.json,full_text,true,5,high,abstract_count_signal,false,count_basis=abstract_count_signal | count_confidence=high | source_category=case_series_or_multi_case,heuristic_v1,2026-04-05T11:49:26.118024+00:00
6420,6420,Stiff-Man Syndrome and Variants,"McKeon, A.; Robinson, M. T.; McEvoy, K. M.; Matsumoto, J. Y.; Lennon, V. A.; Ahlskog, J. E.; Pittock, S. J.",review_article,tagged_review_article,data\extraction_json\text\6420.json,full_text,false,,low,no_reliable_count_signal,false,count_basis=no_reliable_count_signal | count_confidence=low | source_category=review_article,heuristic_v1,2026-04-05T11:49:26.131299+00:00
6423,6423,"The case of a 30-year-old man with subacute gait instability, weakness, and muscle spasms","Mehta, M. P.; Sokol, L. L.",single_case_report,case_report,data\extraction_json\text\6423.json,full_text,true,1,medium,single_case_text_signal,false,count_basis=single_case_text_signal | count_confidence=medium | source_category=single_case_report,heuristic_v1,2026-04-05T11:49:26.134319+00:00
643,643,Acute attacks and brain stem signs in a patient with glutamic acid decarboxylase autoantibodies.,"Matsumoto, S; Kusuhara, T; Nakajima, M; Ouma, S; Takahashi, M; Yamada, T",single_case_report,case_report,data\extraction_json\text\643.json,full_text,true,1,medium,case_report_marker_single_case,false,count_basis=case_report_marker_single_case | count_confidence=medium | source_category=single_case_report,heuristic_v1,2026-04-05T11:49:26.135744+00:00
6442,6442,Absence of cutaneous silent period changes in a patient with stiff person syndrome,"Mekideche, A.; Kuzmanovic, I.; Sottas, C.; Truffert, A.",conference_abstract,single_case_conference_abstract,data\extraction_json\text_trimmed\6442.json,trimmed,true,1,medium,case_report_marker_single_case,false,count_basis=case_report_marker_single_case | count_confidence=medium | source_category=conference_abstract,heuristic_v1,2026-04-05T11:49:26.156787+00:00
6444,6444,Clinical spectrum of stiff person syndrome associated with glutamic acid decarboxylase antibodies,"Memon, A.; Rathnam, A.; Zaman, I.; Sripathi, N.",conference_abstract,group_conference_abstract,data\extraction_json\text\6444.json,full_text,true,,low,no_reliable_count_signal,false,count_basis=no_reliable_count_signal | count_confidence=low | source_category=conference_abstract,heuristic_v1,2026-04-05T11:49:26.159873+00:00
6452,6452,SILENT MULTILEVEL VERTEBRAL FRACTURES IN A SEVERE CASE OF GLYCINE RECEPTOR ANTIBODY-POSITIVE PROGRESSIVE ENCEPHALOMYELITIS WITH RIGIDITY AND MYOCLONUS (PERM),"Min, M.; Liu, H.; Silberstein, P.",unclear_manual_review,unclear,data\extraction_json\text\6452.json,full_text,false,,low,no_reliable_count_signal,false,count_basis=no_reliable_count_signal | count_confidence=low | source_category=unclear_manual_review,heuristic_v1,2026-04-05T11:49:26.166047+00:00
646,646,Stiff-man syndrome: identification of 17 beta-hydroxysteroid dehydrogenase type 4 as a novel 80-kDa antineuronal antigen.,"Dinkel, Klaus; Rickert, Mathias; Moller, Gabriele; Adamski, Jerzy; Meinck, Hans-Michael; Richter, Wiltrud",single_case_report,case_report,data\extraction_json\text\646.json,full_text,true,1,medium,single_case_text_signal,false,count_basis=single_case_text_signal | count_confidence=medium | source_category=single_case_report,heuristic_v1,2026-04-05T11:49:26.170157+00:00
6465,6465,Treatment with intravenous prednisone and immunoglobulin in a case of progressive encephalomyelitis with rigidity,"Molina, J. A.; Porta, J.; Garcia-Morales, I.; Bermejo, F.; Jimenez-Jimenez, F. J.",single_case_report,case_report,data\extraction_json\text\6465.json,full_text,true,1,medium,case_report_marker_single_case,false,count_basis=case_report_marker_single_case | count_confidence=medium | source_category=single_case_report,heuristic_v1,2026-04-05T11:49:26.171639+00:00
647,647,Stiff man syndrome presenting with low back pain.,"Bastin, A; Gurmin, V; Mediwake, R; Gibbs, J; Beynon, H",single_case_report,case_report,data\extraction_json\text\647.json,full_text,true,1,medium,case_report_marker_single_case,false,count_basis=case_report_marker_single_case | count_confidence=medium | source_category=single_case_report,heuristic_v1,2026-04-05T11:49:26.173511+00:00
6470,6470,Polysomnagraphy (PSG) study of a patient with Stiff Person Syndrome,"Sun, Y. J.; Walters, A. S.",single_case_report,case_report,data\extraction_json\text\6470.json,full_text,true,1,medium,case_report_marker_single_case,false,count_basis=case_report_marker_single_case | count_confidence=medium | source_category=single_case_report,heuristic_v1,2026-04-05T11:49:26.174695+00:00
6474,6474,Plasmapheresis in treatment of stiff-man syndrome with a negative anti-GAD antibody,"Svatova, J.; Machova, H.; Pitha, J.",conference_abstract,single_case_conference_abstract,data\extraction_json\text_trimmed\6474.json,trimmed,true,1,medium,source_single_case_default,false,count_basis=source_single_case_default | count_confidence=medium | source_category=conference_abstract,heuristic_v1,2026-04-05T11:49:26.180478+00:00
6475,6475,Stiff limb syndrome: a case report and diagnostic criteria,"Syed, S.",single_case_report,case_report,data\extraction_json\text\6475.json,full_text,true,1,medium,case_report_marker_single_case,false,count_basis=case_report_marker_single_case | count_confidence=medium | source_category=single_case_report,heuristic_v1,2026-04-05T11:49:26.181934+00:00
648,648,Neurological disorders associated with glutamic acid decarboxylase antibodies: a Brazilian series.,"Fernandes, Mauricio; Munhoz, Renato P; Carrilho, Paulo Eduardo Mestrinelli; Arruda, Walter O; Lorenzoni, Paulo J; Scola, Rosana H; Werneck, Lineu Cesar; Teive, Helio A G",case_series_or_multi_case,case_series,data\extraction_json\text\648.json,full_text,true,9,high,abstract_count_signal,false,count_basis=abstract_count_signal | count_confidence=high | source_category=case_series_or_multi_case,heuristic_v1,2026-04-05T11:49:26.185154+00:00
6493,6493,Agoraphobia and gait disorder resembling a psychogenic disease caused by the stiff-man syndrome,"Tesch, M.; Severus, E.; Holdorff, B.",case_series_or_multi_case,case_series,data\extraction_json\text\6493.json,full_text,true,2,high,abstract_count_signal,false,count_basis=abstract_count_signal | count_confidence=high | source_category=case_series_or_multi_case,heuristic_v1,2026-04-05T11:49:26.187340+00:00
65,65,Stiff man syndrome: clinical and laboratory findings in eight patients.,"Meinck, H M; Ricker, K; Hulser, P J; Schmid, E; Peiffer, J; Solimena, M",case_series_or_multi_case,case_series,data\extraction_json\text\65.json,full_text,true,8,high,title_count_signal,false,count_basis=title_count_signal | count_confidence=high | source_category=case_series_or_multi_case,heuristic_v1,2026-04-05T11:49:26.189907+00:00
650,650,Lower extremity predominant stiff-person syndrome and limbic encephalitis with amphiphysin antibodies in breast cancer.,"Krishna, Vivek R; Knievel, Kerry; Ladha, Shafeeq; Sivakumar, Kumaraswamy",single_case_report,case_report,data\extraction_json\text\650.json,full_text,true,1,medium,case_report_marker_single_case,false,count_basis=case_report_marker_single_case | count_confidence=medium | source_category=single_case_report,heuristic_v1,2026-04-05T11:49:26.192652+00:00
6549,6549,Role of EMG evaluation in muscle hyperactivity syndromes,"Valls-Sole, J.; Montero, J.",unclear_manual_review,unclear,data\extraction_json\text\6549.json,full_text,false,,low,no_reliable_count_signal,false,count_basis=no_reliable_count_signal | count_confidence=low | source_category=unclear_manual_review,heuristic_v1,2026-04-05T11:49:26.202491+00:00
6553,6553,Glycine receptor antibody-positive progressive encephalomyelitis with rigidity and myoclonus: A disease with variable clinical course,"Vanacker, P.; Peeters, E.; Schrooten, M.; Woodhall, M.; Vincent, A.; Vandenberghe, W.",review_article,tagged_review_article,data\extraction_json\text_trimmed\6553.json,trimmed,false,1,medium,source_single_case_override,false,count_basis=source_single_case_override | count_confidence=medium | source_category=review_article,heuristic_v1,2026-04-05T11:49:26.247918+00:00
6561,6561,Anti-GAD antibody-positive myoclonic leg jerks,"Velardo, D.; Nuara, A.; Martinelli, V.; Comi, G.; Fazio, R.",review_article,tagged_review_article,data\extraction_json\text\6561.json,full_text,false,1,medium,source_single_case_default,false,count_basis=source_single_case_default | count_confidence=medium | source_category=review_article,heuristic_v1,2026-04-05T11:49:26.254672+00:00
657,657,Cannabis derivatives therapy for a seronegative stiff-person syndrome: a case report.,"Vicente-Valor, M I; Garcia-Llopis, P; Mejia Andujar, L; Antonino de la Camara, G; Garcia del Busto, N; Lopez Tinoco, M J; Quintana Vergara, B; Peiro Vilaplana, C; Dominguez Moran, J A; Sanchez Alcaraz, A",single_case_report,case_report,data\extraction_json\text\657.json,full_text,true,1,medium,case_report_marker_single_case,false,count_basis=case_report_marker_single_case | count_confidence=medium | source_category=single_case_report,heuristic_v1,2026-04-05T11:49:26.259563+00:00
658,658,A case of childhood stiff-person syndrome with striatal lesions: a possible entity distinct from the classical adult form.,"Sanefuji, Masafumi; Torisu, Hiroyuki; Kira, Ryutaro; Yamashita, Hiroshi; Ejima, Kazuna; Shigeto, Hiroshi; Takada, Yui; Yoshida, Keiko; Hara, Toshiro",single_case_report,case_report,data\extraction_json\text\658.json,full_text,true,1,medium,case_report_marker_single_case,false,count_basis=case_report_marker_single_case | count_confidence=medium | source_category=single_case_report,heuristic_v1,2026-04-05T11:49:26.263277+00:00
659,659,Glycine receptor autoimmune spectrum with stiff-man syndrome phenotype.,"McKeon, Andrew; Martinez-Hernandez, Eugenia; Lancaster, Eric; Matsumoto, Joseph Y; Harvey, Robert J; McEvoy, Kathleen M; Pittock, Sean J; Lennon, Vanda A; Dalmau, Josep",review_article,tagged_review_article,data\extraction_json\text\659.json,full_text,false,,low,no_reliable_count_signal,false,count_basis=no_reliable_count_signal | count_confidence=low | source_category=review_article,heuristic_v1,2026-04-05T11:49:26.282244+00:00
661,661,A 14-year-old girl with hyperekplexia having GLRB mutations.,"Mine, Jun; Taketani, Takeshi; Otsubo, Shusuke; Kishi, Kazuko; Yamaguchi, Seiji",single_case_report,case_report,data\extraction_json\text\661.json,full_text,true,,low,no_reliable_count_signal,false,count_basis=no_reliable_count_signal | count_confidence=low | source_category=single_case_report,heuristic_v1,2026-04-05T11:49:26.292587+00:00
6610,6610,Immune system modulation in a patient with stiff-man syndrome and insulin-dependent diabetes mellitus,"Walsh, D. J.; Davis, C.; Hirsch, I.; Wei, H.; Lernmark, A.",single_case_report,case_report,data\extraction_json\text\6610.json,full_text,true,1,medium,case_report_marker_single_case,false,count_basis=case_report_marker_single_case | count_confidence=medium | source_category=single_case_report,heuristic_v1,2026-04-05T11:49:26.294049+00:00
6615,6615,A Clinical Characterization of Stiff Person Syndrome Spectrum Disorders,"Wang, Y. J.; Tian, F.; Aljarallah, S.; Fitzgerald, K.; Newsome, S. D.",unclear_manual_review,unclear,data\extraction_json\text\6615.json,full_text,false,1,medium,source_single_case_default,false,count_basis=source_single_case_default | count_confidence=medium | source_category=unclear_manual_review,heuristic_v1,2026-04-05T11:49:26.296646+00:00
663,663,Treatment of stiff-person syndrome with chronic plasmapheresis.,"De la Casa-Fages, Beatriz; Anaya, Fernando; Gabriel-Ortemberg, Martin; Grandas, Francisco",case_series_or_multi_case,case_series,data\extraction_json\text\663.json,full_text,true,2,medium,early_body_count_signal,false,count_basis=early_body_count_signal | count_confidence=medium | source_category=case_series_or_multi_case,heuristic_v1,2026-04-05T11:49:26.303254+00:00
6639,6639,Severe refractory stiff-person syndrome responding to rituximab therapy,"Whetton, E.; Ealing, J.; Bruce, I.; McKee, D.",conference_abstract,group_conference_abstract,data\extraction_json\text_trimmed\6639.json,trimmed,true,1,medium,source_single_case_default,false,count_basis=source_single_case_default | count_confidence=medium | source_category=conference_abstract,heuristic_v1,2026-04-05T11:49:26.326081+00:00
6641,6641,GLYCINE RECEPTOR ANTIBODY MEDIATED PROGRESSIVE ENCEPHALOMYELITIS WITH RIGIDITY AND MYOCLONUS (PERM) PRESENTING WITH RESPIRATORY COMPROMISE IN A 40-YEAR-OLD MALE,"Wickremaratchi, M.; Chalmers, R. M.; Stern, W.; Howard, R.; Woodhall, M. R.; Vincent, A.",single_case_report,case_report,data\extraction_json\text\6641.json,full_text,true,1,medium,case_report_marker_single_case,false,count_basis=case_report_marker_single_case | count_confidence=medium | source_category=single_case_report,heuristic_v1,2026-04-05T11:49:26.327457+00:00
666,666,"GlyRalpha1, GAD65, amphiphysin, and gephyrin autoantibodies: leading or supporting roles in stiff-person disorders?.","Pleasure, David",unclear_manual_review,unclear,data\extraction_json\text\666.json,full_text,false,1,medium,source_single_case_default,false,count_basis=source_single_case_default | count_confidence=medium | source_category=unclear_manual_review,heuristic_v1,2026-04-05T11:49:26.336119+00:00
6664,6664,ATADI encephalopathy and stiff baby syndrome: a recognizable clinical presentation,"Wolf, N. I.; Zschocke, J.; Jakobs, C.; Rating, D.; Hoffmann, G. F.",unclear_manual_review,unclear,data\extraction_json\text\6664.json,full_text,false,,low,no_reliable_count_signal,false,count_basis=no_reliable_count_signal | count_confidence=low | source_category=unclear_manual_review,heuristic_v1,2026-04-05T11:49:26.341714+00:00
6666,6666,A case of Stiff Person Syndrome associated with an invasive thymoma,"Wong, D. C. T.; Gibson, G.; Stoessl, A. J.",single_case_report,case_report,data\extraction_json\text\6666.json,full_text,true,1,medium,case_report_marker_single_case,false,count_basis=case_report_marker_single_case | count_confidence=medium | source_category=single_case_report,heuristic_v1,2026-04-05T11:49:26.343135+00:00
667,667,Characteristics of in-vitro phenotypes of glutamic acid decarboxylase 65 autoantibodies in high-titre individuals.,"Cheramy, M; Hampe, C S; Ludvigsson, J; Casas, R",lab_heavy_clinical_or_translational,group_or_frequency_focused_lab_clinical_study,data\extraction_json\text\667.json,full_text,true,9,high,abstract_count_signal,false,count_basis=abstract_count_signal | count_confidence=high | source_category=lab_heavy_clinical_or_translational,heuristic_v1,2026-04-05T11:49:26.347556+00:00
668,668,Progressive encephalomyelitis with rigidity and myoclonus: a syndrome with diverse clinical features and antibody responses.,"Shugaiv, Erkingul; Leite, Maria Isabel; Sehitoglu, Elcin; Woodhall, Mark; Cavus, Filiz; Waters, Patrick; Icoz, Sema; Birisik, Omer; Ugurel, Elif; Ulusoy, Canan; Kurtuncu, Murat; Vural, Burcak; Vincent, Angela; Akman-Demir, Gulsen; Tuzun, Erdem",case_series_or_multi_case,case_series,data\extraction_json\text\668.json,full_text,true,3,medium,patient_label_count,false,count_basis=patient_label_count | count_confidence=medium | source_category=case_series_or_multi_case,heuristic_v1,2026-04-05T11:49:26.358497+00:00
6680,6680,"Current clinical conditions of stiff-person syndrome in China, a national survey","Xiong, N.; Yang, J.; Liu, L.; Xiong, J.; Zhang, X.; Zhang, G.; Huang, J.; Wang, T.",observational_group_study,retrospective_or_cohort_group_study,data\extraction_json\text\6680.json,full_text,true,,low,no_reliable_count_signal,false,count_basis=no_reliable_count_signal | count_confidence=low | source_category=observational_group_study,heuristic_v1,2026-04-05T11:49:26.367911+00:00
6683,6683,Stiff Person Syndrome Improvement with Chemotherapy in a Patient with Cutaneous T Cell Lymphoma,"Rakocevic, G.; Hussain, A.",single_case_report,case_report,data\extraction_json\text\6683.json,full_text,true,1,medium,case_report_marker_single_case,false,count_basis=case_report_marker_single_case | count_confidence=medium | source_category=single_case_report,heuristic_v1,2026-04-05T11:49:26.369339+00:00
669,669,Stiff man syndrome with invasive thymic carcinoma.,"Aghajanzadeh, Manouchehr; Alavi, Ali; Aghajanzadeh, Gilda; Massahania, Sara",single_case_report,case_report,data\extraction_json\text\669.json,full_text,true,1,medium,single_case_text_signal,false,count_basis=single_case_text_signal | count_confidence=medium | source_category=single_case_report,heuristic_v1,2026-04-05T11:49:26.371566+00:00
6690,6690,Development of adenocarcinoma in stiff person syndrome (SPS) patients with anti-GAD antibodies: Report of 2 cases with SPS-specific antigens in their tumors,"Rakocevic, G.; Semino-Mora, C.; Dalakas, M. C.",interventional_study,controlled_or_therapeutic_group_study,data\extraction_json\text\6690.json,full_text,true,2,high,title_count_signal,false,count_basis=title_count_signal | count_confidence=high | source_category=interventional_study,heuristic_v1,2026-04-05T11:49:26.376275+00:00
6691,6691,Stiff person syndrome with cerebellar disease and epitope-specific anti-GAD antibodies,"Rakocevic, G.; Semino-Mora, C.; Raju, R.; Dalakas, M. C.",unclear_manual_review,unclear,data\extraction_json\text_trimmed\6691.json,trimmed,false,,low,no_reliable_count_signal,false,count_basis=no_reliable_count_signal | count_confidence=low | source_category=unclear_manual_review,heuristic_v1,2026-04-05T11:49:26.379671+00:00
6692,6692,Biased usage of the T-cell-receptor (TCR) b-chain-variable-region (Vb) of CD4+ peripheral-blood-lymphocytes (PBL) in patients with stiff person syndrome (SPS),"Rakocevic, G.; Shatunov, A.; Raju, R.; Goldfarb, L. G.; Dalakas, M. C.",unclear_manual_review,unclear,data\extraction_json\text\6692.json,full_text,false,,low,no_reliable_count_signal,false,count_basis=no_reliable_count_signal | count_confidence=low | source_category=unclear_manual_review,heuristic_v1,2026-04-05T11:49:26.387343+00:00
670,670,Teaching NeuroImages: PET-CT hypermetabolism paralleling muscle hyperactivity in stiff-person syndrome.,"O'Toole, Orna; Murphy, Robert; Tracy, Jennifer A; McKeon, Andrew",unclear_manual_review,unclear,data\extraction_json\text\670.json,full_text,false,1,medium,source_single_case_default,false,count_basis=source_single_case_default | count_confidence=medium | source_category=unclear_manual_review,heuristic_v1,2026-04-05T11:49:26.391244+00:00
6723,6723,"Stiff-Man Syndrome: Clinical Course, Treatments and Outcomes","Robinson, M. T.; Pittock, S. J.; Lennon, V. A.; Ahlskog, J. E.; McEvoy, K. M.; Matsumoto, J. Y.; McKeon, A.",conference_abstract,single_case_conference_abstract,data\extraction_json\text_trimmed\6723.json,trimmed,true,1,medium,source_single_case_default,false,count_basis=source_single_case_default | count_confidence=medium | source_category=conference_abstract,heuristic_v1,2026-04-05T11:49:26.393850+00:00
6726,6726,Parkinsonism related to progressive encephalomyelitis with rigidity and myoclonus,"Rodier, G.; Boulay, C.; Anheim, M.; Courtois, S.; Tranchant, C.",conference_abstract,group_conference_abstract,data\extraction_json\text_trimmed\6726.json,trimmed,true,1,medium,source_single_case_default,false,count_basis=source_single_case_default | count_confidence=medium | source_category=conference_abstract,heuristic_v1,2026-04-05T11:49:26.407922+00:00
673,673,Trialing of intrathecal baclofen therapy for refractory stiff-person syndrome.,"Newton, J Camp; Harned, Michael E; Sloan, Paul A; Salles, Sara S",interventional_study,controlled_or_therapeutic_group_study,data\extraction_json\text\673.json,full_text,true,1,medium,case_report_marker_single_case,false,count_basis=case_report_marker_single_case | count_confidence=medium | source_category=interventional_study,heuristic_v1,2026-04-05T11:49:26.413112+00:00
6732,6732,Sleep Abnormalities in Stiff Person Syndrome and Stiff Leg Syndrome: A Further Evidence of a Dysfunction of GABA-ergic Inhibitory System,"Rosati, A.; Bongiovanni, L. G.; Benedetti, M. D.; Vianello, M.; Giometto, B.; Padovani, A.",observational_group_study,retrospective_or_cohort_group_study,data\extraction_json\text\6732.json,full_text,true,,low,no_reliable_count_signal,false,count_basis=no_reliable_count_signal | count_confidence=low | source_category=observational_group_study,heuristic_v1,2026-04-05T11:49:26.429671+00:00
6745,6745,Diabetic sera react with the glutamic acid decarboxylase molecule in a dimeric-oligomeric form,"Rowley, M. J.; Chen, Q. Y.; Teoh, K. L.; Zimmet, P. Z.; Tuomi, T.; Knowles, W. J.; McKay, I. R.",unclear_manual_review,unclear,data\extraction_json\text\6745.json,full_text,false,,low,no_reliable_count_signal,false,count_basis=no_reliable_count_signal | count_confidence=low | source_category=unclear_manual_review,heuristic_v1,2026-04-05T11:49:26.449143+00:00
6746,6746,Ophthalmoplegia and Downbeat Nystagmus in Stiff-Person Syndrome,"Rucker, J. C.; Szewka, A.",conference_abstract,group_conference_abstract,data\extraction_json\text_trimmed\6746.json,trimmed,true,1,medium,source_single_case_default,false,count_basis=source_single_case_default | count_confidence=medium | source_category=conference_abstract,heuristic_v1,2026-04-05T11:49:26.451781+00:00
6747,6747,"Paraneoplastic syndromes of the spinal cord, nerve, and muscle","Rudnicki, S. A.; Dalmau, J.",unclear_manual_review,unclear,data\extraction_json\text\6747.json,full_text,false,254,medium,early_body_count_signal,false,count_basis=early_body_count_signal | count_confidence=medium | source_category=unclear_manual_review,heuristic_v1,2026-04-05T11:49:26.462853+00:00
6756,6756,NEUROLEPTIC MALIGNANT SYNDROME IN STIFF PERSON SYNDROME,"Sachdev, A.; Moussa, S.",conference_abstract,group_conference_abstract,data\extraction_json\text_trimmed\6756.json,trimmed,true,1,medium,source_single_case_default,false,count_basis=source_single_case_default | count_confidence=medium | source_category=conference_abstract,heuristic_v1,2026-04-05T11:49:26.471271+00:00
6760,6760,"Startles, Stiffness, and SLC6A5: Do You Know the Condition?","Saini, A. G.; Taketani, T.; Sahu, J. K.; Singhi, P.",unclear_manual_review,unclear,data\extraction_json\text\6760.json,full_text,false,,low,no_reliable_count_signal,false,count_basis=no_reliable_count_signal | count_confidence=low | source_category=unclear_manual_review,heuristic_v1,2026-04-05T11:49:26.474901+00:00
6777,6777,Cortical silent periods in stiff person syndrome,"Sandbrink, F.; Syed, N. A.; Fujii, M. D.; Dalakas, M. C.; Floeter, M. K.",unclear_manual_review,unclear,data\extraction_json\text\6777.json,full_text,false,,low,no_reliable_count_signal,false,count_basis=no_reliable_count_signal | count_confidence=low | source_category=unclear_manual_review,heuristic_v1,2026-04-05T11:49:26.476443+00:00
6778,6778,Motor cortex excitability in stiff-person syndrome,"Sandbrink, F.; Syed, N. A.; Fujii, M. D.; Dalakas, M. C.; Floeter, M. K.",interventional_study,controlled_or_therapeutic_group_study,data\extraction_json\text\6778.json,full_text,true,7,high,abstract_count_signal,false,count_basis=abstract_count_signal | count_confidence=high | source_category=interventional_study,heuristic_v1,2026-04-05T11:49:26.480483+00:00
678,678,Antiglycine receptor-related stiff limb syndrome in a patient with chronic lymphocytic leukaemia.,"Derksen, Angelika; Stettner, Mark; Stocker, Winfried; Seitz, Rudiger J",single_case_report,case_report,data\extraction_json\text\678.json,full_text,true,1,medium,case_report_marker_single_case,false,count_basis=case_report_marker_single_case | count_confidence=medium | source_category=single_case_report,heuristic_v1,2026-04-05T11:49:26.484043+00:00
679,679,Successful treatment of stiff person syndrome with sequential use of tacrolimus.,"Nakane, Shunya; Fujita, Koji; Shibuta, Yoshiko; Matsui, Naoko; Harada, Masafumi; Urushihara, Ryo; Nishida, Yoshihiko; Izumi, Yuishin; Kaji, Ryuji",interventional_study,controlled_or_therapeutic_group_study,data\extraction_json\text\679.json,full_text,true,2,medium,early_body_count_signal,false,count_basis=early_body_count_signal | count_confidence=medium | source_category=interventional_study,heuristic_v1,2026-04-05T11:49:26.491748+00:00
6796,6796,Clinical and cell biology analysis of stiff person syndrome with eye movement and cerebellar abnormalities. Evidence for degradation of sarcomeric cytoskeletal proteins,"Yakhno, N. N.; Golubeva, V. V.; Mozolevsky, Y. V.; Zinovyeva, O. E.; Katushkina, E. A.; Shenkman, B. S.; Chistiakov, I. N.; Podlubnaya, Z. A.; Vikhliantsev, I. M.",conference_abstract,group_conference_abstract,data\extraction_json\text_trimmed\6796.json,trimmed,true,,low,no_reliable_count_signal,false,count_basis=no_reliable_count_signal | count_confidence=low | source_category=conference_abstract,heuristic_v1,2026-04-05T11:49:26.495482+00:00
680,680,Antiglycine receptor antibody and encephalomyelitis with rigidity and myoclonus (PERM) related to small cell lung cancer.,"Kyskan, Robert; Chapman, Kristine; Mattman, Andre; Sin, Don",single_case_report,case_report,data\extraction_json\text\680.json,full_text,true,1,medium,case_report_marker_single_case,false,count_basis=case_report_marker_single_case | count_confidence=medium | source_category=single_case_report,heuristic_v1,2026-04-05T11:49:26.499131+00:00
6809,6809,Stiff person syndrome associated with Graves' disease and thymoma,"Yoon, S. S.; Hwang, K. J.; Woo, J. T.; Cho, S. S.",conference_abstract,group_conference_abstract,data\extraction_json\text_trimmed\6809.json,trimmed,true,1,medium,source_single_case_default,false,count_basis=source_single_case_default | count_confidence=medium | source_category=conference_abstract,heuristic_v1,2026-04-05T11:49:26.517979+00:00
682,682,"Novel use of dual immunomodulation for treating stiff-person syndrome, cerebellar variant.","Sengupta, Soma; Tarsy, Daniel; Joyce, Robin; Jeyapalan, Suriya",unclear_manual_review,unclear,data\extraction_json\text\682.json,full_text,false,1,medium,source_single_case_default,false,count_basis=source_single_case_default | count_confidence=medium | source_category=unclear_manual_review,heuristic_v1,2026-04-05T11:49:26.523961+00:00
685,685,Neuronal surface and glutamic acid decarboxylase autoantibodies in Nonparaneoplastic stiff person syndrome.,"Chang, Thashi; Alexopoulos, Haris; McMenamin, Mary; Carvajal-Gonzalez, Alexander; Alexander, Sian K; Deacon, Robert; Erdelyi, Ferenc; Szabo, Gabor; Lang, Bethan; Blaes, Franz; Brown, Peter; Vincent, Angela",lab_heavy_clinical_or_translational,group_or_frequency_focused_lab_clinical_study,data\extraction_json\text\685.json,full_text,true,25,high,abstract_count_signal,false,count_basis=abstract_count_signal | count_confidence=high | source_category=lab_heavy_clinical_or_translational,heuristic_v1,2026-04-05T11:49:26.530128+00:00
688,688,Orthostatic tremor heralding the onset of stiff-person syndrome.,"Vetrugno, Roberto; Fabbri, Margherita; Antelmi, Elena; D'Angelo, Roberto; Rinaldi, Rita",case_series_or_multi_case,case_series,data\extraction_json\text\688.json,full_text,true,1,medium,source_single_case_override,false,count_basis=source_single_case_override | count_confidence=medium | source_category=case_series_or_multi_case,heuristic_v1,2026-04-05T11:49:26.537086+00:00
6899,6899,An unusual brainstem encephalitis associated with anti-glycine receptor antibodies: Clinicopathological description,Lux D.; Kumar G.; Webb T.; Bodi I.; Moran N.,review_article,tagged_review_article,data\extraction_json\text_trimmed\6899.json,trimmed,false,1,medium,single_case_text_signal,false,count_basis=single_case_text_signal | count_confidence=medium | source_category=review_article,heuristic_v1,2026-04-05T11:49:26.554423+00:00
69,69,Stiff-man syndrome. Report of a case.,"Tarsy, D; Miyawaki, E K",single_case_report,case_report,data\extraction_json\text\69.json,full_text,true,1,medium,case_report_marker_single_case,false,count_basis=case_report_marker_single_case | count_confidence=medium | source_category=single_case_report,heuristic_v1,2026-04-05T11:49:26.557254+00:00
690,690,Paraneoplastic stiff person syndrome associated with colon cancer misdiagnosed as idiopathic Parkinson's disease worsened after capecitabine therapy.,"Badzek, Sasa; Miletic, Vladimir; Prejac, Juraj; Gorsic, Irma; Golem, Hilda; Bilic, Ervina; Kekez, Domina; Librenjak, Niksa; Plestina, Stjepko",single_case_report,case_report,data\extraction_json\text\690.json,full_text,true,1,medium,case_report_marker_single_case,false,count_basis=case_report_marker_single_case | count_confidence=medium | source_category=single_case_report,heuristic_v1,2026-04-05T11:49:26.562874+00:00
693,693,Childhood onset of stiff-man syndrome.,"Clardy, Stacey L; Lennon, Vanda A; Dalmau, Josep; Pittock, Sean J; Jones, H Royden Jr; Renaud, Deborah L; Harper, Charles M Jr; Matsumoto, Joseph Y; McKeon, Andrew",case_series_or_multi_case,case_series,data\extraction_json\text\693.json,full_text,true,8,medium,abstract_count_signal,true,count_basis=abstract_count_signal | count_confidence=medium | source_category=case_series_or_multi_case,heuristic_v1,2026-04-05T11:49:26.570459+00:00
696,696,Anesthesia considerations in stiff person syndrome.,"Sidransky, Moises A; Tran, Neilson V; Kaye, Alan David",single_case_report,case_report,data\extraction_json\text\696.json,full_text,true,1,medium,case_report_marker_single_case,false,count_basis=case_report_marker_single_case | count_confidence=medium | source_category=single_case_report,heuristic_v1,2026-04-05T11:49:26.573362+00:00
700,700,Glycine receptor antibody mediated Progressive Encephalomyelitis with Rigidity and Myoclonus (PERM): a rare but treatable neurological syndrome.,"Stern, W M; Howard, R; Chalmers, R M; Woodhall, M R; Waters, P; Vincent, A; Wickremaratchi, M M",case_series_or_multi_case,case_series,data\extraction_json\text\700.json,full_text,true,1,medium,case_report_marker_single_case,false,count_basis=case_report_marker_single_case | count_confidence=medium | source_category=case_series_or_multi_case,heuristic_v1,2026-04-05T11:49:26.578674+00:00
705,705,Serotonin syndrome and stiff-person syndrome: diagnostic challenges in psychosomatic medicine.,"Bordelon, Sean; Brett Lloyd, Robert; Rosenthal, Lisa J",unclear_manual_review,unclear,data\extraction_json\text\705.json,full_text,false,1,medium,source_single_case_default,false,count_basis=source_single_case_default | count_confidence=medium | source_category=unclear_manual_review,heuristic_v1,2026-04-05T11:49:26.587537+00:00
708,708,Evidence of T-cell mediated neuronal injury in stiff-person syndrome with anti-amphiphysin antibodies.,"Poh, Mervyn Q W; Simon, Neil G; Buckland, Michael E; Salisbury, Elizabeth; Watson, Shaun",single_case_report,case_report,data\extraction_json\text\708.json,full_text,true,1,medium,single_case_text_signal,false,count_basis=single_case_text_signal | count_confidence=medium | source_category=single_case_report,heuristic_v1,2026-04-05T11:49:26.590582+00:00
71,71,"Intrathecal baclofen therapy in stiff-man syndrome: a double-blind, placebo-controlled trial.","Silbert, P L; Matsumoto, J Y; McManis, P G; Stolp-Smith, K A; Elliott, B A; McEvoy, K M",interventional_study,controlled_or_therapeutic_group_study,data\extraction_json\text\71.json,full_text,true,1,medium,abstract_count_signal,true,count_basis=abstract_count_signal | count_confidence=medium | source_category=interventional_study,heuristic_v1,2026-04-05T11:49:26.594158+00:00
710,710,"Encephalitis with refractory seizures, status epilepticus, and antibodies to the GABAA receptor: a case series, characterisation of the antigen, and analysis of the effects of antibodies.","Petit-Pedrol, Mar; Armangue, Thais; Peng, Xiaoyu; Bataller, Luis; Cellucci, Tania; Davis, Rebecca; McCracken, Lindsey; Martinez-Hernandez, Eugenia; Mason, Warren P; Kruer, Michael C; Ritacco, David G; Grisold, Wolfgang; Meaney, Brandon F; Alcala, Carmen; Sillevis-Smitt, Peter; Titulaer, Maarten J; Balice-Gordon, Rita; Graus, Francesc; Dalmau, Josep",review_article,tagged_review_article,data\extraction_json\text\710.json,full_text,false,,low,no_reliable_count_signal,false,count_basis=no_reliable_count_signal | count_confidence=low | source_category=review_article,heuristic_v1,2026-04-05T11:49:26.615287+00:00
711,711,Efficacy of therapeutic plasma exchange for treatment of stiff-person syndrome.,"Pagano, Monica B; Murinson, Beth B; Tobian, Aaron A R; King, Karen E",interventional_study,controlled_or_therapeutic_group_study,data\extraction_json\text\711.json,full_text,true,9,high,abstract_count_signal,false,count_basis=abstract_count_signal | count_confidence=high | source_category=interventional_study,heuristic_v1,2026-04-05T11:49:26.621290+00:00
712,712,Stiff person syndrome masquerading as panic attacks.,"Ho, Cyrus S H; Ho, Roger C M; Wilder-Smith, Einar P",unclear_manual_review,unclear,data\extraction_json\text\712.json,full_text,false,1,medium,source_single_case_default,false,count_basis=source_single_case_default | count_confidence=medium | source_category=unclear_manual_review,heuristic_v1,2026-04-05T11:49:26.625998+00:00
713,713,Anti-GAD negative stiff person syndrome with a favorable response to intravenous methylprednisolone: an experience over evidence.,"Sharma, Bhawna; Nagpal, Kadam; Prakash, Swayam; Gupta, Pankaj",unclear_manual_review,unclear,data\extraction_json\text\713.json,full_text,false,,low,no_reliable_count_signal,false,count_basis=no_reliable_count_signal | count_confidence=low | source_category=unclear_manual_review,heuristic_v1,2026-04-05T11:49:26.629752+00:00
715,715,Progressive encephalomyelitis with rigidity and myoclonus: a new variant with DPPX antibodies.,"Balint, Bettina; Jarius, Sven; Nagel, Simon; Haberkorn, Uwe; Probst, Christian; Blocker, Inga Madeleine; Bahtz, Ramona; Komorowski, Lars; Stocker, Winfried; Kastrup, Andreas; Kuthe, Martin; Meinck, Hans-Michael",lab_heavy_clinical_or_translational,group_or_frequency_focused_lab_clinical_study,data\extraction_json\text\715.json,full_text,true,3,medium,early_body_count_signal,true,count_basis=early_body_count_signal | count_confidence=medium | source_category=lab_heavy_clinical_or_translational,heuristic_v1,2026-04-05T11:49:26.639695+00:00
716,716,The horses are the first thought but one must not forget the zebras even if they are rare: Stiff person syndrome associated with malignant mesothelioma.,"Koca, Irfan; Ucar, Mehmet; Kalender, Mehmet Emin; Alkan, Samet",single_case_report,case_report,data\extraction_json\text\716.json,full_text,true,1,medium,case_report_marker_single_case,false,count_basis=case_report_marker_single_case | count_confidence=medium | source_category=single_case_report,heuristic_v1,2026-04-05T11:49:26.643710+00:00
719,719,Recurrent thymoma with stiff-person syndrome and pure red blood cell aplasia.,"Kobayashi, Rei; Kaji, Masahiro; Horiuchi, Sho; Miyahara, Naofumi; Hino, Yumi; Suemasu, Keiichi",single_case_report,case_report,data\extraction_json\text\719.json,full_text,true,1,medium,case_report_marker_single_case,false,count_basis=case_report_marker_single_case | count_confidence=medium | source_category=single_case_report,heuristic_v1,2026-04-05T11:49:26.647163+00:00
723,723,Cerebellar ataxia and glutamic acid decarboxylase antibodies: immunologic profile and long-term effect of immunotherapy.,"Arino, Helena; Gresa-Arribas, Nuria; Blanco, Yolanda; Martinez-Hernandez, Eugenia; Sabater, Lidia; Petit-Pedrol, Mar; Rouco, Idoia; Bataller, Luis; Dalmau, Josep O; Saiz, Albert; Graus, Francesc",review_article,tagged_review_article,data\extraction_json\text\723.json,full_text,false,1,medium,case_report_marker_single_case,false,count_basis=case_report_marker_single_case | count_confidence=medium | source_category=review_article,heuristic_v1,2026-04-05T11:49:26.663841+00:00
724,724,"Glycine receptor antibodies in PERM and related syndromes: characteristics, clinical features and outcomes.","Carvajal-Gonzalez, Alexander; Leite, M Isabel; Waters, Patrick; Woodhall, Mark; Coutinho, Ester; Balint, Bettina; Lang, Bethan; Pettingill, Philippa; Carr, Aisling; Sheerin, Una-Marie; Press, Rayomand; Lunn, Michael P; Lim, Ming; Maddison, Paul; Meinck, H-M; Vandenberghe, Wim; Vincent, Angela",observational_group_study,retrospective_or_cohort_group_study,data\extraction_json\text\724.json,full_text,true,,low,no_reliable_count_signal,false,count_basis=no_reliable_count_signal | count_confidence=low | source_category=observational_group_study,heuristic_v1,2026-04-05T11:49:26.700259+00:00
733,733,"LADA type diabetes, celiac diasease, cerebellar ataxia and stiff person syndrome. A rare association of autoimmune disorders.","Soos, Zsuzsanna; Salamon, Monika; Erdei, Katalin; Kaszas, Nora; Folyovich, Andras; Szucs, Anna; Barcs, Gabor; Aranyi, Zsuzsanna; Skaliczkis, Jozsef; Vadasdi, Karoly; Winkler, Gabor",single_case_report,case_report,data\extraction_json\text\733.json,full_text,true,1,medium,source_single_case_default,false,count_basis=source_single_case_default | count_confidence=medium | source_category=single_case_report,heuristic_v1,2026-04-05T11:49:26.711565+00:00
736,736,Stiff person syndrome: a case report.,"Kelly, Patricia A; Kuberski, Carolyn",single_case_report,case_report,data\extraction_json\text\736.json,full_text,true,1,medium,case_report_marker_single_case,false,count_basis=case_report_marker_single_case | count_confidence=medium | source_category=single_case_report,heuristic_v1,2026-04-05T11:49:26.713612+00:00
737,737,Autologous stem cell transplantation for stiff person syndrome: two cases from the Ottawa blood and marrow transplant program.,"Sanders, Sheilagh; Bredeson, Christopher; Pringle, C Elizabeth; Martin, Lisa; Allan, David; Bence-Bruckler, Isabelle; Hamelin, Linda; Hopkins, Harry S; Sabloff, Mitchell; Sheppard, Dawn; Tay, Jason; Huebsch, Lothar; Atkins, Harold L",case_series_or_multi_case,case_series,data\extraction_json\text\737.json,full_text,true,2,high,title_count_signal,false,count_basis=title_count_signal | count_confidence=high | source_category=case_series_or_multi_case,heuristic_v1,2026-04-05T11:49:26.715993+00:00
740,740,Latent autoimmune diabetes in Stiff-Person Syndrome.,"Fourlanos, Spiros; Neal, Andrew; So, Michelle; Evans, Andrew",case_series_or_multi_case,case_series,data\extraction_json\text\740.json,full_text,true,1,medium,source_single_case_override,false,count_basis=source_single_case_override | count_confidence=medium | source_category=case_series_or_multi_case,heuristic_v1,2026-04-05T11:49:26.720856+00:00
741,741,"DPPX potassium channel antibody: frequency, clinical accompaniments, and outcomes in 20 patients.","Tobin, William Oliver; Lennon, Vanda A; Komorowski, Lars; Probst, Christian; Clardy, Stacey Lynn; Aksamit, Allen J; Appendino, Juan Pablo; Lucchinetti, Claudia F; Matsumoto, Joseph Y; Pittock, Sean J; Sandroni, Paola; Tippmann-Peikert, Maja; Wirrell, Elaine C; McKeon, Andrew",lab_heavy_clinical_or_translational,group_or_frequency_focused_lab_clinical_study,data\extraction_json\text\741.json,full_text,true,20,medium,title_count_signal,true,count_basis=title_count_signal | count_confidence=medium | source_category=lab_heavy_clinical_or_translational,heuristic_v1,2026-04-05T11:49:26.723659+00:00
742,742,"Anti glutamate-decarboxylase antibodies: a liaison between localisation related epilepsy, stiff-person syndrome and type-1 diabetes mellitus.","Szucs, Anna; Barcs, Gabor; Winkler, Gabor; Soos, Zsuzsanna; Folyovich, Andras; Kelemen, Anna; Varallyay, Peter; Kamondi, Anita",case_series_or_multi_case,case_series,data\extraction_json\text\742.json,full_text,true,2,high,abstract_count_signal,false,count_basis=abstract_count_signal | count_confidence=high | source_category=case_series_or_multi_case,heuristic_v1,2026-04-05T11:49:26.725892+00:00
748,748,Apraxia in anti-glutamic acid decarboxylase-associated stiff person syndrome: link to corticobasal degeneration?.,"Bowen, Lauren N; Subramony, S H; Heilman, Kenneth M",case_series_or_multi_case,case_series,data\extraction_json\text\748.json,full_text,true,2,high,abstract_count_signal,false,count_basis=abstract_count_signal | count_confidence=high | source_category=case_series_or_multi_case,heuristic_v1,2026-04-05T11:49:26.728437+00:00
7489,7489,Clinical Neurophysiologic Studies in Stiff-Man Syndrome: Use of Simultaneous Video-Electroencephalographic-Surface Electromyographic Recording,ARMON C.; McEVOY K.M.; WESTMORELAND B.F.; McMANIS P.G.,conference_abstract,multi_case_conference_abstract,data\extraction_json\text_trimmed\7489.json,trimmed,true,3,high,abstract_count_signal,false,count_basis=abstract_count_signal | count_confidence=high | source_category=conference_abstract,heuristic_v1,2026-04-05T11:49:26.731473+00:00
75,75,Stiff-man syndrome: case report.,"Kuhn, W F; Light, P J; Kuhn, S C",single_case_report,case_report,data\extraction_json\text\75.json,full_text,true,1,medium,case_report_marker_single_case,false,count_basis=case_report_marker_single_case | count_confidence=medium | source_category=single_case_report,heuristic_v1,2026-04-05T11:49:26.735162+00:00
7503,7503,Stiff-person spectrum disorders in Russia: A retrospective analysis of 20 cases,Seliverstov Y.U.; Ginzberg M.; Melnik E.; Fominykh V.; Skalnaya A.; Brylev L.,conference_abstract,multi_case_conference_abstract,data\extraction_json\text_trimmed\7503.json,trimmed,true,20,high,title_count_signal,false,count_basis=title_count_signal | count_confidence=high | source_category=conference_abstract,heuristic_v1,2026-04-05T11:49:26.774627+00:00
754,754,Botulinum toxin a injection to facial and cervical paraspinal muscles in a patient with stiff person syndrome: a case report.,"Pakeerappa, Praveen N; Birthi, Pravardhan; Salles, Sara",single_case_report,case_report,data\extraction_json\text\754.json,full_text,true,1,medium,case_report_marker_single_case,false,count_basis=case_report_marker_single_case | count_confidence=medium | source_category=single_case_report,heuristic_v1,2026-04-05T11:49:26.779876+00:00
7557,7557,Immune reactivity to glutamic acid decarboxylase 65 in stiff-man syndrome and type 1 diabetes mellitus,Lohmann T.; Hawa M.; Leslie R.D.G.; Lane R.; Picard J.; Londei M.,lab_heavy_clinical_or_translational,group_or_frequency_focused_lab_clinical_study,data\extraction_json\text\7557.json,full_text,true,8,high,abstract_count_signal,false,count_basis=abstract_count_signal | count_confidence=high | source_category=lab_heavy_clinical_or_translational,heuristic_v1,2026-04-05T11:49:26.786654+00:00
760,760,Anesthesia in a patient with Stiff Person Syndrome.,"Yagan, Ozgur; Ozyilmaz, Kadir; Ozmaden, Ahmet; Sayin, Ozgur; Hanci, Volkan",observational_group_study,retrospective_or_cohort_group_study,data\extraction_json\text\760.json,full_text,true,1,medium,case_report_marker_single_case,false,count_basis=case_report_marker_single_case | count_confidence=medium | source_category=observational_group_study,heuristic_v1,2026-04-05T11:49:26.791084+00:00
761,761,Stiff Person Syndrome Masquerading as Acute Coronary Syndrome.,"Sharma, Ashish; Soe, Myat Han; Singh, Jagdeep; Newsome, Scott D",single_case_report,case_report,data\extraction_json\text\761.json,full_text,true,1,medium,case_report_marker_single_case,false,count_basis=case_report_marker_single_case | count_confidence=medium | source_category=single_case_report,heuristic_v1,2026-04-05T11:49:26.794236+00:00
763,763,Stiff person syndrome in South Asia.,"Chang, Thashi; Lang, Bethan; Vincent, Angela",interventional_study,controlled_or_therapeutic_group_study,data\extraction_json\text\763.json,full_text,true,14,medium,abstract_count_signal,true,count_basis=abstract_count_signal | count_confidence=medium | source_category=interventional_study,heuristic_v1,2026-04-05T11:49:26.797887+00:00
765,765,Gastrointestinal and Urologic Sphincter Dysfunction in Stiff Person Syndrome.,"Dumitrascu, Oana M; Tsimerinov, Evgeny I; Lewis, Richard A",case_series_or_multi_case,case_series,data\extraction_json\text\765.json,full_text,true,2,high,abstract_count_signal,false,count_basis=abstract_count_signal | count_confidence=high | source_category=case_series_or_multi_case,heuristic_v1,2026-04-05T11:49:26.800802+00:00
766,766,Presynaptic neuromuscular transmission defect in the stiff person syndrome.,"Lo, Y L; Tan, Y E",case_series_or_multi_case,case_series,data\extraction_json\text\766.json,full_text,true,2,medium,abstract_count_signal,true,count_basis=abstract_count_signal | count_confidence=medium | source_category=case_series_or_multi_case,heuristic_v1,2026-04-05T11:49:26.803119+00:00
7716,7716,Clinical and immunological studies in a 3-generation family with very high titers of anti-GAD antibodies,Tsiortou P.; Alexopoulos H.; Akrivou S.; Barba C.; Kosmidis M.; Dalakas M.,lab_heavy_clinical_or_translational,group_or_frequency_focused_lab_clinical_study,data\extraction_json\text\7716.json,full_text,true,,low,no_reliable_count_signal,false,count_basis=no_reliable_count_signal | count_confidence=low | source_category=lab_heavy_clinical_or_translational,heuristic_v1,2026-04-05T11:49:26.809186+00:00
776,776,Stiff person syndrome masquerading as multiple sclerosis.,"Sabatino, Joseph J Jr; Newsome, Scott D",case_series_or_multi_case,case_series,data\extraction_json\text\776.json,full_text,true,2,high,abstract_count_signal,false,count_basis=abstract_count_signal | count_confidence=high | source_category=case_series_or_multi_case,heuristic_v1,2026-04-05T11:49:26.813798+00:00
7781,7781,Spinal segmental myoclonus in both legs associated with antibodies to glycine receptors,Nanaura H.; Kataoka H.; Kiriyama T.; Eura N.; Iwasa N.; Shobatake R.; Horikawa H.; Sugie K.,review_article,tagged_review_article,data\extraction_json\text\7781.json,full_text,false,1,medium,source_single_case_default,false,count_basis=source_single_case_default | count_confidence=medium | source_category=review_article,heuristic_v1,2026-04-05T11:49:26.820194+00:00
7804,7804,A case of gad-generalized anxiety disorder or something more?,Pedowitz E.; Shin S.,conference_abstract,single_case_conference_abstract,data\extraction_json\text_trimmed\7804.json,trimmed,true,1,medium,case_report_marker_single_case,false,count_basis=case_report_marker_single_case | count_confidence=medium | source_category=conference_abstract,heuristic_v1,2026-04-05T11:49:26.830882+00:00
782,782,"Clinical Reasoning: A 35-year-old woman with hyperstartling, stiffness, and accidental falls: A startling diagnosis.","Russo, Silvia Paola; Fossati, Barbara; Toffetti, Mauro; Lanzone, Jacopo; Cardani, Rosanna; Meola, Giovanni",single_case_report,case_report,data\extraction_json\text\782.json,full_text,true,1,medium,single_case_text_signal,false,count_basis=single_case_text_signal | count_confidence=medium | source_category=single_case_report,heuristic_v1,2026-04-05T11:49:26.832542+00:00
788,788,Clinical characteristics of patients with cerebellar ataxia associated with anti-GAD antibodies.,"Aguiar, Tiago Silva; Fragoso, Andrea; Albuquerque, Carolina Rouanet de; Teixeira, Patricia de Fatima; Souza, Marcus Vinicius Leitao de; Zajdenverg, Lenita; Alves-Leon, Soniza Vieira; Rodacki, Melanie; Lima, Marco Antonio Sales Dantas de",case_series_or_multi_case,case_series,data\extraction_json\text\788.json,full_text,true,2,high,abstract_count_signal,false,count_basis=abstract_count_signal | count_confidence=high | source_category=case_series_or_multi_case,heuristic_v1,2026-04-05T11:49:26.835183+00:00
789,789,Central Sleep Apnea and Stiff Person Syndrome: A Case Report.,"Netchitailo, Marie; Senant, Jacques; Portier, Florence; Tardif, Catherine",single_case_report,case_report,data\extraction_json\text\789.json,full_text,true,1,medium,case_report_marker_single_case,false,count_basis=case_report_marker_single_case | count_confidence=medium | source_category=single_case_report,heuristic_v1,2026-04-05T11:49:26.836525+00:00
7896,7896,"Stiff person syndrome (SPS), a basal ganglia disease? Striatal MRI lesions in a patient with SPS [6]",Guardado Santervas P.L.; Arjona Padillo A.; Serrano Castro P.; Olivares Romero J.; Rubi Callejon J.; Alonso Verdegay G.; Huete Hurtado A.,single_case_report,case_report,data\extraction_json\text\7896.json,full_text,true,1,medium,case_report_marker_single_case,false,count_basis=case_report_marker_single_case | count_confidence=medium | source_category=single_case_report,heuristic_v1,2026-04-05T11:49:26.838069+00:00
791,791,Stiff Person Syndrome Presenting After the Initiation of Buspirone.,"Sablaban, Ibrahim; Prabhakar, Deepak",unclear_manual_review,unclear,data\extraction_json\text\791.json,full_text,false,1,medium,source_single_case_default,false,count_basis=source_single_case_default | count_confidence=medium | source_category=unclear_manual_review,heuristic_v1,2026-04-05T11:49:26.846571+00:00
7916,7916,Paraneoplastic stiff person syndrome mimicking tetanus: A case series report and literature review,Madhani J.; Chapman K.; Cresswell S.; Gibson G.,conference_abstract,multi_case_conference_abstract,data\extraction_json\text\7916.json,full_text,true,2,high,abstract_count_signal,false,count_basis=abstract_count_signal | count_confidence=high | source_category=conference_abstract,heuristic_v1,2026-04-05T11:49:26.855808+00:00
792,792,Immune-related Neurological Symptoms in an Adolescent Patient Receiving the Checkpoint Inhibitor Nivolumab.,"Tchapyjnikov, Dmitry; Borst, Alexandra J",unclear_manual_review,unclear,data\extraction_json\text\792.json,full_text,false,,low,no_reliable_count_signal,false,count_basis=no_reliable_count_signal | count_confidence=low | source_category=unclear_manual_review,heuristic_v1,2026-04-05T11:49:26.868939+00:00
793,793,Thymoma-associated Progressive Encephalomyelitis with Rigidity and Myoclonus (PERM) with Myasthenia Gravis.,"Morise, Satoshi; Nakamura, Masataka; Morita, Jun-Ichi; Miyake, Kousuke; Kunieda, Takenobu; Kaneko, Satoshi; Kusaka, Hirofumi",case_series_or_multi_case,case_series,data\extraction_json\text\793.json,full_text,true,1,medium,case_report_marker_single_case,false,count_basis=case_report_marker_single_case | count_confidence=medium | source_category=case_series_or_multi_case,heuristic_v1,2026-04-05T11:49:26.872939+00:00
797,797,"A double-blind, placebo-controlled study of rituximab in patients with stiff person syndrome.","Dalakas, Marinos C; Rakocevic, Goran; Dambrosia, James M; Alexopoulos, Harry; McElroy, Beverly",interventional_study,controlled_or_therapeutic_group_study,data\extraction_json\text\797.json,full_text,true,4,medium,abstract_count_signal,true,count_basis=abstract_count_signal | count_confidence=medium | source_category=interventional_study,heuristic_v1,2026-04-05T11:49:26.878853+00:00
799,799,Stiff-person syndrome after thymectomy in myasthenia gravis mimicking a post-thymectomy myasthenic crisis.,"Lee, Hye Lim; Min, Ju-Hong; Seok, Jin Myoung; Cho, Eun Bin; Lee, Sang-Soo; Cho, Hye Jin; Kim, Byoung Joon",unclear_manual_review,unclear,data\extraction_json\text\799.json,full_text,false,1,medium,early_body_count_signal,false,count_basis=early_body_count_signal | count_confidence=medium | source_category=unclear_manual_review,heuristic_v1,2026-04-05T11:49:26.883943+00:00
7992,7992,A case of hyperekplexia with positive antiglycine receptor antibodies: PERM syndrome,Contessa G.; De Mercanti S.; Sciolla R.; Iudicello M.; Clerico M.; Ferrero B.; Coletti Moja M.; Delfico L.; Franchino F.; Viglietta E.; Vincent A.; Durelli L.,conference_abstract,single_case_conference_abstract,data\extraction_json\text_trimmed\7992.json,trimmed,true,1,medium,case_report_marker_single_case,false,count_basis=case_report_marker_single_case | count_confidence=medium | source_category=conference_abstract,heuristic_v1,2026-04-05T11:49:26.905373+00:00
80,80,Stiff man syndrome: neurophysiological findings in eight patients.,"Meinck, H M; Ricker, K; Hulser, P J; Solimena, M",case_series_or_multi_case,case_series,data\extraction_json\text\80.json,full_text,true,8,high,title_count_signal,false,count_basis=title_count_signal | count_confidence=high | source_category=case_series_or_multi_case,heuristic_v1,2026-04-05T11:49:26.908777+00:00
800,800,Neuronal autoantibodies: differentiating clinically relevant and clinically irrelevant results.,"Abboud, Hesham; Rossman, Ian; Mealy, Maureen A; Hill, Eddie; Thompson, Nicolas; Banerjee, Aditya; Probasco, John; Levy, Michael",observational_group_study,retrospective_or_cohort_group_study,data\extraction_json\text\800.json,full_text,true,1,medium,case_report_marker_single_case,false,count_basis=case_report_marker_single_case | count_confidence=medium | source_category=observational_group_study,heuristic_v1,2026-04-05T11:49:26.914819+00:00
8009,8009,Effect of physiotherapy on the mobility of the spine and lower extremities in patients of stiff person syndrome,Fil A.; Salci Y.; Armutlu K.,conference_abstract,group_conference_abstract,data\extraction_json\text\8009.json,full_text,true,11,high,abstract_count_signal,false,count_basis=abstract_count_signal | count_confidence=high | source_category=conference_abstract,heuristic_v1,2026-04-05T11:49:26.919156+00:00
804,804,Case report of a woman with anti amphiphysin positive stiff person syndrome.,"Manhalter, Nora; Gyorfi, Orsolya; Boros, Erzsebet; Bokor, Magdolna; Fazekas, Ferenc; Denes, Zoltan; Fabo, Daniel; Kamondi, Anita; Eross, Lorand",single_case_report,case_report,data\extraction_json\text\804.json,full_text,true,1,medium,case_report_marker_single_case,false,count_basis=case_report_marker_single_case | count_confidence=medium | source_category=single_case_report,heuristic_v1,2026-04-05T11:49:26.923241+00:00
807,807,Treatment and Resolution of Filamentary Keratitis in a Patient with Stiff Person Syndrome.,"Bae, Steven S; Yeung, Sonia N; Chan, Clara C",conference_abstract,single_case_conference_abstract,data\extraction_json\text_trimmed\807.json,trimmed,true,1,medium,abstract_count_signal,true,count_basis=abstract_count_signal | count_confidence=medium | source_category=conference_abstract,heuristic_v1,2026-04-05T11:49:26.926564+00:00
8088,8088,Follow-up in Stiff Person Syndrome with immunoglobulin treatment,Pablo M.J.; Bestue M.; Tamargo P.; Romero F.; Benavente I.,conference_abstract,single_case_conference_abstract,data\extraction_json\text\8088.json,full_text,true,1,medium,single_case_text_signal,false,count_basis=single_case_text_signal | count_confidence=medium | source_category=conference_abstract,heuristic_v1,2026-04-05T11:49:26.932802+00:00
8089,8089,Seizure in patients with anti-gad antibodies,Dave H.; Nei M.; Rakocevic G.; Mintzer S.; Sperling M.,conference_abstract,single_case_conference_abstract,data\extraction_json\text_trimmed\8089.json,trimmed,true,,low,no_reliable_count_signal,false,count_basis=no_reliable_count_signal | count_confidence=low | source_category=conference_abstract,heuristic_v1,2026-04-05T11:49:26.954608+00:00
8097,8097,Rehabilitation of stiff person syndrome presenting after laminectomy: A case report,Mathur R.; Bunning R.D.; Pineda C.G.; Rajaei N.,conference_abstract,single_case_conference_abstract,data\extraction_json\text_trimmed\8097.json,trimmed,true,1,medium,case_report_marker_single_case,false,count_basis=case_report_marker_single_case | count_confidence=medium | source_category=conference_abstract,heuristic_v1,2026-04-05T11:49:26.959582+00:00
8098,8098,Severe spasticity in a patient with stiff person syndrome: A case report,Patel R.; Finch M.; Khan A.; Velez K.A.,conference_abstract,single_case_conference_abstract,data\extraction_json\text\8098.json,full_text,true,1,medium,case_report_marker_single_case,false,count_basis=case_report_marker_single_case | count_confidence=medium | source_category=conference_abstract,heuristic_v1,2026-04-05T11:49:26.967572+00:00
811,811,Teaching Video NeuroImages: Electromyographic variation in stiff-person syndrome.,"Jing, Xiao-Zhong; Zhu, Dan; Zhang, Ya-Qian; Dong, Ming; Demyelinating Disease Study Group",unclear_manual_review,unclear,data\extraction_json\text\811.json,full_text,false,1,medium,source_single_case_default,false,count_basis=source_single_case_default | count_confidence=medium | source_category=unclear_manual_review,heuristic_v1,2026-04-05T11:49:26.974104+00:00
812,812,Neurologic disorders associated with anti-glutamic acid decarboxylase antibodies: A comparison of anti-GAD antibody titers and time-dependent changes between neurologic disease and type I diabetes mellitus.,"Nakajima, Hideto; Nakamura, Yoshitsugu; Inaba, Yuiko; Tsutsumi, Chiharu; Unoda, Kiichi; Hosokawa, Takafumi; Kimura, Fumiharu; Hanafusa, Toshiaki; Date, Masamichi; Kitaoka, Haruko",interventional_study,controlled_or_therapeutic_group_study,data\extraction_json\text\812.json,full_text,true,6,high,abstract_count_signal,false,count_basis=abstract_count_signal | count_confidence=high | source_category=interventional_study,heuristic_v1,2026-04-05T11:49:26.979122+00:00
815,815,Common variable immunodeficiency associated with stiff-person syndrome.,"Schend, Jason; McGarry, Dave; Johnson, John; Hostoffer, Robert",unclear_manual_review,unclear,data\extraction_json\text\815.json,full_text,false,1,medium,source_single_case_default,false,count_basis=source_single_case_default | count_confidence=medium | source_category=unclear_manual_review,heuristic_v1,2026-04-05T11:49:26.988179+00:00
816,816,Case Series: Intrathecal Baclofen Therapy in Stiff-Person Syndrome.,"Abbatemarco, Justin Ralph; Willis, Mary Alissa; Wilson, Robert G; Nagel, Sean J; Machado, Andre G; Bethoux, Francois A",interventional_study,controlled_or_therapeutic_group_study,data\extraction_json\text\816.json,full_text,true,9,medium,abstract_count_signal,true,count_basis=abstract_count_signal | count_confidence=medium | source_category=interventional_study,heuristic_v1,2026-04-05T11:49:26.992529+00:00
8181,8181,Stiff person syndrome associated with autoimmune thyroiditis and sarcoidosis of intrathoracic lymph nodes: Case report,Zalyalova Z.A.; Khasanova D.M.,observational_group_study,retrospective_or_cohort_group_study,data\extraction_json\text\8181.json,full_text,true,1,medium,case_report_marker_single_case,false,count_basis=case_report_marker_single_case | count_confidence=medium | source_category=observational_group_study,heuristic_v1,2026-04-05T11:49:26.996768+00:00
8182,8182,Neurological syndromes associated with glutamic acid decarboxylase antibodies: A Brazilian series,Teive H.A.G.; Fernandes M.; Ferreira A.M.; Arruda W.O.; Lorenzoni P.; Munhoz R.P.; Carrilho P.,conference_abstract,group_conference_abstract,data\extraction_json\text\8182.json,full_text,true,3,medium,abstract_count_signal,true,count_basis=abstract_count_signal | count_confidence=medium | source_category=conference_abstract,heuristic_v1,2026-04-05T11:49:27.001594+00:00
8188,8188,Relapsing anti-glycine receptor antibody mediated encephalitis with rigidity and myoclonus,Williams J.; O'Connell K.; Connolly S.; Vincent A.; McGuigan C.; Hutchinson M.; O'Riordan S.,single_case_report,case_report,data\extraction_json\text\8188.json,full_text,true,1,medium,case_report_marker_single_case,false,count_basis=case_report_marker_single_case | count_confidence=medium | source_category=single_case_report,heuristic_v1,2026-04-05T11:49:27.006461+00:00
8194,8194,"Wobbly eyes, wobbly legs",Yap C.; Mollan S.P.; Sivaguru A.,conference_abstract,single_case_conference_abstract,data\extraction_json\text_trimmed\8194.json,trimmed,true,1,medium,case_report_marker_single_case,false,count_basis=case_report_marker_single_case | count_confidence=medium | source_category=conference_abstract,heuristic_v1,2026-04-05T11:49:27.012565+00:00
8198,8198,Anti-glycine receptor antibody causing relapsing encephalitis with rigidity and myoclonus,Williams J.; O'Connell K.; O'Riordan S.; McGuigan C.; Connolly S.; Vincent A.; Hutchinson M.,conference_abstract,single_case_conference_abstract,data\extraction_json\text_trimmed\8198.json,trimmed,true,1,medium,case_report_marker_single_case,false,count_basis=case_report_marker_single_case | count_confidence=medium | source_category=conference_abstract,heuristic_v1,2026-04-05T11:49:27.053783+00:00
8202,8202,Stiff person syndrome improvement with chemotherapy in a patient with cutaneous T cell lymphoma,Rakocevic G.; Hussain A.,conference_abstract,single_case_conference_abstract,data\extraction_json\text\8202.json,full_text,true,1,medium,case_report_marker_single_case,false,count_basis=case_report_marker_single_case | count_confidence=medium | source_category=conference_abstract,heuristic_v1,2026-04-05T11:49:27.058761+00:00
821,821,ATAD1 encephalopathy and stiff baby syndrome: a recognizable clinical presentation.,"Wolf, Nicole I; Zschocke, Johannes; Jakobs, Cornelis; Rating, Dietz; Hoffmann, Georg F",unclear_manual_review,unclear,data\extraction_json\text\821.json,full_text,false,,low,no_reliable_count_signal,false,count_basis=no_reliable_count_signal | count_confidence=low | source_category=unclear_manual_review,heuristic_v1,2026-04-05T11:49:27.063953+00:00
8211,8211,A young woman with stiff person syndrome: A case report,Waltrous J.D.; Nieves J.,single_case_report,case_report,data\extraction_json\text\8211.json,full_text,true,1,medium,case_report_marker_single_case,false,count_basis=case_report_marker_single_case | count_confidence=medium | source_category=single_case_report,heuristic_v1,2026-04-05T11:49:27.068204+00:00
822,822,"Progressive encephalomyelitis with rigidity and myoclonus, a diagnostic challenge.","Wirth, T; Kaeuffer, C; Chanson, J B; Echaniz-Laguna, A; Renaud, M; Anheim, M; Schneider, F; Tranchant, C",unclear_manual_review,unclear,data\extraction_json\text\822.json,full_text,false,1,medium,source_single_case_default,false,count_basis=source_single_case_default | count_confidence=medium | source_category=unclear_manual_review,heuristic_v1,2026-04-05T11:49:27.074703+00:00
8223,8223,"Epilepsy, stiff person syndrome and anti-gad: A report of two cases",Boro A.; Weidenheim K.; Gomes W.; McGinley J.; Mariuma E.,conference_abstract,multi_case_conference_abstract,data\extraction_json\text_trimmed\8223.json,trimmed,true,2,high,title_count_signal,false,count_basis=title_count_signal | count_confidence=high | source_category=conference_abstract,heuristic_v1,2026-04-05T11:49:27.077860+00:00
8225,8225,Clinical and immunological features with glycine receptor antibodies,Vincent A.; Leite M.I.; Carvajal A.; Waters P.; Woodhall M.,unclear_manual_review,unclear,data\extraction_json\text_trimmed\8225.json,trimmed,false,,low,no_reliable_count_signal,false,count_basis=no_reliable_count_signal | count_confidence=low | source_category=unclear_manual_review,heuristic_v1,2026-04-05T11:49:27.089614+00:00
823,823,Stiff Person Syndrome With Evidence of Nonspecific Focal Myositis Secondary to Sustained Muscle Contraction: A Case Report.,"No, Seung-Wook; Im, Il-Kyu; Kim, Du Hwan",single_case_report,case_report,data\extraction_json\text\823.json,full_text,true,1,medium,case_report_marker_single_case,false,count_basis=case_report_marker_single_case | count_confidence=medium | source_category=single_case_report,heuristic_v1,2026-04-05T11:49:27.093533+00:00
825,825,Practical issues in measuring autoantibodies to neuronal cell-surface antigens in autoimmune neurological disorders: 190 cases.,"Kaneko, Juntaro; Kanazawa, Naomi; Tominaga, Naomi; Kaneko, Atsushi; Suga, Hiroki; Usui, Ryo; Ishima, Daisuke; Kitamura, Eiji; Akutsu, Tsugio; Yoshida, Koji; Nishiyama, Kazutoshi; Iizuka, Takahiro",case_series_or_multi_case,case_series,data\extraction_json\text\825.json,full_text,true,190,medium,title_count_signal,true,count_basis=title_count_signal | count_confidence=medium | source_category=case_series_or_multi_case,heuristic_v1,2026-04-05T11:49:27.097243+00:00
826,826,Antiglycine receptor antibody related disease: a case series and literature review.,"Swayne, A; Tjoa, L; Broadley, S; Dionisio, S; Gillis, D; Jacobson, L; Woodhall, M R; McNabb, A; Schweitzer, D; Tsang, B; Vincent, A; Irani, S R; Wong, R; Waters, P; Blum, S",case_series_or_multi_case,case_series,data\extraction_json\text\826.json,full_text,true,,low,no_reliable_count_signal,false,count_basis=no_reliable_count_signal | count_confidence=low | source_category=case_series_or_multi_case,heuristic_v1,2026-04-05T11:49:27.108489+00:00
828,828,Stiff-person Syndrome with Waldenstrom Macroglobulinemia.,"Horiuchi, Kazuhiro; Maruo, Yasunori; Matsuoka, Satomi",single_case_report,case_report,data\extraction_json\text\828.json,full_text,true,1,medium,single_case_text_signal,false,count_basis=single_case_text_signal | count_confidence=medium | source_category=single_case_report,heuristic_v1,2026-04-05T11:49:27.111289+00:00
829,829,Progressive Encephalomyelitis with Rigidity and Myoclonus Resolving after Thymectomy with Subsequent Anasarca: An Autopsy Case.,"Ozaki, Kokoro; Ohkubo, Takuya; Yamada, Tetsuo; Yoshioka, Kotaro; Ichijo, Masahiko; Majima, Takamasa; Kudo, Shunsuke; Akashi, Takumi; Honda, Keiji; Ito, Eisaku; Watanabe, Mayumi; Sekine, Masaki; Hamagaki, Miwako; Eishi, Yoshinobu; Sanjo, Nobuo; Ishibashi, Satoru; Mizusawa, Hidehiro; Yokota, Takanori",single_case_report,case_report,data\extraction_json\text\829.json,full_text,true,1,medium,single_case_text_signal,false,count_basis=single_case_text_signal | count_confidence=medium | source_category=single_case_report,heuristic_v1,2026-04-05T11:49:27.114259+00:00
8296,8296,Intrathecal baclofen pump implantation in 2 cases of stiff-person syndrome,Bikmullin V.; Tolstyh A.; Rudenko V.,conference_abstract,multi_case_conference_abstract,data\extraction_json\text_trimmed\8296.json,trimmed,true,2,high,title_count_signal,false,count_basis=title_count_signal | count_confidence=high | source_category=conference_abstract,heuristic_v1,2026-04-05T11:49:27.119755+00:00
830,830,Longitudinal gait assessment in a stiff person syndrome.,"Schirinzi, Tommaso; Sancesario, Andrea; Romano, Alberto; Favetta, Martina; Gobbi, Marina; Valeriani, Massimiliano; Bertini, Enrico S; Castelli, Enrico; Vasco, Gessica; Petrarca, Maurizio; Della Bella, Gessica",interventional_study,controlled_or_therapeutic_group_study,data\extraction_json\text\830.json,full_text,true,,low,no_reliable_count_signal,false,count_basis=no_reliable_count_signal | count_confidence=low | source_category=interventional_study,heuristic_v1,2026-04-05T11:49:27.139821+00:00
8303,8303,Role of maintenance plasma exchange in stiff person syndrome-a case report,Morelli Z.M.; Dalton L.; Matevosyan K.; Sarode R.; Strunk M.,conference_abstract,single_case_conference_abstract,data\extraction_json\text_trimmed\8303.json,trimmed,true,1,medium,case_report_marker_single_case,false,count_basis=case_report_marker_single_case | count_confidence=medium | source_category=conference_abstract,heuristic_v1,2026-04-05T11:49:27.152756+00:00
831,831,Stiff person syndrome with elevated titers of antibodies against cardiolipin and beta2 glycoprotein 1: a case report and literature review.,"Tang, Li-Ya; Yu, Sheng-Yuan; Huang, Yong-Hua",single_case_report,case_report,data\extraction_json\text\831.json,full_text,true,1,medium,case_report_marker_single_case,false,count_basis=case_report_marker_single_case | count_confidence=medium | source_category=single_case_report,heuristic_v1,2026-04-05T11:49:27.156929+00:00
8316,8316,Orthostatic tremor heralding the onset of stiff-person syndrome,Fabbri M.; Vetrugno R.; Antelmi E.; D'Angelo R.; Rinaldi R.,conference_abstract,single_case_conference_abstract,data\extraction_json\text\8316.json,full_text,true,2,medium,abstract_count_signal,true,count_basis=abstract_count_signal | count_confidence=medium | source_category=conference_abstract,heuristic_v1,2026-04-05T11:49:27.160385+00:00
8317,8317,Stiff man syndrome associated with breast cancer about 2 cases,Noutsa L.; Mbonda Chimi P.C.; Camara M.; Fogang Y.; Toure K.; Ndiaye M.; Diop A.G.; Ndiaye M.M.,conference_abstract,multi_case_conference_abstract,data\extraction_json\text\8317.json,full_text,true,2,high,title_count_signal,false,count_basis=title_count_signal | count_confidence=high | source_category=conference_abstract,heuristic_v1,2026-04-05T11:49:27.162360+00:00
832,832,Stiff person syndrome with Anti-GAD65 antibodies within the national veterans affairs health administration.,"Galli, Jonathan R; Austin, Sharon D; Greenlee, John E; Clardy, Stacey L",interventional_study,controlled_or_therapeutic_group_study,data\extraction_json\text\832.json,full_text,true,36,medium,early_body_count_signal,false,count_basis=early_body_count_signal | count_confidence=medium | source_category=interventional_study,heuristic_v1,2026-04-05T11:49:27.173618+00:00
8320,8320,Presentation of rhabdomyolysis in the autoimmune variant of stiff-person syndrome,Zhao X.; Chen H.; Hoang D.; Huang A.,single_case_report,case_report,data\extraction_json\text\8320.json,full_text,true,1,medium,case_report_marker_single_case,false,count_basis=case_report_marker_single_case | count_confidence=medium | source_category=single_case_report,heuristic_v1,2026-04-05T11:49:27.178970+00:00
8322,8322,Paraneoplastic stiff-person syndrome due to cholangiocarcinoma: The first case report,Spoto S.; Campanale E.R.; Curcio B.; Grasso G.; Cortigiani M.; Fazzina S.; Cavalieri D.; Valeriani E.; Manfredonia L.; Fogolari M.; Gianno A.; Capone F.; Morolla D.; Porcari A.; Costantino S.,single_case_report,case_report,data\extraction_json\text_trimmed\8322.json,trimmed,true,1,medium,case_report_marker_single_case,false,count_basis=case_report_marker_single_case | count_confidence=medium | source_category=single_case_report,heuristic_v1,2026-04-05T11:49:27.194210+00:00
8330,8330,Rash decisions-dermatological manifestations preceding a progressive neurological syndrome,Doherty G.; Vincent A.; Cox A.,single_case_report,case_report,data\extraction_json\text\8330.json,full_text,true,1,medium,single_case_text_signal,false,count_basis=single_case_text_signal | count_confidence=medium | source_category=single_case_report,heuristic_v1,2026-04-05T11:49:27.201434+00:00
8331,8331,The yield from testing voltage-gated potassium channel antibodies in patients with cramp,Ansel S.; Farrugia M.E.,observational_group_study,retrospective_or_cohort_group_study,data\extraction_json\text\8331.json,full_text,true,,low,no_reliable_count_signal,false,count_basis=no_reliable_count_signal | count_confidence=low | source_category=observational_group_study,heuristic_v1,2026-04-05T11:49:27.211913+00:00
8335,8335,A case series of central and peripheral nervous system involvement in paraneoplastic syndromes,Richelli S.; Greco E.; Fabrizi G.M.; Cavallaro T.; Monaco S.; Ferrari S.,conference_abstract,multi_case_conference_abstract,data\extraction_json\text_trimmed\8335.json,trimmed,true,21,high,abstract_count_signal,false,count_basis=abstract_count_signal | count_confidence=high | source_category=conference_abstract,heuristic_v1,2026-04-05T11:49:27.219042+00:00
8339,8339,Stiff person syndrome with graves' disease: A rare association,Syed S.J.; Mahmoud K.H.; Chuquilin M.; Garcia-Touza M.,conference_abstract,proceedings_manual_review,data\extraction_json\text_trimmed\8339.json,trimmed,true,2,high,abstract_count_signal,false,count_basis=abstract_count_signal | count_confidence=high | source_category=conference_abstract,heuristic_v1,2026-04-05T11:49:27.352760+00:00
834,834,"A case report of rigidity and recurrent lower limb myoclonus: progressive encephalomyelitis rigidity and myoclonus syndrome, a chameleon.","Degeneffe, Aurelie; Dagonnier, Marie; D'hondt, Alain; Elosegi, Jose Antonio",observational_group_study,retrospective_or_cohort_group_study,data\extraction_json\text\834.json,full_text,true,1,medium,case_report_marker_single_case,false,count_basis=case_report_marker_single_case | count_confidence=medium | source_category=observational_group_study,heuristic_v1,2026-04-05T11:49:27.359741+00:00
836,836,Successful Anesthetic Management of Patient with Stiff Person Syndrome.,"Sohaib, Muhammad; Siddiqui, Ali Sarfaraz",single_case_report,case_report,data\extraction_json\text\836.json,full_text,true,1,medium,case_report_marker_single_case,false,count_basis=case_report_marker_single_case | count_confidence=medium | source_category=single_case_report,heuristic_v1,2026-04-05T11:49:27.362002+00:00
837,837,Treatment of Possible PERM Underlying Malignant Catatonia and Accompanying Psychotic Symptoms With Modified Electroconvulsive Therapy: A Case Report.,"Omi, Tsubasa; Matsunaga, Hidenori; Kanai, Koji; Shiraishi, Naoyuki; Miyazato, Yusuke; Sumikura, Hiroyuki",single_case_report,case_report,data\extraction_json\text\837.json,full_text,true,1,medium,case_report_marker_single_case,false,count_basis=case_report_marker_single_case | count_confidence=medium | source_category=single_case_report,heuristic_v1,2026-04-05T11:49:27.363429+00:00
840,840,Quantitative clinical and autoimmune assessments in stiff person syndrome: evidence for a progressive disorder.,"Rakocevic, Goran; Alexopoulos, Harry; Dalakas, Marinos C",conference_abstract,group_conference_abstract,data\extraction_json\text_trimmed\840.json,trimmed,true,57,high,abstract_count_signal,false,count_basis=abstract_count_signal | count_confidence=high | source_category=conference_abstract,heuristic_v1,2026-04-05T11:49:27.369816+00:00
841,841,Teaching NeuroImages: Severe spasms resembling status dystonicus as an unusual presentation of stiff-person syndrome.,"Di Luca, Daniel G; Bette, Sagari; Singer, Carlos; Luca, Corneliu",unclear_manual_review,unclear,data\extraction_json\text\841.json,full_text,false,1,medium,source_single_case_default,false,count_basis=source_single_case_default | count_confidence=medium | source_category=unclear_manual_review,heuristic_v1,2026-04-05T11:49:27.373296+00:00
8414,8414,Anna-3 associated stiff-person-syndrome,Zeiler S.R.; Jordan J.D.; Greenberg B.M.; Kaplan P.W.,unclear_manual_review,unclear,data\extraction_json\text\8414.json,full_text,false,,low,no_reliable_count_signal,false,count_basis=no_reliable_count_signal | count_confidence=low | source_category=unclear_manual_review,heuristic_v1,2026-04-05T11:49:27.380546+00:00
842,842,Progressive Encephalomyelitis With Rigidity: Stiff Person Syndrome Variant Associated With Multiple Sclerosis.,"Naik, Shivani; Kolikonda, Murali K; Lippmann, Steven",unclear_manual_review,unclear,data\extraction_json\text\842.json,full_text,false,1,medium,source_single_case_override,false,count_basis=source_single_case_override | count_confidence=medium | source_category=unclear_manual_review,heuristic_v1,2026-04-05T11:49:27.385070+00:00
843,843,Graves' disease as a first autoimmune manifestation of a stiff person syndrome.,"Servais, Thomas; London, Frederic; Donckier, Julian E",observational_group_study,retrospective_or_cohort_group_study,data\extraction_json\text\843.json,full_text,true,1,medium,source_single_case_override,false,count_basis=source_single_case_override | count_confidence=medium | source_category=observational_group_study,heuristic_v1,2026-04-05T11:49:27.396032+00:00
848,848,Stiff limb syndrome with lower limb myoclonus: A case report.,"Zhang, Chang-Guo; Li, Lan-Lan; Feng, Yao-Yao; Chen, Jing",single_case_report,case_report,data\extraction_json\text\848.json,full_text,true,1,medium,case_report_marker_single_case,false,count_basis=case_report_marker_single_case | count_confidence=medium | source_category=single_case_report,heuristic_v1,2026-04-05T11:49:27.400703+00:00
85,85,Stiff-man syndrome: report of a case.,"Chang, Y J; Wu, C L; Lu, C S",single_case_report,case_report,data\extraction_json\text\85.json,full_text,true,1,medium,case_report_marker_single_case,false,count_basis=case_report_marker_single_case | count_confidence=medium | source_category=single_case_report,heuristic_v1,2026-04-05T11:49:27.404080+00:00
850,850,Atypical low back pain: stiff-person syndrome.,"Gallien, Philippe; Durufle, Aurelie; Petrilli, Sabine; Verin, Marc; Brissot, Regine; Robineau, Sandrine",single_case_report,case_report,data\extraction_json\text\850.json,full_text,true,1,medium,case_report_marker_single_case,false,count_basis=case_report_marker_single_case | count_confidence=medium | source_category=single_case_report,heuristic_v1,2026-04-05T11:49:27.407185+00:00
857,857,Anaesthetic management of a patient with a unique combination of anti-N-methyl-D-aspartate receptor encephalitis and stiff-person syndrome.,"Gharedaghi, Mohammad Hadi; Khorasani, Arjang; Knezevic, Nebojsa Nick; Ebrahimi, Farzad",single_case_report,case_report,data\extraction_json\text\857.json,full_text,true,1,medium,case_report_marker_single_case,false,count_basis=case_report_marker_single_case | count_confidence=medium | source_category=single_case_report,heuristic_v1,2026-04-05T11:49:27.410624+00:00
859,859,Anti-GAD Antibody-associated Syndrome Presenting with Limb Myoclonus.,"Manzke, Pedro; Grippe, Talyta; Tavares, Georgia L; Leal, Lucas C; Roze, Emmanuel; Apartis, Emmanuelle; Maciel Dias, Ronaldo; Ferreira, Andre G F",single_case_report,case_report,data\extraction_json\text\859.json,full_text,true,1,medium,case_report_marker_single_case,false,count_basis=case_report_marker_single_case | count_confidence=medium | source_category=single_case_report,heuristic_v1,2026-04-05T11:49:27.413066+00:00
861,861,Stiff-man syndrome in childhood.,"Markandeyulu, V; Joseph, T P; Solomon, T; Jacob, J; Kumar, S; Gnanamuthu, C",single_case_report,case_report,data\extraction_json\text\861.json,full_text,true,1,medium,source_single_case_override,false,count_basis=source_single_case_override | count_confidence=medium | source_category=single_case_report,heuristic_v1,2026-04-05T11:49:27.420445+00:00
862,862,Gravity-Independent Upbeat Nystagmus in Syndrome of Anti-GAD Antibodies.,"Feldman, Daniel; Otero-Millan, Jorge; Shaikh, Aasef G",unclear_manual_review,unclear,data\extraction_json\text\862.json,full_text,false,1,medium,single_case_text_signal,false,count_basis=single_case_text_signal | count_confidence=medium | source_category=unclear_manual_review,heuristic_v1,2026-04-05T11:49:27.424780+00:00
867,867,Effects of immunotherapy on motor cortex excitability in Stiff Person Syndrome.,"Rossi, Simone; Ulivelli, Monica; Malentacchi, Maria; Greco, Giuseppe; Bartalini, Sabina; Borgogni, Patrizia; Giannini, Fabio",single_case_report,case_report,data\extraction_json\text\867.json,full_text,true,1,medium,case_report_marker_single_case,false,count_basis=case_report_marker_single_case | count_confidence=medium | source_category=single_case_report,heuristic_v1,2026-04-05T11:49:27.428013+00:00
869,869,Reversible stiff person syndrome presenting as an initial symptom in a patient with colon adenocarcinoma.,"Liu, Yen-Liang; Lo, Woei-Chung; Tseng, Chun-Hung; Tsai, Chon-Haw; Yang, Yu-Wan",single_case_report,case_report,data\extraction_json\text\869.json,full_text,true,1,medium,case_report_marker_single_case,false,count_basis=case_report_marker_single_case | count_confidence=medium | source_category=single_case_report,heuristic_v1,2026-04-05T11:49:27.429273+00:00
871,871,"Rituximab treatment of stiff-person syndrome in a patient with thymoma, diabetes mellitus and autoimmune thyroiditis.","Dupond, J L; Essalmi, L; Gil, H; Meaux-Ruault, N; Hafsaoui, C",single_case_report,case_report,data\extraction_json\text\871.json,full_text,true,1,medium,case_report_marker_single_case,false,count_basis=case_report_marker_single_case | count_confidence=medium | source_category=single_case_report,heuristic_v1,2026-04-05T11:49:27.432627+00:00
872,872,Stiff person syndrome as the initial manifestation of systemic lupus erythematosus.,"Munhoz, Renato P; Fameli, Hudson; Teive, Helio A G",observational_group_study,retrospective_or_cohort_group_study,data\extraction_json\text\872.json,full_text,true,,low,no_reliable_count_signal,false,count_basis=no_reliable_count_signal | count_confidence=low | source_category=observational_group_study,heuristic_v1,2026-04-05T11:49:27.443812+00:00
874,874,Progressive encephalomyelitis with rigidity and myoclonus preceding otherwise asymptomatic Hodgkin's lymphoma.,"Schmidt, Caroline; Freilinger, Tobias; Lieb, M; Remi, J; Klein, M; Straube, A; Pfefferkorn, T",single_case_report,case_report,data\extraction_json\text\874.json,full_text,true,1,medium,case_report_marker_single_case,false,count_basis=case_report_marker_single_case | count_confidence=medium | source_category=single_case_report,heuristic_v1,2026-04-05T11:49:27.446944+00:00
875,875,Successful treatment with rituximab in a patient with stiff-person syndrome complicated by dysthyroid ophthalmopathy.,"Katoh, Nagaaki; Matsuda, Masayuki; Ishii, Wataru; Morita, Hiroshi; Ikeda, Shu-ichi",single_case_report,case_report,data\extraction_json\text\875.json,full_text,true,1,medium,case_report_marker_single_case,false,count_basis=case_report_marker_single_case | count_confidence=medium | source_category=single_case_report,heuristic_v1,2026-04-05T11:49:27.449893+00:00
876,876,An uncommon paraneoplastic Ri-positive opsoclonus-myoclonus-like syndrome and stiff-person syndrome with elevated glutamate/GABA ratio in the cerebrospinal fluid after breast cancer.,"Thumen, A; Moser, A",unclear_manual_review,unclear,data\extraction_json\text\876.json,full_text,false,1,medium,source_single_case_default,false,count_basis=source_single_case_default | count_confidence=medium | source_category=unclear_manual_review,heuristic_v1,2026-04-05T11:49:27.457530+00:00
880,880,Successful immune moderation treatment for progressive encephalomyelitis with rigidity and myoclonus.,"Ueno, Shinichi; Miyamoto, Nobukazu; Shimura, Hideki; Ueno, Yuji; Watanabe, Masao; Hayashi, Akito; Hattori, Nobutaka; Urabe, Takao",single_case_report,case_report,data\extraction_json\text\880.json,full_text,true,1,medium,case_report_marker_single_case,false,count_basis=case_report_marker_single_case | count_confidence=medium | source_category=single_case_report,heuristic_v1,2026-04-05T11:49:27.460569+00:00
881,881,Stiff Young Woman.,"Dankerl, P; Rauh, C; Lee, D H; Schulz-Wendtland, R; Uder, M; Hartmann, A; Wenkel, E",case_series_or_multi_case,case_series,data\extraction_json\text\881.json,full_text,true,2,medium,patient_label_count,false,count_basis=patient_label_count | count_confidence=medium | source_category=case_series_or_multi_case,heuristic_v1,2026-04-05T11:49:27.468459+00:00
886,886,Glycine receptor antibodies and progressive encephalomyelitis with rigidity and myoclonus with predominant motor neuron degeneration--Expanding the clinical spectrum.,"Kenda, J; Svigelj, V; Rodi, Z; Koritnik, B; Graus, F; Kojovic, M",unclear_manual_review,unclear,data\extraction_json\text\886.json,full_text,false,1,medium,source_single_case_default,false,count_basis=source_single_case_default | count_confidence=medium | source_category=unclear_manual_review,heuristic_v1,2026-04-05T11:49:27.475319+00:00
887,887,Familial case reports of stiff-person syndrome.,"Xiao, Zhilong; Shan, Jian; Huang, Xiaolin; Yuan, Min; Li, Xueli; Chen, Shenjian; Xu, Lijun",single_case_report,case_report,data\extraction_json\text\887.json,full_text,true,1,medium,case_report_marker_single_case,false,count_basis=case_report_marker_single_case | count_confidence=medium | source_category=single_case_report,heuristic_v1,2026-04-05T11:49:27.476530+00:00
888,888,Pearls & Oy-sters: Tonic eye deviation in stiff-person syndrome.,"Chakravarthi, Sudheer; Goyal, Manoj Kumar; Lal, Vivek",unclear_manual_review,unclear,data\extraction_json\text\888.json,full_text,false,1,medium,source_single_case_default,false,count_basis=source_single_case_default | count_confidence=medium | source_category=unclear_manual_review,heuristic_v1,2026-04-05T11:49:27.484950+00:00
89,89,Glutamic acid decarboxylase autoantibodies in stiff-man syndrome and insulin-dependent diabetes mellitus exhibit similarities and differences in epitope recognition.,"Daw, K; Ujihara, N; Atkinson, M; Powers, A C",single_case_report,case_report,data\extraction_json\text\89.json,full_text,true,500,high,abstract_count_signal,false,count_basis=abstract_count_signal | count_confidence=high | source_category=single_case_report,heuristic_v1,2026-04-05T11:49:27.491665+00:00
890,890,Role of osteopathic manipulative treatment in the management of stiff person syndrome.,"Rajaii, Roxanne M; Cox, Gregory J; Schneider, Robert P",single_case_report,case_report,data\extraction_json\text\890.json,full_text,true,1,medium,case_report_marker_single_case,false,count_basis=case_report_marker_single_case | count_confidence=medium | source_category=single_case_report,heuristic_v1,2026-04-05T11:49:27.495507+00:00
891,891,Stiff person syndrome: a tough and rigid case.,"Liran, Ori; Kots, Eugene; Amital, Howard",unclear_manual_review,unclear,data\extraction_json\text\891.json,full_text,false,1,medium,source_single_case_default,false,count_basis=source_single_case_default | count_confidence=medium | source_category=unclear_manual_review,heuristic_v1,2026-04-05T11:49:27.502429+00:00
892,892,A Case of Stiff Person Syndrome: Immunomodulatory Effect of Benzodiazepines: Successful Rituximab and Tizanidine Therapy.,"Zdziarski, Przemyslaw",single_case_report,case_report,data\extraction_json\text\892.json,full_text,true,1,medium,case_report_marker_single_case,false,count_basis=case_report_marker_single_case | count_confidence=medium | source_category=single_case_report,heuristic_v1,2026-04-05T11:49:27.506848+00:00
893,893,Elevated Serum GAD65 and GAD65-GADA Immune Complexes in Stiff Person Syndrome.,"Gu Urban, Gucci Jijuan; Friedman, Mikaela; Ren, Ping; Torn, Carina; Fex, Malin; Hampe, Christiane S; Lernmark, Ake; Landegren, Ulf; Kamali-Moghaddam, Masood",unclear_manual_review,unclear,data\extraction_json\text\893.json,full_text,false,,low,no_reliable_count_signal,false,count_basis=no_reliable_count_signal | count_confidence=low | source_category=unclear_manual_review,heuristic_v1,2026-04-05T11:49:27.515700+00:00
894,894,Paraneoplastic Neurological Syndromes and Glutamic Acid Decarboxylase Antibodies.,"Arino, Helena; Hoftberger, Romana; Gresa-Arribas, Nuria; Martinez-Hernandez, Eugenia; Armangue, Thais; Kruer, Michael C; Arpa, Javier; Domingo, Julio; Rojc, Bojan; Bataller, Luis; Saiz, Albert; Dalmau, Josep; Graus, Francesc",lab_heavy_clinical_or_translational,group_or_frequency_focused_lab_clinical_study,data\extraction_json\text\894.json,full_text,true,32,medium,early_body_count_signal,true,count_basis=early_body_count_signal | count_confidence=medium | source_category=lab_heavy_clinical_or_translational,heuristic_v1,2026-04-05T11:49:27.525800+00:00
896,896,Stiff-person syndrome with central sleep apnea after thymoma excision: report of the first known case.,"Huang, Jinsha; Zhang, Guoxin; Liu, Jiali; Xiong, Nian; Zhang, Yunjian; Li, Hongge; Wang, Tao",unclear_manual_review,unclear,data\extraction_json\text\896.json,full_text,false,,low,no_reliable_count_signal,false,count_basis=no_reliable_count_signal | count_confidence=low | source_category=unclear_manual_review,heuristic_v1,2026-04-05T11:49:27.531058+00:00
897,897,"GAD Antibodies as Key Link Between Chronic Intestinal Pseudoobstruction, Autonomic Neuropathy, and Limb Stiffness in a Nondiabetic Patient: A CARE-Compliant Case Report and Review of the Literature.","Maier, Andrea; Mannartz, Vera; Wasmuth, Hermann; Trautwein, Christian; Neumann, Ulf-Peter; Weis, Joachim; Grosse, Joachim; Fuest, Matthias; Hilz, Max-J; Schulz, Joerg B; Haubrich, Christina",single_case_report,case_report,data\extraction_json\text\897.json,full_text,true,1,medium,case_report_marker_single_case,false,count_basis=case_report_marker_single_case | count_confidence=medium | source_category=single_case_report,heuristic_v1,2026-04-05T11:49:27.534864+00:00
899,899,A Report of Stiff Person Syndrome in Tanzania with First Epidemiological Figures for Sub-Saharan Africa.,"Dekker, Marieke C J; Urasa, Sarah J; Kinabo, Grace; Maro, Venance; Howlett, William P",unclear_manual_review,unclear,data\extraction_json\text\899.json,full_text,false,1,medium,source_single_case_default,false,count_basis=source_single_case_default | count_confidence=medium | source_category=unclear_manual_review,heuristic_v1,2026-04-05T11:49:27.540487+00:00
900,900,A Rare Case of Childhood Stiff Person Syndrome Associated With Pleuropulmonary Blastoma.,"Jun, Hyun-Ok; Yum, Mi-Sun; Kim, Eun-Hee; Lee, Yun-Jeong; Seo, Jong-Jin; Ko, Tae-Sung",single_case_report,case_report,data\extraction_json\text\900.json,full_text,true,1,medium,case_report_marker_single_case,false,count_basis=case_report_marker_single_case | count_confidence=medium | source_category=single_case_report,heuristic_v1,2026-04-05T11:49:27.545513+00:00
901,901,Stiff-arm syndrome.,"Urrea-Mendoza, Enrique; Kanter, Daniel; Revilla, Fredy J; Dornoff, Eric; Espay, Alberto J",review_article,tagged_review_article,data\extraction_json\text\901.json,full_text,false,1,medium,source_single_case_default,false,count_basis=source_single_case_default | count_confidence=medium | source_category=review_article,heuristic_v1,2026-04-05T11:49:27.550668+00:00
904,904,Stiff Person Syndrome.,"Saigal, Renu; Goyal, Laxmikant; Yadav, Rn; Agrawal, Abhishek; Mital, Pradeep; Patel, Bhavesh",single_case_report,case_report,data\extraction_json\text\904.json,full_text,true,1,medium,single_case_text_signal,false,count_basis=single_case_text_signal | count_confidence=medium | source_category=single_case_report,heuristic_v1,2026-04-05T11:49:27.552585+00:00
905,905,Extremely rare coincidence of non-radiographic axial spondyloarthropathy HLA-B27 positive and Stiff Person Syndrome--rheumatologist point of view.,"Marinovic, Ivanka; Pivalica, Dinko; Aljinovic, Jure; Vlak, Tonko; Skoric, Ela; Martinovic Kaliterna, Dusanka",single_case_report,case_report,data\extraction_json\text\905.json,full_text,true,1,medium,single_case_text_signal,false,count_basis=single_case_text_signal | count_confidence=medium | source_category=single_case_report,heuristic_v1,2026-04-05T11:49:27.555978+00:00
908,908,Therapeutic plasma exchange in two patients with stiff-person syndrome.,"Pham, Huy P; Williams, Lance A 3rd",review_article,tagged_review_article,data\extraction_json\text\908.json,full_text,false,2,high,title_count_signal,false,count_basis=title_count_signal | count_confidence=high | source_category=review_article,heuristic_v1,2026-04-05T11:49:27.557139+00:00
9086,9086,Stiff person syndrome - Therapeutic response to corticosteroids,Shankar V.; Bhanu K.; Sayeed Z.A.,unclear_manual_review,unclear,data\extraction_json\text\9086.json,full_text,false,1,medium,single_case_text_signal,false,count_basis=single_case_text_signal | count_confidence=medium | source_category=unclear_manual_review,heuristic_v1,2026-04-05T11:49:27.559334+00:00
910,910,Intrathecal-specific glutamic acid decarboxylase antibodies at low titers in autoimmune neurological disorders.,"Sunwoo, Jun-Sang; Chu, Kon; Byun, Jung-Ick; Moon, Jangsup; Lim, Jung-Ah; Kim, Tae-Joon; Lee, Soon-Tae; Jung, Keun-Hwa; Park, Kyung-Il; Jeon, Daejong; Jung, Ki-Young; Kim, Manho; Lee, Sang Kun",observational_group_study,retrospective_or_cohort_group_study,data\extraction_json\text\910.json,full_text,true,4,medium,early_body_count_signal,true,count_basis=early_body_count_signal | count_confidence=medium | source_category=observational_group_study,heuristic_v1,2026-04-05T11:49:27.570427+00:00
9111,9111,A case of stiff-man syndrome with head retraction like reflex myoclonus and jerky myoclonus of bilateral lower extremities which responded well to removement of mediastinal carcinoma,Harada H.; Hayashi A.; Watanabe M.; Tamaoka A.; Shoji S.,single_case_report,case_report,data\extraction_json\text\9111.json,full_text,true,1,medium,case_report_marker_single_case,false,count_basis=case_report_marker_single_case | count_confidence=medium | source_category=single_case_report,heuristic_v1,2026-04-05T11:49:27.573942+00:00
912,912,A case report of patient with cerebellar variant of stiff person syndrome.,"Maludzinska, Ewa; Rudzinska, Monika; Stepien, Artur; Szczudlik, Andrzej",conference_abstract,single_case_conference_abstract,data\extraction_json\text\912.json,full_text,true,1,medium,case_report_marker_single_case,false,count_basis=case_report_marker_single_case | count_confidence=medium | source_category=conference_abstract,heuristic_v1,2026-04-05T11:49:27.577321+00:00
915,915,Ophthalmoplegia heralding the onset of anti-amphiphysin related paraneoplastic stiff person syndrome.,"Vinjam, Maruthi R; Shanmugarajah, Priya; Ford, Helen L",unclear_manual_review,unclear,data\extraction_json\text\915.json,full_text,false,1,medium,source_single_case_default,false,count_basis=source_single_case_default | count_confidence=medium | source_category=unclear_manual_review,heuristic_v1,2026-04-05T11:49:27.586717+00:00
9182,9182,Stiff man syndrome treated with intravenous immunoglogulins [2],Sevrin C.; Moulin T.; Tatu L.; Monnier G.; Rumbach L.; Sevrin P.,single_case_report,case_report,data\extraction_json\text\9182.json,full_text,true,1,medium,source_single_case_default,false,count_basis=source_single_case_default | count_confidence=medium | source_category=single_case_report,heuristic_v1,2026-04-05T11:49:27.594590+00:00
919,919,Clinical and Immunologic Investigations in Patients With Stiff-Person Spectrum Disorder.,"Martinez-Hernandez, Eugenia; Arino, Helena; McKeon, Andrew; Iizuka, Takahiro; Titulaer, Maarten J; Simabukuro, Mateus M; Lancaster, Eric; Petit-Pedrol, Mar; Planaguma, Jesus; Blanco, Yolanda; Harvey, Robert J; Saiz, Albert; Graus, Francesc; Dalmau, Josep",case_series_or_multi_case,case_series,data\extraction_json\text\919.json,full_text,true,121,high,abstract_count_signal,false,count_basis=abstract_count_signal | count_confidence=high | source_category=case_series_or_multi_case,heuristic_v1,2026-04-05T11:49:27.607062+00:00
92,92,Antiamphiphysin antibodies with small-cell lung carcinoma and paraneoplastic encephalomyelitis.,"Dropcho, E J",lab_heavy_clinical_or_translational,group_or_frequency_focused_lab_clinical_study,data\extraction_json\text\92.json,full_text,true,3,medium,patient_label_count,false,count_basis=patient_label_count | count_confidence=medium | source_category=lab_heavy_clinical_or_translational,heuristic_v1,2026-04-05T11:49:27.632819+00:00
921,921,Paraneoplastic stiff person syndrome: Inpatient rehabilitation outcomes of a rare disease from two cancer rehabilitation programmes.,"Smith, Sean Robinson; Fu, Jack B",case_series_or_multi_case,case_series,data\extraction_json\text\921.json,full_text,true,60,medium,early_body_count_signal,true,count_basis=early_body_count_signal | count_confidence=medium | source_category=case_series_or_multi_case,heuristic_v1,2026-04-05T11:49:27.642632+00:00
922,922,Multiple anesthetics for a patient with stiff-person syndrome.,"Cassavaugh, Jessica M; Oravitz, Todd M",single_case_report,case_report,data\extraction_json\text\922.json,full_text,true,1,medium,case_report_marker_single_case,false,count_basis=case_report_marker_single_case | count_confidence=medium | source_category=single_case_report,heuristic_v1,2026-04-05T11:49:27.645325+00:00
925,925,Pseudo spastic gait can reveal a Stiff Leg Syndrome (SLS).,"Duwicquet, Coline; Biberon, Julien; de Toffol, Bertrand; Corcia, Philippe",unclear_manual_review,unclear,data\extraction_json\text\925.json,full_text,false,1,medium,source_single_case_default,false,count_basis=source_single_case_default | count_confidence=medium | source_category=unclear_manual_review,heuristic_v1,2026-04-05T11:49:27.652328+00:00
927,927,Anesthetic management of a parturient with Stiff person syndrome for urgent cesarean delivery.,"Boettcher, B T; Muravyea, M; Kuo, C; Drexler, C; Pagel, P S",single_case_report,case_report,data\extraction_json\text\927.json,full_text,true,1,medium,case_report_marker_single_case,false,count_basis=case_report_marker_single_case | count_confidence=medium | source_category=single_case_report,heuristic_v1,2026-04-05T11:49:27.655408+00:00
929,929,Utility of ultrasonography in evaluating muscle contractions in stiff-person syndrome.,"Hoshino, Yasunobu; Nishioka, Kenya; Kanai, Kauzuaki; Tanaka, Ryota; Nagaoka, Masanori; Kuwabara, Satoshi; Hattori, Nobutaka",unclear_manual_review,unclear,data\extraction_json\text\929.json,full_text,false,1,medium,source_single_case_default,false,count_basis=source_single_case_default | count_confidence=medium | source_category=unclear_manual_review,heuristic_v1,2026-04-05T11:49:27.662247+00:00
930,930,Acute Respiratory Failure in a Patient with Stiff-Person Syndrome.,"Jachiet, Vincent; Laine, Laurent; Gendre, Thierry; Henry, Carole; Da Silva, Daniel; de Montmollin, Etienne",single_case_report,case_report,data\extraction_json\text\930.json,full_text,true,1,medium,case_report_marker_single_case,false,count_basis=case_report_marker_single_case | count_confidence=medium | source_category=single_case_report,heuristic_v1,2026-04-05T11:49:27.666432+00:00
933,933,Anesthetic Considerations of Stiff-Person Syndrome: A Case Report.,"Hylan, Kristi; Vu, An-Duyen Nguyen; Stammen, Katherine",single_case_report,case_report,data\extraction_json\text\933.json,full_text,true,1,medium,case_report_marker_single_case,false,count_basis=case_report_marker_single_case | count_confidence=medium | source_category=single_case_report,heuristic_v1,2026-04-05T11:49:27.671290+00:00
938,938,Retinal pathology occurs in stiff-person syndrome.,"Lambe, Jeffrey; Rothman, Alissa; Prince, Jerry; Saidha, Shiv; Calabresi, Peter A; Newsome, Scott D",observational_group_study,retrospective_or_cohort_group_study,data\extraction_json\text\938.json,full_text,true,35,high,abstract_count_signal,false,count_basis=abstract_count_signal | count_confidence=high | source_category=observational_group_study,heuristic_v1,2026-04-05T11:49:27.678020+00:00
9385,9385,Stiff-man syndrome: A case report and review of the literature,Sonawalla A.,single_case_report,case_report,data\extraction_json\text\9385.json,full_text,true,1,medium,case_report_marker_single_case,false,count_basis=case_report_marker_single_case | count_confidence=medium | source_category=single_case_report,heuristic_v1,2026-04-05T11:49:27.679549+00:00
942,942,Role of plasma exchange in stiff person syndrome.,"Albahra, Said; Yates, Sean G; Joseph, David; De Simone, Nicole; Burner, James D; Sarode, Ravi",interventional_study,controlled_or_therapeutic_group_study,data\extraction_json\text\942.json,full_text,true,1,high,abstract_count_signal,false,count_basis=abstract_count_signal | count_confidence=high | source_category=interventional_study,heuristic_v1,2026-04-05T11:49:27.684655+00:00
9424,9424,"Progressive encephalomyelitis with rigidity, diabetes mellitus and retinopathy: An anti-CAD syndrome",Cabre P.; Smadja D.; Humbel R.L.; Merle H.; Vernant J.C.,single_case_report,case_report,data\extraction_json\text\9424.json,full_text,true,1,medium,single_case_text_signal,false,count_basis=single_case_text_signal | count_confidence=medium | source_category=single_case_report,heuristic_v1,2026-04-05T11:49:27.687741+00:00
944,944,Paraneoplastic stiff person syndrome with small cell carcinoma of the bladder and anti-Ri antibodies.,"de Alboniga-Chindurza, Asier; Riva, Elena; Jimenez-Huete, Adolfo; Graus, Francesc; Franch, Oriol",single_case_report,case_report,data\extraction_json\text\944.json,full_text,true,1,medium,case_report_marker_single_case,false,count_basis=case_report_marker_single_case | count_confidence=medium | source_category=single_case_report,heuristic_v1,2026-04-05T11:49:27.689852+00:00
947,947,Amphiphysin-IgG autoimmune neuropathy: A recognizable clinicopathologic syndrome.,"Dubey, Divyanshu; Jitprapaikulsan, Jiraporn; Bi, Hongyan; Do Campo, Rocio Vazquez; McKeon, Andrew; Pittock, Sean J; Engelstad, Janean K; Mills, John R; Klein, Christopher J",lab_heavy_clinical_or_translational,group_or_frequency_focused_lab_clinical_study,data\extraction_json\text\947.json,full_text,true,4,medium,early_body_count_signal,true,count_basis=early_body_count_signal | count_confidence=medium | source_category=lab_heavy_clinical_or_translational,heuristic_v1,2026-04-05T11:49:27.702046+00:00
9477,9477,Successful treatment of stiff man syndrome with intravenous immunoglobulin [10],Barker R.A.; Marsden C.D.,single_case_report,case_report,data\extraction_json\text\9477.json,full_text,true,1,medium,source_single_case_default,false,count_basis=source_single_case_default | count_confidence=medium | source_category=single_case_report,heuristic_v1,2026-04-05T11:49:27.711632+00:00
9496,9496,Stiff-man syndrome in a child,Grandas F.,single_case_report,case_report,data\extraction_json\text\9496.json,full_text,true,1,medium,single_case_text_signal,false,count_basis=single_case_text_signal | count_confidence=medium | source_category=single_case_report,heuristic_v1,2026-04-05T11:49:27.713060+00:00
95,95,Psychological factors in the diagnosis and pathogenesis of stiff-man syndrome.,"Henningsen, P; Clement, U; Kuchenhoff, J; Simon, F; Meinck, H M",case_series_or_multi_case,case_series,data\extraction_json\text\95.json,full_text,true,9,high,abstract_count_signal,false,count_basis=abstract_count_signal | count_confidence=high | source_category=case_series_or_multi_case,heuristic_v1,2026-04-05T11:49:27.717358+00:00
951,951,Dyspnea in Patients with Stiff-Person Syndrome.,"Sexauer, William; Woodford, Matthew; Pack, Katrina; Allen, Anthony; Crawford, Albert; Rakocevic, Goran",observational_group_study,retrospective_or_cohort_group_study,data\extraction_json\text\951.json,full_text,true,17,medium,abstract_count_signal,true,count_basis=abstract_count_signal | count_confidence=medium | source_category=observational_group_study,heuristic_v1,2026-04-05T11:49:27.721594+00:00
952,952,"Anti-glutamic acid decarboxylase (GAD) positive cerebellar Ataxia with transitioning to progressive encephalomyelitis with rigidity and myoclonus (PERM), responsive to immunotherapy: A case report and review of literature.","Jazebi, Noushin; Rodrigo, Shashika; Gogia, Bhanu; Shawagfeh, Ahmad",single_case_report,case_report,data\extraction_json\text\952.json,full_text,true,1,medium,case_report_marker_single_case,false,count_basis=case_report_marker_single_case | count_confidence=medium | source_category=single_case_report,heuristic_v1,2026-04-05T11:49:27.724804+00:00
953,953,Spontaneous continuous motor unit single discharges.,"Posa, Andreas; Niskiewicz, Izabela; Raescu, Valerian; Emmer, Alexander; Surov, Alexey; Kornhuber, Malte",observational_group_study,retrospective_or_cohort_group_study,data\extraction_json\text\953.json,full_text,true,,low,no_reliable_count_signal,false,count_basis=no_reliable_count_signal | count_confidence=low | source_category=observational_group_study,heuristic_v1,2026-04-05T11:49:27.736241+00:00
9564,9564,Stiff person syndrome with atypical features and a favourable outcome with steroids,Turker H.; Cengiz N.; Gungor L.; Onar M.,single_case_report,case_report,data\extraction_json\text\9564.json,full_text,true,1,medium,single_case_text_signal,false,count_basis=single_case_text_signal | count_confidence=medium | source_category=single_case_report,heuristic_v1,2026-04-05T11:49:27.738922+00:00
958,958,Adolescent Stiff Person Syndrome: Long-Term Symptom Remission on Immunomodulatory Therapy.,"Ogilvie, Robert James; Kolski, Hanna Katherine",unclear_manual_review,unclear,data\extraction_json\text\958.json,full_text,false,1,medium,source_single_case_default,false,count_basis=source_single_case_default | count_confidence=medium | source_category=unclear_manual_review,heuristic_v1,2026-04-05T11:49:27.745084+00:00
960,960,Femur Neck Fracture in a Patient with Stiff Person Syndrome: A Case Report.,"Jamil, Mujahid; Saleem, Muhammad; Habib, Ahmed; Khan, Sara; Qahir, Muhammad",single_case_report,case_report,data\extraction_json\text\960.json,full_text,true,1,medium,case_report_marker_single_case,false,count_basis=case_report_marker_single_case | count_confidence=medium | source_category=single_case_report,heuristic_v1,2026-04-05T11:49:27.748200+00:00
963,963,Clinical spectrum of glutamic acid decarboxylase antibodies in a Taiwanese population.,"Kuo, Y-C; Lin, C-H",case_series_or_multi_case,case_series,data\extraction_json\text\963.json,full_text,true,1,medium,case_report_marker_single_case,false,count_basis=case_report_marker_single_case | count_confidence=medium | source_category=case_series_or_multi_case,heuristic_v1,2026-04-05T11:49:27.756060+00:00
964,964,Unusual Presentation of Lung Adenocarcinoma With Paraneoplastic Stiff Person Syndrome: Role of EGFR Tyrosine Kinase Inhibitors.,"Sarwari, Nawid; Galili, Yehuda; Perez, Ariel; Avgeropoulos, Nicholas; Tseng, Jennifer",unclear_manual_review,unclear,data\extraction_json\text\964.json,full_text,false,1,medium,source_single_case_default,false,count_basis=source_single_case_default | count_confidence=medium | source_category=unclear_manual_review,heuristic_v1,2026-04-05T11:49:27.760620+00:00
965,965,Chronic intestinal pseudo-obstruction with dilated biliary tract as a spectrum of stiff person syndrome in a nondiabetic patient.,"Nguyen, Alexandre; de Boysson, Hubert; Audrey, Fohlen; Yameogo, Seydou; Aouba, Achille",single_case_report,case_report,data\extraction_json\text\965.json,full_text,true,1,medium,single_case_text_signal,false,count_basis=single_case_text_signal | count_confidence=medium | source_category=single_case_report,heuristic_v1,2026-04-05T11:49:27.765215+00:00
966,966,Stiff person spectrum disorders: An illustrative case series of their phenotypic and antibody diversity.,"Bernardo, Francisco; Rebordao, Leonor; Rego, Andre; Machado, Sara; Passos, Joao; Costa, Cristina; Cruz, Simao; Pinto, Amelia Nogueira; Santos, Mariana",interventional_study,controlled_or_therapeutic_group_study,data\extraction_json\text\966.json,full_text,true,3,medium,abstract_count_signal,true,count_basis=abstract_count_signal | count_confidence=medium | source_category=interventional_study,heuristic_v1,2026-04-05T11:49:27.767909+00:00
967,967,Clinical Heterogeneity in Patients with Glutamate Decarboxylase Antibody.,"Huang, Jiehong; Li, Huilu; Zhou, Ruisi; Huang, Wenyao; Lin, Wenhui; Chen, Ting; Long, Youming",case_series_or_multi_case,case_series,data\extraction_json\text\967.json,full_text,true,3,medium,patient_label_count,false,count_basis=patient_label_count | count_confidence=medium | source_category=case_series_or_multi_case,heuristic_v1,2026-04-05T11:49:27.776321+00:00
968,968,A Case of Treatment Resistance and Complications in a Patient with Stiff Person Syndrome and Cerebellar Ataxia.,"Jones, Lliwen A; Baber, Waqaar; Wardle, Mark; Robertson, Neil P; Morris, Huw R; Church, Alistair; Llewelyn, John G; Peall, Kathryn J",single_case_report,case_report,data\extraction_json\text\968.json,full_text,true,1,medium,case_report_marker_single_case,false,count_basis=case_report_marker_single_case | count_confidence=medium | source_category=single_case_report,heuristic_v1,2026-04-05T11:49:27.782605+00:00
969,969,Novel clinical features of glycine receptor antibody syndrome: A series of 17 cases.,"Piquet, Amanda L; Khan, Murtaza; Warner, Judith E A; Wicklund, Matthew P; Bennett, Jeffrey L; Leehey, Maureen A; Seeberger, Lauren; Schreiner, Teri L; Paz Soldan, M Mateo; Clardy, Stacey L",conference_abstract,multi_case_conference_abstract,data\extraction_json\text_trimmed\969.json,trimmed,true,17,medium,title_count_signal,true,count_basis=title_count_signal | count_confidence=medium | source_category=conference_abstract,heuristic_v1,2026-04-05T11:49:27.786156+00:00
970,970,Stiff Person Syndrome and Type 1 Diabetes Mellitus: a Case of the Chicken or the Egg?.,"Rathbun, John Tyler; Imber, Jacob",single_case_report,case_report,data\extraction_json\text\970.json,full_text,true,1,medium,case_report_marker_single_case,false,count_basis=case_report_marker_single_case | count_confidence=medium | source_category=single_case_report,heuristic_v1,2026-04-05T11:49:27.791085+00:00
972,972,Severe breathlessness in Stiff person syndrome (SPS). Looking under the bonnet.,"Crescimanno, Grazia; Algeri, Margherita; Canino, Maria; Romano, Marcello; Cosentino, Giuseppe; Marrone, Oreste",unclear_manual_review,unclear,data\extraction_json\text\972.json,full_text,false,,low,no_reliable_count_signal,false,count_basis=no_reliable_count_signal | count_confidence=low | source_category=unclear_manual_review,heuristic_v1,2026-04-05T11:49:27.797976+00:00
9720,9720,Isolated navicular fracture presenting as stiff limb syndrome: A case report [4],Dubow J.S.; Zadikoff C.,single_case_report,case_report,data\extraction_json\text\9720.json,full_text,true,1,medium,case_report_marker_single_case,false,count_basis=case_report_marker_single_case | count_confidence=medium | source_category=single_case_report,heuristic_v1,2026-04-05T11:49:27.799292+00:00
9726,9726,Clinical approach to a patient presenting with muscle stiffness,Ahmed S.N.; Bertorini T.E.; Narayanaswami P.; Senthilkumar K.,single_case_report,case_report,data\extraction_json\text\9726.json,full_text,true,1,medium,case_report_marker_single_case,false,count_basis=case_report_marker_single_case | count_confidence=medium | source_category=single_case_report,heuristic_v1,2026-04-05T11:49:27.802600+00:00
973,973,Clinical characteristics of GAD 65-associated autoimmune encephalitis.,"Zhu, Fei; Shan, Wei; Lv, Ruijuan; Li, Zhimei; Wang, Qun",unclear_manual_review,unclear,data\extraction_json\text\973.json,full_text,false,7,medium,early_body_count_signal,false,count_basis=early_body_count_signal | count_confidence=medium | source_category=unclear_manual_review,heuristic_v1,2026-04-05T11:49:27.815139+00:00
9731,9731,The stiff limb syndrome - A new case and a literature review [2],Bartsch T.; Herzog J.; Baron R.; Deuschl G.,single_case_report,case_report,data\extraction_json\text\9731.json,full_text,true,1,medium,case_report_marker_single_case,false,count_basis=case_report_marker_single_case | count_confidence=medium | source_category=single_case_report,heuristic_v1,2026-04-05T11:49:27.816439+00:00
974,974,Clinical features and immunotherapy outcomes of anti-glutamic acid decarboxylase 65 antibody-associated neurological disorders.,"Chengyu, Li; Weixiong, Shi; Chao, Chen; Songyan, Liu; Lin, Sang; Zhong, Zheng; Hua, Pan; Fan, Jian; Na, Chen; Tao, Cui; Jianwei, Wu; Haitao, Ren; Hongzhi, Guan; Xiaoqiu, Shao",case_series_or_multi_case,case_series,data\extraction_json\text\974.json,full_text,true,6,medium,patient_label_count,false,count_basis=patient_label_count | count_confidence=medium | source_category=case_series_or_multi_case,heuristic_v1,2026-04-05T11:49:27.826956+00:00
975,975,Intravenous methylprednisolone or immunoglobulin for anti-glutamic acid decarboxylase 65 antibody autoimmune encephalitis: which is better?.,"Li, Tao-Ran; Zhang, Yu-Di; Wang, Qun; Shao, Xiao-Qiu; Li, Zhi-Mei; Lv, Rui-Juan",case_series_or_multi_case,case_series,data\extraction_json\text\975.json,full_text,true,4,medium,patient_label_count,false,count_basis=patient_label_count | count_confidence=medium | source_category=case_series_or_multi_case,heuristic_v1,2026-04-05T11:49:27.840177+00:00
980,980,An unusual cause of older adult falls: Stiff Leg Syndrome,Michaud M.; Gaudin C.; Brechemier D.; Cintas P.; Gauchet C.; Moulis G.; Vellas B.; Balardy L.,conference_abstract,group_conference_abstract,data\extraction_json\text_trimmed\980.json,trimmed,true,,low,no_reliable_count_signal,false,count_basis=no_reliable_count_signal | count_confidence=low | source_category=conference_abstract,heuristic_v1,2026-04-05T11:49:27.841761+00:00
99,99,Improvement of stiff-man syndrome with vigabatrin.,"Vermeij, F H; van Doorn, P A; Busch, H F",single_case_report,case_report,data\extraction_json\text\99.json,full_text,true,1,medium,source_single_case_override,false,count_basis=source_single_case_override | count_confidence=medium | source_category=single_case_report,heuristic_v1,2026-04-05T11:49:27.845240+00:00
990,990,Therapeutic plasma exchange in treatment of neuroimmunologic disorders: Review of 92 cases,Sorgun M.H.; Erdogan S.; Bay M.; Ayyildiz E.; Yucemen N.; IIhan O.; Yucesan C.,interventional_study,controlled_or_therapeutic_group_study,data\extraction_json\text\990.json,full_text,true,92,medium,title_count_signal,true,count_basis=title_count_signal | count_confidence=medium | source_category=interventional_study,heuristic_v1,2026-04-05T11:49:27.847664+00:00
