paper_id,covidence_id,title,authors,source_filename,source_text_json_path,trimmed_text_json_path,n_pages,abstract_block_count,title_like_line_count,author_like_line_count,program_marker_count,proceedings_signal_score,proceedings_detected,index_detected,index_confidence,index_listed_page,index_prev_code,index_next_code,page_map_method,estimated_offset,offset_confidence,fallback_triggered,trim_status,trim_reason,trim_method,trim_mode,matched_block_code,matched_block_title,title_score,author_score,match_score,start_rule,end_rule,body_signal_count,spillover_flag,header_only_flag,candidate_rank,start_page_index,end_page_index,trimmed_at_utc
187,187,Long-term remission of refractory stiff-man syndrome after treatment with intravenous immunoglobulin.,"Khanlou, H; Eiger, G",187_Khanlou Long-term Remission of Refractory Stiff-Man Syndrome After Treatment With Intravenous Immunoglobulin.pdf,data\extraction_json\text\187.json,data\extraction_json\text_trimmed\187.json,2,12,96,87,0,4,true,false,,,,,,,,true,trimmed_auto,Proceedings detected and candidate abstract passed identity and completeness guardrails.,page_local_sliding_window_match,page_local_sliding_window_match,,Long-term Remission of Refractory Stiff-Man Syndrome After Treatment,0.9008,1.0000,0.8147,backtrack_title_cluster,next_abstract_boundary,1,false,false,1,0,1,2026-03-31T15:50:49.484519+00:00
189,189,Stiff-man syndrome--diagnostic criteria and pitfalls.,"Kuruvilla, T; Bharucha, N E; Thompson, E J; Hawa, M; Chauhan, V; Agarwal, R",189_Kuruvilla-1999-Stiff-man syndrome diagnostic criteria and pitfalls.pdf,data\extraction_json\text\189.json,data\extraction_json\text_trimmed\189.json,3,4,47,70,1,5,true,false,,,,,,,,true,trimmed_auto,Proceedings detected and candidate abstract passed identity and completeness guardrails.,page_local_sliding_window_match,page_local_sliding_window_match,,Stiff-Man Syndrome — Diagnostic Criteria and Pitfalls,1.0000,1.0000,0.8309,backtrack_title_cluster,next_abstract_boundary,0,false,false,1,2,2,2026-03-31T15:50:51.526154+00:00
213,213,Focal stiff-person syndrome.,"Fiol, M; Cammarota, A; Rivero, A; Pardal, A; Nogues, M; Correale, J",213_213.pdf,data\extraction_json\text\213.json,data\extraction_json\text_trimmed\213.json,3,21,144,82,0,4,true,false,,,,,,,,true,header_only_source,Matched entry appears to contain header-only listing without abstract body.,page_local_sliding_window_match,page_local_sliding_window_match,,Focal stiff d. oca S “person syndrome |,0.9548,1.0000,0.7902,backtrack_title_cluster,next_title_cluster,0,false,true,1,0,0,2026-03-31T15:52:49.353754+00:00
420,420,Anesthetic management of a patient with stiff person syndrome.,"Elkassabany, Nabil; Tetzlaff, John E; Argalious, Maged",420_Elkassabany Anesthetic management of a patient with stiff person syndrome.pdf,data\extraction_json\text\420.json,data\extraction_json\text_trimmed\420.json,3,5,103,59,0,3,true,false,,,,,,,,true,trimmed_auto,Proceedings detected and candidate abstract passed identity and completeness guardrails.,page_local_sliding_window_match,page_local_sliding_window_match,,Anesthetic management of a patient with stiff person syndrome,1.0000,1.0000,0.8212,backtrack_title_cluster,next_abstract_boundary,1,false,false,1,0,0,2026-03-31T15:52:59.625917+00:00
432,432,"Glutamic acid decarboxylase autoimmunity with brainstem, extrapyramidal, and spinal cord dysfunction.","Pittock, Sean J; Yoshikawa, Hiroaki; Ahlskog, J Eric; Tisch, Stephen H; Benarroch, Eduardo E; Kryzer, Thomas J; Lennon, Vanda A","432_Pittock Glutamic Acid Decarboxylase Autoimmunity With Brainstem, Extrapyramidal, and Spinal Cord Dysfunction.pdf",data\extraction_json\text\432.json,data\extraction_json\text_trimmed\432.json,8,48,313,332,1,6,true,false,,,,,,,,true,trimmed_auto,Proceedings detected and candidate abstract passed identity and completeness guardrails.,page_local_sliding_window_match,page_local_sliding_window_match,,"Brainstem, Extrapyramidal, and Spinal Cord Dysfunction",0.8602,1.0000,0.7886,backtrack_title_cluster,next_abstract_boundary,4,false,false,1,0,0,2026-03-31T15:53:07.541141+00:00
464,464,Considerations for general anesthesia combined with epidural anesthesia in a patient with stiff-person syndrome.,"Yamamoto, Katsumi; Hara, Koji; Horishita, Takafumi; Sata, Takeyoshi",464_Yamamoto-2007-Considerations for general anest.pdf,data\extraction_json\text\464.json,data\extraction_json\text_trimmed\464.json,3,13,137,55,1,6,true,false,,,,,,,,true,trimmed_auto,Proceedings detected and candidate abstract passed identity and completeness guardrails.,page_local_sliding_window_match,page_local_sliding_window_match,,Considerations for general anesthesia combined with epidural anesthesia in a patient with stiff-person syndrome,1.0000,1.0000,0.8535,backtrack_title_cluster,next_abstract_boundary,2,false,false,1,0,1,2026-03-31T15:53:16.213899+00:00
560,560,Respective implications of glutamate decarboxylase antibodies in stiff person syndrome and cerebellar ataxia.,"Manto, Mario U; Hampe, Christiane S; Rogemond, Veronique; Honnorat, Jerome",560_Manto et al. - 2011 - Respective implications of glutamate decarboxylase.pdf,data\extraction_json\text\560.json,data\extraction_json\text_trimmed\560.json,14,50,507,288,0,4,true,false,,,,,,,,true,trimmed_auto,Proceedings detected and candidate abstract passed identity and completeness guardrails.,page_local_sliding_window_match,page_local_sliding_window_match,,Respective implications of glutamate decarboxylase antibodies in stiff person,0.9089,1.0000,0.8296,backtrack_title_cluster,next_abstract_boundary,5,false,false,1,0,0,2026-03-31T15:56:10.095353+00:00
807,807,Treatment and Resolution of Filamentary Keratitis in a Patient with Stiff Person Syndrome.,"Bae, Steven S; Yeung, Sonia N; Chan, Clara C",807_Treatment_and_Resolution_of_Filamentary_Keratitis.23.pdf,data\extraction_json\text\807.json,data\extraction_json\text_trimmed\807.json,2,12,84,77,0,4,true,false,,,,,,,,true,trimmed_auto,Proceedings detected and candidate abstract passed identity and completeness guardrails.,page_local_sliding_window_match,page_local_sliding_window_match,,Treatment and Resolution of Filamentary Keratitis in,0.8757,1.0000,0.8018,backtrack_title_cluster,next_abstract_boundary,5,false,false,1,0,0,2026-03-31T16:01:42.209011+00:00
840,840,Quantitative clinical and autoimmune assessments in stiff person syndrome: evidence for a progressive disorder.,"Rakocevic, Goran; Alexopoulos, Harry; Dalakas, Marinos C",840_Rakocevic et al. - 2019 - Quantitative clinical and autoimmune assessments i.pdf,data\extraction_json\text\840.json,data\extraction_json\text_trimmed\840.json,8,38,302,253,1,6,true,false,,,,,,,,true,header_only_source,Matched entry appears to contain header-only listing without abstract body.,page_local_sliding_window_match,page_local_sliding_window_match,37,autoimmune assessments in stiff person syndrome: evidence for a,0.8724,1.0000,0.8667,backtrack_abstract_boundary,window_extent_cap,0,false,true,1,7,7,2026-03-31T16:03:28.368810+00:00
912,912,A case report of patient with cerebellar variant of stiff person syndrome.,"Maludzinska, Ewa; Rudzinska, Monika; Stepien, Artur; Szczudlik, Andrzej",912_Maludzinska et al. - 2016 - A case report of patient with cerebellar variant o.pdf,data\extraction_json\text\912.json,,4,3,131,108,0,2,false,false,,,,,,,,false,not_needed,Document does not look like a large proceedings/program PDF.,,,,,,,,,,,,,,,,
969,969,Novel clinical features of glycine receptor antibody syndrome: A series of 17 cases.,"Piquet, Amanda L; Khan, Murtaza; Warner, Judith E A; Wicklund, Matthew P; Bennett, Jeffrey L; Leehey, Maureen A; Seeberger, Lauren; Schreiner, Teri L; Paz Soldan, M Mateo; Clardy, Stacey L",969_Piquet et al. - 2019 - Novel clinical features of glycine receptor antibo.pdf,data\extraction_json\text\969.json,data\extraction_json\text_trimmed\969.json,7,20,195,185,0,4,true,false,,,,,,,,true,header_only_source,Matched entry appears to contain header-only listing without abstract body.,page_local_sliding_window_match,page_local_sliding_window_match,,Novel clinical features of glycine receptor,0.8583,1.0000,0.7922,backtrack_title_cluster,window_extent_cap,0,false,true,1,0,0,2026-03-31T16:03:33.052972+00:00
980,980,An unusual cause of older adult falls: Stiff Leg Syndrome,Michaud M.; Gaudin C.; Brechemier D.; Cintas P.; Gauchet C.; Moulis G.; Vellas B.; Balardy L.,980_Michaud M. et al. - 2013 - An unusual cause of older adult falls Stiff Leg S.pdf,data\extraction_json\text\980.json,data\extraction_json\text_trimmed\980.json,2,4,47,53,0,3,true,false,,,,,,,,true,header_only_source,Matched entry appears to contain header-only listing without abstract body.,page_local_sliding_window_match,page_local_sliding_window_match,,An unusual cause of older adult falls: Stiff Leg Syndrome,1.0000,1.0000,0.8099,backtrack_title_cluster,next_abstract_boundary,0,false,true,1,0,0,2026-03-31T16:03:35.314067+00:00
1001,1001,Inpatient physiotherapy management for Stiff Person syndrome,Kahraman T.; Balci B.; Sengun I.S.,1001_Kahraman T. et al. - 2014 - Inpatient physiotherapy management for Stiff Perso.pdf,data\extraction_json\text\1001.json,data\extraction_json\text_trimmed\1001.json,524,102,1489,1176,2,7,true,false,,,,,,,,true,trimmed_auto,Proceedings detected and candidate abstract passed identity and completeness guardrails.,page_local_sliding_window_match,page_local_sliding_window_match,PP2210,Inpatient physiotherapy management for Stiff Person,0.9391,0.6667,0.7801,backtrack_abstract_boundary,next_abstract_boundary,4,false,false,1,350,350,2026-03-31T15:39:37.554950+00:00
1017,1017,Therapeutic plasma exchange in a patient with paraneoplastic variant of stiff-person syndrome,Madrigal E.; Fisher R.; Friedman M.T.,1017_Madrigal - Plasma exchange.pdf,data\extraction_json\text\1017.json,,2,0,15,24,0,1,false,false,,,,,,,,false,not_needed,Document does not look like a large proceedings/program PDF.,,,,,,,,,,,,,,,,
1028,1028,Autoantibodies against glycine-associated synaptic proteins in stiff-person syndrome,Probst C.; Blocker I.-M.; Mindorf S.; Unger M.; Fechner K.; Meinck H.-M.; Balint B.; Stocker W.; Schlumberger W.; Komorowski L.,1028_Probst C. et al. - 2014 - Autoantibodies against glycine-associated synaptic.pdf,data\extraction_json\text\1028.json,data\extraction_json\text_trimmed\1028.json,2,4,120,85,0,3,true,false,,,,,,,,true,trimmed_auto,Proceedings detected and candidate abstract passed identity and completeness guardrails.,fuzzy_title_author_block_match,fuzzy_title_author_block_match,96,96 Autoantibodies against glycine-associated synaptic proteins in stiff-person syndrome,0.9939,0.7500,0.9329,,,4,false,false,1,0,1,2026-03-31T15:39:44.055483+00:00
1031,1031,Autonomic dysfunction in stiff person syndrome (SPS): Observations in 8 cases,Barboi A.,1031_Barboi A. - 2014 - Autonomic dysfunction in stiff person syndrome (SP.pdf,data\extraction_json\text\1031.json,data\extraction_json\text_trimmed\1031.json,45,36,1312,1205,0,5,true,false,,,,,,,,true,trimmed_auto,Proceedings detected and candidate abstract passed identity and completeness guardrails.,fuzzy_title_author_block_match,fuzzy_title_author_block_match,123,123 Poster 20 Autonomic dysfunction in stiff person syndrome (SPS): observations in 8 cases A. Barboi,0.9529,1.0000,0.9647,,,9,false,false,1,25,26,2026-03-31T15:39:54.025994+00:00
1112,1112,Practical management of stiff person syndrome in a limited resource setting-report of experiences in a two year follow-up,Siddi Ganie N.; Nichol R.; Janse Van Rensberg E.; Smit L.; Kruger A.; Nel M.; Lecuona E.,1112_Siddi Ganie-2015-Practical management of stiff.pdf,data\extraction_json\text\1112.json,data\extraction_json\text_trimmed\1112.json,345,67,1197,790,0,5,true,false,,,,,,,,true,trimmed_auto,Proceedings detected and candidate abstract passed identity and completeness guardrails.,fuzzy_title_author_block_match,fuzzy_title_author_block_match,F1087,F1087 Practical management of stiff person syndrome in a limited resource setting – report of experiences in a two year follow-up,0.9915,1.0000,0.9936,,,4,false,false,1,41,41,2026-03-31T15:40:30.452678+00:00
1116,1116,Paediatric neurological syndromes associated with glycine receptor antibodies,Gadian J.; Hacohen Y.; Kariyawasam S.; Woodhall M.; Brilot F.; Pillai S.; Suleiman J.; Lascelles K.; Pike M.; Munot P.; Vincent A.; Dale R.C.; Lim M.,1116_Gadian - PIIS109037981530088X.pdf,data\extraction_json\text\1116.json,,1,3,75,32,0,2,false,false,,,,,,,,false,not_needed,Document does not look like a large proceedings/program PDF.,,,,,,,,,,,,,,,,
1117,1117,Glycine receptor antibody mediated progressive encephalomyelitis with rigidity and myoclonus (PERM) presenting as an abnormal startle response in an adolescent girl,Patel A.; Boyd S.; Amin B.; Robinson R.; Woodhall M.; Vincent A.; Hemingway C.; Munot P.,1117_Patel - Glycine receptor antibody mediated progressive.pdf,data\extraction_json\text\1117.json,data\extraction_json\text_trimmed\1117.json,1,2,59,50,1,4,true,true,0.1131,,,,,,,true,header_only_source,Matched entry appears to contain header-only listing without abstract body.,page_local_sliding_window_match,page_local_sliding_window_match,,presenting as an abnormal startle response in an adolescent girl,0.9026,1.0000,0.8106,backtrack_title_cluster,window_extent_cap,0,false,true,1,0,0,2026-03-31T15:40:35.857074+00:00
1118,1118,Prolonged cortical hyperexcitability during burst-suppression associated with glycine receptor antibodies,Patel A.; Janackova S.; Munot P.; Vincent A.; Boyd S.,1118_Patel Prolonged cortical hyperexcitability during burst-suppression associated with glycine receptor antibodies.pdf,data\extraction_json\text\1118.json,,2,3,147,86,1,4,true,true,0.0300,,,,,,,true,manual_review_required,Matched entry appears truncated or lacks sufficient abstract body content.,,page_local_sliding_window_match,,associated with glycine receptor antibodies,0.8209,1.0000,0.6997,backtrack_title_cluster,window_extent_cap,1,false,false,1,0,0,
1119,1119,Antibody spectrum in stiff person syndrome and related disorders,Balint B.; Blocker I.M.; Unger M.; Stocker W.; Probst C.; Komorowski L.; Meinck H.M.,1119_Balint B. et al. - 2015 - Antibody spectrum in stiff person syndrome and rel.pdf,data\extraction_json\text\1119.json,data\extraction_json\text_trimmed\1119.json,567,79,1743,997,0,5,true,true,0.0807,,,,,,,true,trimmed_auto,Proceedings detected and candidate abstract passed identity and completeness guardrails.,page_local_sliding_window_match,page_local_sliding_window_match,670,Antibody spectrum in stiff person syndrome and related,0.9378,0.8571,0.8272,backtrack_abstract_boundary,next_abstract_boundary,5,false,false,1,262,262,2026-03-31T15:40:56.902092+00:00
1120,1120,Anti-GAD65 negative stiff-person syndrome with a favorable response to pregabalin: A case post-thymoma excision accompanying central sleep apnea,Zhang G.; Liu L.; Xiong N.; Huang J.; Wang T.,1120_Zhang G. et al. - 2015 - Anti-GAD65 negative stiff-person syndrome with a f.pdf,data\extraction_json\text\1120.json,data\extraction_json\text_trimmed\1120.json,567,79,1743,997,0,5,true,true,0.0673,,,,,,,true,trimmed_auto,Proceedings detected and candidate abstract passed identity and completeness guardrails.,fuzzy_title_author_block_match,fuzzy_title_author_block_match,740,740 Anti-GAD65 negative stiff-person syndrome with a favorable response to pregabalin: A case post-thymoma excision accompanying central sleep apnea,0.9952,1.0000,0.9964,,,5,false,false,1,292,292,2026-03-31T15:41:13.538039+00:00
1129,1129,"GAD autoimmunity: Syndromes, comorbidities, and coexisting antibodies in 121 patients",Arino H.; Gresa-Arribas N.; Hoftberger R.; Martinez-Hernandez E.; Armangue T.; Kruer M.C.; Arpa J.; Domingo J.; Rojc B.; Bataller L.; Saiz A.; Dalmau J.; Graus F.,"1129_Arino H. et al. - 2015 - GAD autoimmunity Syndromes, comorbidities, and co.pdf",data\extraction_json\text\1129.json,data\extraction_json\text_trimmed\1129.json,132,391,790,2074,0,5,true,false,,,,,,,,true,header_only_source,Matched entry appears to contain header-only listing without abstract body.,fuzzy_title_author_block_match,fuzzy_title_author_block_match,M103,"GAD Autoimmunity: Syndromes, Comorbidities,",0.8470,0.5000,0.7603,,,0,false,true,1,9,9,2026-03-31T15:41:18.309031+00:00
1138,1138,Stiff person syndrome: Review of 14 patients,Cavalcante V.; Souza Bulle Oliveira A.,1138_Cavalcante V. and Souza Bulle Oliveira A. - 2015 - Stiff person syndrome Review of 14 patients.pdf,data\extraction_json\text\1138.json,data\extraction_json\text_trimmed\1138.json,1,3,34,58,1,4,true,false,,,,,,,,true,trimmed_auto,Proceedings detected and candidate abstract passed identity and completeness guardrails.,page_local_sliding_window_match,page_local_sliding_window_match,1121,Stiff person syndrome: review of 14 patients,1.0000,1.0000,0.8718,backtrack_abstract_boundary,next_abstract_boundary,4,false,false,1,0,0,2026-03-31T15:41:19.802069+00:00
1149,1149,Stiff person syndrome: A case series,Jabari D.; Dimachkie M.; Statland J.; Abuzinadah A.; Jawdat O.; Glenn M.; McVey A.; Dick A.; Dubinsky R.; Herbelin L.; Barohn R.; Pasnoor M.,1149_Jabari - Stiff Person Syndrome.pdf,data\extraction_json\text\1149.json,,1,0,18,19,0,1,false,false,,,,,,,,false,not_needed,Document does not look like a large proceedings/program PDF.,,,,,,,,,,,,,,,,
1150,1150,Stiff person syndrome presenting as 'stiff eyes',Vinjam M.R.; Shanmugarajan P.; Ford H.,1150_Vinjam M.R. et al. - 2015 - Stiff person syndrome presenting as 'stiff eyes'.pdf,data\extraction_json\text\1150.json,,1,0,16,12,0,1,false,false,,,,,,,,false,not_needed,Document does not look like a large proceedings/program PDF.,,,,,,,,,,,,,,,,
1153,1153,A new clinical tool (BRIT) to monitor IVIg efficacy in patients with stiff person syndrome,Weerasinghe S.; Sadalage G.; Jacob S.,1153_Weerasinghe S. et al. - 2015 - A new clinical tool (BRIT) to monitor IVIg efficac.pdf,data\extraction_json\text\1153.json,,2,0,18,11,0,1,false,false,,,,,,,,false,not_needed,Document does not look like a large proceedings/program PDF.,,,,,,,,,,,,,,,,
1154,1154,Clinical features and treatment response in a large UK cohort of stiff person syndrome patients,Sadalage G.; Karim A.; Jacob S.,1154_Sadalage G. et al. - 2015 - Clinical features and treatment response in a larg.pdf,data\extraction_json\text\1154.json,,1,0,15,12,0,1,false,false,,,,,,,,false,not_needed,Document does not look like a large proceedings/program PDF.,,,,,,,,,,,,,,,,
1227,1227,Role of plasma exchange in stiff person syndrome,Albahra S.; Yates S.; Matevosyan K.; Sarode R.,1227_Albahra S. et al. - 2016 - Role of plasma exchange in stiff person syndrome.pdf,data\extraction_json\text\1227.json,data\extraction_json\text_trimmed\1227.json,70,82,1740,990,1,7,true,false,,,,,,,,true,trimmed_auto,Proceedings detected and candidate abstract passed identity and completeness guardrails.,fuzzy_title_author_block_match,fuzzy_title_author_block_match,77,77 ROLE OF PLASMA EXCHANGE IN STIFF PERSON SYNDROME,0.9894,1.0000,0.9920,,,4,false,false,1,44,44,2026-03-31T15:42:23.106569+00:00
1229,1229,Progressive encephalomyelitis with rigidity and myoclonus (PERM) associated with glycine receptor antibodies as first manifestation of hodgkin's lymphoma: A case report,Borellini L.; Lanfranconi S.; Trezzi I.; Franco G.; Di Fonzo A.; Bonato S.; Bresolin N.,1229_Borellini L. et al. - 2016 - Progressive encephalomyelitis with rigidity and my.pdf,data\extraction_json\text\1229.json,data\extraction_json\text_trimmed\1229.json,234,69,1228,822,1,7,true,false,,,,,,,,true,trimmed_auto,Proceedings detected and candidate abstract passed identity and completeness guardrails.,page_local_sliding_window_match,page_local_sliding_window_match,P11168,with glycine receptor antibodies as first,0.8478,1.0000,0.8238,backtrack_abstract_boundary,next_abstract_boundary,5,false,false,1,79,80,2026-03-31T15:42:45.502865+00:00
1230,1230,Stiff Person Syndrome: A female case report with focal onset and multiple limb involvement,Vaz S.; Barros A.; Calado A.; Sequeira J.; Melancia D.; Fernandes A.,1230_Vaz S. et al. - 2016 - Stiff Person Syndrome A female case report with f.pdf,data\extraction_json\text\1230.json,data\extraction_json\text_trimmed\1230.json,279,70,1257,865,1,7,true,false,,,,,,,,true,trimmed_auto,Proceedings detected and candidate abstract passed identity and completeness guardrails.,page_local_sliding_window_match,page_local_sliding_window_match,P32164,report with focal onset and multiple limb,0.9002,1.0000,0.8666,backtrack_abstract_boundary,next_abstract_boundary,4,false,false,1,228,228,2026-03-31T15:42:52.660749+00:00
1231,1231,Therapeutic challenges of stiff person syndrome: A case report,Varga E.T.; Gyorgyi Md T.; Vecsei L.,1231_Varga E.T. et al. - 2016 - Therapeutic challenges of stiff person syndrome A.pdf,data\extraction_json\text\1231.json,data\extraction_json\text_trimmed\1231.json,279,70,1257,865,1,7,true,false,,,,,,,,true,trimmed_auto,Proceedings detected and candidate abstract passed identity and completeness guardrails.,fuzzy_title_author_block_match,fuzzy_title_author_block_match,P32209,"P32209 Therapeutic challenges of stiff person syndrome: a case report E.T. Varga1, T. Györgyi Md2, L. Vécsei1",0.9104,1.0000,0.9328,,,5,false,false,1,253,253,2026-03-31T15:43:11.835718+00:00
1233,1233,Stiff person syndrome,Dosekova P.; Krastev G.; Haring J.; Lackovic R.,1233_mds.26688.pdf,data\extraction_json\text\1233.json,data\extraction_json\text_trimmed\1233.json,697,93,1729,1100,0,5,true,true,0.0903,,,,,,,true,trimmed_auto,Proceedings detected and candidate abstract passed identity and completeness guardrails.,fuzzy_title_author_block_match,fuzzy_title_author_block_match,1791,1791 Stiff person syndrome,0.9628,1.0000,0.9721,,,6,false,false,1,590,590,2026-03-31T15:43:20.200165+00:00
1237,1237,Stiff person syndrome: Case series,Sasse E.; Amorelli G.; Spitz M.; Germano C.S.B.; Vasconcellos L.F.,1237_Sasse E. et al. - 2016 - Stiff person syndrome Case series.pdf,data\extraction_json\text\1237.json,data\extraction_json\text_trimmed\1237.json,697,93,1729,1129,0,5,true,true,0.0834,,,,,,,true,trimmed_auto,Proceedings detected and candidate abstract passed identity and completeness guardrails.,fuzzy_title_author_block_match,fuzzy_title_author_block_match,1822,1822 Stiff person syndrome: Case series,0.9754,1.0000,0.9815,,,5,false,false,1,600,600,2026-03-31T15:43:34.136769+00:00
1239,1239,Stiff-person syndrome and hypogammaglobulinaemia: An unusual combination,Suratannon N.; Dalm V.; Van Bilsen K.; Van Paassen P.; Tervaert J.W.C.; Driessen G.J.; Wentink M.W.; Van Der Burg M.; Van Hagen P.M.,1239_Suratannon N. et al. - 2016 - Stiff-person syndrome and hypogammaglobulinaemia .pdf,data\extraction_json\text\1239.json,data\extraction_json\text_trimmed\1239.json,92,85,2963,1356,0,5,true,false,,,,,,,,true,trimmed_auto,Proceedings detected and candidate abstract passed identity and completeness guardrails.,fuzzy_title_author_block_match,fuzzy_title_author_block_match,1001,1001 Stiff-person syndrome and hypogammaglobulinaemia: an unusual combination,0.9881,0.6250,0.8973,,,3,false,false,1,37,37,2026-03-31T15:43:57.519006+00:00
1242,1242,Stiff-person syndrome in association with cerebellar ataxia: Overlapping syndrome: A case report,Chauhan V.H.; Jowkar A.A.,1242_Chauhan V.H. and Jowkar A.A. - 2016 - Stiff-person syndrome in association with cerebell.pdf,data\extraction_json\text\1242.json,data\extraction_json\text_trimmed\1242.json,265,500,94,2482,0,5,true,false,,,,,,,,true,trimmed_auto,Proceedings detected and candidate abstract passed identity and completeness guardrails.,page_local_sliding_window_match,page_local_sliding_window_match,M310,Cerebellar Ataxia: Overlapping Syndrome: A Case,0.8441,0.5000,0.7120,backtrack_abstract_boundary,next_abstract_boundary,0,false,false,1,27,27,2026-03-31T15:44:02.846491+00:00
1245,1245,Bilateral hip fracture during hospitalization for spasm exacerbation in an adult with stiff person syndrome: A case report,Podobinski T.K.; Mimbella P.C.; Irvine M.J.; Verduzco-Gutierrez M.,1245_Podobinski-2016-Bilateral hip fracture during.pdf,data\extraction_json\text\1245.json,,2,1,114,118,0,2,false,false,,,,,,,,false,not_needed,Document does not look like a large proceedings/program PDF.,,,,,,,,,,,,,,,,
1249,1249,Thymic abnormalities and stiff person syndrome,Yanlin R.C.; Kabir T.; Asmat A.; Basheer D.; Aneez A.,1249_Yanlin R.C. et al. - 2016 - Thymic abnormalities and stiff person syndrome.pdf,data\extraction_json\text\1249.json,,1,0,18,20,0,1,false,false,,,,,,,,false,not_needed,Document does not look like a large proceedings/program PDF.,,,,,,,,,,,,,,,,
1251,1251,Double trouble: Opisthotonos associated with guillain-barre Syndrome and GAD autoantibody,Alwis A.; Ram D.; Vassallo G.,1251_Alwis A. et al. - 2016 - Double trouble Opisthotonos associated with guill.pdf,data\extraction_json\text\1251.json,data\extraction_json\text_trimmed\1251.json,58,86,1675,1140,1,7,true,false,,,,,,,,true,trimmed_auto,Proceedings detected and candidate abstract passed identity and completeness guardrails.,page_local_sliding_window_match,page_local_sliding_window_match,126,Double trouble: opisthotonos associated with,0.8473,0.6667,0.7151,backtrack_abstract_boundary,next_abstract_boundary,4,false,false,1,49,50,2026-03-31T15:44:42.906748+00:00
1257,1257,Left-side asymmetry in cortical and spinal inhibitory circuits in stiff-person syndrome: A case report,Bocek V.; Cvickova B.; Peisker T.; Stetkarova I.,1257_Bocek V. et al. - 2016 - Left-side asymmetry in cortical and spinal inhibit.pdf,data\extraction_json\text\1257.json,,1,0,43,45,0,2,false,false,,,,,,,,false,not_needed,Document does not look like a large proceedings/program PDF.,,,,,,,,,,,,,,,,
1333,1333,Glycine antibody mediated progressive encephalomyelitis with rigidity and myoclonus (PERM): A paediatric presentation,Kariyawasam D.S.T.; Hildebrand D.; Jayawant S.; Palace J.; Leite M.I.; Ramdas S.,1333_Kariyawasam D.S.T. et al. - 2017 - Glycine antibody mediated progressive encephalomye.pdf,data\extraction_json\text\1333.json,data\extraction_json\text_trimmed\1333.json,90,7,1798,1095,1,6,true,true,0.1516,,,,,,,true,header_only_source,Matched entry appears to contain header-only listing without abstract body.,page_local_sliding_window_match,page_local_sliding_window_match,,encephalomyelitis with rigidity and myoclonus,0.8882,0.6667,0.7222,backtrack_title_cluster,window_extent_cap,0,false,true,1,40,40,2026-03-31T15:46:30.724623+00:00
1343,1343,Case control analysis of glycine receptor autoimmunity,Lopez-Chiriboga A.S.; Hinson S.; Bower J.; Matsumoto J.; Hassan A.; Basal E.; Lennon V.; Pittock S.; McKeon A.,1343_Lopez - Case Control Analysis of Glycine Receptor Autoimmunity.pdf,data\extraction_json\text\1343.json,,2,0,16,24,0,1,false,false,,,,,,,,false,not_needed,Document does not look like a large proceedings/program PDF.,,,,,,,,,,,,,,,,
1381,1381,Determination of antibodies to GAD67 and other antigens in patients with GAD65 antibody-associated syndromes,Gresa-Arribas N.; Arino H.; Sabater L.; Caballero E.; Alba M.; Martinez-Hernandez E.; Petit M.; Saiz A.; Dalmau J.; Graus F.,1381_Gresa - Determination of Antibodies to GAD67 and Other Antigens in Patients with GAD65 Antibody.pdf,data\extraction_json\text\1381.json,,1,0,17,19,0,1,false,false,,,,,,,,false,not_needed,Document does not look like a large proceedings/program PDF.,,,,,,,,,,,,,,,,
1388,1388,A retrospective analysis of patient-reported outcomes for 34 patients with stiff person syndrome receiving home IVIg infusions,Ladha S.; Ayer G.; Souayah N.,1388_Ladha - A Retrospective Analysis Of Patient.pdf,data\extraction_json\text\1388.json,,1,0,15,16,0,1,false,false,,,,,,,,false,not_needed,Document does not look like a large proceedings/program PDF.,,,,,,,,,,,,,,,,
1391,1391,Progressive encephalomyelitis with rigidity and myoclonus: A new variant with DPPX antibodies,Balint B.; Jarius S.; Nagel S.; Haberkorn U.; Probst C.; BlOcker I.M.; Bahtz R.; Komorowski L.; StOcker W.; Kastrup A.; Kuthe M.; Meinck H.-M.,1391_Progressive encephalomyelitis with rigidity and myoclonus.pdf,data\extraction_json\text\1391.json,data\extraction_json\text_trimmed\1391.json,10,21,294,249,1,6,true,false,,,,,,,,true,trimmed_auto,Proceedings detected and candidate abstract passed identity and completeness guardrails.,page_local_sliding_window_match,page_local_sliding_window_match,,Progressive encephalomyelitis with rigidity and myoclonus: A new,0.9020,0.8750,0.7276,backtrack_title_cluster,next_title_cluster,0,false,false,1,0,1,2026-03-31T15:46:36.077000+00:00
1393,1393,Stiff limb syndrome: A case report,Farhat E.; Zouari M.; Beyrouti R.; Sassi S.B.; Hentati F.,1393_Euro J of Neurology - 2014 - - Paper Poster Sessions.pdf,data\extraction_json\text\1393.json,data\extraction_json\text_trimmed\1393.json,323,109,1206,864,2,7,true,false,,,,,,,,true,trimmed_auto,Proceedings detected and candidate abstract passed identity and completeness guardrails.,fuzzy_title_author_block_match,fuzzy_title_author_block_match,PP2171,PP2171 Stiff limb syndrome: a case report,0.9664,1.0000,0.9748,,,4,false,false,1,134,134,2026-03-31T15:46:41.032300+00:00
1394,1394,Inpatient physiotherapy management for stiff person syndrome,Kahraman T.; Balci B.; Sengun I.S.,1394_Kahraman Inpatient physiotherapy management for stiff person syndrome.pdf,data\extraction_json\text\1394.json,data\extraction_json\text_trimmed\1394.json,5,24,197,137,1,6,true,false,,,,,,,,true,header_only_source,Matched entry appears to contain header-only listing without abstract body.,page_local_sliding_window_match,page_local_sliding_window_match,,Inpatient Physiotherapy Management for Stiff-Person Syndrome: A Case,0.9807,0.6667,0.7764,backtrack_title_cluster,next_abstract_boundary,0,false,true,1,0,0,2026-03-31T15:46:45.029936+00:00
1395,1395,An atypical Stiff-Person Syndrome associated with type 3 autoimmune polyglandular syndrome,Viana P.; Abreu L.; Fonseca V.R.; Cortes M.; Neutel D.; Pita Lobo P.; Albuquerque L.,1395_Atypical - s00415-014-7337-4.pdf,data\extraction_json\text\1395.json,data\extraction_json\text_trimmed\1395.json,524,102,1489,1176,2,7,true,false,,,,,,,,true,trimmed_auto,Proceedings detected and candidate abstract passed identity and completeness guardrails.,fuzzy_title_author_block_match,fuzzy_title_author_block_match,PP4124,PP4124 An atypical Stiff-Person syndrome associated with type 3 autoimmune polyglandular syndrome,0.9869,1.0000,0.9902,,,4,false,false,1,433,433,2026-03-31T15:46:58.377208+00:00
1397,1397,Reducing excess stiffness in stiff-person syndrome using CBT: A case study,Morris L.L.; Dysch L.; Salkovskis P.M.,1397_Movement Disorders - 2014 - - Poster Presentations.pdf,data\extraction_json\text\1397.json,data\extraction_json\text_trimmed\1397.json,571,102,2023,1000,1,7,true,true,0.1193,,,,,,,true,trimmed_auto,Proceedings detected and candidate abstract passed identity and completeness guardrails.,fuzzy_title_author_block_match,fuzzy_title_author_block_match,65,65 Reducing excess stiffness in stiff-person syndrome using CBT: A case study,0.9930,1.0000,0.9947,,,6,false,false,1,22,23,2026-03-31T15:47:11.983018+00:00
1398,1398,A neurological syndrome in a patient with anti glutamic acid decarboxylase (GAD) antibodies,Rachana G.; Tarannum K.,1398_mds.25914.pdf,data\extraction_json\text\1398.json,data\extraction_json\text_trimmed\1398.json,571,102,2023,971,0,5,true,true,0.0800,,,,,,,true,trimmed_auto,Proceedings detected and candidate abstract passed identity and completeness guardrails.,fuzzy_title_author_block_match,fuzzy_title_author_block_match,321,321 A neurological syndrome in a patient with anti glutamic acid decarboxylase (GAD) antibodies,0.9923,1.0000,0.9942,,,5,false,false,1,124,124,2026-03-31T15:47:21.557160+00:00
1401,1401,Pseudohemidystonia associated with anti-GAD antibodies,Kenda J.; Kojovic M.; Trost M.; Zupancic N.; Pirtosek Z.; Gregoric Kramberger M.,1401_kenda2015.pdf,data\extraction_json\text\1401.json,data\extraction_json\text_trimmed\1401.json,2,8,109,40,1,6,true,false,,,,,,,,true,trimmed_auto,Proceedings detected and candidate abstract passed identity and completeness guardrails.,page_local_sliding_window_match,page_local_sliding_window_match,,(Pseudo)hemidystonia associated with anti-glutamic acid decarboxylase antibodies – a case,0.7900,0.5000,0.6067,backtrack_title_cluster,next_abstract_boundary,1,false,false,1,0,0,2026-03-31T15:47:26.414882+00:00
1407,1407,Increased cortical excitability in patients with stiff person syndrome assessed by paired-pulse transcranial magnetic stimulation. A case study of two patients,Wilenius J.; Vaalto S.; Toppila J.; Partanen J.,1407_Wilenius P1022 Increased cortical excitability.pdf,data\extraction_json\text\1407.json,data\extraction_json\text_trimmed\1407.json,1,3,32,36,1,4,true,false,,,,,,,,true,trimmed_auto,Proceedings detected and candidate abstract passed identity and completeness guardrails.,fuzzy_title_author_block_match,fuzzy_title_author_block_match,P1022,P1022 Increased cortical excitability in patients with stiff person syndrome assessed by paired-pulse transcranial magnetic stimulation. A case study of two patients,0.9935,1.0000,0.9951,,,3,false,false,1,0,0,2026-03-31T15:47:28.950728+00:00
1416,1416,Immunomodulatory therapy in stiff-person syndrome (SPS): A controlled Rituximab-randomised study,Amarandei M.,1416_Amarandei M. - 2017 - Immunomodulatory therapy in stiff-person syndrome .pdf,data\extraction_json\text\1416.json,data\extraction_json\text_trimmed\1416.json,627,94,1495,1238,1,7,true,false,,,,,,,,true,trimmed_auto,Proceedings detected and candidate abstract passed identity and completeness guardrails.,fuzzy_title_author_block_match,fuzzy_title_author_block_match,1292,"1292 Immunomodulatory therapy in stiff-person syndrome (SPS): a controlled Rituximab-randomised study M. Amarandei (Bucharest, Romania) Objective: The efﬁcacy of the anti-CD20 antibody, Rituximab, in the",0.8768,1.0000,0.9076,,,5,false,false,1,505,505,2026-03-31T15:47:41.525273+00:00
1418,1418,Stiff-limb syndrome with cerebellar features and atypical EMG findings responds to IVIG,Rametta S.; Robinson G.; Hellmers N.; Jacoby N.; Sarva H.,1418_Rametta S. et al. - 2017 - Stiff-limb syndrome with cerebellar features and a.pdf,data\extraction_json\text\1418.json,data\extraction_json\text_trimmed\1418.json,627,94,1495,1238,1,7,true,false,,,,,,,,true,trimmed_auto,Proceedings detected and candidate abstract passed identity and completeness guardrails.,page_local_sliding_window_match,page_local_sliding_window_match,1316,Stiff-limb syndrome with cerebellar features and atypical EMG,0.9060,1.0000,0.8676,backtrack_abstract_boundary,next_abstract_boundary,4,false,false,1,515,515,2026-03-31T15:47:49.706967+00:00
1422,1422,Intrathecal baclofen therapy for GAD(+) stiff-person syndrome: A case series of 4 patients,Ungar L.; Taira T.; Zibly Z.,1422_Ungar L. et al. - 2017 - Intrathecal baclofen therapy for GAD(+) stiff-pers.pdf,data\extraction_json\text\1422.json,data\extraction_json\text_trimmed\1422.json,460,188,365,368,0,5,true,false,,,,,,,,true,header_only_source,Matched entry appears to contain header-only listing without abstract body.,fuzzy_title_author_block_match,fuzzy_title_author_block_match,P128,Intrathecal baclofen therapy for GAD(+) Stiff-Person Syndrome: A Case Series of 4 patients Authors:,0.9844,1.0000,0.9883,,,0,false,true,1,301,301,2026-03-31T15:47:54.200678+00:00
1437,1437,Acute lower limb spasticity: Stiff person syndrome responsive to immunomodulatory therapy in an adolescent female,Ogilvie R.; Kolski H.,1437_Ogilvie R. and Kolski H. - 2017 - Acute lower limb spasticity Stiff person syndrome.pdf,data\extraction_json\text\1437.json,,1,0,55,26,0,2,false,false,,,,,,,,false,not_needed,Document does not look like a large proceedings/program PDF.,,,,,,,,,,,,,,,,
1439,1439,Unrecognized respiratory manifestations of stiff person syndrome (SPS),Rakocevic G.; Woodford M.; Pack K.; Allen A.; Sexaur W.,1439_Rakocevic G. et al. - 2017 - Unrecognized respiratory manifestations of stiff p.pdf,data\extraction_json\text\1439.json,data\extraction_json\text_trimmed\1439.json,233,487,418,2383,2,7,true,true,0.1303,,,,,,,true,header_only_source,Matched entry appears to contain header-only listing without abstract body.,fuzzy_title_author_block_match,fuzzy_title_author_block_match,M300,Unrecognized Respiratory Manifestations of Stiff,0.9072,1.0000,0.9304,,,0,false,true,1,22,22,2026-03-31T15:48:04.446903+00:00
1441,1441,Spectrum of stiff person syndrome expands with presence of retinal pathology,Shoemaker T.; Rothman A.; Prince J.; Saidha S.; Calabresi P.A.; Newsome S.D.,1441_1352458517731404.pdf,data\extraction_json\text\1441.json,data\extraction_json\text_trimmed\1441.json,342,46,1114,1921,1,7,true,false,,,,,,,,true,trimmed_auto,Proceedings detected and candidate abstract passed identity and completeness guardrails.,fuzzy_title_author_block_match,fuzzy_title_author_block_match,P601,P601 Spectrum of stiff person syndrome expands with presence of retinal pathology T. Shoemaker,0.9648,1.0000,0.9736,,,5,false,false,1,192,192,2026-03-31T15:48:12.655690+00:00
1446,1446,Neurologic disorders associated with anti-glutamic acid decarboxylase antibodies: Comparison of anti-GAD antibodies titer and time-dependent changes between neurologic disease and type I diabetes mellitus,Tani H.; Hideto N.; Kiichi U.; Toshifumi H.; Shimon I.; Fumiharu K.; Shigeki A.,1446_Tani H. et al. - 2017 - Neurologic disorders associated with anti-glutamic.pdf,data\extraction_json\text\1446.json,data\extraction_json\text_trimmed\1446.json,2,7,120,81,1,5,true,false,,,,,,,,true,trimmed_auto,Proceedings detected and candidate abstract passed identity and completeness guardrails.,page_local_sliding_window_match,page_local_sliding_window_match,2523,Neurologic disorders associated with anti-glutamic acid decarboxylase antibodies: Comparison of anti-GAD antibodies,0.8799,1.0000,0.8687,backtrack_abstract_boundary,next_abstract_boundary,4,false,false,1,0,1,2026-03-31T15:48:23.965757+00:00
1447,1447,"Hypokinesia, brainstem involvement, rigidity and exaggerated startle in a child with glycine receptors antibodies",Amin S.; Hameed B.; Babiker M.O.E.,"1447_Amin S. et al. - 2017 - Hypokinesia, brainstem involvement, rigidity and e.pdf",data\extraction_json\text\1447.json,data\extraction_json\text_trimmed\1447.json,98,80,1709,1075,1,7,true,true,0.1725,,,,,,,true,trimmed_auto,Proceedings detected and candidate abstract passed identity and completeness guardrails.,page_local_sliding_window_match,page_local_sliding_window_match,042,"Hypokinesia, Brainstem Involvement, Rigidity and",0.9246,0.3333,0.7037,backtrack_abstract_boundary,next_abstract_boundary,0,false,false,1,16,16,2026-03-31T15:48:33.592591+00:00
1453,1453,Stiff person syndrome without axial stiffness or hyperekplexia: A case report,Lee M.,1453_Lee-2017-Stiff person syndrome without axial s.pdf,data\extraction_json\text\1453.json,,1,1,62,50,0,2,false,false,,,,,,,,false,not_needed,Document does not look like a large proceedings/program PDF.,,,,,,,,,,,,,,,,
1458,1458,Unrecognized respiratory manifestations of stiff person syndrome,Rakocevic G.; Allen A.; Pack K.; Woodford M.; Sexauer W.,1458_Muscle and Nerve - 2017 - - American Association of Neuromuscular Electrodiagnostic Medicine Annual Meeting Abstracts (1).pdf,data\extraction_json\text\1458.json,data\extraction_json\text_trimmed\1458.json,119,57,1291,716,1,7,true,false,,,,,,,,true,trimmed_auto,Proceedings detected and candidate abstract passed identity and completeness guardrails.,fuzzy_title_author_block_match,fuzzy_title_author_block_match,120,120 UNRECOGNIZED RESPIRATORY MANIFESTATIONS OF STIFF PERSON SYNDROME,0.9894,1.0000,0.9920,,,4,false,false,1,61,61,2026-03-31T15:48:40.523959+00:00
1501,1501,Ocular motor function in stiff person syndrome-Role of GABA and beyond,Wang F.; Neilson L.; Wang H.; Wilmot G.; Shaikh A.,1501_Wang - Ocular motor function in stiff person syndrome.pdf,data\extraction_json\text\1501.json,,1,0,22,11,0,2,false,false,,,,,,,,false,not_needed,Document does not look like a large proceedings/program PDF.,,,,,,,,,,,,,,,,
1504,1504,"Progressive encephalomyelitis with rigidity and myoclonus (PERM): Phenomenology, investigations and management of two recent cases",Munteanu T.; Lamas-Osorio Y.; Cullinane P.; Lynch T.,1504_Munteanu - Progressive encephalomyelitis with rigidity and myoclonus (PERM).pdf,data\extraction_json\text\1504.json,,3,0,19,23,0,1,false,false,,,,,,,,false,not_needed,Document does not look like a large proceedings/program PDF.,,,,,,,,,,,,,,,,
1511,1511,Stiff-limb syndrome: Thinking about that!,Delorme A.; Pencu D.E.; De Saint-Hubert G.,1511_Delorme A. et al. - 2018 - Stiff-limb syndrome Thinking about that!.pdf,data\extraction_json\text\1511.json,data\extraction_json\text_trimmed\1511.json,81,12,499,670,0,5,true,false,,,,,,,,true,header_only_source,Matched entry appears to contain header-only listing without abstract body.,page_local_sliding_window_match,page_local_sliding_window_match,,0028 Sti ﬀ-Limb Syndrome: Thinking about that !,0.8667,0.6667,0.6396,backtrack_title_cluster,window_extent_cap,0,false,true,1,3,3,2026-03-31T15:48:42.914593+00:00
1540,1540,Multiplex family with GAD65-Abs neurologic syndromes,Belbezier A.; Joubert B.; Montero-Martin G.; Fernandez-Vina M.; Fabien N.; Rogemond V.; Mignot E.; Honnorat J.,1540_Belbezier A. et al. - 2018 - Multiplex family with GAD65-Abs neurologic syndrom.pdf,data\extraction_json\text\1540.json,,6,33,186,202,2,6,true,false,,,,,,,,true,manual_review_required,Matched entry appears truncated or lacks sufficient abstract body content.,,page_local_sliding_window_match,,Multiplex family with GAD65-Abs neurologic syndromes,1.0000,0.2500,0.6487,backtrack_title_cluster,window_extent_cap,2,false,false,1,0,0,
1597,1597,O-35 The Stiff Person Syndrome. Neurophysiological findings,Maeztu Sardina M.C.; Martinez Garcia F.A.; Garnes C.; Garcia L.; Puerto A.M.,1597_Maeztu Sardina M.C. et al. - 2019 - O-35 The Stiff Person Syndrome. Neurophysiological.pdf,data\extraction_json\text\1597.json,,1,3,51,43,0,2,false,false,,,,,,,,false,not_needed,Document does not look like a large proceedings/program PDF.,,,,,,,,,,,,,,,,
1598,1598,Coexistence of neuromyelitis optica and stiff person syndrome in a single patient: A case report,Thuringer A.J.; Jassam Y.N.,1598_Thuringer A.J. and Jassam Y.N. - 2019 - Coexistence of neuromyelitis optica and stiff pers.pdf,data\extraction_json\text\1598.json,,9,20,343,459,1,6,true,false,,,,,,,,true,manual_review_required,"Proceedings detected, but the candidate did not match title/authors strongly enough.",,page_local_sliding_window_match,,nating syndrome similar to Neuromyelitis Optica Spectrum,0.3387,0.0000,0.1942,anchor_line,next_abstract_boundary,9,false,false,1,6,7,
1602,1602,Progressive encephalomyelitis with rigidity and myoclonus - Case report,Barbov I.; Stojkoska F.; Petovska-Cvetkovska D.; Lazarova S.,1602_Barbov I. et al. - 2019 - Progressive encephalomyelitis with rigidity and my.pdf,data\extraction_json\text\1602.json,data\extraction_json\text_trimmed\1602.json,235,4,1136,942,0,4,true,false,,,,,,,,true,header_only_source,Matched entry appears to contain header-only listing without abstract body.,page_local_sliding_window_match,page_local_sliding_window_match,,Progressive encephalomyelitis with,0.8716,1.0000,0.8096,backtrack_title_cluster,window_extent_cap,0,false,true,1,17,17,2026-03-31T15:48:58.112080+00:00
1605,1605,A stiff woman,Srinithya F.; Gadde S.,1605_s11606-019-05007-5.pdf,data\extraction_json\text\1605.json,,769,8,1821,1344,2,7,true,false,,,,,,,,true,manual_review_required,Matched entry appears truncated or lacks sufficient abstract body content.,,page_local_sliding_window_match,,A STIFF WOMAN,1.0000,1.0000,0.7893,backtrack_title_cluster,window_extent_cap,1,false,false,1,360,360,
1609,1609,Unusual respiratory manifestation in a patient with Stiff Person Syndrome (SPS),Lin A.; Arias A.A.; Casul Y.R.; Gupta A.; Calder C.,1609_Lin - Unusual Respiratory Manifestation in a Patient with Stiff Person Syndrome.pdf,data\extraction_json\text\1609.json,,1,0,10,18,0,0,false,false,,,,,,,,false,not_needed,Document does not look like a large proceedings/program PDF.,,,,,,,,,,,,,,,,
1614,1614,Long-term rituximab use benefits patients with stiff person syndrome,Aljarallah S.; Wang Y.; Shoemaker T.; Newsome S.,1614_Aljarallah - Long-term RTX use.pdf,data\extraction_json\text\1614.json,,1,0,13,17,0,1,false,false,,,,,,,,false,not_needed,Document does not look like a large proceedings/program PDF.,,,,,,,,,,,,,,,,
1662,1662,Progressive encephalomyelitis with rigidity and myoclonus with antibodies to glycine receptor presenting with temporomandibular joint dislocation,Mahdi Aljedani R.; Meyer I.; Novy J.; Pagani J.-L.; Arlettaz L.; Ribi C.,1662_Mahdi - SMW.pdf,data\extraction_json\text\1662.json,data\extraction_json\text_trimmed\1662.json,29,314,1833,1142,3,7,true,false,,,,,,,,true,header_only_source,Matched entry appears to contain header-only listing without abstract body.,page_local_sliding_window_match,page_local_sliding_window_match,P72,Progressive encephalomyelitis with rigidity and myoclonus with,0.8762,1.0000,0.8548,backtrack_abstract_boundary,next_abstract_boundary,0,false,true,1,26,26,2026-03-31T15:49:20.837523+00:00
1664,1664,A rare person with Stiff Person syndrome,Suciu R.; Stoicanescu D.; Cevei M.; Bodog F.,1664_Suciu R. et al. - 2019 - A rare person with Stiff Person syndrome.pdf,data\extraction_json\text\1664.json,data\extraction_json\text_trimmed\1664.json,204,18,1539,926,1,7,true,false,,,,,,,,true,trimmed_auto,Proceedings detected and candidate abstract passed identity and completeness guardrails.,page_local_sliding_window_match,page_local_sliding_window_match,,E-P10.05A rare person with Stiff Person syndrome,0.9682,1.0000,0.8102,backtrack_title_cluster,next_abstract_boundary,0,false,false,1,129,130,2026-03-31T15:49:26.216459+00:00
1671,1671,Autoimmune retinopathy in two patients with stiff-person syndrome with anti-GAD65 autoantibodies,Vargas M.E.; Vasconcelos H.; Yang S.; Adamus G.; Yang P.,1671_Vargas Autoimmune retinopathy in two patients with stiff-person syndrome with anti-GAD65 autoantibodies.pdf,data\extraction_json\text\1671.json,,1,0,14,12,0,1,false,false,,,,,,,,false,not_needed,Document does not look like a large proceedings/program PDF.,,,,,,,,,,,,,,,,
1674,1674,Anti-glutamic acid decarboxylase associated neurologic disorders referred from neuro-ophthalmology and neurotology: A case series with characterization of vestibulo-ocular function,Wang Y.; Tourkevich R.; Gold D.; Newsome S.D.,1674_Wang - anti-GAD associated ND.pdf,data\extraction_json\text\1674.json,,1,0,20,17,0,2,false,false,,,,,,,,false,not_needed,Document does not look like a large proceedings/program PDF.,,,,,,,,,,,,,,,,
1764,1764,"Rituximab improves not only back stiffness but also ""stiff eyes"" in stiff person syndrome: Implications for immune-mediated treatment",Kodama S.; Tokushige S.-I.; Sugiyama Y.; Sato K.; Otsuka J.; Shirota Y.; Hamada M.; Iwata A.; Toda T.; Tsuji S.; Terao Y.,1764_Kodama S. et al. - 2020 - Rituximab improves not only back stiffness but als.pdf,data\extraction_json\text\1764.json,data\extraction_json\text_trimmed\1764.json,7,11,248,181,2,6,true,false,,,,,,,,true,trimmed_auto,Proceedings detected and candidate abstract passed identity and completeness guardrails.,page_local_sliding_window_match,page_local_sliding_window_match,,Rituximab improves not only back sti ﬀness but also “stiﬀ eyes” in sti ﬀ person syndrome: Implications for immune-mediated treatment,0.9509,1.0000,0.8113,backtrack_title_cluster,next_abstract_boundary,4,false,false,1,0,0,2026-03-31T15:49:33.120262+00:00
1774,1774,An unusual presentation of stiff-person syndrome,Saengphatrachai W.; Wantaneeyawong C.; Pitakpatapee Y.; Srivanitchapoom P.,1774_Saengphatrachai W. et al. - 2019 - An unusual presentation of stiff-person syndrome.pdf,data\extraction_json\text\1774.json,data\extraction_json\text_trimmed\1774.json,178,1042,163,107,1,7,true,false,,,,,,,,true,header_only_source,Matched entry appears to contain header-only listing without abstract body.,page_local_sliding_window_match,page_local_sliding_window_match,,Pe-027-5 An unusual presentation of stiff-person syndrome,0.9700,1.0000,0.8267,backtrack_title_cluster,next_abstract_boundary,0,false,true,1,134,134,2026-03-31T15:49:49.750276+00:00
1782,1782,Stiff Limb Syndrome Masquerading As a Focal Limb Dystonia,Morrison P.; Barbano R.,1782_Morrison - Stiff Limb Syndrome Masquerading As a Focal Limb Dystonia.pdf,data\extraction_json\text\1782.json,,1,0,17,19,1,3,true,false,,,,,,,,true,manual_review_required,Matched entry appears truncated or lacks sufficient abstract body content.,,page_local_sliding_window_match,,Stiff Limb Syndrome Masquerading As a Focal,0.9185,1.0000,0.7951,backtrack_title_cluster,window_extent_cap,2,false,false,1,0,0,
1784,1784,Stiff-person syndrome and limbic encephalopathy associated with GAD-antibody: A case report,Li S.L.; Yang Y.M.; Guan H.Z.; Wan X.H.; Ren H.T.,1784_Li - Stiff.pdf,data\extraction_json\text\1784.json,,2,1,12,23,0,1,false,false,,,,,,,,false,not_needed,Document does not look like a large proceedings/program PDF.,,,,,,,,,,,,,,,,
1787,1787,Functional stiff person like disorders: Clinical features and red flags,Balint B.; Jha A.; Edwards M.; Meinck H.M.; Bhatia K.,1787_Balint - Functional stiff person like disorders.pdf,data\extraction_json\text\1787.json,,1,0,15,14,0,1,false,false,,,,,,,,false,not_needed,Document does not look like a large proceedings/program PDF.,,,,,,,,,,,,,,,,
1793,1793,Stiff-person syndrome: The analyses of 15 cases and their prognosises,Wei X.; Cai J.; Zhang C.; Lin H.,1793_Basic Clin Pharma Tox - 2019 - - Expression of Concern Abstracts.pdf,data\extraction_json\text\1793.json,data\extraction_json\text_trimmed\1793.json,154,72,1461,1106,1,7,true,false,,,,,,,,true,trimmed_auto,Proceedings detected and candidate abstract passed identity and completeness guardrails.,fuzzy_title_author_block_match,fuzzy_title_author_block_match,144,Stiff- person syndrome: The analyses of 15 cases and their prognosises,1.0000,1.0000,1.0000,,,3,false,false,1,85,86,2026-03-31T15:49:57.253108+00:00
1802,1802,Advanced progression of scoliosis after intrathecal baclofen in an adult with stiff person syndrome: A case report,Oh D.C.; LaGrant B.; Sein M.,1802_Oh D.C. et al. - 2019 - Advanced progression of scoliosis after intratheca.pdf,data\extraction_json\text\1802.json,,187,7,1719,1558,1,6,true,false,,,,,,,,true,manual_review_required,Matched entry appears truncated or lacks sufficient abstract body content.,,page_local_sliding_window_match,,Advanced Progression of Scoliosis After Intrathecal Baclofen in an,0.8756,1.0000,0.8104,backtrack_title_cluster,window_extent_cap,1,false,false,1,22,22,
1805,1805,Possible link of genetic variants to autoimmunity in GAD-antibody-associated neurological disorders,Thaler F.S.; Bangol B.; Biljecki M.; Havla J.; Schumacher A.-M.; Kumpfel T.,1805_Thaler F.S. et al. - 2020 - Possible link of genetic variants to autoimmunity .pdf,data\extraction_json\text\1805.json,data\extraction_json\text_trimmed\1805.json,5,11,164,155,1,6,true,false,,,,,,,,true,trimmed_auto,Proceedings detected and candidate abstract passed identity and completeness guardrails.,page_local_sliding_window_match,page_local_sliding_window_match,,Possible link of genetic variants to autoimmunity in GAD-antibody- associated neurological disorders,1.0000,0.8333,0.7664,backtrack_title_cluster,next_abstract_boundary,4,false,false,1,0,0,2026-03-31T15:50:14.275327+00:00
1807,1807,Anti-GAD65 antibody mediated systemic small vessel vasculitis with CNS involvement presenting as refractory status epilepticus and stiff-limb syndrome,Neupert D.; Leibu N.; Aysenne A.; Dunn C.R.,1807_Neupert D. et al. - 2019 - Anti-GAD65 antibody mediated systemic small vessel.pdf,data\extraction_json\text\1807.json,data\extraction_json\text_trimmed\1807.json,341,42,288,420,2,7,true,false,,,,,,,,true,header_only_source,Matched entry appears to contain header-only listing without abstract body.,page_local_sliding_window_match,page_local_sliding_window_match,,Anti-GAD65 Antibody Mediated Systemic Small Vessel Vasculitis with CNS Involvement Presenting as,0.9234,0.7500,0.7779,backtrack_title_cluster,next_abstract_boundary,0,false,true,1,290,290,2026-03-31T15:50:19.425894+00:00
1829,1829,Providing relief from stiff person syndrome through intrathecal baclofen: A case report,Mazzola A.J.; Escalon M.X.,1829_Mazzola - Poster 254 Providing Relief from Stiff Person Syndrome through Intrathecal Baclofen A Case Report.pdf,data\extraction_json\text\1829.json,data\extraction_json\text_trimmed\1829.json,2,2,115,114,1,4,true,false,,,,,,,,true,trimmed_auto,Proceedings detected and candidate abstract passed identity and completeness guardrails.,page_local_sliding_window_match,page_local_sliding_window_match,,Providing Relief from Stiff Person Syndrome through,0.8781,0.0000,0.5591,backtrack_title_cluster,next_abstract_boundary,1,false,false,1,0,0,2026-03-31T15:50:25.927763+00:00
1838,1838,Progressive encephalomyelitis with rigidity and myoclonus with multiple autoantibodies as a first manifestation of thymoma,Florea A.; Matei A.; Mitu C.E.; Popescu B.O.,1838_Euro J of Neurology - 2020 - - ePoster Sessions.pdf,data\extraction_json\text\1838.json,data\extraction_json\text_trimmed\1838.json,706,2,1145,851,2,5,true,false,,,,,,,,true,header_only_source,Matched entry appears to contain header-only listing without abstract body.,page_local_sliding_window_match,page_local_sliding_window_match,,autoantibodies as a first manifestation of thymoma,0.9366,1.0000,0.8241,backtrack_title_cluster,window_extent_cap,0,false,true,1,455,455,2026-03-31T15:50:36.956853+00:00
1841,1841,Stiff person syndrome: A case report,Marin Conesa E.; Marin Marin J.; Gomez Lopez E.; Martinez Zarco M.; Pellicer Espinosa I.; Gimenez Lopez E.; Rodriguez Garcia J.M.; Martinez Navarro M.L.; Iniesta Valera J.A.,1841_Marin Conesa E. et al. - 2020 - Stiff person syndrome A case report.pdf,data\extraction_json\text\1841.json,data\extraction_json\text_trimmed\1841.json,10,27,421,264,1,6,true,false,,,,,,,,true,header_only_source,Matched entry appears to contain header-only listing without abstract body.,page_local_sliding_window_match,page_local_sliding_window_match,,"a,*",0.6369,0.0000,0.2177,anchor_line,next_abstract_boundary,0,false,true,1,2,2,2026-03-31T15:50:43.246261+00:00
1897,1897,Autologous hematopoietic stem cell transplantation may be highly effective treatment for severe stiff person syndrome,Georges G.E.; Bowen J.D.; Pearlman M.; Wundes A.; Von Geldern G.; Kraft G.H.; Weiss M.D.; McLaughlin B.; Sytsma J.; Nash R.,1897_Georges-2018-Autologous hematopoietic stem cell transplantation may be highly effective treatment for severe stiff person syndrome.pdf,data\extraction_json\text\1897.json,data\extraction_json\text_trimmed\1897.json,1,4,23,49,1,5,true,true,0.0804,,,,,,,true,trimmed_auto,Proceedings detected and candidate abstract passed identity and completeness guardrails.,page_local_sliding_window_match,page_local_sliding_window_match,142,May be Highly Effective Treatment for Severe Stiff Person,0.8468,0.5000,0.7190,backtrack_abstract_boundary,next_abstract_boundary,0,false,false,1,0,0,2026-03-31T15:50:56.506512+00:00
1898,1898,"Anti-gad positive syndrome (stiff-man): A 9-years-case report of treatment, evolution and a review",De Camargo Carmello J.F.; Oliveira A.S.B.,1898_De Camargo Carmello J.F. and Oliveira A.S.B. - 2018 - Anti-gad positive syndrome (stiff-man) A 9-years-.pdf,data\extraction_json\text\1898.json,data\extraction_json\text_trimmed\1898.json,199,87,1324,1382,0,5,true,false,,,,,,,,true,trimmed_auto,Proceedings detected and candidate abstract passed identity and completeness guardrails.,page_local_sliding_window_match,page_local_sliding_window_match,A25,"of treatment, evolution and a review",0.8074,0.0000,0.5326,backtrack_abstract_boundary,next_abstract_boundary,1,false,false,1,11,12,2026-03-31T15:51:06.296106+00:00
1899,1899,Stiff-person syndrome and type 1 diabetes mellitus: Report of a family,Faro F.N.; Bussular T.C.; Feder C.K.R.; Salles J.E.N.; Scalissi N.M.; Pereira M.V.,1899_Faro F.N. et al. - 2018 - Stiff-person syndrome and type 1 diabetes mellitus.pdf,data\extraction_json\text\1899.json,,199,87,1324,1382,0,5,true,false,,,,,,,,true,manual_review_required,"Proceedings detected, but the candidate did not match title/authors strongly enough.",,fuzzy_title_author_block_match,A416,A416 Thyroid hormone resistance syndrome associated with decompensated type 1 diabetes mellitus in young patient: case report,0.5803,0.3333,0.4769,,,5,false,false,1,185,185,
1900,1900,Stiff person syndrome exacerbations & therapeutic plasma exchange,Stiefel E.; Leeper J.; Alquist C.,1900_Stiefel E. et al. - 2018 - Stiff person syndrome exacerbations & therapeutic .pdf,data\extraction_json\text\1900.json,data\extraction_json\text_trimmed\1900.json,74,81,1195,950,1,7,true,true,0.0810,,,,,,,true,trimmed_auto,Proceedings detected and candidate abstract passed identity and completeness guardrails.,fuzzy_title_author_block_match,fuzzy_title_author_block_match,52,STIFF PERSON SYNDROME EXACERBATIONS & THERAPEUTIC PLASMA EXCHANGE,1.0000,1.0000,1.0000,,,5,false,false,1,39,40,2026-03-31T15:51:23.150953+00:00
1901,1901,Iatrogenic hypoglobulinemia due to the therapeutic plasma exchange: Managing the patient with allergies to blood products,Linnik Y.A.; Moiseff R.; Thomasson R.; Szczepiorkowski Z.; Dunbar N.,1901_Linnik Y.A. et al. - 2018 - Iatrogenic hypoglobulinemia due to the therapeutic.pdf,data\extraction_json\text\1901.json,data\extraction_json\text_trimmed\1901.json,74,81,1195,950,1,7,true,true,0.1034,,,,,,,true,trimmed_auto,Proceedings detected and candidate abstract passed identity and completeness guardrails.,fuzzy_title_author_block_match,fuzzy_title_author_block_match,75,IATROGENIC HYPOGLOBULINEMIA DUE TO THE THERAPEUTIC PLASMA EXCHANGE: MANAGING THE PATIENT WITH ALLERGIES TO BLOOD PRODUCTS,1.0000,1.0000,1.0000,,,4,false,false,1,58,59,2026-03-31T15:51:31.753012+00:00
1903,1903,Stiff person's syndrome: Challenging symptom control,Thakolkaran N.T.; Kaur R.,1903_Thakolkaran N.T. and Kaur R. - 2018 - Stiff person's syndrome Challenging symptom contr.pdf,data\extraction_json\text\1903.json,data\extraction_json\text_trimmed\1903.json,369,146,1818,1494,1,7,true,false,,,,,,,,true,trimmed_auto,Proceedings detected and candidate abstract passed identity and completeness guardrails.,page_local_sliding_window_match,page_local_sliding_window_match,C31,Stiff Person’s Syndrome: Challenging symptom control,0.8882,1.0000,0.8142,backtrack_abstract_boundary,next_abstract_boundary,4,false,false,1,182,182,2026-03-31T15:51:41.000206+00:00
1909,1909,"Autologous hematopoietic stem cell transplantation may be highly effective treatment for severe, treatment refractory stiff person syndrome",Georges G.; McSweeney P.; Bowen J.; Pearlman M.; Wundes A.; Von Geldern G.; Kraft G.; Weiss M.; Sytsma J.; McLaughlin B.; Nash R.,1909_Georges - Autologous Hematopoietic Stem Cell Transplantation May Be Highly Effective Treatment for Severe.pdf,data\extraction_json\text\1909.json,data\extraction_json\text_trimmed\1909.json,2,0,15,29,1,3,true,false,,,,,,,,true,header_only_source,Matched entry appears to contain header-only listing without abstract body.,page_local_sliding_window_match,page_local_sliding_window_match,,"Highly Effective Treatment for Severe, Treatment Refractory Stiff",0.8637,1.0000,0.8041,backtrack_title_cluster,window_extent_cap,0,false,true,1,0,0,2026-03-31T15:51:42.352505+00:00
1911,1911,Anti-GAD-65 associated progressive encephalomyelitis with rigidity and myoclonus following west NILE virus encephalitis,Loeb J.S.; Devine M.; Perven G.,1911_Loeb - Anti.pdf,data\extraction_json\text\1911.json,,1,0,11,14,0,0,false,false,,,,,,,,false,not_needed,Document does not look like a large proceedings/program PDF.,,,,,,,,,,,,,,,,
1916,1916,A rare cause of progressive encephalopathy - PERM,Hartigan S.; Turner R.; Hastings J.,1916_Hartigan S. et al. - 2018 - A rare cause of progressive encephalopathy - PERM.pdf,data\extraction_json\text\1916.json,data\extraction_json\text_trimmed\1916.json,97,152,1495,1454,0,5,true,false,,,,,,,,true,trimmed_auto,Proceedings detected and candidate abstract passed identity and completeness guardrails.,page_local_sliding_window_match,page_local_sliding_window_match,,A Rare Cause Of Progressive Encephalopathy - PERM,1.0000,1.0000,0.8232,backtrack_title_cluster,next_abstract_boundary,6,false,false,1,69,70,2026-03-31T15:51:49.444407+00:00
1918,1918,Spasmodic reflex myoclonus-an characteristic electrophysiological manifestation for the diagnosis of Stiff-person syndrome,Tsai C.-H.,1918_Tsai C.-H. - 2018 - Spasmodic reflex myoclonus-an characteristic elect.pdf,data\extraction_json\text\1918.json,data\extraction_json\text_trimmed\1918.json,2,5,111,80,0,3,true,false,,,,,,,,true,trimmed_auto,Proceedings detected and candidate abstract passed identity and completeness guardrails.,fuzzy_title_author_block_match,fuzzy_title_author_block_match,F59,Spasmodic reﬂex myoclonus-an characteristic electrophysi- ological manifestation for the diagnosis of Stiff-person syn-,0.8613,0.0000,0.6459,,,4,false,false,1,0,1,2026-03-31T15:51:56.633335+00:00
1921,1921,Refractory anti-gad positive stiff-person syndrome controlled after rituximab therapy,Aragao V.; Braga E.; Marinho A.R.; Nobrega P.; Simabukuro M.; Ferreira G.; Maia F.,1921_Aragao V. et al. - 2018 - Refractory anti-gad positive stiff-person syndrome.pdf,data\extraction_json\text\1921.json,data\extraction_json\text_trimmed\1921.json,104,93,1487,1553,0,5,true,true,0.0898,,,,,,,true,trimmed_auto,Proceedings detected and candidate abstract passed identity and completeness guardrails.,page_local_sliding_window_match,page_local_sliding_window_match,172,Refractory Anti-GAD Positive Stiff-person Syndrome Controlled,0.9100,0.8571,0.8311,backtrack_abstract_boundary,next_abstract_boundary,5,false,false,1,67,68,2026-03-31T15:52:06.713805+00:00
1922,1922,Stiff person syndrome presenting with spastic dysarthria,Persaud A.; Shneyder N.; Pulley M.; Giles S.,1922_Persaud A. et al. - 2018 - Stiff person syndrome presenting with spastic dysa.pdf,data\extraction_json\text\1922.json,data\extraction_json\text_trimmed\1922.json,104,93,1487,1553,0,5,true,true,0.0827,,,,,,,true,trimmed_auto,Proceedings detected and candidate abstract passed identity and completeness guardrails.,page_local_sliding_window_match,page_local_sliding_window_match,116,Stiff Person Syndrome Presenting with Spastic Dysarthria,1.0000,1.0000,0.8702,backtrack_abstract_boundary,next_abstract_boundary,5,false,false,1,45,45,2026-03-31T15:52:16.729206+00:00
1923,1923,Intrathecal baclofen effects in stiff person syndrome: Clinical and instrumented gait analysis,Rocha M.S.; Terzian P.R.; Ferreira R.; Majdoub A.A.; Barbosa J.; Godinho F.,1923_Rocha M.S. et al. - 2018 - Intrathecal baclofen effects in stiff person syndr.pdf,data\extraction_json\text\1923.json,data\extraction_json\text_trimmed\1923.json,104,93,1487,1553,0,5,true,true,0.0817,,,,,,,true,trimmed_auto,Proceedings detected and candidate abstract passed identity and completeness guardrails.,page_local_sliding_window_match,page_local_sliding_window_match,117,Intrathecal Baclofen Effects in Stiff Person Syndrome: Clinical and,0.9081,0.6667,0.7770,backtrack_abstract_boundary,next_abstract_boundary,5,false,false,1,45,46,2026-03-31T15:52:31.145127+00:00
1924,1924,Status dystonicus in a young person as an unusual presentation of stiff person syndrome: A case report,Di Luca D.G.; Bette S.; Luca C.; Singer C.,1924_Di Luca-2018-Status dystonicus in a young pers.pdf,data\extraction_json\text\1924.json,data\extraction_json\text_trimmed\1924.json,104,93,1487,1553,0,5,true,true,0.0788,,,,,,,true,trimmed_auto,Proceedings detected and candidate abstract passed identity and completeness guardrails.,page_local_sliding_window_match,page_local_sliding_window_match,148,Status Dystonicus in a Young Person as an Unusual Presentation of,0.8916,0.7500,0.8024,backtrack_abstract_boundary,next_abstract_boundary,5,false,false,1,58,59,2026-03-31T15:52:42.471583+00:00
1931,1931,"""Stiff young woman"": Case report",Sousa M.; Varela R.; Carneiro D.; Januario C.; Morgadinho A.,1931_Sousa - Stiff young women.pdf,data\extraction_json\text\1931.json,,1,0,15,19,0,1,false,false,,,,,,,,false,not_needed,Document does not look like a large proceedings/program PDF.,,,,,,,,,,,,,,,,
1932,1932,An international survey of stiff person spectrum disorders: Exploring the clinical spectrum and unmet needs,Balint B.; Gatto E.; Etcheverry J.; Cesarini M.; Virginia Parisi V.; Rodriguez Violante M.; Garcia Ruiz P.; Bhatia K.,1932_Balint-2018-An international survey of stiff person spectrum disorders Exploring the clinical spectrum and unmet needs.pdf,data\extraction_json\text\1932.json,,2,0,6,28,0,0,false,false,,,,,,,,false,not_needed,Document does not look like a large proceedings/program PDF.,,,,,,,,,,,,,,,,
1935,1935,Stiff limb syndrome: A rare variant of stiff person's syndrome,Lin B.; Sivakumar K.; Yacoub H.; Varrato J.; Walsh A.; Romano A.,1935_B Lin - Stiff Limb Syndrome.pdf,data\extraction_json\text\1935.json,,1,0,17,11,0,1,false,false,,,,,,,,false,not_needed,Document does not look like a large proceedings/program PDF.,,,,,,,,,,,,,,,,
1947,1947,AN INTERESTING PRESENTATION OF STIFF-PERSON SYNDROME,Lezama K.; Hudey S.; Glaum M.,1947_Lezama K. et al. - 2020 - AN INTERESTING PRESENTATION OF STIFF-PERSON SYNDRO.pdf,data\extraction_json\text\1947.json,data\extraction_json\text_trimmed\1947.json,1,6,61,46,1,5,true,false,,,,,,,,true,trimmed_auto,Proceedings detected and candidate abstract passed identity and completeness guardrails.,fuzzy_title_author_block_match,fuzzy_title_author_block_match,M171,M171 AN INTERESTING PRESENTATION OF STIFF-PERSON SYNDROME,0.9839,1.0000,0.9880,,,2,false,false,1,0,0,2026-03-31T15:52:45.497858+00:00
1971,1971,"""Rigid"" lower back pain: A case of stiff person syndrome",Aurore V.; Stephane G.,1971_Aurore - Rigid lower back pain.pdf,data\extraction_json\text\1971.json,,1,0,13,16,0,1,false,false,,,,,,,,false,not_needed,Document does not look like a large proceedings/program PDF.,,,,,,,,,,,,,,,,
2500,2500,Clinical Spectrum of Stiff Person Syndrome: A Review of Recent Reports.,"Sarva, Harini; Deik, Andres; Ullah, Aman; Severt, William L",2500_Sarva et al. - 2016 - Clinical Spectrum of Stiff Person Syndrome A Revi.pdf,data\extraction_json\text\2500.json,data\extraction_json\text_trimmed\2500.json,23,111,387,661,0,4,true,false,,,,,,,,true,trimmed_auto,Proceedings detected and candidate abstract passed identity and completeness guardrails.,page_local_sliding_window_match,page_local_sliding_window_match,,Clinical Spectrum of Stiff Person Syndrome: A Review of Recent Reports,1.0000,1.0000,0.8090,backtrack_title_cluster,next_abstract_boundary,5,false,false,1,0,0,2026-03-31T15:52:55.316191+00:00
3125,3125,Poster 258 A Novel Approach to the Treatment of Stiff-Person-Syndrome with Botulinum Toxin: A Case Report.,"Shah, Chirag D; Bunzol, Daniel",3125_Shah-2016-Poster 258 A Novel Approach to the T.pdf,data\extraction_json\text\3125.json,,1,1,58,63,0,2,false,false,,,,,,,,false,not_needed,Document does not look like a large proceedings/program PDF.,,,,,,,,,,,,,,,,
5029,5029,Anti-Amphiphysin Positive Partial Stiff Person Syndrome in an Elderly Woman with a Breast Mass,"Abu El-Haija, H.; Gogia, B.; Shanina, E.; He, J.; Fang, X.; Li, X. P.",5029_Annals of Neurology - 2020 - - 145th Annual Meeting American Neurological Association.pdf,data\extraction_json\text\5029.json,data\extraction_json\text_trimmed\5029.json,280,377,32,2675,3,7,true,true,0.0783,,,,,,,true,header_only_source,Matched entry appears to contain header-only listing without abstract body.,fuzzy_title_author_block_match,fuzzy_title_author_block_match,419,Anti-Amphiphysin Positive Partial Stiff Person,0.8475,1.0000,0.8856,,,0,false,true,1,28,28,2026-03-31T15:53:22.570963+00:00
5079,5079,Stiff-person syndrome positive for anti-amphyphisin antibodies: The presenting feature of a neuroendocrine lung cancer,"Andrade, K.; Carvalho, L.; Martins, A.; Barros, J.",5079_Euro J of Neurology - 2005 - - Posters Session 1 Sunday 18 September.pdf,data\extraction_json\text\5079.json,data\extraction_json\text_trimmed\5079.json,264,123,1672,1250,0,5,true,false,,,,,,,,true,trimmed_auto,Proceedings detected and candidate abstract passed identity and completeness guardrails.,fuzzy_title_author_block_match,fuzzy_title_author_block_match,P1444,P1444 Stiff-person syndrome positive for anti-amphyphisin antibodies: The presenting feature of a neuroendocrine lung cancer,0.9912,1.0000,0.9934,,,2,false,false,1,106,106,2026-03-31T15:53:39.157348+00:00
5087,5087,A CASE REPORT OF ATYPICAL STIFF PERSON SYNDROME WITH CRANIAL NERVE INVOLVEMENT PRECEEDING THE DIAGNOSIS OF A HIGH GRADE LYMPHOMA,"Aquilina, N.; Vella, M.; Debono, A. G.; Camilleri, D. J.",5087_Euro J of Neurology - 2011 - - Poster Session 2 Monday 12 September.pdf,data\extraction_json\text\5087.json,data\extraction_json\text_trimmed\5087.json,277,84,1206,813,0,5,true,false,,,,,,,,true,trimmed_auto,Proceedings detected and candidate abstract passed identity and completeness guardrails.,fuzzy_title_author_block_match,fuzzy_title_author_block_match,P2725,P2725 A CASE REPORT OF ATYPICAL STIFF PERSON SYNDROME WITH CRANIAL NERVE INVOLVEMENT PRECEEDING THE DIAGNOSIS OF A HIGH GRADE,0.9359,1.0000,0.9519,,,0,false,false,1,262,263,2026-03-31T15:53:53.806048+00:00
5094,5094,STIFF-MAN SYNDROME AND ENCEPHALOMYELITIS MAY COEXIST - CLINICAL-PATHOLOGICAL CORRELATIONS,"Armon, C.; Swanson, J. W.; McLean, J. M.; Westbrook, P. R.; Okazaki, H.; Kurtin, P. J.; Kaylanraman, U. P.; Rodriguez, M. R.",5094_Annals of Neurology - August 1993 - - Abstracts.pdf,data\extraction_json\text\5094.json,data\extraction_json\text_trimmed\5094.json,74,124,1992,1476,2,7,true,false,,,,,,,,true,trimmed_auto,Proceedings detected and candidate abstract passed identity and completeness guardrails.,fuzzy_title_author_block_match,fuzzy_title_author_block_match,P80,Stiff-Man Syndrome and Encephalomyelitis May,0.8526,0.6250,0.7957,,,0,false,false,1,20,20,2026-03-31T15:54:08.208437+00:00
5268,5268,The treatment of Moersch-Woltman syndrome,"Cerimagic, D.; Relja, M.; Telarovic, S.; Glavic, J.; Ivankovic, M.; Bogoje, A.; Vodopic, M.; Dzamonja, G.",5268_Cerimagic - Abstract.pdf,data\extraction_json\text\5268.json,,1,0,13,6,0,1,false,false,,,,,,,,false,not_needed,Document does not look like a large proceedings/program PDF.,,,,,,,,,,,,,,,,
5270,5270,"STIFF PERSON SYNDROME, ABOUT A CASE","Chahrazed, R.",5270_Muscle and Nerve - 2019 - - 2019 AANEM Annual Meeting Abstract Guide Austin TX October 16 19 2019.pdf,data\extraction_json\text\5270.json,data\extraction_json\text_trimmed\5270.json,144,75,1139,674,1,7,true,false,,,,,,,,true,trimmed_auto,Proceedings detected and candidate abstract passed identity and completeness guardrails.,fuzzy_title_author_block_match,fuzzy_title_author_block_match,38,"38 STIFF PERSON SYNDROME, ABOUT A CASE",0.9852,1.0000,0.9889,,,2,false,false,1,21,21,2026-03-31T15:54:12.286637+00:00
5283,5283,Autoantibodies to GAD and Cell Surface Determinants in Stiff Person Syndrome,"Chang, T.; Pettingill, P.; Alexopoulos, H.; Jacobson, L. W.; Brown, P.; Vincent, A.",5283_Chang-2009-Autoantibodies to GAD and Cell Surface Determinants in Stiff Person Syndrome.pdf,data\extraction_json\text\5283.json,data\extraction_json\text_trimmed\5283.json,1,4,81,85,0,3,true,false,,,,,,,,true,trimmed_auto,Proceedings detected and candidate abstract passed identity and completeness guardrails.,page_local_sliding_window_match,page_local_sliding_window_match,,Autoantibodies to GAD and Cell Surface,0.8508,1.0000,0.7906,backtrack_title_cluster,next_abstract_boundary,2,false,false,1,0,0,2026-03-31T15:54:17.461163+00:00
5286,5286,Unusual case of jerking stiff person syndrome,"Chaudhary, N.; Jaiswal, S.; Murthy, J. M. K.",5286_Chaudhary-2013-Unusual case of jerking stiff person syndrome.pdf,data\extraction_json\text\5286.json,,1,2,34,28,0,2,false,false,,,,,,,,false,not_needed,Document does not look like a large proceedings/program PDF.,,,,,,,,,,,,,,,,
5362,5362,"A double-blind, placebo-controlled, crossover trial of intravenous immunoglobin in the treatment of anti-GAD antibody-positive patients with stiff-person syndrome","Dalakas, M. C.; Fujii, M.; Lutft, B.; Khyos, J.; McElroy, B.",5362_Annals of Neurology - 2001 - - 126th Annual Meeting American Neurological Association Abstracts Plenary Session.pdf,data\extraction_json\text\5362.json,data\extraction_json\text_trimmed\5362.json,3,10,159,108,2,6,true,false,,,,,,,,true,trimmed_auto,Proceedings detected and candidate abstract passed identity and completeness guardrails.,page_local_sliding_window_match,page_local_sliding_window_match,3,Trial of Intravenous Immunoglobin in the Treatment,0.8470,0.8000,0.7817,backtrack_abstract_boundary,next_abstract_boundary,0,false,false,1,0,0,2026-03-31T15:54:31.640047+00:00
5365,5365,"A Double-Blind, Placebo-Cotrolled Study of Rituximab in Patients with Stiff-Person Syndrome (SPS)","Dalakas, M. C.; Rakocevic, G.; Dambrosia, J.; McElroy, B.",5365_Annals of Neurology - 2009 - - 134th Annual Meeting Poster Session Abstracts Monday October 12 2009.pdf,data\extraction_json\text\5365.json,data\extraction_json\text_trimmed\5365.json,58,145,1840,1435,3,7,true,false,,,,,,,,true,trimmed_auto,Proceedings detected and candidate abstract passed identity and completeness guardrails.,fuzzy_title_author_block_match,fuzzy_title_author_block_match,M-68,"A Double-Blind, Placebo-Cotrolled Study of",0.8301,1.0000,0.8726,,,0,false,false,1,16,16,2026-03-31T15:54:43.821922+00:00
5398,5398,Treatment of stiff person syndrome with chronic plasmapheresis,"De la Casa-Fages, B.; Anaya, F.; Grandas, F.",5398_Movement Disorders - 2011 - - Poster Presentations.pdf,data\extraction_json\text\5398.json,data\extraction_json\text_trimmed\5398.json,385,119,1918,1140,1,7,true,false,,,,,,,,true,trimmed_auto,Proceedings detected and candidate abstract passed identity and completeness guardrails.,fuzzy_title_author_block_match,fuzzy_title_author_block_match,114,114 Treatment of stiff person syndrome with chronic plasmapheresis,0.9891,1.0000,0.9918,,,5,false,false,1,37,37,2026-03-31T15:54:56.006326+00:00
5472,5472,HIGH AMPLITUDE F WAVES AND STIFF-PERSON SYNDROME,"Espinosa, P.; Ryan, S.",5472_Muscle and Nerve - 2013 - - 2013 Abstract Guide.pdf,data\extraction_json\text\5472.json,,60,0,0,29,0,1,false,false,,,,,,,,false,not_needed,Document does not look like a large proceedings/program PDF.,,,,,,,,,,,,,,,,
5502,5502,"GLUTAMIC ACID DECARBOXYLASE ANTIBODY: A LINK FOR LOCALISATION RELATED EPILEPSY, STIFF-PERSON SYNDROME AND TYPE I DIABETES MELLITUS? REPORT OF TWO CASES","Barcs, G.; Szucs, A.; Kamondi, A.",5502_Epilepsia - 2012 - - Abstracts.pdf,data\extraction_json\text\5502.json,data\extraction_json\text_trimmed\5502.json,245,96,1711,1305,1,7,true,false,,,,,,,,true,trimmed_auto,Proceedings detected and candidate abstract passed identity and completeness guardrails.,page_local_sliding_window_match,page_local_sliding_window_match,,"GLUTAMIC ACID DECARBOXYLASE ANTIBODY: A LINK FOR LOCALISATION RELATED EPILEPSY,",0.9583,1.0000,0.8425,backtrack_title_cluster,next_abstract_boundary,7,false,false,1,150,150,2026-03-31T15:55:13.211067+00:00
5535,5535,STIFF PERSON SYNDROME IN ASSOCIATION WITH NONPARANEOPLASTIC LIMBIC ENCEPHALITIS,"Franke, K.; Schulz, R.; Hoppe, M.; Korn-Merker, E.; Specht, U.; Ebner, A.",5535_Epilepsia - 2009 - - 8th European Congress on Epileptology Berlin Germany 21 25 September 2008.pdf,data\extraction_json\text\5535.json,data\extraction_json\text_trimmed\5535.json,261,44,1895,1096,0,5,true,false,,,,,,,,true,trimmed_auto,Proceedings detected and candidate abstract passed identity and completeness guardrails.,fuzzy_title_author_block_match,fuzzy_title_author_block_match,E400,E400 STIFF PERSON SYNDROME IN ASSOCIATION WITH NONPARANEOPLASTIC LIMBIC ENCEPHALITIS,0.9893,1.0000,0.9919,,,3,false,false,1,155,155,2026-03-31T15:55:24.867458+00:00
5537,5537,"CO-EMERGENT TRIAD OF EPILEPSY, MYASTHENIA GRAVIS AND STIFF-PERSON SYNDROME","Frawley, B. K.; Ritaccio, A.; Gruenthal, M.; Lava, N.; Murnane, M.; Lynch, T. M.",5537_Epilepsia - 2008 - - Saturday December 6 2008 Poster Session 1 1 00 p m ‐6 00 p m Clinical Neurophysiology.pdf,data\extraction_json\text\5537.json,data\extraction_json\text_trimmed\5537.json,498,48,1743,1061,1,7,true,false,,,,,,,,true,trimmed_auto,Proceedings detected and candidate abstract passed identity and completeness guardrails.,page_local_sliding_window_match,page_local_sliding_window_match,,"CO-EMERGENT TRIAD OF EPILEPSY, MYASTHENIA",0.8653,1.0000,0.7772,backtrack_title_cluster,next_abstract_boundary,3,false,false,1,38,38,2026-03-31T15:55:39.724686+00:00
5552,5552,"Stiff-person syndrome associated with invasive thymoma, pemphigus and myasthenia gravis: a case report","Gao, X.; Zheng, X.; Li, H.",5552_Euro J of Neurology - 2012 - - Poster Session 1 Sunday 9 September (1).pdf,data\extraction_json\text\5552.json,data\extraction_json\text_trimmed\5552.json,368,73,1381,942,0,5,true,false,,,,,,,,true,trimmed_auto,Proceedings detected and candidate abstract passed identity and completeness guardrails.,fuzzy_title_author_block_match,fuzzy_title_author_block_match,P1790,"P1790 Stiff-person syndrome associated with invasive thymoma, pemphigus and myasthenia gravis: a case report X. Gao, X. Zheng, H. Li",0.9611,1.0000,0.9708,,,2,false,false,1,295,296,2026-03-31T15:55:48.297245+00:00
5554,5554,Rituximab in stiff person syndrome,"Garcia-Ruiz, P. J.; del Val, J.; Herranz, A.; Bellido, S.; Aranda, M. A.",5554_Movement Disorders - 2012 - - Poster Presentations.pdf,data\extraction_json\text\5554.json,data\extraction_json\text_trimmed\5554.json,523,137,1842,1369,2,7,true,true,0.0873,,,,,,,true,trimmed_auto,Proceedings detected and candidate abstract passed identity and completeness guardrails.,fuzzy_title_author_block_match,fuzzy_title_author_block_match,1286,1286 Rituximab in stiff person syndrome,0.9760,1.0000,0.9820,,,5,false,false,1,422,422,2026-03-31T15:55:59.168925+00:00
5573,5573,Long-term kinetics of anti-GAD65 antibody suppression by intravenous gamma globulin in stiff person syndrome,"George, E. B.; Mohamed, M. S.",5573_George-2002-Long-term kinetics of anti-GAD65 antibody suppression by intravenous gamma globulin in stiff person syndrome.pdf,data\extraction_json\text\5573.json,data\extraction_json\text_trimmed\5573.json,1,6,65,49,0,3,true,false,,,,,,,,true,trimmed_auto,Proceedings detected and candidate abstract passed identity and completeness guardrails.,fuzzy_title_author_block_match,fuzzy_title_author_block_match,P758,P758 Long-term kinetics of anti-GAD65 antibody suppression by intrave- nous gamma globulin in stiff person syndrome,0.9405,1.0000,0.9554,,,5,false,false,1,0,0,2026-03-31T15:56:02.955362+00:00
5631,5631,Severe worsening of the stiff person syndrome due to acute gastroenteritis,"Kramberger, M. G.; Avbersek, A.; Fabjan, T. H.",5631_Euro J of Neurology - 2009 - - Poster Session 2 Monday 14 September.pdf,data\extraction_json\text\5631.json,data\extraction_json\text_trimmed\5631.json,290,74,1420,923,0,5,true,false,,,,,,,,true,trimmed_auto,Proceedings detected and candidate abstract passed identity and completeness guardrails.,fuzzy_title_author_block_match,fuzzy_title_author_block_match,P2289,P2289 Severe worsening of the stiff person syndrome due to acute gastroenteritis,0.9864,0.6667,0.9064,,,0,false,false,1,97,97,2026-03-31T15:56:17.954209+00:00
5647,5647,Stiff-Person syndrome and ophthalmoplegia associated with thymoma,"Lai, E. C.; Linfante, I.; Lee, A. G.",5647_Annals of Neurology - 2004 - - Abstracts Poster session.pdf,data\extraction_json\text\5647.json,data\extraction_json\text_trimmed\5647.json,68,52,2057,1434,1,7,true,false,,,,,,,,true,trimmed_auto,Proceedings detected and candidate abstract passed identity and completeness guardrails.,fuzzy_title_author_block_match,fuzzy_title_author_block_match,T178,Stiff-Person Syndrome and Ophthalmoplegia Associated with Thymoma,1.0000,1.0000,1.0000,,,0,false,false,1,45,46,2026-03-31T15:56:27.495620+00:00
5748,5748,Comorbid Idiopathic Parkinson's Disease and Stiff Person Syndrome Case Report,"Lustig, M.; Blevins, S.",5748_Lustig - Comorbid Idiopathic Parkinson.pdf,data\extraction_json\text\5748.json,,1,0,6,21,0,0,false,false,,,,,,,,false,not_needed,Document does not look like a large proceedings/program PDF.,,,,,,,,,,,,,,,,
5753,5753,Partial Stiff Person Syndrome as a Stroke Mimic,"Machado, D.; Hodges, K.",5753_Machado - Stroke.pdf,data\extraction_json\text\5753.json,,1,1,10,14,0,0,false,false,,,,,,,,false,not_needed,Document does not look like a large proceedings/program PDF.,,,,,,,,,,,,,,,,
5803,5803,A CASE OF UNDIAGNOSED STIFF-PERSON SYNDROME REQUIRING MECHANICAL VENTILATORY SUPPORT,"Mayer, N.; Kretzer, A.; John, S.; Bleck, T.; Garg, R.",5803_Mayer - A CASE OF UNDIAGNOSED STIFF-PERSON SYNDROME REQUIRING MECHANICAL VENTILATORY SUPPORT.pdf,data\extraction_json\text\5803.json,,1,1,15,17,0,1,false,false,,,,,,,,false,not_needed,Document does not look like a large proceedings/program PDF.,,,,,,,,,,,,,,,,
5808,5808,"SEVERE, PROLONGED BACLOFEN WITHDRAWAL FOLLOWING A SECOND CATHETER FAILURE IN A PATIENT WITH STIFF-PERSON SYNDROME","McDaniel, C.",5808_BaclofenPoster-Finalversion.pdf,data\extraction_json\text\5808.json,data\extraction_json\text_trimmed\5808.json,1,9,42,78,0,4,true,false,,,,,,,,true,trimmed_auto,Proceedings detected and candidate abstract passed identity and completeness guardrails.,page_local_sliding_window_match,page_local_sliding_window_match,,Catheter Failure in a Patient with Stiff Person Syndrome,0.8826,1.0000,0.8142,backtrack_title_cluster,next_abstract_boundary,1,false,false,1,0,0,2026-03-31T15:56:31.486323+00:00
5963,5963,"UNUSUAL ELECTROMYOGRAPHIC FINDINGS IN A PATIENT WITH PRESUMPTIVE HASHIMOTO'S THYROIDITIS, STIFF-PERSON SYNDROME, AND HERPES ZOSTER MYELORADICULITIS","Ha, J.; Gorin, F.; Zhang, L.; Oskarsson, B.; Maselli, R.",5963_Muscle and Nerve - 2015 - - American Association of Neuromuscular Electrodiagnostic Medicine Annual Meeting Abstracts.pdf,data\extraction_json\text\5963.json,data\extraction_json\text_trimmed\5963.json,132,63,1471,613,1,7,true,false,,,,,,,,true,trimmed_auto,Proceedings detected and candidate abstract passed identity and completeness guardrails.,fuzzy_title_author_block_match,fuzzy_title_author_block_match,113,"113 UNUSUAL ELECTROMYOGRAPHIC FINDINGS IN A PATIENT WITH PRESUMPTIVE HASHIMOTO’S THYROIDITIS, STIFF-PERSON SYNDROME, AND HERPES ZOSTER MYELORADICULITIS",0.9476,1.0000,0.9607,,,4,false,false,1,55,55,2026-03-31T15:56:43.643351+00:00
5970,5970,DON'T CALL THE PSYCHIATRIST JUST YET; A CASE REPORT OF STIFF-PERSON SYNDROME,"Hallak, A.; Hazam, R.; Amin, M. K.; Alhbshi, K.; Islam, S.; Saadaldin, M.",5970_s11606-020-05890-3.pdf,data\extraction_json\text\5970.json,data\extraction_json\text_trimmed\5970.json,779,7,1650,1356,1,6,true,false,,,,,,,,true,trimmed_auto,Proceedings detected and candidate abstract passed identity and completeness guardrails.,page_local_sliding_window_match,page_local_sliding_window_match,,DON'T CALL THE PSYCHIATRIST JUST YET; A CASE RE-,0.8836,1.0000,0.7692,backtrack_title_cluster,next_abstract_boundary,3,false,false,1,447,448,2026-03-31T15:56:56.506222+00:00
6021,6021,Paraneoplastic stiff-person syndrome and anti-Ri antibodies in metastatic breast cancer,"Hoffmann, L. A.; Ditsch, N.; Kuempfel, T.; Dudel, C.; Wick, M.; Voltz, R.",6021_s00415-007-3001-6 (1).pdf,data\extraction_json\text\6021.json,data\extraction_json\text_trimmed\6021.json,212,120,1906,1544,3,7,true,false,,,,,,,,true,trimmed_auto,Proceedings detected and candidate abstract passed identity and completeness guardrails.,page_local_sliding_window_match,page_local_sliding_window_match,O46,Paraneoplastic stiff-person syndrome and anti-Ri antibodies in metastatic,0.9369,0.0000,0.6222,backtrack_abstract_boundary,next_abstract_boundary,2,false,false,1,7,8,2026-03-31T15:57:10.391285+00:00
6089,6089,STIFF-LIMB SYNDROME WITH IDENTIFICATION OF GLUTAMIC ACID ANTIDECARBOXYLASE ANTIBODY GAD65: A CASE REPORT,"Jaramillo, N.; Pena, C.",6089_Muscle and Nerve - 2020 - - 2020 Virtual AANEM Annual Meeting Abstract Guide.pdf,data\extraction_json\text\6089.json,data\extraction_json\text_trimmed\6089.json,133,53,1033,761,1,7,true,false,,,,,,,,true,trimmed_auto,Proceedings detected and candidate abstract passed identity and completeness guardrails.,fuzzy_title_author_block_match,fuzzy_title_author_block_match,62,62 STIFF-LIMB SYNDROME WITH IDENTIFICATION OF GLUTAMIC ACID ANTIDECARBOXYLASE ANTIBODY GAD65: A CASE REPORT.,0.9950,1.0000,0.9962,,,2,false,false,1,34,35,2026-03-31T15:57:17.956724+00:00
6128,6128,"Rituximab therapy in a patient with recurrent Hashimoto's encephalitis, anti-GAD antibodies and progressive encephalomyelitis with rigidity and myoclonus","Kassar, D.; Damodaram, S.; Chand, P.; Iyadurai, S.",6128_s00415-012-6524-4.pdf,data\extraction_json\text\6128.json,data\extraction_json\text_trimmed\6128.json,236,134,1730,1162,2,7,true,false,,,,,,,,true,trimmed_auto,Proceedings detected and candidate abstract passed identity and completeness guardrails.,fuzzy_title_author_block_match,fuzzy_title_author_block_match,P423,"P423 Rituximab therapy in a patient with recurrent Hashimoto’s encephalitis, anti-GAD antibodies and progressive encephalomyelitis with rigidity and myoclonus",0.9432,1.0000,0.9574,,,4,false,false,1,93,93,2026-03-31T15:57:35.482912+00:00
6141,6141,Patient with stiff-person syndrome and negative anti-GAD antibodies,"Petelin, Z.; Brinar, V.; Honnorat, J.; Budisic, Z.; Podolski, P.",6141_s00415-007-3001-6.pdf,data\extraction_json\text\6141.json,data\extraction_json\text_trimmed\6141.json,212,120,1906,1544,3,7,true,false,,,,,,,,true,trimmed_auto,Proceedings detected and candidate abstract passed identity and completeness guardrails.,page_local_sliding_window_match,page_local_sliding_window_match,P548,Patient with stiff-person syndrome and negative anti-GAD antibodies,1.0000,0.0000,0.6201,backtrack_abstract_boundary,next_abstract_boundary,0,false,false,1,137,137,2026-03-31T15:57:47.378268+00:00
6204,6204,Stiff Main syndrome good outcome after methylprednisolone pulse,"Rafai, M. A.; Oumari, S.; Boulaajaj, F. Z.; El Moutawakkil, B.; Slassi, I.",6204_Movement Disorders - 2009 - - Abstracts of The Movement Disorder Society s Thirteenth International Congress of Parkinson.pdf,data\extraction_json\text\6204.json,data\extraction_json\text_trimmed\6204.json,653,35,1722,1169,0,5,true,true,0.0800,,,,,,,true,trimmed_auto,Proceedings detected and candidate abstract passed identity and completeness guardrails.,page_local_sliding_window_match,page_local_sliding_window_match,,Stiff Man syndrome good outcome after methylprednisolone,0.8169,1.0000,0.7441,backtrack_title_cluster,next_abstract_boundary,8,false,false,1,452,452,2026-03-31T15:58:00.301790+00:00
6219,6219,Visual-induced startle reactions in a patient with stiff limb syndrome,"Schestatsky, P.; Pizzol, A. D.; Cabral, L.; Schuh, A. S.; Roriz-Cruz, M.; Batistela, F.; Monte, T. L.; Bianchin, M. M.; Rieder, C. R. M.",6219_Movement Disorders - 2010 - - Abstracts of the Fourteenth International Congress of Parkinson s Disease and Movement.pdf,data\extraction_json\text\6219.json,data\extraction_json\text_trimmed\6219.json,385,94,1735,1312,0,5,true,true,0.1148,,,,,,,true,trimmed_auto,Proceedings detected and candidate abstract passed identity and completeness guardrails.,fuzzy_title_author_block_match,fuzzy_title_author_block_match,1022,1022 Visual-induced startle reactions in a patient with stiff limb syndrome,0.9879,1.0000,0.9909,,,5,false,false,1,343,343,2026-03-31T15:58:13.773805+00:00
6268,6268,Quantitative analysis of the silent period in the stiff-person syndrome,"Shatzel, A. J.; Fenton, G.; Maselli, R. A.",6268_Muscle and Nerve - 2004 - - AAEM news and comments.pdf,data\extraction_json\text\6268.json,,32,0,0,59,0,1,false,false,,,,,,,,false,not_needed,Document does not look like a large proceedings/program PDF.,,,,,,,,,,,,,,,,
6271,6271,Dementia in elderly male with Stiff man syndrome,"Sheyner, I.; Cutillar, M.",6271_J American Geriatrics Society - 2007 - - PAPER ABSTRACTS.pdf,data\extraction_json\text\6271.json,data\extraction_json\text_trimmed\6271.json,218,101,1657,1519,1,7,true,false,,,,,,,,true,trimmed_auto,Proceedings detected and candidate abstract passed identity and completeness guardrails.,page_local_sliding_window_match,page_local_sliding_window_match,C14,Dementia in elderly male with Stiff Man Syndrome.,1.0000,1.0000,0.8911,backtrack_abstract_boundary,next_abstract_boundary,0,false,false,1,116,116,2026-03-31T15:58:24.001731+00:00
6278,6278,Unusual Presentation of Paraneoplastic Stiff-Person Syndrome with Underlying Breast Cancer,"Shrestha, A.; Mihalova, T.; Burns, D.; Jennens, H.; Etti, R.",6278_Annals of Neurology - 2012 - - 2012 Annual Meeting Sunday October 7 2012 Poster Session Abstracts.pdf,data\extraction_json\text\6278.json,data\extraction_json\text_trimmed\6278.json,120,152,1997,1535,2,7,true,false,,,,,,,,true,trimmed_auto,Proceedings detected and candidate abstract passed identity and completeness guardrails.,fuzzy_title_author_block_match,fuzzy_title_author_block_match,T1830,Unusual Presentation of Paraneoplastic Stiff-,0.8474,1.0000,0.8855,,,0,false,false,1,116,116,2026-03-31T15:58:35.106364+00:00
6413,6413,Stiff person plus syndrome and voltage gated potassium channel antibody associated cognitive impairment: New evidence for an association?,"McGuigan, C.; Buckley, C.; Chang, T.; Vincent, A.; Everitt, E.",6413_McGuigan - Stiff person plus syndrome and voltage gated potassium channel antibody associated cognitive impairment.pdf,data\extraction_json\text\6413.json,,1,0,11,13,0,0,false,false,,,,,,,,false,not_needed,Document does not look like a large proceedings/program PDF.,,,,,,,,,,,,,,,,
6442,6442,Absence of cutaneous silent period changes in a patient with stiff person syndrome,"Mekideche, A.; Kuzmanovic, I.; Sottas, C.; Truffert, A.",6442_Mekideche - Absence cutaneous silent period changes.pdf,data\extraction_json\text\6442.json,data\extraction_json\text_trimmed\6442.json,295,146,1689,1183,2,7,true,false,,,,,,,,true,trimmed_auto,Proceedings detected and candidate abstract passed identity and completeness guardrails.,fuzzy_title_author_block_match,fuzzy_title_author_block_match,P509,P509 Absence of cutaneous silent period changes in a patient with stiff person syndrome,0.9896,1.0000,0.9922,,,4,false,false,1,123,123,2026-03-31T15:58:49.212652+00:00
6444,6444,Clinical spectrum of stiff person syndrome associated with glutamic acid decarboxylase antibodies,"Memon, A.; Rathnam, A.; Zaman, I.; Sripathi, N.",6444_Memon - Clinical spectrum.pdf,data\extraction_json\text\6444.json,,1,0,11,10,0,0,false,false,,,,,,,,false,not_needed,Document does not look like a large proceedings/program PDF.,,,,,,,,,,,,,,,,
6452,6452,SILENT MULTILEVEL VERTEBRAL FRACTURES IN A SEVERE CASE OF GLYCINE RECEPTOR ANTIBODY-POSITIVE PROGRESSIVE ENCEPHALOMYELITIS WITH RIGIDITY AND MYOCLONUS (PERM),"Min, M.; Liu, H.; Silberstein, P.",6452_Min et al. - 2019 - SILENT MULTILEVEL VERTEBRAL FRACTURES IN A SEVERE .pdf,data\extraction_json\text\6452.json,,1,2,53,46,0,2,false,false,,,,,,,,false,not_needed,Document does not look like a large proceedings/program PDF.,,,,,,,,,,,,,,,,
6474,6474,Plasmapheresis in treatment of stiff-man syndrome with a negative anti-GAD antibody,"Svatova, J.; Machova, H.; Pitha, J.",6474_Movement Disorders - 2002 - - Poster session 5 Nonmotor aspects of movement disorders clinical Parkinsonism.pdf,data\extraction_json\text\6474.json,data\extraction_json\text_trimmed\6474.json,46,120,1884,1421,1,7,true,false,,,,,,,,true,trimmed_auto,Proceedings detected and candidate abstract passed identity and completeness guardrails.,fuzzy_title_author_block_match,fuzzy_title_author_block_match,P769,P769 Plasmapheresis in treatment of stiff-man syndrome with a negative anti-GAD antibody,0.9898,1.0000,0.9923,,,0,false,false,1,21,21,2026-03-31T15:59:00.661255+00:00
6553,6553,Glycine receptor antibody-positive progressive encephalomyelitis with rigidity and myoclonus: A disease with variable clinical course,"Vanacker, P.; Peeters, E.; Schrooten, M.; Woodhall, M.; Vincent, A.; Vandenberghe, W.",6553_Movement Disorders - 2012 - - Poster Presentations.pdf,data\extraction_json\text\6553.json,data\extraction_json\text_trimmed\6553.json,523,137,1842,1369,2,7,true,true,0.1509,,,,,,,true,trimmed_auto,Proceedings detected and candidate abstract passed identity and completeness guardrails.,page_local_sliding_window_match,page_local_sliding_window_match,622,Glycine receptor antibody-positive progressive encephalomyelitis,0.8461,1.0000,0.8385,backtrack_abstract_boundary,next_abstract_boundary,5,false,false,1,201,201,2026-03-31T15:59:22.082025+00:00
6615,6615,A Clinical Characterization of Stiff Person Syndrome Spectrum Disorders,"Wang, Y. J.; Tian, F.; Aljarallah, S.; Fitzgerald, K.; Newsome, S. D.",6615_Wang - A Clinical Characterization of Stiff Person Syndrome Spectrum Disorders.pdf,data\extraction_json\text\6615.json,,1,0,7,23,0,0,false,false,,,,,,,,false,not_needed,Document does not look like a large proceedings/program PDF.,,,,,,,,,,,,,,,,
6639,6639,Severe refractory stiff-person syndrome responding to rituximab therapy,"Whetton, E.; Ealing, J.; Bruce, I.; McKee, D.",6639_s00415-008-2001-5.pdf,data\extraction_json\text\6639.json,data\extraction_json\text_trimmed\6639.json,235,141,1863,1468,3,7,true,false,,,,,,,,true,trimmed_auto,Proceedings detected and candidate abstract passed identity and completeness guardrails.,fuzzy_title_author_block_match,fuzzy_title_author_block_match,P701,P701 Severe refractory stiff-person syndrome responding to rituximab therapy,0.9881,0.0000,0.7411,,,1,false,false,1,172,172,2026-03-31T15:59:35.042888+00:00
6691,6691,Stiff person syndrome with cerebellar disease and epitope-specific anti-GAD antibodies,"Rakocevic, G.; Semino-Mora, C.; Raju, R.; Dalakas, M. C.",6691_Annals of Neurology - 2005 - - 130th Annual meeting Tuesday September 27 2005 Abstracts Plenary session.pdf,data\extraction_json\text\6691.json,data\extraction_json\text_trimmed\6691.json,3,12,168,92,2,6,true,false,,,,,,,,true,trimmed_auto,Proceedings detected and candidate abstract passed identity and completeness guardrails.,fuzzy_title_author_block_match,fuzzy_title_author_block_match,3,Stiff Person Syndrome with Cerebellar Disease and,0.8716,1.0000,0.9037,,,0,false,false,1,0,0,2026-03-31T15:59:45.275428+00:00
6723,6723,"Stiff-Man Syndrome: Clinical Course, Treatments and Outcomes","Robinson, M. T.; Pittock, S. J.; Lennon, V. A.; Ahlskog, J. E.; McEvoy, K. M.; Matsumoto, J. Y.; McKeon, A.",6723_Annals of Neurology - 2010 - - 135th Annual Meeting Poster Session AbstractsMonday September 13 2010.pdf,data\extraction_json\text\6723.json,data\extraction_json\text_trimmed\6723.json,59,164,1864,1652,3,7,true,false,,,,,,,,true,trimmed_auto,Proceedings detected and candidate abstract passed identity and completeness guardrails.,fuzzy_title_author_block_match,fuzzy_title_author_block_match,T-87,"Stiff-Man Syndrome: Clinical Course, T reatments and Outcomes Maisha T . Robinson, Sean J. Pittock,",0.8123,1.0000,0.8593,,,0,false,false,1,53,53,2026-03-31T15:59:53.603311+00:00
6726,6726,Parkinsonism related to progressive encephalomyelitis with rigidity and myoclonus,"Rodier, G.; Boulay, C.; Anheim, M.; Courtois, S.; Tranchant, C.",6726_Movement Disorders - 2006 - - Poster Session 3.pdf,data\extraction_json\text\6726.json,data\extraction_json\text_trimmed\6726.json,97,120,1872,1314,1,7,true,false,,,,,,,,true,trimmed_auto,Proceedings detected and candidate abstract passed identity and completeness guardrails.,fuzzy_title_author_block_match,fuzzy_title_author_block_match,P705,P705 Parkinsonism related to progressive encephalomyelitis with rigidity and myoclonus,0.9895,1.0000,0.9921,,,4,false,false,1,3,3,2026-03-31T16:00:03.654135+00:00
6746,6746,Ophthalmoplegia and Downbeat Nystagmus in Stiff-Person Syndrome,"Rucker, J. C.; Szewka, A.",6746_Ophthalmoplegia and Downbeat Nystagmus ... _ J.pdf,data\extraction_json\text\6746.json,data\extraction_json\text_trimmed\6746.json,1,5,10,23,1,3,true,false,,,,,,,,true,trimmed_auto,Proceedings detected and candidate abstract passed identity and completeness guardrails.,page_local_sliding_window_match,page_local_sliding_window_match,,Ophthalmoplegia and Downbeat Nystagmus in Stiff-Person Syndrome,1.0000,1.0000,0.8241,backtrack_title_cluster,next_abstract_boundary,4,false,false,1,0,0,2026-03-31T16:00:04.422899+00:00
6756,6756,NEUROLEPTIC MALIGNANT SYNDROME IN STIFF PERSON SYNDROME,"Sachdev, A.; Moussa, S.",6756_Muscle and Nerve - 2016 - - American Association of Neuromuscular Electrodiagnostic Medicine Annual Meeting Abstracts .pdf,data\extraction_json\text\6756.json,data\extraction_json\text_trimmed\6756.json,129,58,1327,694,2,7,true,false,,,,,,,,true,trimmed_auto,Proceedings detected and candidate abstract passed identity and completeness guardrails.,fuzzy_title_author_block_match,fuzzy_title_author_block_match,140,140 NEUROLEPTIC MALIGNANT SYNDROME IN STIFF PERSON SYNDROME,0.9877,1.0000,0.9908,,,3,false,false,1,66,66,2026-03-31T16:00:12.051111+00:00
6796,6796,Clinical and cell biology analysis of stiff person syndrome with eye movement and cerebellar abnormalities. Evidence for degradation of sarcomeric cytoskeletal proteins,"Yakhno, N. N.; Golubeva, V. V.; Mozolevsky, Y. V.; Zinovyeva, O. E.; Katushkina, E. A.; Shenkman, B. S.; Chistiakov, I. N.; Podlubnaya, Z. A.; Vikhliantsev, I. M.",6796_Euro J of Neurology - 2008 - - SHORT COMMUNICATIONS.pdf,data\extraction_json\text\6796.json,data\extraction_json\text_trimmed\6796.json,22,77,1266,893,0,4,true,false,,,,,,,,true,trimmed_auto,Proceedings detected and candidate abstract passed identity and completeness guardrails.,page_local_sliding_window_match,page_local_sliding_window_match,SC203,malities. Evidence for degradation of sarcomeric cytoskeletal proteins,0.8275,1.0000,0.8363,backtrack_abstract_boundary,next_abstract_boundary,4,false,false,1,7,7,2026-03-31T16:00:29.348128+00:00
6809,6809,Stiff person syndrome associated with Graves' disease and thymoma,"Yoon, S. S.; Hwang, K. J.; Woo, J. T.; Cho, S. S.",6809_Euro J of Neurology - 2012 - - Poster Session 1 Sunday 9 September.pdf,data\extraction_json\text\6809.json,data\extraction_json\text_trimmed\6809.json,368,73,1381,942,0,5,true,false,,,,,,,,true,trimmed_auto,Proceedings detected and candidate abstract passed identity and completeness guardrails.,page_local_sliding_window_match,page_local_sliding_window_match,P1786,Stiff person syndrome associated with,0.8739,1.0000,0.8491,backtrack_abstract_boundary,next_abstract_boundary,3,false,false,1,294,294,2026-03-31T16:00:36.089655+00:00
6899,6899,An unusual brainstem encephalitis associated with anti-glycine receptor antibodies: Clinicopathological description,Lux D.; Kumar G.; Webb T.; Bodi I.; Moran N.,6899_Lux D. et al. - 2017 - An unusual brainstem encephalitis associated with .pdf,data\extraction_json\text\6899.json,data\extraction_json\text_trimmed\6899.json,321,64,1050,631,1,7,true,false,,,,,,,,true,trimmed_auto,Proceedings detected and candidate abstract passed identity and completeness guardrails.,page_local_sliding_window_match,page_local_sliding_window_match,EP1183,An unusual brainstem encephalitis associated with anti-glycine receptor,0.9391,1.0000,0.8945,backtrack_abstract_boundary,next_abstract_boundary,4,false,false,1,93,94,2026-03-31T16:00:45.391237+00:00
7489,7489,Clinical Neurophysiologic Studies in Stiff-Man Syndrome: Use of Simultaneous Video-Electroencephalographic-Surface Electromyographic Recording,ARMON C.; McEVOY K.M.; WESTMORELAND B.F.; McMANIS P.G.,7489_armon1990.pdf,data\extraction_json\text\7489.json,data\extraction_json\text_trimmed\7489.json,8,20,305,170,1,6,true,false,,,,,,,,true,header_only_source,Matched entry appears to contain header-only listing without abstract body.,page_local_sliding_window_match,page_local_sliding_window_match,,Video-Electroencephalographic-Surface,0.8394,0.5000,0.6477,backtrack_title_cluster,window_extent_cap,0,false,true,1,0,0,2026-03-31T16:00:50.116608+00:00
7503,7503,Stiff-person spectrum disorders in Russia: A retrospective analysis of 20 cases,Seliverstov Y.U.; Ginzberg M.; Melnik E.; Fominykh V.; Skalnaya A.; Brylev L.,7503_mds.28268.pdf,data\extraction_json\text\7503.json,data\extraction_json\text_trimmed\7503.json,702,91,1449,1385,1,7,true,false,,,,,,,,true,trimmed_auto,Proceedings detected and candidate abstract passed identity and completeness guardrails.,fuzzy_title_author_block_match,fuzzy_title_author_block_match,342,342 Stiff-person spectrum disorders in Russia: a retrospective analysis of 20 cases,0.9912,1.0000,0.9934,,,6,false,false,1,140,141,2026-03-31T16:01:02.388975+00:00
7804,7804,A case of gad-generalized anxiety disorder or something more?,Pedowitz E.; Shin S.,7804_Muscle and Nerve - 2020 - - 2020 Virtual AANEM Annual Meeting Abstract Guide.pdf,data\extraction_json\text\7804.json,data\extraction_json\text_trimmed\7804.json,133,53,1033,761,1,7,true,false,,,,,,,,true,trimmed_auto,Proceedings detected and candidate abstract passed identity and completeness guardrails.,fuzzy_title_author_block_match,fuzzy_title_author_block_match,29,29 A CASE OF GAD- GENERALIZED ANXIETY DISORDER OR SOMETHING MORE?,0.9915,1.0000,0.9936,,,2,false,false,1,18,18,2026-03-31T16:01:08.663920+00:00
7916,7916,Paraneoplastic stiff person syndrome mimicking tetanus: A case series report and literature review,Madhani J.; Chapman K.; Cresswell S.; Gibson G.,7916_Madhani - Paraneoplastic tetanus.pdf,data\extraction_json\text\7916.json,,64,10,1586,867,2,7,true,false,,,,,,,,true,manual_review_required,Matched entry appears truncated or lacks sufficient abstract body content.,,page_local_sliding_window_match,,Paraneoplastic stiff person syndrome mimicking tetanus: a case,0.8878,1.0000,0.8188,backtrack_title_cluster,window_extent_cap,1,false,false,1,39,39,
7992,7992,A case of hyperekplexia with positive antiglycine receptor antibodies: PERM syndrome,Contessa G.; De Mercanti S.; Sciolla R.; Iudicello M.; Clerico M.; Ferrero B.; Coletti Moja M.; Delfico L.; Franchino F.; Viglietta E.; Vincent A.; Durelli L.,7992_Contessa G. et al. - 2010 - A case of hyperekplexia with positive antiglycine .pdf,data\extraction_json\text\7992.json,data\extraction_json\text_trimmed\7992.json,246,147,1636,1211,3,7,true,false,,,,,,,,true,trimmed_auto,Proceedings detected and candidate abstract passed identity and completeness guardrails.,fuzzy_title_author_block_match,fuzzy_title_author_block_match,O63,O63 A case of hyperekplexia with positive antiglycine receptor antibodies: PERM syndrome,0.9918,1.0000,0.9938,,,2,false,false,1,16,16,2026-03-31T16:01:37.310313+00:00
8009,8009,Effect of physiotherapy on the mobility of the spine and lower extremities in patients of stiff person syndrome,Fil A.; Salci Y.; Armutlu K.,8009_Fil-2010-Effect of physiotherapy on the mobility of the spine and lower extremities in patients of stiff person syndrome.pdf,data\extraction_json\text\8009.json,,1,3,83,38,0,2,false,false,,,,,,,,false,not_needed,Document does not look like a large proceedings/program PDF.,,,,,,,,,,,,,,,,
8088,8088,Follow-up in Stiff Person Syndrome with immunoglobulin treatment,Pablo M.J.; Bestue M.; Tamargo P.; Romero F.; Benavente I.,8088_Pablo M.J. et al. - 2011 - Follow-up in Stiff Person Syndrome with immunoglob.pdf,data\extraction_json\text\8088.json,,2,1,142,104,1,4,true,false,,,,,,,,true,manual_review_required,Matched entry appears truncated or lacks sufficient abstract body content.,,page_local_sliding_window_match,,Follow-up in Stiff Person Syndrome with immunoglobulin treatment,1.0000,1.0000,0.8349,backtrack_title_cluster,window_extent_cap,1,false,false,1,0,0,
8089,8089,Seizure in patients with anti-gad antibodies,Dave H.; Nei M.; Rakocevic G.; Mintzer S.; Sperling M.,8089_Epilepsia - 2011 - - Poster Sessions.pdf,data\extraction_json\text\8089.json,data\extraction_json\text_trimmed\8089.json,241,42,1805,1282,1,7,true,false,,,,,,,,true,header_only_source,Matched entry appears to contain header-only listing without abstract body.,page_local_sliding_window_match,page_local_sliding_window_match,146,SEIZURE IN PATIENTS WITH ANTI-GAD ANTIBODIES,1.0000,1.0000,0.8761,backtrack_abstract_boundary,next_title_cluster,0,false,true,1,123,124,2026-03-31T16:01:58.046844+00:00
8097,8097,Rehabilitation of stiff person syndrome presenting after laminectomy: A case report,Mathur R.; Bunning R.D.; Pineda C.G.; Rajaei N.,8097_Mathur - Poster 278 Rehabilitation of Stiff Person Syndrome Presenting After Laminectomy A Case Report.pdf,data\extraction_json\text\8097.json,data\extraction_json\text_trimmed\8097.json,2,0,98,104,1,4,true,false,,,,,,,,true,header_only_source,Matched entry appears to contain header-only listing without abstract body.,page_local_sliding_window_match,page_local_sliding_window_match,,Rehabilitation of Stiff Person Syndrome Presenting,0.8827,0.5000,0.6832,backtrack_title_cluster,window_extent_cap,0,false,true,1,0,0,2026-03-31T16:02:03.381445+00:00
8098,8098,Severe spasticity in a patient with stiff person syndrome: A case report,Patel R.; Finch M.; Khan A.; Velez K.A.,8098_Patel R. et al. - 2011 - Severe spasticity in a patient with stiff person s.pdf,data\extraction_json\text\8098.json,,1,0,65,42,0,2,false,false,,,,,,,,false,not_needed,Document does not look like a large proceedings/program PDF.,,,,,,,,,,,,,,,,
8182,8182,Neurological syndromes associated with glutamic acid decarboxylase antibodies: A Brazilian series,Teive H.A.G.; Fernandes M.; Ferreira A.M.; Arruda W.O.; Lorenzoni P.; Munhoz R.P.; Carrilho P.,8182_Teive H.A.G. et al. - 2012 - Neurological syndromes associated with glutamic ac.pdf,data\extraction_json\text\8182.json,,1,0,71,35,0,2,false,false,,,,,,,,false,not_needed,Document does not look like a large proceedings/program PDF.,,,,,,,,,,,,,,,,
8194,8194,"Wobbly eyes, wobbly legs",Yap C.; Mollan S.P.; Sivaguru A.,"8194_Yap C. et al. - 2012 - Wobbly eyes, wobbly legs.pdf",data\extraction_json\text\8194.json,data\extraction_json\text_trimmed\8194.json,67,118,563,617,2,7,true,false,,,,,,,,true,trimmed_auto,Proceedings detected and candidate abstract passed identity and completeness guardrails.,fuzzy_title_author_block_match,fuzzy_title_author_block_match,102,"WOBBLY EYES, WOBBLY LEGS",1.0000,1.0000,1.0000,,,3,false,false,1,52,53,2026-03-31T16:02:06.190280+00:00
8198,8198,Anti-glycine receptor antibody causing relapsing encephalitis with rigidity and myoclonus,Williams J.; O'Connell K.; O'Riordan S.; McGuigan C.; Connolly S.; Vincent A.; Hutchinson M.,8198_Movement Disorders - 2012 - - Poster Presentations.pdf,data\extraction_json\text\8198.json,data\extraction_json\text_trimmed\8198.json,523,137,1842,1369,2,7,true,true,0.1850,,,,,,,true,trimmed_auto,Proceedings detected and candidate abstract passed identity and completeness guardrails.,page_local_sliding_window_match,page_local_sliding_window_match,623,Anti-glycine receptor antibody causing relapsing encephalitis,0.9022,0.7143,0.7899,backtrack_abstract_boundary,next_abstract_boundary,5,false,false,1,201,201,2026-03-31T16:02:23.530858+00:00
8202,8202,Stiff person syndrome improvement with chemotherapy in a patient with cutaneous T cell lymphoma,Rakocevic G.; Hussain A.,8202_Rakocevic G. and Hussain A. - 2012 - Stiff person syndrome improvement with chemotherap.pdf,data\extraction_json\text\8202.json,,1,3,62,41,0,2,false,false,,,,,,,,false,not_needed,Document does not look like a large proceedings/program PDF.,,,,,,,,,,,,,,,,
8223,8223,"Epilepsy, stiff person syndrome and anti-gad: A report of two cases",Boro A.; Weidenheim K.; Gomes W.; McGinley J.; Mariuma E.,8223_Annual_Meeting_and_Courses_Speaker_Abstracts.7.pdf,data\extraction_json\text\8223.json,data\extraction_json\text_trimmed\8223.json,26,78,1027,939,2,7,true,false,,,,,,,,true,trimmed_auto,Proceedings detected and candidate abstract passed identity and completeness guardrails.,page_local_sliding_window_match,page_local_sliding_window_match,F23,"EPILEPSY, STIFF PERSON SYNDROME AND ANTI-GAD: A REPORT OF",0.9383,1.0000,0.8682,backtrack_abstract_boundary,next_abstract_boundary,2,false,false,1,12,12,2026-03-31T16:02:31.837862+00:00
8296,8296,Intrathecal baclofen pump implantation in 2 cases of stiff-person syndrome,Bikmullin V.; Tolstyh A.; Rudenko V.,8296_Bikmullin V. et al. - 2013 - Intrathecal baclofen pump implantation in 2 cases .pdf,data\extraction_json\text\8296.json,data\extraction_json\text_trimmed\8296.json,58,110,930,735,1,7,true,false,,,,,,,,true,trimmed_auto,Proceedings detected and candidate abstract passed identity and completeness guardrails.,page_local_sliding_window_match,page_local_sliding_window_match,,12 June—033. INTRATHECAL BACLOFEN PUMP IMPLANTATION IN 2 CASES OF STIFF-PERSON SYNDROME,0.9758,1.0000,0.8408,backtrack_title_cluster,next_abstract_boundary,5,false,false,1,17,17,2026-03-31T16:02:39.069711+00:00
8303,8303,Role of maintenance plasma exchange in stiff person syndrome-a case report,Morelli Z.M.; Dalton L.; Matevosyan K.; Sarode R.; Strunk M.,8303_Morelli - PLEX.pdf,data\extraction_json\text\8303.json,data\extraction_json\text_trimmed\8303.json,55,73,1709,1225,1,7,true,true,0.0800,,,,,,,true,trimmed_auto,Proceedings detected and candidate abstract passed identity and completeness guardrails.,fuzzy_title_author_block_match,fuzzy_title_author_block_match,35,35 ROLE OF MAINTENANCE PLASMA EXCHANGE IN STIFF PERSON SYNDROME—A CASE REPORT,0.9184,0.6000,0.8388,,,2,false,false,1,18,18,2026-03-31T16:02:50.299199+00:00
8316,8316,Orthostatic tremor heralding the onset of stiff-person syndrome,Fabbri M.; Vetrugno R.; Antelmi E.; D'Angelo R.; Rinaldi R.,8316_Fabbri M. et al. - 2013 - Orthostatic tremor heralding the onset of stiff-pe.pdf,data\extraction_json\text\8316.json,,2,1,92,100,0,2,false,false,,,,,,,,false,not_needed,Document does not look like a large proceedings/program PDF.,,,,,,,,,,,,,,,,
8317,8317,Stiff man syndrome associated with breast cancer about 2 cases,Noutsa L.; Mbonda Chimi P.C.; Camara M.; Fogang Y.; Toure K.; Ndiaye M.; Diop A.G.; Ndiaye M.M.,8317_Noutsa L. et al. - 2013 - Stiff man syndrome associated with breast cancer a.pdf,data\extraction_json\text\8317.json,,2,0,102,86,0,2,false,false,,,,,,,,false,not_needed,Document does not look like a large proceedings/program PDF.,,,,,,,,,,,,,,,,
8335,8335,A case series of central and peripheral nervous system involvement in paraneoplastic syndromes,Richelli S.; Greco E.; Fabrizi G.M.; Cavallaro T.; Monaco S.; Ferrari S.,8335_2138357791_np31206.pdf,data\extraction_json\text\8335.json,data\extraction_json\text_trimmed\8335.json,38,10,3403,1098,0,5,true,false,,,,,,,,true,header_only_source,Matched entry appears to contain header-only listing without abstract body.,page_local_sliding_window_match,page_local_sliding_window_match,,A case series of central and peripheral nervous system involvement in paraneoplastic syndromes,1.0000,0.8333,0.8202,backtrack_title_cluster,window_extent_cap,0,false,true,1,32,32,2026-03-31T16:03:15.567271+00:00
8339,8339,Stiff person syndrome with graves' disease: A rare association,Syed S.J.; Mahmoud K.H.; Chuquilin M.; Garcia-Touza M.,8339_edrv0001.pdf,data\extraction_json\text\8339.json,data\extraction_json\text_trimmed\8339.json,1655,6,580,900,2,6,true,false,,,,,,,,true,header_only_source,Matched entry appears to contain header-only listing without abstract body.,page_local_sliding_window_match,page_local_sliding_window_match,,between the Graves’ disease and SPS has been described before in only rare cases. Here we present a patient with Graves’ disease who was later diagnosed with SPS with GAD-ab.,0.6767,0.5000,0.4895,anchor_line,window_extent_cap,0,false,true,1,505,505,2026-03-31T16:03:25.403967+00:00
10691,10691,VIGABATRIN IMPROVES RIGIDITY IN STIFF-PERSON SYNDROME (SPS),"LIGUORI, R; MEDORI, R; MARCHELLO, L; GRIMALDI, L; LUGARESI, E; MONTAGNA, P",10691_Improvement of stiff man syndrome with vigabatrin Prevett.pdf,data\extraction_json\text\10691.json,,5,28,221,169,0,4,true,false,,,,,,,,true,manual_review_required,"Proceedings detected, but the candidate did not match title/authors strongly enough.",,page_local_sliding_window_match,2,GABA-ergic neurons and pancreatic beta cells in stiff-man syndrome.,0.4355,0.1667,0.3672,backtrack_abstract_boundary,next_abstract_boundary,0,false,true,1,1,1,
10801,10801,"Stiff Person Syndrom, a rare neurological disease in long-term care resident.","Bhatt, T; Medina-Walpole, A; Marshall, FJ",10801_J American Geriatrics Society - 2006 - - Paper Abstracts.pdf,data\extraction_json\text\10801.json,data\extraction_json\text_trimmed\10801.json,203,109,1686,1423,1,7,true,false,,,,,,,,true,trimmed_auto,Proceedings detected and candidate abstract passed identity and completeness guardrails.,fuzzy_title_author_block_match,fuzzy_title_author_block_match,C28,"C28 STIFF PERSON SYNDROM, A RARE NEUROLOGICAL DISEASE IN LONG-TERM CARE RESIDENT. T",0.9865,1.0000,0.9899,,,4,false,false,1,118,118,2026-03-31T15:40:16.527826+00:00
11109,11109,High-dose intravenous immunoglobulin in the treatment elf patients with stiff person syndrome: a controlled study,"Dalakas, MC",11109_Dalakas_2001_high-dose intravenous immunoglobulin in the treatment of patients with stiff-person syndrome.pdf,data\extraction_json\text\11109.json,data\extraction_json\text_trimmed\11109.json,10,10,278,120,1,6,true,false,,,,,,,,true,header_only_source,Matched entry appears to contain header-only listing without abstract body.,page_local_sliding_window_match,page_local_sliding_window_match,,intravenous,0.6801,1.0000,0.6590,anchor_line,window_extent_cap,0,false,true,1,9,9,2026-03-31T15:40:18.878545+00:00
11443,11443,A Systematic review of 192 cases of Stiff-person Syndrome in China,"Liu, Y; Zhao, YQ",11443_Liu-2013-A Systematic review of 192 cases of S.pdf,data\extraction_json\text\11443.json,data\extraction_json\text_trimmed\11443.json,4,4,164,119,0,3,true,false,,,,,,,,true,trimmed_auto,Proceedings detected and candidate abstract passed identity and completeness guardrails.,page_local_sliding_window_match,page_local_sliding_window_match,,A Systematic review of 192 cases of Stiff-person Syndrome in China,1.0000,1.0000,0.8160,backtrack_title_cluster,next_abstract_boundary,4,false,false,1,0,0,2026-03-31T15:41:25.385627+00:00
11789,11789,Perioperative management and complications of stiff person syndrome,"Garrigan, Ethan; Lee, Howard",11789_Garrigan Perioperative_Management_and_Complications_of.676.pdf,data\extraction_json\text\11789.json,,1,2,64,18,0,2,false,false,,,,,,,,false,not_needed,Document does not look like a large proceedings/program PDF.,,,,,,,,,,,,,,,,
11823,11823,Successful management of acute respiratory failure in a patient with stiff person syndrome and scoliosis,"Song, D.; Mudigonda, G.; Sithamraju, A.; Kulkarni, S.",11823_Song et al. - 2021 - Successful management of acute respiratory failure.pdf,data\extraction_json\text\11823.json,,1,7,11,26,0,1,false,false,,,,,,,,false,not_needed,Document does not look like a large proceedings/program PDF.,,,,,,,,,,,,,,,,
11903,11903,"Pediatric stiff limb syndrome with polyautoimmunity of anti-GAD-65, anti-islet cell, and thyroid peroxidase antibodies: A case report and review of literature.",Nie DA; Abud A; Serrano-Gonzalez M; Harappanahally G; Patil R,11903_1-s2.0-S0165572822000601-main.pdf,data\extraction_json\text\11903.json,data\extraction_json\text_trimmed\11903.json,7,16,253,245,1,6,true,false,,,,,,,,true,trimmed_auto,Proceedings detected and candidate abstract passed identity and completeness guardrails.,page_local_sliding_window_match,page_local_sliding_window_match,,"anti-islet cell, and thyroid peroxidase antibodies: A case report and review",0.9017,1.0000,0.8187,backtrack_title_cluster,next_abstract_boundary,0,false,false,1,0,0,2026-03-31T15:41:32.753990+00:00
11915,11915,Therapeutic plasma exchange in the management of stiff person syndrome spectrum disorders: a case series and review of the literature.,Mercure-Corriveau N; Roy S; Hu C; Crowe EP; Zhu X; Obando D; Patel EU; Tobian AAR; Wang Y; Bloch EM; Newsome SD,11915_Mercure-Corriveau N et al. - 2023 - Therapeutic plasma exchange in the management of s.pdf,data\extraction_json\text\11915.json,data\extraction_json\text_trimmed\11915.json,13,59,504,358,0,4,true,false,,,,,,,,true,trimmed_auto,Proceedings detected and candidate abstract passed identity and completeness guardrails.,page_local_sliding_window_match,page_local_sliding_window_match,,Therapeutic plasma exchange in the management of stiff person syndrome spectrum disorders: a case series and review of the literature,1.0000,1.0000,0.8562,backtrack_title_cluster,next_abstract_boundary,6,false,false,1,0,1,2026-03-31T15:41:39.375834+00:00
11931,11931,Progressive encephalomyelitis with rigidity and myoclonus (PERM) associated with anti-glycine receptor antibodies and urothelial carcinoma: a case report.,"Ali, Amanuel Hassen; Benterud, Anna; Holmoy, Trygve; Myro, Aija Zuleron",11931_s13256-023-04059-w.pdf,data\extraction_json\text\11931.json,data\extraction_json\text_trimmed\11931.json,5,18,162,138,0,4,true,false,,,,,,,,true,trimmed_auto,Proceedings detected and candidate abstract passed identity and completeness guardrails.,page_local_sliding_window_match,page_local_sliding_window_match,,Progressive encephalomyelitis with rigidity and myoclonus (PERM) associated with anti-glycine receptor antibodies and urothelial carcinoma: a case report,1.0000,0.7500,0.8110,backtrack_title_cluster,window_extent_cap,1,false,false,1,0,0,2026-03-31T15:41:44.168022+00:00
11937,11937,"Centripetal Nystagmus, Slow Saccades, Cerebellar Ataxia, and Parkinsonism in a Patient With Anti-GAD65-Associated Stiff Person Syndrome Spectrum Disorder.","Hac, Nicholas E F; Murphy, Olwen C; Butala, Ankur A; Newsome, Scott D; Gold, Daniel R","11937_centripetal_nystagmus,_slow_saccades,_cerebellar.20.pdf",data\extraction_json\text\11937.json,data\extraction_json\text_trimmed\11937.json,4,25,228,186,1,6,true,false,,,,,,,,true,trimmed_auto,Proceedings detected and candidate abstract passed identity and completeness guardrails.,page_local_sliding_window_match,page_local_sliding_window_match,,"Ataxia, and Parkinsonism in a Patient With Anti-GAD65-",0.8813,1.0000,0.7978,backtrack_title_cluster,next_abstract_boundary,1,false,false,1,0,1,2026-03-31T15:41:51.380387+00:00
11946,11946,Psychiatric Symptoms in Stiff-Person Syndrome: A Systematic Review and a Report of Two Cases.,"Nasri, Amina; Gharbi, Alya; Ouali, Uta; Mrabet, Saloua; Souissi, Amira; Jomli, Rabaa; Gargouri, Amina; Bendjebara, Mouna; Kacem, Imen; Gouider, Riadh",11946_1-s2.0-S2667296022003020-main.pdf,data\extraction_json\text\11946.json,data\extraction_json\text_trimmed\11946.json,9,48,335,280,0,4,true,false,,,,,,,,true,trimmed_auto,Proceedings detected and candidate abstract passed identity and completeness guardrails.,page_local_sliding_window_match,page_local_sliding_window_match,,Psychiatric Symptoms in Stiff-Person Syndrome:,0.8491,1.0000,0.7878,backtrack_title_cluster,next_abstract_boundary,5,false,false,1,0,0,2026-03-31T15:41:56.021430+00:00
11952,11952,Glutamic acid decarboxylase antibody-associated neurological syndromes: Clinical and antibody characteristics and therapy response.,"Madlener, Marie; Strippel, Christine; Thaler, Franziska S; Doppler, Kathrin; Wandinger, Klaus P; Lewerenz, Jan; Ringelstein, Marius; Roessling, Rosa; Menge, Til; Wickel, Jonathan; Kellingshaus, Christoph; Mues, Sigrid; Kraft, Andrea; Linsa, Andreas; Tauber, Simone C; Berg, Florian Then; Gerner, Stefan T; Paliantonis, Asterios; Finke, Alexander; Priller, Josef; Schirotzek, Ingo; Suse, Marie; Suhs, Kurt W; Urbanek, Christian; Senel, Makbule; Sommer, Claudia; Kuempfel, Tania; Pruess, Harald; Fink, Gereon R; Leypoldt, Frank; Melzer, Nico; Malter, Michael P",11952_1-s2.0-S0022510X22004026-main.pdf,data\extraction_json\text\11952.json,data\extraction_json\text_trimmed\11952.json,8,14,279,300,1,6,true,false,,,,,,,,true,trimmed_auto,Proceedings detected and candidate abstract passed identity and completeness guardrails.,page_local_sliding_window_match,page_local_sliding_window_match,,Glutamic acid decarboxylase antibody-associated neurological syndromes:,0.8702,1.0000,0.8137,backtrack_title_cluster,next_abstract_boundary,0,false,false,1,0,0,2026-03-31T15:42:02.178755+00:00
12114,12114,Case Report: Amphiphysin Antibody-Associated Stiff-Limb Syndrome and Myelopathy: An Unusual Presentation of Breast Cancer in an Elderly Woman,"Gogia, B; Shanina, E; Fang, X; He, J; Li, XP",12114_pdf.pdf,data\extraction_json\text\12114.json,,5,23,180,158,1,6,true,false,,,,,,,,true,manual_review_required,Matched entry appears truncated or lacks sufficient abstract body content.,,page_local_sliding_window_match,,Antibody-Associated Stiff-Limb,0.9522,1.0000,0.8058,backtrack_title_cluster,window_extent_cap,1,false,false,1,0,0,
12251,12251,Stiff limb syndrome: a case report,"Farhat, E; Zouari, M; Beyrouti, R; Ben Sassi, S; Hentati, F",12251_s00415-014-7337-4.pdf,data\extraction_json\text\12251.json,data\extraction_json\text_trimmed\12251.json,524,102,1489,1176,2,7,true,false,,,,,,,,true,trimmed_auto,Proceedings detected and candidate abstract passed identity and completeness guardrails.,fuzzy_title_author_block_match,fuzzy_title_author_block_match,PP2171,PP2171 Stiff limb syndrome: a case report,0.9664,1.0000,0.9748,,,4,false,false,1,343,343,2026-03-31T15:42:16.444345+00:00
12270,12270,Rapid Onset Stiff Person Syndrome,"Neeley, B; Pawar, G; Tripathi, R",12270_Movement Disorders - 2021 - - Abstracts of the MDS Virtual Congress 2021.pdf,data\extraction_json\text\12270.json,data\extraction_json\text_trimmed\12270.json,599,81,1409,1355,1,7,true,false,,,,,,,,true,trimmed_auto,Proceedings detected and candidate abstract passed identity and completeness guardrails.,page_local_sliding_window_match,page_local_sliding_window_match,339,Rapid Onset Stiff Person Syndrome,1.0000,1.0000,0.8563,backtrack_abstract_boundary,next_abstract_boundary,5,false,false,1,148,148,2026-03-31T15:42:30.996892+00:00
12288,12288,MRI abnormalities in stiff person syndrome,"Seefried, S; Homola, G; Pham, M; Sommer, C",12288_Euro J of Neurology - 2023 - - ePosters (1).pdf,data\extraction_json\text\12288.json,data\extraction_json\text_trimmed\12288.json,414,60,1230,969,0,5,true,false,,,,,,,,true,trimmed_auto,Proceedings detected and candidate abstract passed identity and completeness guardrails.,fuzzy_title_author_block_match,fuzzy_title_author_block_match,EPO-605,EPO-605 MRI abnormalities in stiff person syndrome,0.9696,1.0000,0.9772,,,4,false,false,1,376,377,2026-03-31T15:42:35.465505+00:00
12301,12301,Stiff Person Syndrome Presenting with Dystonia,"Gao, F",12301_Movement Disorders - 2021 - - Abstracts of the MDS Virtual Congress 2021.pdf,data\extraction_json\text\12301.json,data\extraction_json\text_trimmed\12301.json,599,81,1409,1355,1,7,true,false,,,,,,,,true,trimmed_auto,Proceedings detected and candidate abstract passed identity and completeness guardrails.,page_local_sliding_window_match,page_local_sliding_window_match,344,Stiff Person Syndrome Presenting with Dystonia,1.0000,1.0000,0.8672,backtrack_abstract_boundary,next_abstract_boundary,5,false,false,1,150,150,2026-03-31T15:43:00.243439+00:00
12305,12305,Breast Carcinoma Presenting with Anti-amphiphysin Antibody-associated Stiff-limb Syndrome,"Closas, AMD; Tan, AH; Goh, KJ; Schee, JP; See, MH; Tai, SML; Lim, SY",12305_fneur-12-735895.pdf,data\extraction_json\text\12305.json,,5,23,180,158,1,6,true,false,,,,,,,,true,manual_review_required,"Proceedings detected, but the candidate did not match title/authors strongly enough.",,page_local_sliding_window_match,,paraneoplastic. This case illustrates that the anti-amphiphysin SLS as a paraneoplastic neurologic syndrome associated with breast cancer can lead to devastating neurologic,0.5161,0.2857,0.3979,anchor_line,next_abstract_boundary,1,false,false,1,3,4,
12322,12322,Celiac Disease With Concurrent Stiff Person Syndrome,"Hall, H; Zheng, XN; Chastant, W; Hutchings, J",12322_s3387_celiac_disease_with_concurrent_stiff_person.3387.pdf,data\extraction_json\text\12322.json,,2,4,13,28,0,2,false,false,,,,,,,,false,not_needed,Document does not look like a large proceedings/program PDF.,,,,,,,,,,,,,,,,
12345,12345,Partial Stiff Person Syndrome as a Stroke Mimic,"Machado, D; Hodges, K",12345_Annals of Neurology - 2020 - - 145th Annual Meeting American Neurological Association.pdf,data\extraction_json\text\12345.json,data\extraction_json\text_trimmed\12345.json,280,377,32,2675,3,7,true,true,0.0800,,,,,,,true,header_only_source,Matched entry appears to contain header-only listing without abstract body.,fuzzy_title_author_block_match,fuzzy_title_author_block_match,396,Partial Stiff Person Syndrome as a Stroke Mimic,1.0000,1.0000,1.0000,,,0,false,true,1,27,27,2026-03-31T15:43:24.180292+00:00
12358,12358,Type 1 Diabetes Mellitus and Stiff-Person Syndrome,"Araújo, CA; Baptista, C; Paiva, I; Morgadinho, A",12358_169.pdf,data\extraction_json\text\12358.json,,1,0,0,1,0,0,false,false,,,,,,,,false,not_needed,Document does not look like a large proceedings/program PDF.,,,,,,,,,,,,,,,,
12387,12387,Successful treatment of Stiff Person Syndrome with botulinum toxin,"Goncalves, A; Brunet, F; Ariton, D; De Fabregues, O",12387_Movement Disorders - 2022 - - Abstracts.pdf,data\extraction_json\text\12387.json,data\extraction_json\text_trimmed\12387.json,666,100,1326,1317,1,7,true,false,,,,,,,,true,trimmed_auto,Proceedings detected and candidate abstract passed identity and completeness guardrails.,page_local_sliding_window_match,page_local_sliding_window_match,87,Successful treatment of Stiff Person Syndrome with botulinum toxin,1.0000,1.0000,0.8924,backtrack_abstract_boundary,next_abstract_boundary,5,false,false,1,41,42,2026-03-31T15:43:43.219088+00:00
12399,12399,Neuropsychological performance and psychiatric symptoms in stiff person syndrome,"Chan, C; Wang, YJ; Obando, D; Newsome, S",12399_Neuropsychological performance and psychiatric symptoms in stiff person syndrome.pdf,data\extraction_json\text\12399.json,,2,0,18,12,0,1,false,false,,,,,,,,false,not_needed,Document does not look like a large proceedings/program PDF.,,,,,,,,,,,,,,,,
12424,12424,Unanticipated Improvement of Stiff Person Syndrome after severe COVID-19,"Tofade, T; Shaulov, S; Surathi, P; Mulvey, M; Marks, D",12424_Tofade-2021-Unanticipated Improvement of Stiff.pdf,data\extraction_json\text\12424.json,,4,0,43,38,0,2,false,false,,,,,,,,false,not_needed,Document does not look like a large proceedings/program PDF.,,,,,,,,,,,,,,,,
12428,12428,"Unrecognized thymoma-associated paraneoplastic ""stiff person"" syndrome - a case report","Novoselska, N; Mateva, G; Bochev, P",12428_s00259-022-05924-4.pdf,data\extraction_json\text\12428.json,data\extraction_json\text_trimmed\12428.json,751,238,1409,1441,2,7,true,true,0.0800,,,,,,,true,trimmed_auto,Proceedings detected and candidate abstract passed identity and completeness guardrails.,fuzzy_title_author_block_match,fuzzy_title_author_block_match,EP-609,EP-609 Unrecognized thymoma-associated paraneoplastic “stiff person” syndrome - a case report,0.9857,1.0000,0.9893,,,1,false,false,1,682,682,2026-03-31T15:44:17.103553+00:00
12473,12473,Stiff-person syndrome - a 15-year review at a tertiary hospital,"Rodrigues, R; Sousa, L; Samoes, R; Caçao, G; Chaves, J; Cardoso, M; Barros, J; Santos, E; Damásio, J",12473_Movement Disorders - 2021 - - Abstracts of the MDS Virtual Congress 2021.pdf,data\extraction_json\text\12473.json,data\extraction_json\text_trimmed\12473.json,599,81,1409,1355,1,7,true,false,,,,,,,,true,trimmed_auto,Proceedings detected and candidate abstract passed identity and completeness guardrails.,page_local_sliding_window_match,page_local_sliding_window_match,307,Stiff-person syndrome – a 15-year review at a tertiary hospital,1.0000,0.8750,0.8449,backtrack_abstract_boundary,next_abstract_boundary,5,false,false,1,131,132,2026-03-31T15:44:26.197487+00:00
12495,12495,ATYPICAL STIFF PERSON SYNDROME WITH ANTI-IGLON5 ANTIBODIES: A CASE REPORT,"Castellano, C; Bellucci, M; Germano, F; Gemelli, C; Marinelli, L; Lechiara, A; Schenone, A; Franciotta, D; Benedetti, L",12495_J Peripheral Nervous Sys - 2023 - - Abstracts.pdf,data\extraction_json\text\12495.json,data\extraction_json\text_trimmed\12495.json,51,9,1323,1360,1,7,true,false,,,,,,,,true,header_only_source,Matched entry appears to contain header-only listing without abstract body.,page_local_sliding_window_match,page_local_sliding_window_match,,ATYPICAL STIFF PERSON SYNDROME WITH ANTI-IGLON5 ANTIBODIES: A CASE REPORT,1.0000,1.0000,0.8280,backtrack_title_cluster,window_extent_cap,0,false,true,1,13,13,2026-03-31T15:44:33.356166+00:00
12497,12497,Late-onset Stiff Person Syndrome (SPS): Challenges in Diagnosis and Management,"Yi, J; Dalakas, M",12497_Lateonset Stiff Person Syndrome SPS Challenges in Diagnosis and Management.pdf,data\extraction_json\text\12497.json,,4,0,19,27,0,1,false,false,,,,,,,,false,not_needed,Document does not look like a large proceedings/program PDF.,,,,,,,,,,,,,,,,
12501,12501,Stiff person syndrome is commonly associated with gastrointestinal symptoms and dysmotility,"Villatoro, L; Barahona, G; McKnight, M; Burns, R; Koshorek, J; Newsome, S; Pasricha, PJ",12501_Stiff person syndrome is commonly associated with gastrointestinal symptoms and dysmotility.pdf,data\extraction_json\text\12501.json,,1,0,14,16,0,1,false,false,,,,,,,,false,not_needed,Document does not look like a large proceedings/program PDF.,,,,,,,,,,,,,,,,
12531,12531,STIFF-MAN SYNDROME AND ENCEPHALOMYELITIS MAY COEXIST - CLINICAL-PATHOLOGICAL CORRELATIONS,"ARMON, C; SWANSON, JW; MCLEAN, JM; WESTBROOK, PR; OKAZAKI, H; KURTIN, PJ; KAYLANRAMAN, UP; RODRIGUEZ, MR",12531_Annals of Neurology - August 1993 - - Abstracts (1).pdf,data\extraction_json\text\12531.json,data\extraction_json\text_trimmed\12531.json,74,124,1992,1476,2,7,true,false,,,,,,,,true,trimmed_auto,Proceedings detected and candidate abstract passed identity and completeness guardrails.,fuzzy_title_author_block_match,fuzzy_title_author_block_match,P80,Stiff-Man Syndrome and Encephalomyelitis May,0.8526,0.6250,0.7957,,,0,false,false,1,20,20,2026-03-31T15:44:55.706929+00:00
12554,12554,Botulinum Toxin Could Be Helpful as an Adjunct Therapy in Stiff Person Syndrome,"Roman, S; Taylor, E; Newsome, S; Moukheiber, E",12554_Annals of Neurology - 2023 - - 148th Annual Meeting American Neurological Association (1).pdf,data\extraction_json\text\12554.json,data\extraction_json\text_trimmed\12554.json,303,180,48,2849,4,7,true,false,,,,,,,,true,header_only_source,Matched entry appears to contain header-only listing without abstract body.,fuzzy_title_author_block_match,fuzzy_title_author_block_match,M114,Botulinum Toxin Could Be Helpful as an Adjunct,0.8751,1.0000,0.9063,,,0,false,true,1,25,25,2026-03-31T15:45:07.242351+00:00
12584,12584,Stiff person syndrome vs functional neurological disorder: two patients with hyperkinetic movement disorder,"Garcia, J; Mireles, S; Martinez, Y; Alcocer, A",12584_Garcia-2023-Stiff person syndrome vs functiona.pdf,data\extraction_json\text\12584.json,data\extraction_json\text_trimmed\12584.json,3,5,59,49,0,3,true,false,,,,,,,,true,trimmed_auto,Proceedings detected and candidate abstract passed identity and completeness guardrails.,fuzzy_title_author_block_match,fuzzy_title_author_block_match,1320,1320 Stiff person syndrome vs functional neurological disorder: two patients with hyperkinetic movement disorder,0.9919,1.0000,0.9940,,,5,false,false,1,0,2,2026-03-31T15:45:09.557039+00:00
12642,12642,Identifying Key Components for Diagnosing Stiff Person Syndrome Spectrum Disorders: A Sensitivity and Specificity Study,"Roy, S; Hu, C; Wang, YJ; Fitzgerald, K; Newsome, S",12642_dentifying Key Components for Diagnosing Stiff Person Syndrome Spectrum Disorders.pdf,data\extraction_json\text\12642.json,,2,0,15,18,0,1,false,false,,,,,,,,false,not_needed,Document does not look like a large proceedings/program PDF.,,,,,,,,,,,,,,,,
12664,12664,Use of Immunotherapy and Symptomatic Therapy Differs Between Clinical Phenotypes of Stiff Person Syndrome Spectrum Disorders,"Simpson, A; Balshi, A; Obando, D; Miles, A; Taylor, E; Snoops, S; Wang, YJ; Newsome, S",12664_Use of Immunotherapy and Symptomatic Therapy Differs Between Clinical Phenotypes of Stiff Person Syndrome Spectrum Disorders.pdf,data\extraction_json\text\12664.json,,2,0,18,22,0,1,false,false,,,,,,,,false,not_needed,Document does not look like a large proceedings/program PDF.,,,,,,,,,,,,,,,,
12679,12679,Longitudinal brain and skeletal muscle FDG-PET changes in people with stiff person syndrome spectrum disorders,"Roman, S; Wang, YJ; Sadaghiani, M; Newsome, S",12679_Roman-2023-Longitudinal brain and skeletal mus.pdf,data\extraction_json\text\12679.json,,5,0,77,40,0,2,false,false,,,,,,,,false,not_needed,Document does not look like a large proceedings/program PDF.,,,,,,,,,,,,,,,,
12682,12682,PURELY TORSIONAL NYSTAGMUS IN A PATIENT WITH THE STIFF-MAN SYNDROME - A CASE-REPORT,"STEARNS, MQ; SINOFF, SE; ROSENBERG, ML",12682_WNL.43.4_Suppl_2.A11.pdf,data\extraction_json\text\12682.json,data\extraction_json\text_trimmed\12682.json,477,457,519,1368,2,7,true,true,0.0800,,,,,,,true,trimmed_auto,Proceedings detected and candidate abstract passed identity and completeness guardrails.,page_local_sliding_window_match,page_local_sliding_window_match,,with the Stiff-Man Syndrome: A Case Report,0.8527,1.0000,0.7942,backtrack_title_cluster,next_abstract_boundary,4,false,false,1,174,174,2026-03-31T15:45:19.810681+00:00
12726,12726,STIFF-MAN-SYNDROME-80 - A VARIANT ASSOCIATED WITH ABNORMAL VISUAL PROCESSING AND A NEW ANTINEURONAL ANTIBODY,"DARNELL, RB; RUBIN, M; VICTOR, J; PLUM, F",12726_Annals of Neurology - August 1990 - - 115Th annual meeting of the American Neurological Association Abstracts.pdf,data\extraction_json\text\12726.json,data\extraction_json\text_trimmed\12726.json,67,105,2027,1446,3,7,true,false,,,,,,,,true,header_only_source,Matched entry appears to contain header-only listing without abstract body.,page_local_sliding_window_match,page_local_sliding_window_match,,Abnormal Visual Processing and a New Antineuronal,0.8755,0.5000,0.6831,backtrack_title_cluster,window_extent_cap,0,false,true,1,1,1,2026-03-31T15:45:34.459772+00:00
12758,12758,Defining the Expanding Clinical Spectrum of Pediatric Onset Stiff-Person Syndrome (p-SPS) and Differentiating this from Mimics,"Yeshokumar, AK; Sun, LR; Newsome, SD",12758_Annals of Neurology - 2015 - - 44th Annual Meeting of the Child Neurology Society.pdf,data\extraction_json\text\12758.json,data\extraction_json\text_trimmed\12758.json,110,113,571,1191,1,7,true,false,,,,,,,,true,trimmed_auto,Proceedings detected and candidate abstract passed identity and completeness guardrails.,fuzzy_title_author_block_match,fuzzy_title_author_block_match,109,Defining the Expanding Clinical Spectrum of,0.7977,1.0000,0.8483,,,4,false,false,1,71,71,2026-03-31T15:45:46.536961+00:00
12780,12780,Neuropsychological Evaluation and Cognitive Profile of Stiff Person Syndrome (SPS) in a Predominantly Spanish-Speaking Older Adult: Is Cognition Really Affected?,"Saldana, DG; Suarez, P",12780_acad067.356.pdf,data\extraction_json\text\12780.json,,1,0,12,12,0,1,false,false,,,,,,,,false,not_needed,Document does not look like a large proceedings/program PDF.,,,,,,,,,,,,,,,,
12807,12807,Stiff Person Syndrome in a Patient with Atypical Carcinoid Tumor of the Lung Secondary to Antiamphiphysin Antibodies: A Case Report and Literature Review,"Abusamra, K; Thandampallayam, M; Sudhakar, P; Lukins, D",12807_Annals of Neurology - 2022 - - 147th Annual Meeting American Neurological Association.pdf,data\extraction_json\text\12807.json,data\extraction_json\text_trimmed\12807.json,243,370,27,2638,3,7,true,false,,,,,,,,true,header_only_source,Matched entry appears to contain header-only listing without abstract body.,page_local_sliding_window_match,page_local_sliding_window_match,M207,Stiff Person Syndrome in a Patient with Atypical,0.9180,1.0000,0.8570,backtrack_abstract_boundary,next_abstract_boundary,0,false,true,1,28,28,2026-03-31T15:45:53.674147+00:00
12849,12849,Stiff-Person Syndrome (SPS) with Very High GAD-Titers Triggered by COVID-19-Booster in 2 Neurologically Asymptomatic GAD-Positive Patients with Diabetes Mellitus Type 1 (DM1),"Giler, G; Dalakas, MC",12849_Annals of Neurology - 2023 - - 148th Annual Meeting American Neurological Association (1).pdf,data\extraction_json\text\12849.json,data\extraction_json\text_trimmed\12849.json,303,180,48,2849,4,7,true,false,,,,,,,,true,trimmed_auto,Proceedings detected and candidate abstract passed identity and completeness guardrails.,page_local_sliding_window_match,page_local_sliding_window_match,M139,2 Neurologically Asymptomatic GAD-Positive Patients,0.9280,1.0000,0.8585,backtrack_abstract_boundary,next_abstract_boundary,0,false,false,1,60,60,2026-03-31T15:46:11.561474+00:00
13233,13233,Progressive encephalomyelitis with rigidity and myoclonus in a Mexican patient,"Garcia-Bermudez, R; Leon-Castillo, D; Bertado-Cortes, B",13233_Movement Disorders - 2021 - - Abstracts of the MDS Virtual Congress 2021.pdf,data\extraction_json\text\13233.json,data\extraction_json\text_trimmed\13233.json,599,81,1409,1355,1,7,true,false,,,,,,,,true,trimmed_auto,Proceedings detected and candidate abstract passed identity and completeness guardrails.,page_local_sliding_window_match,page_local_sliding_window_match,345,Progressive encephalomyelitis with rigidity and myoclonus in a,0.9275,1.0000,0.8701,backtrack_abstract_boundary,next_abstract_boundary,5,false,false,1,150,151,2026-03-31T15:46:20.890095+00:00
13311,13311,Progressive encephalomyelitis with rigidity and myoclonus with glycine receptor and GAD65 autoantibodies-Clinico-pathological correlates and potential pathomechanisms of a rare disease,"Winklehner, M; Wickel, J; Gelpi, E; Brämer, D; Rauschenberger, V; Günther, A; Bauer, J; Ricken, G; Villmann, C; Höftberger, R; Geis, C",13311_Dok1.pdf,data\extraction_json\text\13311.json,,2,0,11,16,0,0,false,false,,,,,,,,false,not_needed,Document does not look like a large proceedings/program PDF.,,,,,,,,,,,,,,,,
